<?xml version="1.0" ?>
<annotation>
<folder>JPEGImages</folder>
<filename>img_326.xml</filename>
<path>xxxx</path>
<source>
<database>Unknown</database>
<annotation>xxx</annotation>
<image>xxx</image>
<flickrid>0</flickrid>
</source>
<size>
<width>1280</width>
<height>720</height>
<depth>3</depth>
</size>
<segmented>0</segmented>
<object>
<name>text</name>
<bndbox>
<x1>2</x1>
<y1>455</y1>
<x2>249</x2>
<y2>328</y2>
<x3>249</x3>
<y3>463</y3>
<x4>2</x4>
<y4>590</y4>
</bndbox>
</object>
<object>
<name>text</name>
<bndbox>
<x1>86</x1>
<y1>675</y1>
<x2>152</x2>
<y2>630</y2>
<x3>205</x3>
<y3>673</y3>
<x4>139</x4>
<y4>718</y4>
</bndbox>
</object>
<object>
<name>text</name>
<bndbox>
<x1>526</x1>
<y1>428</y1>
<x2>645</x2>
<y2>354</y2>
<x3>667</x3>
<y3>502</y3>
<x4>544</x4>
<y4>602</y4>
</bndbox>
</object>
<object>
<name>text</name>
<bndbox>
<x1>643</x1>
<y1>362</y1>
<x2>675</x2>
<y2>338</y2>
<x3>685</x3>
<y3>404</y3>
<x4>653</x4>
<y4>426</y4>
</bndbox>
</object>
<object>
<name>text</name>
<bndbox>
<x1>658</x1>
<y1>434</y1>
<x2>686</x2>
<y2>416</y2>
<x3>696</x3>
<y3>469</y3>
<x4>663</x4>
<y4>497</y4>
</bndbox>
</object>
<object>
<name>text</name>
<bndbox>
<x1>494</x1>
<y1>57</y1>
<x2>565</x2>
<y2>28</y2>
<x3>585</x3>
<y3>64</y3>
<x4>509</x4>
<y4>96</y4>
</bndbox>
</object>
<object>
<name>text</name>
<bndbox>
<x1>579</x1>
<y1>26</y1>
<x2>629</x2>
<y2>6</y2>
<x3>641</x3>
<y3>40</y3>
<x4>589</x4>
<y4>60</y4>
</bndbox>
</object>
</annotation>