<?xml version="1.0" ?>
<annotation>
<folder>JPEGImages</folder>
<filename>img_361.xml</filename>
<path>xxxx</path>
<source>
<database>Unknown</database>
<annotation>xxx</annotation>
<image>xxx</image>
<flickrid>0</flickrid>
</source>
<size>
<width>1280</width>
<height>720</height>
<depth>3</depth>
</size>
<segmented>0</segmented>
<object>
<name>text</name>
<bndbox>
<x1>481</x1>
<y1>79</y1>
<x2>552</x2>
<y2>82</y2>
<x3>552</x3>
<y3>102</y3>
<x4>481</x4>
<y4>99</y4>
</bndbox>
</object>
<object>
<name>text</name>
<bndbox>
<x1>265</x1>
<y1>415</y1>
<x2>330</x2>
<y2>405</y2>
<x3>331</x3>
<y3>431</y3>
<x4>266</x4>
<y4>441</y4>
</bndbox>
</object>
<object>
<name>text</name>
<bndbox>
<x1>418</x1>
<y1>78</y1>
<x2>482</x2>
<y2>80</y2>
<x3>481</x3>
<y3>98</y3>
<x4>416</x4>
<y4>96</y4>
</bndbox>
</object>
<object>
<name>text</name>
<bndbox>
<x1>612</x1>
<y1>88</y1>
<x2>662</x2>
<y2>88</y2>
<x3>662</x3>
<y3>106</y3>
<x4>613</x4>
<y4>106</y4>
</bndbox>
</object>
<object>
<name>text</name>
<bndbox>
<x1>240</x1>
<y1>70</y1>
<x2>338</x2>
<y2>72</y2>
<x3>335</x3>
<y3>93</y3>
<x4>237</x4>
<y4>91</y4>
</bndbox>
</object>
<object>
<name>text</name>
<bndbox>
<x1>161</x1>
<y1>68</y1>
<x2>239</x2>
<y2>68</y2>
<x3>240</x3>
<y3>90</y3>
<x4>162</x4>
<y4>90</y4>
</bndbox>
</object>
<object>
<name>text</name>
<bndbox>
<x1>660</x1>
<y1>88</y1>
<x2>716</x2>
<y2>90</y2>
<x3>716</x3>
<y3>108</y3>
<x4>660</x4>
<y4>106</y4>
</bndbox>
</object>
<object>
<name>text</name>
<bndbox>
<x1>760</x1>
<y1>91</y1>
<x2>843</x2>
<y2>94</y2>
<x3>843</x3>
<y3>111</y3>
<x4>761</x4>
<y4>109</y4>
</bndbox>
</object>
<object>
<name>text</name>
<bndbox>
<x1>873</x1>
<y1>95</y1>
<x2>943</x2>
<y2>97</y2>
<x3>941</x3>
<y3>114</y3>
<x4>872</x4>
<y4>112</y4>
</bndbox>
</object>
<object>
<name>text</name>
<bndbox>
<x1>2</x1>
<y1>64</y1>
<x2>51</x2>
<y2>64</y2>
<x3>48</x3>
<y3>87</y3>
<x4>0</x4>
<y4>87</y4>
</bndbox>
</object>
<object>
<name>text</name>
<bndbox>
<x1>275</x1>
<y1>443</y1>
<x2>326</x2>
<y2>441</y2>
<x3>323</x3>
<y3>527</y3>
<x4>272</x4>
<y4>530</y4>
</bndbox>
</object>
</annotation>