<?xml version="1.0" ?>
<annotation>
<folder>JPEGImages</folder>
<filename>img_54.xml</filename>
<path>xxxx</path>
<source>
<database>Unknown</database>
<annotation>xxx</annotation>
<image>xxx</image>
<flickrid>0</flickrid>
</source>
<size>
<width>1280</width>
<height>720</height>
<depth>3</depth>
</size>
<segmented>0</segmented>
<object>
<name>text</name>
<bndbox>
<x1>684</x1>
<y1>154</y1>
<x2>701</x2>
<y2>158</y2>
<x3>701</x3>
<y3>181</y3>
<x4>685</x4>
<y4>177</y4>
</bndbox>
</object>
<object>
<name>text</name>
<bndbox>
<x1>573</x1>
<y1>97</y1>
<x2>625</x2>
<y2>106</y2>
<x3>625</x3>
<y3>125</y3>
<x4>572</x4>
<y4>116</y4>
</bndbox>
</object>
<object>
<name>text</name>
<bndbox>
<x1>481</x1>
<y1>113</y1>
<x2>508</x2>
<y2>118</y2>
<x3>508</x3>
<y3>143</y3>
<x4>481</x4>
<y4>138</y4>
</bndbox>
</object>
<object>
<name>text</name>
<bndbox>
<x1>517</x1>
<y1>118</y1>
<x2>600</x2>
<y2>134</y2>
<x3>600</x3>
<y3>168</y3>
<x4>516</x4>
<y4>152</y4>
</bndbox>
</object>
<object>
<name>text</name>
<bndbox>
<x1>605</x1>
<y1>135</y1>
<x2>673</x2>
<y2>149</y2>
<x3>673</x3>
<y3>174</y3>
<x4>605</x4>
<y4>161</y4>
</bndbox>
</object>
<object>
<name>text</name>
<bndbox>
<x1>630</x1>
<y1>110</y1>
<x2>668</x2>
<y2>119</y2>
<x3>667</x3>
<y3>137</y3>
<x4>630</x4>
<y4>128</y4>
</bndbox>
</object>
<object>
<name>text</name>
<bndbox>
<x1>682</x1>
<y1>193</y1>
<x2>707</x2>
<y2>198</y2>
<x3>707</x3>
<y3>219</y3>
<x4>682</x4>
<y4>215</y4>
</bndbox>
</object>
<object>
<name>text</name>
<bndbox>
<x1>504</x1>
<y1>161</y1>
<x2>533</x2>
<y2>166</y2>
<x3>533</x3>
<y3>190</y3>
<x4>505</x4>
<y4>185</y4>
</bndbox>
</object>
<object>
<name>text</name>
<bndbox>
<x1>542</x1>
<y1>166</y1>
<x2>627</x2>
<y2>179</y2>
<x3>627</x3>
<y3>204</y3>
<x4>542</x4>
<y4>191</y4>
</bndbox>
</object>
<object>
<name>text</name>
<bndbox>
<x1>635</x1>
<y1>182</y1>
<x2>675</x2>
<y2>189</y2>
<x3>674</x3>
<y3>218</y3>
<x4>635</x4>
<y4>211</y4>
</bndbox>
</object>
<object>
<name>text</name>
<bndbox>
<x1>251</x1>
<y1>227</y1>
<x2>359</x2>
<y2>237</y2>
<x3>359</x3>
<y3>259</y3>
<x4>251</x4>
<y4>249</y4>
</bndbox>
</object>
<object>
<name>text</name>
<bndbox>
<x1>367</x1>
<y1>241</y1>
<x2>381</x2>
<y2>242</y2>
<x3>380</x3>
<y3>260</y3>
<x4>366</x4>
<y4>260</y4>
</bndbox>
</object>
<object>
<name>text</name>
<bndbox>
<x1>850</x1>
<y1>286</y1>
<x2>860</x2>
<y2>287</y2>
<x3>859</x3>
<y3>305</y3>
<x4>849</x4>
<y4>305</y4>
</bndbox>
</object>
<object>
<name>text</name>
<bndbox>
<x1>405</x1>
<y1>137</y1>
<x2>461</x2>
<y2>147</y2>
<x3>460</x3>
<y3>159</y3>
<x4>403</x4>
<y4>149</y4>
</bndbox>
</object>
<object>
<name>text</name>
<bndbox>
<x1>464</x1>
<y1>148</y1>
<x2>478</x2>
<y2>150</y2>
<x3>478</x3>
<y3>162</y3>
<x4>464</x4>
<y4>159</y4>
</bndbox>
</object>
<object>
<name>text</name>
<bndbox>
<x1>423</x1>
<y1>153</y1>
<x2>494</x2>
<y2>166</y2>
<x3>493</x3>
<y3>179</y3>
<x4>422</x4>
<y4>166</y4>
</bndbox>
</object>
<object>
<name>text</name>
<bndbox>
<x1>426</x1>
<y1>168</y1>
<x2>476</x2>
<y2>176</y2>
<x3>476</x3>
<y3>185</y3>
<x4>426</x4>
<y4>177</y4>
</bndbox>
</object>
<object>
<name>text</name>
<bndbox>
<x1>478</x1>
<y1>177</y1>
<x2>486</x2>
<y2>178</y2>
<x3>486</x3>
<y3>188</y3>
<x4>478</x4>
<y4>186</y4>
</bndbox>
</object>
<object>
<name>text</name>
<bndbox>
<x1>538</x1>
<y1>683</y1>
<x2>574</x2>
<y2>676</y2>
<x3>575</x3>
<y3>693</y3>
<x4>539</x4>
<y4>700</y4>
</bndbox>
</object>
<object>
<name>text</name>
<bndbox>
<x1>638</x1>
<y1>662</y1>
<x2>668</x2>
<y2>656</y2>
<x3>669</x3>
<y3>672</y3>
<x4>638</x4>
<y4>678</y4>
</bndbox>
</object>
<object>
<name>text</name>
<bndbox>
<x1>1122</x1>
<y1>231</y1>
<x2>1189</x2>
<y2>241</y2>
<x3>1192</x3>
<y3>261</y3>
<x4>1126</x4>
<y4>251</y4>
</bndbox>
</object>
<object>
<name>text</name>
<bndbox>
<x1>1128</x1>
<y1>263</y1>
<x2>1162</x2>
<y2>264</y2>
<x3>1165</x3>
<y3>284</y3>
<x4>1130</x4>
<y4>283</y4>
</bndbox>
</object>
</annotation>