<?xml version="1.0" ?>
<annotation>
<folder>JPEGImages</folder>
<filename>img_308.xml</filename>
<path>xxxx</path>
<source>
<database>Unknown</database>
<annotation>xxx</annotation>
<image>xxx</image>
<flickrid>0</flickrid>
</source>
<size>
<width>1280</width>
<height>720</height>
<depth>3</depth>
</size>
<segmented>0</segmented>
<object>
<name>text</name>
<bndbox>
<x1>4</x1>
<y1>96</y1>
<x2>204</x2>
<y2>76</y2>
<x3>207</x3>
<y3>107</y3>
<x4>7</x4>
<y4>127</y4>
</bndbox>
</object>
<object>
<name>text</name>
<bndbox>
<x1>744</x1>
<y1>109</y1>
<x2>817</x2>
<y2>106</y2>
<x3>819</x3>
<y3>147</y3>
<x4>746</x4>
<y4>150</y4>
</bndbox>
</object>
<object>
<name>text</name>
<bndbox>
<x1>559</x1>
<y1>43</y1>
<x2>626</x2>
<y2>30</y2>
<x3>630</x3>
<y3>57</y3>
<x4>563</x4>
<y4>70</y4>
</bndbox>
</object>
<object>
<name>text</name>
<bndbox>
<x1>626</x1>
<y1>28</y1>
<x2>703</x2>
<y2>11</y2>
<x3>708</x3>
<y3>41</y3>
<x4>631</x4>
<y4>58</y4>
</bndbox>
</object>
<object>
<name>text</name>
<bndbox>
<x1>401</x1>
<y1>77</y1>
<x2>461</x2>
<y2>66</y2>
<x3>465</x3>
<y3>91</y3>
<x4>405</x4>
<y4>102</y4>
</bndbox>
</object>
</annotation>