<?xml version="1.0" ?>
<annotation>
<folder>JPEGImages</folder>
<filename>img_171.xml</filename>
<path>xxxx</path>
<source>
<database>Unknown</database>
<annotation>xxx</annotation>
<image>xxx</image>
<flickrid>0</flickrid>
</source>
<size>
<width>1280</width>
<height>720</height>
<depth>3</depth>
</size>
<segmented>0</segmented>
<object>
<name>text</name>
<bndbox>
<x1>762</x1>
<y1>287</y1>
<x2>796</x2>
<y2>283</y2>
<x3>799</x3>
<y3>316</y3>
<x4>765</x4>
<y4>320</y4>
</bndbox>
</object>
<object>
<name>text</name>
<bndbox>
<x1>426</x1>
<y1>279</y1>
<x2>472</x2>
<y2>274</y2>
<x3>473</x3>
<y3>286</y3>
<x4>427</x4>
<y4>290</y4>
</bndbox>
</object>
<object>
<name>text</name>
<bndbox>
<x1>159</x1>
<y1>86</y1>
<x2>188</x2>
<y2>83</y2>
<x3>189</x3>
<y3>95</y3>
<x4>161</x4>
<y4>98</y4>
</bndbox>
</object>
<object>
<name>text</name>
<bndbox>
<x1>188</x1>
<y1>79</y1>
<x2>211</x2>
<y2>77</y2>
<x3>212</x3>
<y3>93</y3>
<x4>190</x4>
<y4>95</y4>
</bndbox>
</object>
<object>
<name>text</name>
<bndbox>
<x1>212</x1>
<y1>76</y1>
<x2>285</x2>
<y2>71</y2>
<x3>286</x3>
<y3>87</y3>
<x4>213</x4>
<y4>93</y4>
</bndbox>
</object>
<object>
<name>text</name>
<bndbox>
<x1>110</x1>
<y1>88</y1>
<x2>158</x2>
<y2>83</y2>
<x3>161</x3>
<y3>98</y3>
<x4>113</x4>
<y4>103</y4>
</bndbox>
</object>
<object>
<name>text</name>
<bndbox>
<x1>286</x1>
<y1>71</y1>
<x2>320</x2>
<y2>67</y2>
<x3>320</x3>
<y3>83</y3>
<x4>286</x4>
<y4>87</y4>
</bndbox>
</object>
<object>
<name>text</name>
<bndbox>
<x1>333</x1>
<y1>243</y1>
<x2>488</x2>
<y2>224</y2>
<x3>496</x3>
<y3>254</y3>
<x4>341</x4>
<y4>273</y4>
</bndbox>
</object>
<object>
<name>text</name>
<bndbox>
<x1>205</x1>
<y1>97</y1>
<x2>245</x2>
<y2>94</y2>
<x3>245</x3>
<y3>109</y3>
<x4>205</x4>
<y4>112</y4>
</bndbox>
</object>
<object>
<name>text</name>
<bndbox>
<x1>245</x1>
<y1>95</y1>
<x2>258</x2>
<y2>95</y2>
<x3>257</x3>
<y3>109</y3>
<x4>245</x4>
<y4>109</y4>
</bndbox>
</object>
<object>
<name>text</name>
<bndbox>
<x1>258</x1>
<y1>92</y1>
<x2>288</x2>
<y2>90</y2>
<x3>290</x3>
<y3>106</y3>
<x4>259</x4>
<y4>107</y4>
</bndbox>
</object>
<object>
<name>text</name>
<bndbox>
<x1>290</x1>
<y1>90</y1>
<x2>322</x2>
<y2>87</y2>
<x3>323</x3>
<y3>102</y3>
<x4>291</x4>
<y4>104</y4>
</bndbox>
</object>
<object>
<name>text</name>
<bndbox>
<x1>921</x1>
<y1>32</y1>
<x2>1057</x2>
<y2>20</y2>
<x3>1061</x3>
<y3>78</y3>
<x4>924</x4>
<y4>91</y4>
</bndbox>
</object>
<object>
<name>text</name>
<bndbox>
<x1>913</x1>
<y1>108</y1>
<x2>1097</x2>
<y2>88</y2>
<x3>1102</x3>
<y3>137</y3>
<x4>917</x4>
<y4>157</y4>
</bndbox>
</object>
<object>
<name>text</name>
<bndbox>
<x1>1003</x1>
<y1>153</y1>
<x2>1115</x2>
<y2>135</y2>
<x3>1117</x3>
<y3>168</y3>
<x4>1005</x4>
<y4>186</y4>
</bndbox>
</object>
<object>
<name>text</name>
<bndbox>
<x1>414</x1>
<y1>421</y1>
<x2>462</x2>
<y2>415</y2>
<x3>464</x3>
<y3>430</y3>
<x4>416</x4>
<y4>435</y4>
</bndbox>
</object>
<object>
<name>text</name>
<bndbox>
<x1>331</x1>
<y1>291</y1>
<x2>377</x2>
<y2>286</y2>
<x3>378</x3>
<y3>298</y3>
<x4>332</x4>
<y4>303</y4>
</bndbox>
</object>
<object>
<name>text</name>
<bndbox>
<x1>403</x1>
<y1>281</y1>
<x2>426</x2>
<y2>278</y2>
<x3>427</x3>
<y3>293</y3>
<x4>403</x4>
<y4>295</y4>
</bndbox>
</object>
<object>
<name>text</name>
<bndbox>
<x1>471</x1>
<y1>272</y1>
<x2>506</x2>
<y2>268</y2>
<x3>507</x3>
<y3>282</y3>
<x4>473</x4>
<y4>286</y4>
</bndbox>
</object>
<object>
<name>text</name>
<bndbox>
<x1>339</x1>
<y1>304</y1>
<x2>365</x2>
<y2>302</y2>
<x3>365</x3>
<y3>316</y3>
<x4>340</x4>
<y4>318</y4>
</bndbox>
</object>
<object>
<name>text</name>
<bndbox>
<x1>365</x1>
<y1>303</y1>
<x2>390</x2>
<y2>300</y2>
<x3>390</x3>
<y3>311</y3>
<x4>366</x4>
<y4>315</y4>
</bndbox>
</object>
<object>
<name>text</name>
<bndbox>
<x1>392</x1>
<y1>298</y1>
<x2>422</x2>
<y2>294</y2>
<x3>422</x3>
<y3>307</y3>
<x4>392</x4>
<y4>312</y4>
</bndbox>
</object>
<object>
<name>text</name>
<bndbox>
<x1>421</x1>
<y1>295</y1>
<x2>446</x2>
<y2>293</y2>
<x3>446</x3>
<y3>304</y3>
<x4>421</x4>
<y4>306</y4>
</bndbox>
</object>
<object>
<name>text</name>
<bndbox>
<x1>446</x1>
<y1>291</y1>
<x2>476</x2>
<y2>288</y2>
<x3>476</x3>
<y3>299</y3>
<x4>446</x4>
<y4>302</y4>
</bndbox>
</object>
<object>
<name>text</name>
<bndbox>
<x1>475</x1>
<y1>287</y1>
<x2>505</x2>
<y2>284</y2>
<x3>506</x3>
<y3>295</y3>
<x4>476</x4>
<y4>298</y4>
</bndbox>
</object>
<object>
<name>text</name>
<bndbox>
<x1>356</x1>
<y1>320</y1>
<x2>394</x2>
<y2>314</y2>
<x3>394</x3>
<y3>327</y3>
<x4>356</x4>
<y4>332</y4>
</bndbox>
</object>
<object>
<name>text</name>
<bndbox>
<x1>392</x1>
<y1>313</y1>
<x2>420</x2>
<y2>311</y2>
<x3>420</x3>
<y3>322</y3>
<x4>392</x4>
<y4>324</y4>
</bndbox>
</object>
<object>
<name>text</name>
<bndbox>
<x1>419</x1>
<y1>309</y1>
<x2>443</x2>
<y2>307</y2>
<x3>445</x3>
<y3>317</y3>
<x4>420</x4>
<y4>320</y4>
</bndbox>
</object>
<object>
<name>text</name>
<bndbox>
<x1>444</x1>
<y1>305</y1>
<x2>467</x2>
<y2>302</y2>
<x3>467</x3>
<y3>315</y3>
<x4>444</x4>
<y4>318</y4>
</bndbox>
</object>
<object>
<name>text</name>
<bndbox>
<x1>466</x1>
<y1>301</y1>
<x2>493</x2>
<y2>299</y2>
<x3>495</x3>
<y3>312</y3>
<x4>467</x4>
<y4>314</y4>
</bndbox>
</object>
<object>
<name>text</name>
<bndbox>
<x1>412</x1>
<y1>350</y1>
<x2>445</x2>
<y2>346</y2>
<x3>446</x3>
<y3>362</y3>
<x4>413</x4>
<y4>366</y4>
</bndbox>
</object>
<object>
<name>text</name>
<bndbox>
<x1>380</x1>
<y1>371</y1>
<x2>481</x2>
<y2>356</y2>
<x3>484</x3>
<y3>371</y3>
<x4>382</x4>
<y4>386</y4>
</bndbox>
</object>
<object>
<name>text</name>
<bndbox>
<x1>382</x1>
<y1>385</y1>
<x2>482</x2>
<y2>371</y2>
<x3>484</x3>
<y3>387</y3>
<x4>385</x4>
<y4>400</y4>
</bndbox>
</object>
<object>
<name>text</name>
<bndbox>
<x1>382</x1>
<y1>399</y1>
<x2>492</x2>
<y2>384</y2>
<x3>493</x3>
<y3>400</y3>
<x4>383</x4>
<y4>416</y4>
</bndbox>
</object>
<object>
<name>text</name>
<bndbox>
<x1>296</x1>
<y1>339</y1>
<x2>552</x2>
<y2>306</y2>
<x3>550</x3>
<y3>322</y3>
<x4>294</x4>
<y4>355</y4>
</bndbox>
</object>
<object>
<name>text</name>
<bndbox>
<x1>318</x1>
<y1>454</y1>
<x2>560</x2>
<y2>414</y2>
<x3>563</x3>
<y3>430</y3>
<x4>321</x4>
<y4>470</y4>
</bndbox>
</object>
<object>
<name>text</name>
<bndbox>
<x1>334</x1>
<y1>468</y1>
<x2>554</x2>
<y2>431</y2>
<x3>556</x3>
<y3>443</y3>
<x4>336</x4>
<y4>480</y4>
</bndbox>
</object>
<object>
<name>text</name>
<bndbox>
<x1>327</x1>
<y1>484</y1>
<x2>557</x2>
<y2>440</y2>
<x3>561</x3>
<y3>455</y3>
<x4>331</x4>
<y4>499</y4>
</bndbox>
</object>
<object>
<name>text</name>
<bndbox>
<x1>401</x1>
<y1>483</y1>
<x2>493</x2>
<y2>466</y2>
<x3>496</x3>
<y3>480</y3>
<x4>404</x4>
<y4>497</y4>
</bndbox>
</object>
<object>
<name>text</name>
<bndbox>
<x1>378</x1>
<y1>287</y1>
<x2>402</x2>
<y2>284</y2>
<x3>402</x3>
<y3>296</y3>
<x4>379</x4>
<y4>298</y4>
</bndbox>
</object>
<object>
<name>text</name>
<bndbox>
<x1>768</x1>
<y1>335</y1>
<x2>807</x2>
<y2>334</y2>
<x3>812</x3>
<y3>365</y3>
<x4>773</x4>
<y4>366</y4>
</bndbox>
</object>
<object>
<name>text</name>
<bndbox>
<x1>775</x1>
<y1>380</y1>
<x2>807</x2>
<y2>383</y2>
<x3>811</x3>
<y3>414</y3>
<x4>779</x4>
<y4>411</y4>
</bndbox>
</object>
<object>
<name>text</name>
<bndbox>
<x1>779</x1>
<y1>430</y1>
<x2>805</x2>
<y2>433</y2>
<x3>808</x3>
<y3>463</y3>
<x4>782</x4>
<y4>460</y4>
</bndbox>
</object>
<object>
<name>text</name>
<bndbox>
<x1>782</x1>
<y1>472</y1>
<x2>810</x2>
<y2>480</y2>
<x3>815</x3>
<y3>515</y3>
<x4>787</x4>
<y4>507</y4>
</bndbox>
</object>
<object>
<name>text</name>
<bndbox>
<x1>789</x1>
<y1>521</y1>
<x2>817</x2>
<y2>519</y2>
<x3>821</x3>
<y3>557</y3>
<x4>793</x4>
<y4>559</y4>
</bndbox>
</object>
<object>
<name>text</name>
<bndbox>
<x1>383</x1>
<y1>508</y1>
<x2>450</x2>
<y2>497</y2>
<x3>454</x3>
<y3>514</y3>
<x4>387</x4>
<y4>525</y4>
</bndbox>
</object>
<object>
<name>text</name>
<bndbox>
<x1>455</x1>
<y1>496</y1>
<x2>517</x2>
<y2>484</y2>
<x3>520</x3>
<y3>499</y3>
<x4>458</x4>
<y4>511</y4>
</bndbox>
</object>
<object>
<name>text</name>
<bndbox>
<x1>319</x1>
<y1>539</y1>
<x2>583</x2>
<y2>489</y2>
<x3>584</x3>
<y3>500</y3>
<x4>320</x4>
<y4>550</y4>
</bndbox>
</object>
<object>
<name>text</name>
<bndbox>
<x1>371</x1>
<y1>541</y1>
<x2>538</x2>
<y2>510</y2>
<x3>541</x3>
<y3>522</y3>
<x4>374</x4>
<y4>553</y4>
</bndbox>
</object>
<object>
<name>text</name>
<bndbox>
<x1>338</x1>
<y1>561</y1>
<x2>568</x2>
<y2>517</y2>
<x3>572</x3>
<y3>526</y3>
<x4>342</x4>
<y4>570</y4>
</bndbox>
</object>
<object>
<name>text</name>
<bndbox>
<x1>362</x1>
<y1>567</y1>
<x2>554</x2>
<y2>530</y2>
<x3>557</x3>
<y3>543</y3>
<x4>365</x4>
<y4>580</y4>
</bndbox>
</object>
<object>
<name>text</name>
<bndbox>
<x1>367</x1>
<y1>581</y1>
<x2>556</x2>
<y2>538</y2>
<x3>549</x3>
<y3>554</y3>
<x4>360</x4>
<y4>597</y4>
</bndbox>
</object>
<object>
<name>text</name>
<bndbox>
<x1>429</x1>
<y1>589</y1>
<x2>501</x2>
<y2>572</y2>
<x3>505</x3>
<y3>589</y3>
<x4>433</x4>
<y4>606</y4>
</bndbox>
</object>
<object>
<name>text</name>
<bndbox>
<x1>1116</x1>
<y1>113</y1>
<x2>1261</x2>
<y2>97</y2>
<x3>1266</x3>
<y3>115</y3>
<x4>1120</x4>
<y4>131</y4>
</bndbox>
</object>
<object>
<name>text</name>
<bndbox>
<x1>1116</x1>
<y1>133</y1>
<x2>1260</x2>
<y2>116</y2>
<x3>1262</x3>
<y3>130</y3>
<x4>1118</x4>
<y4>147</y4>
</bndbox>
</object>
<object>
<name>text</name>
<bndbox>
<x1>1120</x1>
<y1>147</y1>
<x2>1273</x2>
<y2>127</y2>
<x3>1273</x3>
<y3>144</y3>
<x4>1120</x4>
<y4>164</y4>
</bndbox>
</object>
<object>
<name>text</name>
<bndbox>
<x1>997</x1>
<y1>199</y1>
<x2>1127</x2>
<y2>181</y2>
<x3>1128</x3>
<y3>194</y3>
<x4>998</x4>
<y4>211</y4>
</bndbox>
</object>
<object>
<name>text</name>
<bndbox>
<x1>998</x1>
<y1>211</y1>
<x2>1128</x2>
<y2>192</y2>
<x3>1128</x3>
<y3>206</y3>
<x4>998</x4>
<y4>225</y4>
</bndbox>
</object>
<object>
<name>text</name>
<bndbox>
<x1>1009</x1>
<y1>224</y1>
<x2>1122</x2>
<y2>207</y2>
<x3>1123</x3>
<y3>218</y3>
<x4>1010</x4>
<y4>235</y4>
</bndbox>
</object>
<object>
<name>text</name>
<bndbox>
<x1>991</x1>
<y1>240</y1>
<x2>1153</x2>
<y2>210</y2>
<x3>1156</x3>
<y3>225</y3>
<x4>994</x4>
<y4>255</y4>
</bndbox>
</object>
<object>
<name>text</name>
<bndbox>
<x1>1053</x1>
<y1>248</y1>
<x2>1087</x2>
<y2>242</y2>
<x3>1088</x3>
<y3>257</y3>
<x4>1054</x4>
<y4>263</y4>
</bndbox>
</object>
<object>
<name>text</name>
<bndbox>
<x1>1029</x1>
<y1>267</y1>
<x2>1109</x2>
<y2>253</y2>
<x3>1109</x3>
<y3>268</y3>
<x4>1030</x4>
<y4>282</y4>
</bndbox>
</object>
<object>
<name>text</name>
<bndbox>
<x1>1018</x1>
<y1>284</y1>
<x2>1113</x2>
<y2>266</y2>
<x3>1113</x3>
<y3>283</y3>
<x4>1019</x4>
<y4>301</y4>
</bndbox>
</object>
<object>
<name>text</name>
<bndbox>
<x1>1036</x1>
<y1>294</y1>
<x2>1114</x2>
<y2>281</y2>
<x3>1115</x3>
<y3>293</y3>
<x4>1038</x4>
<y4>306</y4>
</bndbox>
</object>
<object>
<name>text</name>
<bndbox>
<x1>1056</x1>
<y1>313</y1>
<x2>1092</x2>
<y2>304</y2>
<x3>1092</x3>
<y3>317</y3>
<x4>1056</x4>
<y4>326</y4>
</bndbox>
</object>
<object>
<name>text</name>
<bndbox>
<x1>978</x1>
<y1>339</y1>
<x2>1164</x2>
<y2>305</y2>
<x3>1164</x3>
<y3>316</y3>
<x4>978</x4>
<y4>351</y4>
</bndbox>
</object>
<object>
<name>text</name>
<bndbox>
<x1>990</x1>
<y1>354</y1>
<x2>1156</x2>
<y2>320</y2>
<x3>1156</x3>
<y3>329</y3>
<x4>990</x4>
<y4>364</y4>
</bndbox>
</object>
<object>
<name>text</name>
<bndbox>
<x1>984</x1>
<y1>367</y1>
<x2>1159</x2>
<y2>331</y2>
<x3>1159</x3>
<y3>339</y3>
<x4>984</x4>
<y4>376</y4>
</bndbox>
</object>
<object>
<name>text</name>
<bndbox>
<x1>1026</x1>
<y1>389</y1>
<x2>1132</x2>
<y2>371</y2>
<x3>1133</x3>
<y3>382</y3>
<x4>1026</x4>
<y4>401</y4>
</bndbox>
</object>
<object>
<name>text</name>
<bndbox>
<x1>973</x1>
<y1>412</y1>
<x2>1172</x2>
<y2>369</y2>
<x3>1174</x3>
<y3>379</y3>
<x4>975</x4>
<y4>422</y4>
</bndbox>
</object>
<object>
<name>text</name>
<bndbox>
<x1>1016</x1>
<y1>413</y1>
<x2>1141</x2>
<y2>388</y2>
<x3>1143</x3>
<y3>398</y3>
<x4>1017</x4>
<y4>423</y4>
</bndbox>
</object>
<object>
<name>text</name>
<bndbox>
<x1>985</x1>
<y1>433</y1>
<x2>1145</x2>
<y2>396</y2>
<x3>1149</x3>
<y3>406</y3>
<x4>989</x4>
<y4>443</y4>
</bndbox>
</object>
<object>
<name>text</name>
<bndbox>
<x1>1003</x1>
<y1>441</y1>
<x2>1154</x2>
<y2>405</y2>
<x3>1157</x3>
<y3>416</y3>
<x4>1006</x4>
<y4>452</y4>
</bndbox>
</object>
<object>
<name>text</name>
<bndbox>
<x1>876</x1>
<y1>267</y1>
<x2>900</x2>
<y2>263</y2>
<x3>903</x3>
<y3>297</y3>
<x4>879</x4>
<y4>302</y4>
</bndbox>
</object>
<object>
<name>text</name>
<bndbox>
<x1>885</x1>
<y1>317</y1>
<x2>909</x2>
<y2>313</y2>
<x3>912</x3>
<y3>347</y3>
<x4>889</x4>
<y4>351</y4>
</bndbox>
</object>
<object>
<name>text</name>
<bndbox>
<x1>882</x1>
<y1>364</y1>
<x2>912</x2>
<y2>365</y2>
<x3>919</x3>
<y3>396</y3>
<x4>889</x4>
<y4>395</y4>
</bndbox>
</object>
<object>
<name>text</name>
<bndbox>
<x1>894</x1>
<y1>408</y1>
<x2>916</x2>
<y2>407</y2>
<x3>920</x3>
<y3>447</y3>
<x4>899</x4>
<y4>447</y4>
</bndbox>
</object>
<object>
<name>text</name>
<bndbox>
<x1>904</x1>
<y1>456</y1>
<x2>921</x2>
<y2>456</y2>
<x3>925</x3>
<y3>489</y3>
<x4>908</x4>
<y4>489</y4>
</bndbox>
</object>
<object>
<name>text</name>
<bndbox>
<x1>909</x1>
<y1>506</y1>
<x2>926</x2>
<y2>503</y2>
<x3>930</x3>
<y3>537</y3>
<x4>913</x4>
<y4>539</y4>
</bndbox>
</object>
</annotation>