<?xml version="1.0" ?>
<annotation>
<folder>JPEGImages</folder>
<filename>img_116.xml</filename>
<path>xxxx</path>
<source>
<database>Unknown</database>
<annotation>xxx</annotation>
<image>xxx</image>
<flickrid>0</flickrid>
</source>
<size>
<width>1280</width>
<height>720</height>
<depth>3</depth>
</size>
<segmented>0</segmented>
<object>
<name>text</name>
<bndbox>
<x1>551</x1>
<y1>361</y1>
<x2>572</x2>
<y2>367</y2>
<x3>568</x3>
<y3>381</y3>
<x4>548</x4>
<y4>375</y4>
</bndbox>
</object>
<object>
<name>text</name>
<bndbox>
<x1>534</x1>
<y1>357</y1>
<x2>550</x2>
<y2>361</y2>
<x3>544</x3>
<y3>386</y3>
<x4>528</x4>
<y4>382</y4>
</bndbox>
</object>
<object>
<name>text</name>
<bndbox>
<x1>1061</x1>
<y1>282</y1>
<x2>1074</x2>
<y2>286</y2>
<x3>1072</x3>
<y3>304</y3>
<x4>1059</x4>
<y4>299</y4>
</bndbox>
</object>
<object>
<name>text</name>
<bndbox>
<x1>1005</x1>
<y1>318</y1>
<x2>1086</x2>
<y2>334</y2>
<x3>1076</x3>
<y3>360</y3>
<x4>995</x4>
<y4>345</y4>
</bndbox>
</object>
<object>
<name>text</name>
<bndbox>
<x1>1135</x1>
<y1>325</y1>
<x2>1180</x2>
<y2>333</y2>
<x3>1178</x3>
<y3>347</y3>
<x4>1133</x4>
<y4>338</y4>
</bndbox>
</object>
<object>
<name>text</name>
<bndbox>
<x1>1015</x1>
<y1>278</y1>
<x2>1058</x2>
<y2>285</y2>
<x3>1053</x3>
<y3>300</y3>
<x4>1009</x4>
<y4>293</y4>
</bndbox>
</object>
<object>
<name>text</name>
<bndbox>
<x1>819</x1>
<y1>281</y1>
<x2>890</x2>
<y2>292</y2>
<x3>882</x3>
<y3>312</y3>
<x4>811</x4>
<y4>300</y4>
</bndbox>
</object>
<object>
<name>text</name>
<bndbox>
<x1>987</x1>
<y1>443</y1>
<x2>1064</x2>
<y2>463</y2>
<x3>1061</x3>
<y3>484</y3>
<x4>984</x4>
<y4>464</y4>
</bndbox>
</object>
<object>
<name>text</name>
<bndbox>
<x1>1185</x1>
<y1>501</y1>
<x2>1278</x2>
<y2>526</y2>
<x3>1273</x3>
<y3>543</y3>
<x4>1180</x4>
<y4>518</y4>
</bndbox>
</object>
<object>
<name>text</name>
<bndbox>
<x1>598</x1>
<y1>148</y1>
<x2>624</x2>
<y2>151</y2>
<x3>623</x3>
<y3>164</y3>
<x4>596</x4>
<y4>161</y4>
</bndbox>
</object>
<object>
<name>text</name>
<bndbox>
<x1>628</x1>
<y1>154</y1>
<x2>678</x2>
<y2>161</y2>
<x3>676</x3>
<y3>171</y3>
<x4>626</x4>
<y4>164</y4>
</bndbox>
</object>
<object>
<name>text</name>
<bndbox>
<x1>667</x1>
<y1>114</y1>
<x2>742</x2>
<y2>122</y2>
<x3>741</x3>
<y3>138</y3>
<x4>667</x4>
<y4>131</y4>
</bndbox>
</object>
<object>
<name>text</name>
<bndbox>
<x1>822</x1>
<y1>416</y1>
<x2>874</x2>
<y2>431</y2>
<x3>873</x3>
<y3>444</y3>
<x4>822</x4>
<y4>432</y4>
</bndbox>
</object>
<object>
<name>text</name>
<bndbox>
<x1>880</x1>
<y1>430</y1>
<x2>951</x2>
<y2>450</y2>
<x3>949</x3>
<y3>466</y3>
<x4>877</x4>
<y4>446</y4>
</bndbox>
</object>
<object>
<name>text</name>
<bndbox>
<x1>1075</x1>
<y1>294</y1>
<x2>1124</x2>
<y2>295</y2>
<x3>1125</x3>
<y3>310</y3>
<x4>1076</x4>
<y4>309</y4>
</bndbox>
</object>
<object>
<name>text</name>
<bndbox>
<x1>1126</x1>
<y1>312</y1>
<x2>1158</x2>
<y2>317</y2>
<x3>1157</x3>
<y3>329</y3>
<x4>1125</x4>
<y4>323</y4>
</bndbox>
</object>
<object>
<name>text</name>
<bndbox>
<x1>1232</x1>
<y1>317</y1>
<x2>1278</x2>
<y2>327</y2>
<x3>1278</x3>
<y3>341</y3>
<x4>1230</x4>
<y4>333</y4>
</bndbox>
</object>
<object>
<name>text</name>
<bndbox>
<x1>1218</x1>
<y1>364</y1>
<x2>1277</x2>
<y2>383</y2>
<x3>1277</x3>
<y3>402</y3>
<x4>1207</x4>
<y4>386</y4>
</bndbox>
</object>
<object>
<name>text</name>
<bndbox>
<x1>682</x1>
<y1>404</y1>
<x2>728</x2>
<y2>418</y2>
<x3>728</x3>
<y3>426</y3>
<x4>682</x4>
<y4>413</y4>
</bndbox>
</object>
<object>
<name>text</name>
<bndbox>
<x1>598</x1>
<y1>413</y1>
<x2>625</x2>
<y2>421</y2>
<x3>622</x3>
<y3>430</y3>
<x4>596</x4>
<y4>422</y4>
</bndbox>
</object>
<object>
<name>text</name>
<bndbox>
<x1>681</x1>
<y1>436</y1>
<x2>728</x2>
<y2>451</y2>
<x3>728</x3>
<y3>460</y3>
<x4>681</x4>
<y4>445</y4>
</bndbox>
</object>
<object>
<name>text</name>
<bndbox>
<x1>824</x1>
<y1>472</y1>
<x2>840</x2>
<y2>480</y2>
<x3>832</x3>
<y3>494</y3>
<x4>816</x4>
<y4>486</y4>
</bndbox>
</object>
<object>
<name>text</name>
<bndbox>
<x1>1185</x1>
<y1>602</y1>
<x2>1273</x2>
<y2>632</y2>
<x3>1260</x3>
<y3>651</y3>
<x4>1173</x4>
<y4>621</y4>
</bndbox>
</object>
</annotation>