<?xml version="1.0" ?>
<annotation>
<folder>JPEGImages</folder>
<filename>img_190.xml</filename>
<path>xxxx</path>
<source>
<database>Unknown</database>
<annotation>xxx</annotation>
<image>xxx</image>
<flickrid>0</flickrid>
</source>
<size>
<width>1280</width>
<height>720</height>
<depth>3</depth>
</size>
<segmented>0</segmented>
<object>
<name>text</name>
<bndbox>
<x1>578</x1>
<y1>118</y1>
<x2>612</x2>
<y2>121</y2>
<x3>611</x3>
<y3>138</y3>
<x4>577</x4>
<y4>136</y4>
</bndbox>
</object>
</annotation>