<?xml version="1.0" ?>
<annotation>
<folder>JPEGImages</folder>
<filename>img_227.xml</filename>
<path>xxxx</path>
<source>
<database>Unknown</database>
<annotation>xxx</annotation>
<image>xxx</image>
<flickrid>0</flickrid>
</source>
<size>
<width>1280</width>
<height>720</height>
<depth>3</depth>
</size>
<segmented>0</segmented>
<object>
<name>text</name>
<bndbox>
<x1>474</x1>
<y1>126</y1>
<x2>502</x2>
<y2>126</y2>
<x3>502</x3>
<y3>132</y3>
<x4>474</x4>
<y4>132</y4>
</bndbox>
</object>
<object>
<name>text</name>
<bndbox>
<x1>754</x1>
<y1>422</y1>
<x2>802</x2>
<y2>476</y2>
<x3>794</x3>
<y3>523</y3>
<x4>746</x4>
<y4>469</y4>
</bndbox>
</object>
<object>
<name>text</name>
<bndbox>
<x1>299</x1>
<y1>112</y1>
<x2>316</x2>
<y2>112</y2>
<x3>317</x3>
<y3>135</y3>
<x4>299</x4>
<y4>135</y4>
</bndbox>
</object>
<object>
<name>text</name>
<bndbox>
<x1>337</x1>
<y1>105</y1>
<x2>415</x2>
<y2>105</y2>
<x3>418</x3>
<y3>125</y3>
<x4>339</x4>
<y4>125</y4>
</bndbox>
</object>
<object>
<name>text</name>
<bndbox>
<x1>417</x1>
<y1>108</y1>
<x2>431</x2>
<y2>107</y2>
<x3>430</x3>
<y3>123</y3>
<x4>416</x4>
<y4>123</y4>
</bndbox>
</object>
<object>
<name>text</name>
<bndbox>
<x1>240</x1>
<y1>110</y1>
<x2>299</x2>
<y2>108</y2>
<x3>301</x3>
<y3>136</y3>
<x4>242</x4>
<y4>138</y4>
</bndbox>
</object>
<object>
<name>text</name>
<bndbox>
<x1>458</x1>
<y1>101</y1>
<x2>515</x2>
<y2>101</y2>
<x3>517</x3>
<y3>127</y3>
<x4>461</x4>
<y4>127</y4>
</bndbox>
</object>
<object>
<name>text</name>
<bndbox>
<x1>135</x1>
<y1>114</y1>
<x2>195</x2>
<y2>110</y2>
<x3>196</x3>
<y3>139</y3>
<x4>136</x4>
<y4>142</y4>
</bndbox>
</object>
<object>
<name>text</name>
<bndbox>
<x1>412</x1>
<y1>86</y1>
<x2>434</x2>
<y2>85</y2>
<x3>433</x3>
<y3>100</y3>
<x4>412</x4>
<y4>101</y4>
</bndbox>
</object>
<object>
<name>text</name>
<bndbox>
<x1>334</x1>
<y1>86</y1>
<x2>401</x2>
<y2>86</y2>
<x3>400</x3>
<y3>102</y3>
<x4>333</x4>
<y4>102</y4>
</bndbox>
</object>
<object>
<name>text</name>
<bndbox>
<x1>847</x1>
<y1>421</y1>
<x2>902</x2>
<y2>474</y2>
<x3>907</x3>
<y3>633</y3>
<x4>852</x4>
<y4>580</y4>
</bndbox>
</object>
<object>
<name>text</name>
<bndbox>
<x1>478</x1>
<y1>133</y1>
<x2>501</x2>
<y2>132</y2>
<x3>501</x3>
<y3>138</y3>
<x4>478</x4>
<y4>139</y4>
</bndbox>
</object>
<object>
<name>text</name>
<bndbox>
<x1>363</x1>
<y1>127</y1>
<x2>406</x2>
<y2>127</y2>
<x3>406</x3>
<y3>135</y3>
<x4>363</x4>
<y4>135</y4>
</bndbox>
</object>
<object>
<name>text</name>
<bndbox>
<x1>373</x1>
<y1>134</y1>
<x2>400</x2>
<y2>134</y2>
<x3>400</x3>
<y3>142</y3>
<x4>373</x4>
<y4>142</y4>
</bndbox>
</object>
<object>
<name>text</name>
<bndbox>
<x1>257</x1>
<y1>136</y1>
<x2>301</x2>
<y2>134</y2>
<x3>303</x3>
<y3>141</y3>
<x4>258</x4>
<y4>141</y4>
</bndbox>
</object>
<object>
<name>text</name>
<bndbox>
<x1>268</x1>
<y1>140</y1>
<x2>294</x2>
<y2>140</y2>
<x3>294</x3>
<y3>147</y3>
<x4>268</x4>
<y4>147</y4>
</bndbox>
</object>
<object>
<name>text</name>
<bndbox>
<x1>135</x1>
<y1>141</y1>
<x2>196</x2>
<y2>137</y2>
<x3>197</x3>
<y3>144</y3>
<x4>136</x4>
<y4>148</y4>
</bndbox>
</object>
<object>
<name>text</name>
<bndbox>
<x1>149</x1>
<y1>146</y1>
<x2>180</x2>
<y2>144</y2>
<x3>181</x3>
<y3>151</y3>
<x4>149</x4>
<y4>153</y4>
</bndbox>
</object>
<object>
<name>text</name>
<bndbox>
<x1>920</x1>
<y1>486</y1>
<x2>997</x2>
<y2>526</y2>
<x3>1000</x3>
<y3>716</y3>
<x4>925</x4>
<y4>652</y4>
</bndbox>
</object>
<object>
<name>text</name>
<bndbox>
<x1>1000</x1>
<y1>534</y1>
<x2>1240</x2>
<y2>674</y2>
<x3>1244</x3>
<y3>715</y3>
<x4>1005</x4>
<y4>718</y4>
</bndbox>
</object>
<object>
<name>text</name>
<bndbox>
<x1>822</x1>
<y1>43</y1>
<x2>1274</x2>
<y2>4</y2>
<x3>1276</x3>
<y3>575</y3>
<x4>841</x4>
<y4>397</y4>
</bndbox>
</object>
</annotation>