<?xml version="1.0" ?>
<annotation>
<folder>JPEGImages</folder>
<filename>img_505.xml</filename>
<path>xxxx</path>
<source>
<database>Unknown</database>
<annotation>xxx</annotation>
<image>xxx</image>
<flickrid>0</flickrid>
</source>
<size>
<width>1280</width>
<height>720</height>
<depth>3</depth>
</size>
<segmented>0</segmented>
<object>
<name>text</name>
<bndbox>
<x1>76</x1>
<y1>9</y1>
<x2>347</x2>
<y2>41</y2>
<x3>355</x3>
<y3>111</y3>
<x4>83</x4>
<y4>79</y4>
</bndbox>
</object>
<object>
<name>text</name>
<bndbox>
<x1>353</x1>
<y1>59</y1>
<x2>530</x2>
<y2>83</y2>
<x3>535</x3>
<y3>136</y3>
<x4>358</x4>
<y4>113</y4>
</bndbox>
</object>
<object>
<name>text</name>
<bndbox>
<x1>696</x1>
<y1>120</y1>
<x2>728</x2>
<y2>118</y2>
<x3>731</x3>
<y3>138</y3>
<x4>698</x4>
<y4>140</y4>
</bndbox>
</object>
<object>
<name>text</name>
<bndbox>
<x1>646</x1>
<y1>185</y1>
<x2>695</x2>
<y2>180</y2>
<x3>695</x3>
<y3>210</y3>
<x4>646</x4>
<y4>215</y4>
</bndbox>
</object>
<object>
<name>text</name>
<bndbox>
<x1>87</x1>
<y1>231</y1>
<x2>142</x2>
<y2>225</y2>
<x3>142</x3>
<y3>237</y3>
<x4>87</x4>
<y4>243</y4>
</bndbox>
</object>
<object>
<name>text</name>
<bndbox>
<x1>241</x1>
<y1>328</y1>
<x2>316</x2>
<y2>321</y2>
<x3>318</x3>
<y3>332</y3>
<x4>242</x4>
<y4>338</y4>
</bndbox>
</object>
<object>
<name>text</name>
<bndbox>
<x1>241</x1>
<y1>343</y1>
<x2>258</x2>
<y2>343</y2>
<x3>258</x3>
<y3>350</y3>
<x4>242</x4>
<y4>350</y4>
</bndbox>
</object>
<object>
<name>text</name>
<bndbox>
<x1>270</x1>
<y1>340</y1>
<x2>283</x2>
<y2>340</y2>
<x3>283</x3>
<y3>346</y3>
<x4>270</x4>
<y4>346</y4>
</bndbox>
</object>
<object>
<name>text</name>
<bndbox>
<x1>297</x1>
<y1>335</y1>
<x2>312</x2>
<y2>337</y2>
<x3>312</x3>
<y3>343</y3>
<x4>297</x4>
<y4>344</y4>
</bndbox>
</object>
<object>
<name>text</name>
<bndbox>
<x1>266</x1>
<y1>415</y1>
<x2>315</x2>
<y2>409</y2>
<x3>317</x3>
<y3>418</y3>
<x4>266</x4>
<y4>425</y4>
</bndbox>
</object>
<object>
<name>text</name>
<bndbox>
<x1>290</x1>
<y1>432</y1>
<x2>319</x2>
<y2>430</y2>
<x3>319</x3>
<y3>439</y3>
<x4>291</x4>
<y4>442</y4>
</bndbox>
</object>
<object>
<name>text</name>
<bndbox>
<x1>265</x1>
<y1>435</y1>
<x2>285</x2>
<y2>435</y2>
<x3>282</x3>
<y3>442</y3>
<x4>266</x4>
<y4>442</y4>
</bndbox>
</object>
<object>
<name>text</name>
<bndbox>
<x1>280</x1>
<y1>450</y1>
<x2>328</x2>
<y2>444</y2>
<x3>328</x3>
<y3>462</y3>
<x4>280</x4>
<y4>464</y4>
</bndbox>
</object>
<object>
<name>text</name>
<bndbox>
<x1>890</x1>
<y1>63</y1>
<x2>925</x2>
<y2>60</y2>
<x3>931</x3>
<y3>92</y3>
<x4>896</x4>
<y4>101</y4>
</bndbox>
</object>
<object>
<name>text</name>
<bndbox>
<x1>694</x1>
<y1>127</y1>
<x2>774</x2>
<y2>144</y2>
<x3>774</x3>
<y3>176</y3>
<x4>694</x4>
<y4>175</y4>
</bndbox>
</object>
<object>
<name>text</name>
<bndbox>
<x1>1100</x1>
<y1>127</y1>
<x2>1279</x2>
<y2>113</y2>
<x3>1277</x3>
<y3>153</y3>
<x4>1103</x4>
<y4>173</y4>
</bndbox>
</object>
</annotation>