<?xml version="1.0" ?>
<annotation>
<folder>JPEGImages</folder>
<filename>img_241.xml</filename>
<path>xxxx</path>
<source>
<database>Unknown</database>
<annotation>xxx</annotation>
<image>xxx</image>
<flickrid>0</flickrid>
</source>
<size>
<width>1280</width>
<height>720</height>
<depth>3</depth>
</size>
<segmented>0</segmented>
<object>
<name>text</name>
<bndbox>
<x1>563</x1>
<y1>404</y1>
<x2>602</x2>
<y2>417</y2>
<x3>599</x3>
<y3>443</y3>
<x4>561</x4>
<y4>429</y4>
</bndbox>
</object>
<object>
<name>text</name>
<bndbox>
<x1>296</x1>
<y1>70</y1>
<x2>324</x2>
<y2>67</y2>
<x3>325</x3>
<y3>85</y3>
<x4>296</x4>
<y4>89</y4>
</bndbox>
</object>
<object>
<name>text</name>
<bndbox>
<x1>708</x1>
<y1>235</y1>
<x2>804</x2>
<y2>235</y2>
<x3>805</x3>
<y3>264</y3>
<x4>709</x4>
<y4>264</y4>
</bndbox>
</object>
<object>
<name>text</name>
<bndbox>
<x1>837</x1>
<y1>279</y1>
<x2>868</x2>
<y2>281</y2>
<x3>869</x3>
<y3>313</y3>
<x4>838</x4>
<y4>310</y4>
</bndbox>
</object>
<object>
<name>text</name>
<bndbox>
<x1>871</x1>
<y1>276</y1>
<x2>917</x2>
<y2>284</y2>
<x3>915</x3>
<y3>319</y3>
<x4>870</x4>
<y4>312</y4>
</bndbox>
</object>
<object>
<name>text</name>
<bndbox>
<x1>891</x1>
<y1>184</y1>
<x2>987</x2>
<y2>178</y2>
<x3>987</x3>
<y3>219</y3>
<x4>891</x4>
<y4>224</y4>
</bndbox>
</object>
<object>
<name>text</name>
<bndbox>
<x1>723</x1>
<y1>297</y1>
<x2>770</x2>
<y2>296</y2>
<x3>772</x3>
<y3>323</y3>
<x4>725</x4>
<y4>324</y4>
</bndbox>
</object>
<object>
<name>text</name>
<bndbox>
<x1>714</x1>
<y1>177</y1>
<x2>874</x2>
<y2>173</y2>
<x3>876</x3>
<y3>225</y3>
<x4>716</x4>
<y4>229</y4>
</bndbox>
</object>
<object>
<name>text</name>
<bndbox>
<x1>795</x1>
<y1>332</y1>
<x2>898</x2>
<y2>330</y2>
<x3>899</x3>
<y3>380</y3>
<x4>796</x4>
<y4>382</y4>
</bndbox>
</object>
<object>
<name>text</name>
<bndbox>
<x1>900</x1>
<y1>367</y1>
<x2>913</x2>
<y2>365</y2>
<x3>918</x3>
<y3>387</y3>
<x4>905</x4>
<y4>390</y4>
</bndbox>
</object>
<object>
<name>text</name>
<bndbox>
<x1>907</x1>
<y1>351</y1>
<x2>974</x2>
<y2>345</y2>
<x3>981</x3>
<y3>387</y3>
<x4>914</x4>
<y4>393</y4>
</bndbox>
</object>
<object>
<name>text</name>
<bndbox>
<x1>701</x1>
<y1>407</y1>
<x2>767</x2>
<y2>394</y2>
<x3>776</x3>
<y3>437</y3>
<x4>710</x4>
<y4>450</y4>
</bndbox>
</object>
<object>
<name>text</name>
<bndbox>
<x1>709</x1>
<y1>443</y1>
<x2>779</x2>
<y2>461</y2>
<x3>776</x3>
<y3>490</y3>
<x4>706</x4>
<y4>473</y4>
</bndbox>
</object>
<object>
<name>text</name>
<bndbox>
<x1>797</x1>
<y1>467</y1>
<x2>822</x2>
<y2>469</y2>
<x3>823</x3>
<y3>490</y3>
<x4>797</x4>
<y4>488</y4>
</bndbox>
</object>
<object>
<name>text</name>
<bndbox>
<x1>853</x1>
<y1>407</y1>
<x2>887</x2>
<y2>418</y2>
<x3>884</x3>
<y3>446</y3>
<x4>850</x4>
<y4>435</y4>
</bndbox>
</object>
<object>
<name>text</name>
<bndbox>
<x1>890</x1>
<y1>408</y1>
<x2>939</x2>
<y2>415</y2>
<x3>940</x3>
<y3>444</y3>
<x4>891</x4>
<y4>437</y4>
</bndbox>
</object>
<object>
<name>text</name>
<bndbox>
<x1>850</x1>
<y1>440</y1>
<x2>893</x2>
<y2>447</y2>
<x3>892</x3>
<y3>471</y3>
<x4>849</x4>
<y4>463</y4>
</bndbox>
</object>
<object>
<name>text</name>
<bndbox>
<x1>896</x1>
<y1>445</y1>
<x2>941</x2>
<y2>457</y2>
<x3>934</x3>
<y3>486</y3>
<x4>889</x4>
<y4>474</y4>
</bndbox>
</object>
<object>
<name>text</name>
<bndbox>
<x1>846</x1>
<y1>468</y1>
<x2>898</x2>
<y2>479</y2>
<x3>898</x3>
<y3>507</y3>
<x4>846</x4>
<y4>496</y4>
</bndbox>
</object>
<object>
<name>text</name>
<bndbox>
<x1>897</x1>
<y1>477</y1>
<x2>945</x2>
<y2>490</y2>
<x3>944</x3>
<y3>524</y3>
<x4>897</x4>
<y4>510</y4>
</bndbox>
</object>
<object>
<name>text</name>
<bndbox>
<x1>592</x1>
<y1>214</y1>
<x2>617</x2>
<y2>204</y2>
<x3>621</x3>
<y3>217</y3>
<x4>597</x4>
<y4>227</y4>
</bndbox>
</object>
<object>
<name>text</name>
<bndbox>
<x1>458</x1>
<y1>182</y1>
<x2>527</x2>
<y2>169</y2>
<x3>532</x3>
<y3>193</y3>
<x4>463</x4>
<y4>206</y4>
</bndbox>
</object>
<object>
<name>text</name>
<bndbox>
<x1>571</x1>
<y1>221</y1>
<x2>591</x2>
<y2>215</y2>
<x3>595</x3>
<y3>229</y3>
<x4>575</x4>
<y4>235</y4>
</bndbox>
</object>
<object>
<name>text</name>
<bndbox>
<x1>569</x1>
<y1>241</y1>
<x2>603</x2>
<y2>227</y2>
<x3>607</x3>
<y3>242</y3>
<x4>572</x4>
<y4>256</y4>
</bndbox>
</object>
<object>
<name>text</name>
<bndbox>
<x1>560</x1>
<y1>274</y1>
<x2>588</x2>
<y2>274</y2>
<x3>588</x3>
<y3>288</y3>
<x4>560</x4>
<y4>288</y4>
</bndbox>
</object>
<object>
<name>text</name>
<bndbox>
<x1>560</x1>
<y1>288</y1>
<x2>601</x2>
<y2>292</y2>
<x3>601</x3>
<y3>308</y3>
<x4>559</x4>
<y4>305</y4>
</bndbox>
</object>
<object>
<name>text</name>
<bndbox>
<x1>606</x1>
<y1>222</y1>
<x2>645</x2>
<y2>205</y2>
<x3>645</x3>
<y3>225</y3>
<x4>607</x4>
<y4>241</y4>
</bndbox>
</object>
<object>
<name>text</name>
<bndbox>
<x1>564</x1>
<y1>255</y1>
<x2>588</x2>
<y2>258</y2>
<x3>587</x3>
<y3>273</y3>
<x4>563</x4>
<y4>270</y4>
</bndbox>
</object>
<object>
<name>text</name>
<bndbox>
<x1>558</x1>
<y1>305</y1>
<x2>587</x2>
<y2>306</y2>
<x3>586</x3>
<y3>322</y3>
<x4>557</x4>
<y4>321</y4>
</bndbox>
</object>
<object>
<name>text</name>
<bndbox>
<x1>616</x1>
<y1>269</y1>
<x2>639</x2>
<y2>270</y2>
<x3>638</x3>
<y3>287</y3>
<x4>615</x4>
<y4>286</y4>
</bndbox>
</object>
<object>
<name>text</name>
<bndbox>
<x1>613</x1>
<y1>312</y1>
<x2>634</x2>
<y2>312</y2>
<x3>633</x3>
<y3>326</y3>
<x4>612</x4>
<y4>325</y4>
</bndbox>
</object>
<object>
<name>text</name>
<bndbox>
<x1>589</x1>
<y1>461</y1>
<x2>603</x2>
<y2>461</y2>
<x3>601</x3>
<y3>491</y3>
<x4>587</x4>
<y4>491</y4>
</bndbox>
</object>
<object>
<name>text</name>
<bndbox>
<x1>600</x1>
<y1>465</y1>
<x2>614</x2>
<y2>466</y2>
<x3>613</x3>
<y3>479</y3>
<x4>599</x4>
<y4>479</y4>
</bndbox>
</object>
<object>
<name>text</name>
<bndbox>
<x1>286</x1>
<y1>138</y1>
<x2>319</x2>
<y2>137</y2>
<x3>317</x3>
<y3>156</y3>
<x4>284</x4>
<y4>156</y4>
</bndbox>
</object>
<object>
<name>text</name>
<bndbox>
<x1>439</x1>
<y1>394</y1>
<x2>460</x2>
<y2>399</y2>
<x3>460</x3>
<y3>416</y3>
<x4>439</x4>
<y4>411</y4>
</bndbox>
</object>
<object>
<name>text</name>
<bndbox>
<x1>462</x1>
<y1>398</y1>
<x2>483</x2>
<y2>402</y2>
<x3>481</x3>
<y3>420</y3>
<x4>459</x4>
<y4>415</y4>
</bndbox>
</object>
<object>
<name>text</name>
<bndbox>
<x1>437</x1>
<y1>413</y1>
<x2>455</x2>
<y2>416</y2>
<x3>454</x3>
<y3>430</y3>
<x4>436</x4>
<y4>427</y4>
</bndbox>
</object>
<object>
<name>text</name>
<bndbox>
<x1>455</x1>
<y1>415</y1>
<x2>472</x2>
<y2>419</y2>
<x3>471</x3>
<y3>435</y3>
<x4>454</x4>
<y4>431</y4>
</bndbox>
</object>
<object>
<name>text</name>
<bndbox>
<x1>473</x1>
<y1>418</y1>
<x2>491</x2>
<y2>422</y2>
<x3>489</x3>
<y3>439</y3>
<x4>471</x4>
<y4>435</y4>
</bndbox>
</object>
<object>
<name>text</name>
<bndbox>
<x1>437</x1>
<y1>428</y1>
<x2>454</x2>
<y2>433</y2>
<x3>453</x3>
<y3>449</y3>
<x4>436</x4>
<y4>445</y4>
</bndbox>
</object>
<object>
<name>text</name>
<bndbox>
<x1>462</x1>
<y1>435</y1>
<x2>477</x2>
<y2>437</y2>
<x3>473</x3>
<y3>453</y3>
<x4>458</x4>
<y4>451</y4>
</bndbox>
</object>
<object>
<name>text</name>
<bndbox>
<x1>474</x1>
<y1>436</y1>
<x2>493</x2>
<y2>440</y2>
<x3>491</x3>
<y3>457</y3>
<x4>472</x4>
<y4>453</y4>
</bndbox>
</object>
<object>
<name>text</name>
<bndbox>
<x1>219</x1>
<y1>138</y1>
<x2>261</x2>
<y2>139</y2>
<x3>261</x3>
<y3>158</y3>
<x4>218</x4>
<y4>157</y4>
</bndbox>
</object>
<object>
<name>text</name>
<bndbox>
<x1>208</x1>
<y1>207</y1>
<x2>255</x2>
<y2>206</y2>
<x3>256</x3>
<y3>227</y3>
<x4>209</x4>
<y4>229</y4>
</bndbox>
</object>
<object>
<name>text</name>
<bndbox>
<x1>469</x1>
<y1>209</y1>
<x2>497</x2>
<y2>211</y2>
<x3>493</x3>
<y3>227</y3>
<x4>466</x4>
<y4>225</y4>
</bndbox>
</object>
<object>
<name>text</name>
<bndbox>
<x1>463</x1>
<y1>227</y1>
<x2>482</x2>
<y2>230</y2>
<x3>481</x3>
<y3>242</y3>
<x4>462</x4>
<y4>239</y4>
</bndbox>
</object>
<object>
<name>text</name>
<bndbox>
<x1>460</x1>
<y1>239</y1>
<x2>491</x2>
<y2>242</y2>
<x3>489</x3>
<y3>258</y3>
<x4>459</x4>
<y4>255</y4>
</bndbox>
</object>
<object>
<name>text</name>
<bndbox>
<x1>461</x1>
<y1>265</y1>
<x2>485</x2>
<y2>266</y2>
<x3>485</x3>
<y3>282</y3>
<x4>461</x4>
<y4>281</y4>
</bndbox>
</object>
<object>
<name>text</name>
<bndbox>
<x1>457</x1>
<y1>281</y1>
<x2>471</x2>
<y2>282</y2>
<x3>471</x3>
<y3>296</y3>
<x4>457</x4>
<y4>295</y4>
</bndbox>
</object>
<object>
<name>text</name>
<bndbox>
<x1>453</x1>
<y1>295</y1>
<x2>482</x2>
<y2>300</y2>
<x3>482</x3>
<y3>317</y3>
<x4>453</x4>
<y4>312</y4>
</bndbox>
</object>
<object>
<name>text</name>
<bndbox>
<x1>453</x1>
<y1>322</y1>
<x2>483</x2>
<y2>327</y2>
<x3>483</x3>
<y3>345</y3>
<x4>453</x4>
<y4>340</y4>
</bndbox>
</object>
<object>
<name>text</name>
<bndbox>
<x1>446</x1>
<y1>345</y1>
<x2>467</x2>
<y2>348</y2>
<x3>466</x3>
<y3>361</y3>
<x4>444</x4>
<y4>358</y4>
</bndbox>
</object>
<object>
<name>text</name>
<bndbox>
<x1>446</x1>
<y1>362</y1>
<x2>492</x2>
<y2>368</y2>
<x3>489</x3>
<y3>386</y3>
<x4>443</x4>
<y4>379</y4>
</bndbox>
</object>
<object>
<name>text</name>
<bndbox>
<x1>510</x1>
<y1>212</y1>
<x2>529</x2>
<y2>214</y2>
<x3>529</x3>
<y3>226</y3>
<x4>509</x4>
<y4>224</y4>
</bndbox>
</object>
<object>
<name>text</name>
<bndbox>
<x1>510</x1>
<y1>227</y1>
<x2>530</x2>
<y2>230</y2>
<x3>528</x3>
<y3>245</y3>
<x4>508</x4>
<y4>242</y4>
</bndbox>
</object>
<object>
<name>text</name>
<bndbox>
<x1>507</x1>
<y1>243</y1>
<x2>525</x2>
<y2>247</y2>
<x3>526</x3>
<y3>260</y3>
<x4>507</x4>
<y4>256</y4>
</bndbox>
</object>
<object>
<name>text</name>
<bndbox>
<x1>503</x1>
<y1>270</y1>
<x2>522</x2>
<y2>272</y2>
<x3>520</x3>
<y3>285</y3>
<x4>501</x4>
<y4>283</y4>
</bndbox>
</object>
<object>
<name>text</name>
<bndbox>
<x1>502</x1>
<y1>287</y1>
<x2>519</x2>
<y2>288</y2>
<x3>517</x3>
<y3>301</y3>
<x4>499</x4>
<y4>300</y4>
</bndbox>
</object>
<object>
<name>text</name>
<bndbox>
<x1>499</x1>
<y1>303</y1>
<x2>519</x2>
<y2>304</y2>
<x3>517</x3>
<y3>317</y3>
<x4>496</x4>
<y4>315</y4>
</bndbox>
</object>
<object>
<name>text</name>
<bndbox>
<x1>497</x1>
<y1>330</y1>
<x2>514</x2>
<y2>332</y2>
<x3>512</x3>
<y3>345</y3>
<x4>496</x4>
<y4>342</y4>
</bndbox>
</object>
<object>
<name>text</name>
<bndbox>
<x1>518</x1>
<y1>331</y1>
<x2>535</x2>
<y2>333</y2>
<x3>533</x3>
<y3>349</y3>
<x4>516</x4>
<y4>346</y4>
</bndbox>
</object>
<object>
<name>text</name>
<bndbox>
<x1>494</x1>
<y1>350</y1>
<x2>512</x2>
<y2>353</y2>
<x3>509</x3>
<y3>368</y3>
<x4>492</x4>
<y4>365</y4>
</bndbox>
</object>
<object>
<name>text</name>
<bndbox>
<x1>513</x1>
<y1>354</y1>
<x2>534</x2>
<y2>356</y2>
<x3>533</x3>
<y3>370</y3>
<x4>513</x4>
<y4>368</y4>
</bndbox>
</object>
<object>
<name>text</name>
<bndbox>
<x1>510</x1>
<y1>374</y1>
<x2>533</x2>
<y2>376</y2>
<x3>530</x3>
<y3>392</y3>
<x4>507</x4>
<y4>390</y4>
</bndbox>
</object>
<object>
<name>text</name>
<bndbox>
<x1>495</x1>
<y1>375</y1>
<x2>506</x2>
<y2>376</y2>
<x3>505</x3>
<y3>382</y3>
<x4>494</x4>
<y4>382</y4>
</bndbox>
</object>
<object>
<name>text</name>
<bndbox>
<x1>502</x1>
<y1>421</y1>
<x2>519</x2>
<y2>421</y2>
<x3>520</x3>
<y3>436</y3>
<x4>502</x4>
<y4>437</y4>
</bndbox>
</object>
</annotation>