<?xml version="1.0" ?>
<annotation>
<folder>JPEGImages</folder>
<filename>img_427.xml</filename>
<path>xxxx</path>
<source>
<database>Unknown</database>
<annotation>xxx</annotation>
<image>xxx</image>
<flickrid>0</flickrid>
</source>
<size>
<width>1280</width>
<height>720</height>
<depth>3</depth>
</size>
<segmented>0</segmented>
<object>
<name>text</name>
<bndbox>
<x1>412</x1>
<y1>190</y1>
<x2>472</x2>
<y2>187</y2>
<x3>474</x3>
<y3>206</y3>
<x4>414</x4>
<y4>209</y4>
</bndbox>
</object>
<object>
<name>text</name>
<bndbox>
<x1>416</x1>
<y1>96</y1>
<x2>456</x2>
<y2>120</y2>
<x3>457</x3>
<y3>170</y3>
<x4>414</x4>
<y4>155</y4>
</bndbox>
</object>
<object>
<name>text</name>
<bndbox>
<x1>952</x1>
<y1>226</y1>
<x2>1006</x2>
<y2>227</y2>
<x3>1005</x3>
<y3>240</y3>
<x4>952</x4>
<y4>239</y4>
</bndbox>
</object>
<object>
<name>text</name>
<bndbox>
<x1>954</x1>
<y1>241</y1>
<x2>1001</x2>
<y2>242</y2>
<x3>1002</x3>
<y3>255</y3>
<x4>955</x4>
<y4>253</y4>
</bndbox>
</object>
<object>
<name>text</name>
<bndbox>
<x1>1040</x1>
<y1>126</y1>
<x2>1221</x2>
<y2>115</y2>
<x3>1222</x3>
<y3>130</y3>
<x4>1041</x4>
<y4>140</y4>
</bndbox>
</object>
<object>
<name>text</name>
<bndbox>
<x1>856</x1>
<y1>39</y1>
<x2>906</x2>
<y2>4</y2>
<x3>910</x3>
<y3>41</y3>
<x4>861</x4>
<y4>76</y4>
</bndbox>
</object>
<object>
<name>text</name>
<bndbox>
<x1>229</x1>
<y1>140</y1>
<x2>393</x2>
<y2>139</y2>
<x3>394</x3>
<y3>151</y3>
<x4>230</x4>
<y4>152</y4>
</bndbox>
</object>
<object>
<name>text</name>
<bndbox>
<x1>228</x1>
<y1>92</y1>
<x2>383</x2>
<y2>90</y2>
<x3>383</x3>
<y3>139</y3>
<x4>228</x4>
<y4>141</y4>
</bndbox>
</object>
<object>
<name>text</name>
<bndbox>
<x1>950</x1>
<y1>250</y1>
<x2>990</x2>
<y2>255</y2>
<x3>989</x3>
<y3>263</y3>
<x4>949</x4>
<y4>258</y4>
</bndbox>
</object>
<object>
<name>text</name>
<bndbox>
<x1>982</x1>
<y1>338</y1>
<x2>1048</x2>
<y2>349</y2>
<x3>1043</x3>
<y3>374</y3>
<x4>977</x4>
<y4>363</y4>
</bndbox>
</object>
<object>
<name>text</name>
<bndbox>
<x1>944</x1>
<y1>392</y1>
<x2>998</x2>
<y2>403</y2>
<x3>993</x3>
<y3>423</y3>
<x4>939</x4>
<y4>413</y4>
</bndbox>
</object>
<object>
<name>text</name>
<bndbox>
<x1>994</x1>
<y1>403</y1>
<x2>1034</x2>
<y2>412</y2>
<x3>1030</x3>
<y3>433</y3>
<x4>990</x4>
<y4>424</y4>
</bndbox>
</object>
<object>
<name>text</name>
<bndbox>
<x1>955</x1>
<y1>449</y1>
<x2>993</x2>
<y2>460</y2>
<x3>990</x3>
<y3>490</y3>
<x4>952</x4>
<y4>478</y4>
</bndbox>
</object>
<object>
<name>text</name>
<bndbox>
<x1>990</x1>
<y1>461</y1>
<x2>1042</x2>
<y2>475</y2>
<x3>1042</x3>
<y3>505</y3>
<x4>990</x4>
<y4>491</y4>
</bndbox>
</object>
<object>
<name>text</name>
<bndbox>
<x1>293</x1>
<y1>224</y1>
<x2>352</x2>
<y2>225</y2>
<x3>351</x3>
<y3>280</y3>
<x4>292</x4>
<y4>279</y4>
</bndbox>
</object>
</annotation>