<?xml version="1.0" ?>
<annotation>
<folder>JPEGImages</folder>
<filename>img_327.xml</filename>
<path>xxxx</path>
<source>
<database>Unknown</database>
<annotation>xxx</annotation>
<image>xxx</image>
<flickrid>0</flickrid>
</source>
<size>
<width>1280</width>
<height>720</height>
<depth>3</depth>
</size>
<segmented>0</segmented>
<object>
<name>text</name>
<bndbox>
<x1>578</x1>
<y1>382</y1>
<x2>641</x2>
<y2>384</y2>
<x3>642</x3>
<y3>408</y3>
<x4>579</x4>
<y4>406</y4>
</bndbox>
</object>
<object>
<name>text</name>
<bndbox>
<x1>580</x1>
<y1>326</y1>
<x2>630</x2>
<y2>327</y2>
<x3>631</x3>
<y3>350</y3>
<x4>581</x4>
<y4>349</y4>
</bndbox>
</object>
<object>
<name>text</name>
<bndbox>
<x1>545</x1>
<y1>95</y1>
<x2>606</x2>
<y2>88</y2>
<x3>609</x3>
<y3>113</y3>
<x4>547</x4>
<y4>120</y4>
</bndbox>
</object>
<object>
<name>text</name>
<bndbox>
<x1>546</x1>
<y1>126</y1>
<x2>612</x2>
<y2>117</y2>
<x3>615</x3>
<y3>142</y3>
<x4>550</x4>
<y4>151</y4>
</bndbox>
</object>
<object>
<name>text</name>
<bndbox>
<x1>561</x1>
<y1>152</y1>
<x2>601</x2>
<y2>150</y2>
<x3>604</x3>
<y3>175</y3>
<x4>564</x4>
<y4>177</y4>
</bndbox>
</object>
<object>
<name>text</name>
<bndbox>
<x1>571</x1>
<y1>38</y1>
<x2>616</x2>
<y2>30</y2>
<x3>619</x3>
<y3>55</y3>
<x4>574</x4>
<y4>62</y4>
</bndbox>
</object>
<object>
<name>text</name>
<bndbox>
<x1>560</x1>
<y1>183</y1>
<x2>612</x2>
<y2>178</y2>
<x3>614</x3>
<y3>205</y3>
<x4>562</x4>
<y4>210</y4>
</bndbox>
</object>
<object>
<name>text</name>
<bndbox>
<x1>520</x1>
<y1>50</y1>
<x2>569</x2>
<y2>40</y2>
<x3>574</x3>
<y3>65</y3>
<x4>524</x4>
<y4>74</y4>
</bndbox>
</object>
<object>
<name>text</name>
<bndbox>
<x1>551</x1>
<y1>215</y1>
<x2>631</x2>
<y2>211</y2>
<x3>632</x3>
<y3>234</y3>
<x4>552</x4>
<y4>237</y4>
</bndbox>
</object>
<object>
<name>text</name>
<bndbox>
<x1>545</x1>
<y1>242</y1>
<x2>592</x2>
<y2>241</y2>
<x3>595</x3>
<y3>265</y3>
<x4>547</x4>
<y4>266</y4>
</bndbox>
</object>
<object>
<name>text</name>
<bndbox>
<x1>591</x1>
<y1>240</y1>
<x2>641</x2>
<y2>240</y2>
<x3>644</x3>
<y3>265</y3>
<x4>594</x4>
<y4>265</y4>
</bndbox>
</object>
<object>
<name>text</name>
<bndbox>
<x1>554</x1>
<y1>271</y1>
<x2>640</x2>
<y2>270</y2>
<x3>641</x3>
<y3>294</y3>
<x4>556</x4>
<y4>295</y4>
</bndbox>
</object>
<object>
<name>text</name>
<bndbox>
<x1>576</x1>
<y1>296</y1>
<x2>626</x2>
<y2>296</y2>
<x3>626</x3>
<y3>320</y3>
<x4>576</x4>
<y4>319</y4>
</bndbox>
</object>
<object>
<name>text</name>
<bndbox>
<x1>572</x1>
<y1>352</y1>
<x2>643</x2>
<y2>354</y2>
<x3>644</x3>
<y3>379</y3>
<x4>573</x4>
<y4>377</y4>
</bndbox>
</object>
<object>
<name>text</name>
<bndbox>
<x1>571</x1>
<y1>409</y1>
<x2>660</x2>
<y2>416</y2>
<x3>661</x3>
<y3>440</y3>
<x4>572</x4>
<y4>433</y4>
</bndbox>
</object>
<object>
<name>text</name>
<bndbox>
<x1>583</x1>
<y1>437</y1>
<x2>650</x2>
<y2>443</y2>
<x3>653</x3>
<y3>468</y3>
<x4>586</x4>
<y4>462</y4>
</bndbox>
</object>
<object>
<name>text</name>
<bndbox>
<x1>593</x1>
<y1>465</y1>
<x2>646</x2>
<y2>471</y2>
<x3>648</x3>
<y3>496</y3>
<x4>595</x4>
<y4>490</y4>
</bndbox>
</object>
<object>
<name>text</name>
<bndbox>
<x1>586</x1>
<y1>492</y1>
<x2>660</x2>
<y2>501</y2>
<x3>661</x3>
<y3>524</y3>
<x4>586</x4>
<y4>515</y4>
</bndbox>
</object>
<object>
<name>text</name>
<bndbox>
<x1>577</x1>
<y1>518</y1>
<x2>629</x2>
<y2>525</y2>
<x3>630</x3>
<y3>550</y3>
<x4>578</x4>
<y4>543</y4>
</bndbox>
</object>
<object>
<name>text</name>
<bndbox>
<x1>629</x1>
<y1>524</y1>
<x2>679</x2>
<y2>532</y2>
<x3>678</x3>
<y3>556</y3>
<x4>628</x4>
<y4>549</y4>
</bndbox>
</object>
<object>
<name>text</name>
<bndbox>
<x1>598</x1>
<y1>548</y1>
<x2>666</x2>
<y2>561</y2>
<x3>665</x3>
<y3>582</y3>
<x4>597</x4>
<y4>569</y4>
</bndbox>
</object>
<object>
<name>text</name>
<bndbox>
<x1>611</x1>
<y1>574</y1>
<x2>656</x2>
<y2>582</y2>
<x3>656</x3>
<y3>607</y3>
<x4>612</x4>
<y4>598</y4>
</bndbox>
</object>
<object>
<name>text</name>
<bndbox>
<x1>726</x1>
<y1>118</y1>
<x2>800</x2>
<y2>113</y2>
<x3>801</x3>
<y3>130</y3>
<x4>727</x4>
<y4>136</y4>
</bndbox>
</object>
<object>
<name>text</name>
<bndbox>
<x1>285</x1>
<y1>113</y1>
<x2>312</x2>
<y2>111</y2>
<x3>313</x3>
<y3>123</y3>
<x4>286</x4>
<y4>124</y4>
</bndbox>
</object>
<object>
<name>text</name>
<bndbox>
<x1>286</x1>
<y1>125</y1>
<x2>318</x2>
<y2>123</y2>
<x3>319</x3>
<y3>135</y3>
<x4>287</x4>
<y4>138</y4>
</bndbox>
</object>
<object>
<name>text</name>
<bndbox>
<x1>415</x1>
<y1>452</y1>
<x2>495</x2>
<y2>419</y2>
<x3>496</x3>
<y3>433</y3>
<x4>416</x4>
<y4>466</y4>
</bndbox>
</object>
<object>
<name>text</name>
<bndbox>
<x1>0</x1>
<y1>539</y1>
<x2>85</x2>
<y2>510</y2>
<x3>92</x3>
<y3>562</y3>
<x4>6</x4>
<y4>591</y4>
</bndbox>
</object>
<object>
<name>text</name>
<bndbox>
<x1>499</x1>
<y1>8</y1>
<x2>548</x2>
<y2>0</y2>
<x3>550</x3>
<y3>15</y3>
<x4>501</x4>
<y4>26</y4>
</bndbox>
</object>
<object>
<name>text</name>
<bndbox>
<x1>536</x1>
<y1>19</y1>
<x2>598</x2>
<y2>7</y2>
<x3>598</x3>
<y3>19</y3>
<x4>537</x4>
<y4>31</y4>
</bndbox>
</object>
<object>
<name>text</name>
<bndbox>
<x1>550</x1>
<y1>1</y1>
<x2>599</x2>
<y2>1</y2>
<x3>600</x3>
<y3>3</y3>
<x4>550</x4>
<y4>13</y4>
</bndbox>
</object>
<object>
<name>text</name>
<bndbox>
<x1>0</x1>
<y1>165</y1>
<x2>42</x2>
<y2>161</y2>
<x3>43</x3>
<y3>176</y3>
<x4>1</x4>
<y4>181</y4>
</bndbox>
</object>
<object>
<name>text</name>
<bndbox>
<x1>2</x1>
<y1>188</y1>
<x2>38</x2>
<y2>182</y2>
<x3>36</x3>
<y3>198</y3>
<x4>0</x4>
<y4>204</y4>
</bndbox>
</object>
<object>
<name>text</name>
<bndbox>
<x1>1015</x1>
<y1>148</y1>
<x2>1044</x2>
<y2>140</y2>
<x3>1046</x3>
<y3>179</y3>
<x4>1016</x4>
<y4>187</y4>
</bndbox>
</object>
</annotation>