<?xml version="1.0" ?>
<annotation>
<folder>JPEGImages</folder>
<filename>img_541.xml</filename>
<path>xxxx</path>
<source>
<database>Unknown</database>
<annotation>xxx</annotation>
<image>xxx</image>
<flickrid>0</flickrid>
</source>
<size>
<width>1280</width>
<height>720</height>
<depth>3</depth>
</size>
<segmented>0</segmented>
<object>
<name>text</name>
<bndbox>
<x1>440</x1>
<y1>678</y1>
<x2>520</x2>
<y2>665</y2>
<x3>522</x3>
<y3>685</y3>
<x4>442</x4>
<y4>698</y4>
</bndbox>
</object>
<object>
<name>text</name>
<bndbox>
<x1>57</x1>
<y1>287</y1>
<x2>111</x2>
<y2>292</y2>
<x3>111</x3>
<y3>313</y3>
<x4>57</x4>
<y4>308</y4>
</bndbox>
</object>
<object>
<name>text</name>
<bndbox>
<x1>721</x1>
<y1>88</y1>
<x2>1128</x2>
<y2>2</y2>
<x3>1258</x3>
<y3>45</y3>
<x4>731</x4>
<y4>150</y4>
</bndbox>
</object>
<object>
<name>text</name>
<bndbox>
<x1>23</x1>
<y1>213</y1>
<x2>48</x2>
<y2>214</y2>
<x3>47</x3>
<y3>234</y3>
<x4>22</x4>
<y4>233</y4>
</bndbox>
</object>
<object>
<name>text</name>
<bndbox>
<x1>56</x1>
<y1>216</y1>
<x2>74</x2>
<y2>217</y2>
<x3>73</x3>
<y3>237</y3>
<x4>55</x4>
<y4>235</y4>
</bndbox>
</object>
<object>
<name>text</name>
<bndbox>
<x1>121</x1>
<y1>262</y1>
<x2>177</x2>
<y2>250</y2>
<x3>177</x3>
<y3>286</y3>
<x4>118</x4>
<y4>295</y4>
</bndbox>
</object>
<object>
<name>text</name>
<bndbox>
<x1>112</x1>
<y1>304</y1>
<x2>124</x2>
<y2>302</y2>
<x3>120</x3>
<y3>406</y3>
<x4>105</x4>
<y4>405</y4>
</bndbox>
</object>
<object>
<name>text</name>
<bndbox>
<x1>125</x1>
<y1>303</y1>
<x2>135</x2>
<y2>301</y2>
<x3>131</x3>
<y3>400</y3>
<x4>119</x4>
<y4>400</y4>
</bndbox>
</object>
<object>
<name>text</name>
<bndbox>
<x1>136</x1>
<y1>299</y1>
<x2>156</x2>
<y2>297</y2>
<x3>156</x3>
<y3>352</y3>
<x4>133</x4>
<y4>352</y4>
</bndbox>
</object>
<object>
<name>text</name>
<bndbox>
<x1>132</x1>
<y1>358</y1>
<x2>154</x2>
<y2>358</y2>
<x3>153</x3>
<y3>407</y3>
<x4>131</x4>
<y4>406</y4>
</bndbox>
</object>
<object>
<name>text</name>
<bndbox>
<x1>159</x1>
<y1>296</y1>
<x2>183</x2>
<y2>294</y2>
<x3>178</x3>
<y3>377</y3>
<x4>155</x4>
<y4>376</y4>
</bndbox>
</object>
</annotation>