<?xml version="1.0" ?>
<annotation>
<folder>JPEGImages</folder>
<filename>img_191.xml</filename>
<path>xxxx</path>
<source>
<database>Unknown</database>
<annotation>xxx</annotation>
<image>xxx</image>
<flickrid>0</flickrid>
</source>
<size>
<width>1280</width>
<height>720</height>
<depth>3</depth>
</size>
<segmented>0</segmented>
<object>
<name>text</name>
<bndbox>
<x1>482</x1>
<y1>186</y1>
<x2>533</x2>
<y2>185</y2>
<x3>534</x3>
<y3>213</y3>
<x4>482</x4>
<y4>214</y4>
</bndbox>
</object>
<object>
<name>text</name>
<bndbox>
<x1>476</x1>
<y1>232</y1>
<x2>492</x2>
<y2>232</y2>
<x3>493</x3>
<y3>251</y3>
<x4>477</x4>
<y4>252</y4>
</bndbox>
</object>
<object>
<name>text</name>
<bndbox>
<x1>575</x1>
<y1>48</y1>
<x2>686</x2>
<y2>43</y2>
<x3>688</x3>
<y3>71</y3>
<x4>576</x4>
<y4>76</y4>
</bndbox>
</object>
<object>
<name>text</name>
<bndbox>
<x1>462</x1>
<y1>84</y1>
<x2>605</x2>
<y2>74</y2>
<x3>606</x3>
<y3>98</y3>
<x4>462</x4>
<y4>108</y4>
</bndbox>
</object>
<object>
<name>text</name>
<bndbox>
<x1>479</x1>
<y1>150</y1>
<x2>526</x2>
<y2>146</y2>
<x3>526</x3>
<y3>166</y3>
<x4>480</x4>
<y4>169</y4>
</bndbox>
</object>
<object>
<name>text</name>
<bndbox>
<x1>456</x1>
<y1>58</y1>
<x2>574</x2>
<y2>52</y2>
<x3>575</x3>
<y3>76</y3>
<x4>457</x4>
<y4>82</y4>
</bndbox>
</object>
<object>
<name>text</name>
<bndbox>
<x1>482</x1>
<y1>170</y1>
<x2>508</x2>
<y2>168</y2>
<x3>508</x3>
<y3>184</y3>
<x4>482</x4>
<y4>186</y4>
</bndbox>
</object>
<object>
<name>text</name>
<bndbox>
<x1>453</x1>
<y1>36</y1>
<x2>609</x2>
<y2>28</y2>
<x3>612</x3>
<y3>50</y3>
<x4>456</x4>
<y4>59</y4>
</bndbox>
</object>
<object>
<name>text</name>
<bndbox>
<x1>508</x1>
<y1>166</y1>
<x2>528</x2>
<y2>165</y2>
<x3>528</x3>
<y3>184</y3>
<x4>508</x4>
<y4>184</y4>
</bndbox>
</object>
<object>
<name>text</name>
<bndbox>
<x1>493</x1>
<y1>230</y1>
<x2>550</x2>
<y2>226</y2>
<x3>552</x3>
<y3>247</y3>
<x4>494</x4>
<y4>251</y4>
</bndbox>
</object>
<object>
<name>text</name>
<bndbox>
<x1>479</x1>
<y1>252</y1>
<x2>492</x2>
<y2>252</y2>
<x3>494</x3>
<y3>271</y3>
<x4>480</x4>
<y4>272</y4>
</bndbox>
</object>
<object>
<name>text</name>
<bndbox>
<x1>494</x1>
<y1>249</y1>
<x2>546</x2>
<y2>247</y2>
<x3>548</x3>
<y3>267</y3>
<x4>496</x4>
<y4>269</y4>
</bndbox>
</object>
<object>
<name>text</name>
<bndbox>
<x1>496</x1>
<y1>274</y1>
<x2>538</x2>
<y2>271</y2>
<x3>538</x3>
<y3>280</y3>
<x4>496</x4>
<y4>283</y4>
</bndbox>
</object>
<object>
<name>text</name>
<bndbox>
<x1>496</x1>
<y1>284</y1>
<x2>552</x2>
<y2>282</y2>
<x3>552</x3>
<y3>291</y3>
<x4>496</x4>
<y4>294</y4>
</bndbox>
</object>
<object>
<name>text</name>
<bndbox>
<x1>498</x1>
<y1>296</y1>
<x2>552</x2>
<y2>292</y2>
<x3>551</x3>
<y3>302</y3>
<x4>498</x4>
<y4>305</y4>
</bndbox>
</object>
<object>
<name>text</name>
<bndbox>
<x1>500</x1>
<y1>306</y1>
<x2>552</x2>
<y2>303</y2>
<x3>552</x3>
<y3>313</y3>
<x4>499</x4>
<y4>316</y4>
</bndbox>
</object>
<object>
<name>text</name>
<bndbox>
<x1>571</x1>
<y1>353</y1>
<x2>654</x2>
<y2>348</y2>
<x3>655</x3>
<y3>360</y3>
<x4>572</x4>
<y4>366</y4>
</bndbox>
</object>
</annotation>