<?xml version="1.0" ?>
<annotation>
<folder>JPEGImages</folder>
<filename>img_332.xml</filename>
<path>xxxx</path>
<source>
<database>Unknown</database>
<annotation>xxx</annotation>
<image>xxx</image>
<flickrid>0</flickrid>
</source>
<size>
<width>1280</width>
<height>720</height>
<depth>3</depth>
</size>
<segmented>0</segmented>
<object>
<name>text</name>
<bndbox>
<x1>393</x1>
<y1>40</y1>
<x2>426</x2>
<y2>26</y2>
<x3>432</x3>
<y3>52</y3>
<x4>399</x4>
<y4>63</y4>
</bndbox>
</object>
<object>
<name>text</name>
<bndbox>
<x1>398</x1>
<y1>67</y1>
<x2>428</x2>
<y2>55</y2>
<x3>434</x3>
<y3>77</y3>
<x4>404</x4>
<y4>88</y4>
</bndbox>
</object>
<object>
<name>text</name>
<bndbox>
<x1>426</x1>
<y1>54</y1>
<x2>485</x2>
<y2>31</y2>
<x3>491</x3>
<y3>56</y3>
<x4>432</x4>
<y4>79</y4>
</bndbox>
</object>
<object>
<name>text</name>
<bndbox>
<x1>422</x1>
<y1>27</y1>
<x2>475</x2>
<y2>11</y2>
<x3>484</x3>
<y3>32</y3>
<x4>431</x4>
<y4>47</y4>
</bndbox>
</object>
<object>
<name>text</name>
<bndbox>
<x1>131</x1>
<y1>0</y1>
<x2>236</x2>
<y2>17</y2>
<x3>236</x3>
<y3>61</y3>
<x4>131</x4>
<y4>43</y4>
</bndbox>
</object>
<object>
<name>text</name>
<bndbox>
<x1>44</x1>
<y1>655</y1>
<x2>176</x2>
<y2>712</y2>
<x3>177</x3>
<y3>719</y3>
<x4>47</x4>
<y4>715</y4>
</bndbox>
</object>
</annotation>