<?xml version="1.0" ?>
<annotation>
<folder>JPEGImages</folder>
<filename>img_213.xml</filename>
<path>xxxx</path>
<source>
<database>Unknown</database>
<annotation>xxx</annotation>
<image>xxx</image>
<flickrid>0</flickrid>
</source>
<size>
<width>1280</width>
<height>720</height>
<depth>3</depth>
</size>
<segmented>0</segmented>
<object>
<name>text</name>
<bndbox>
<x1>200</x1>
<y1>547</y1>
<x2>442</x2>
<y2>533</y2>
<x3>449</x3>
<y3>597</y3>
<x4>208</x4>
<y4>610</y4>
</bndbox>
</object>
<object>
<name>text</name>
<bndbox>
<x1>89</x1>
<y1>399</y1>
<x2>171</x2>
<y2>395</y2>
<x3>172</x3>
<y3>435</y3>
<x4>89</x4>
<y4>439</y4>
</bndbox>
</object>
<object>
<name>text</name>
<bndbox>
<x1>231</x1>
<y1>399</y1>
<x2>287</x2>
<y2>392</y2>
<x3>288</x3>
<y3>425</y3>
<x4>232</x4>
<y4>431</y4>
</bndbox>
</object>
<object>
<name>text</name>
<bndbox>
<x1>292</x1>
<y1>392</y1>
<x2>389</x2>
<y2>387</y2>
<x3>385</x3>
<y3>426</y3>
<x4>289</x4>
<y4>431</y4>
</bndbox>
</object>
<object>
<name>text</name>
<bndbox>
<x1>100</x1>
<y1>439</y1>
<x2>247</x2>
<y2>432</y2>
<x3>245</x3>
<y3>455</y3>
<x4>99</x4>
<y4>462</y4>
</bndbox>
</object>
<object>
<name>text</name>
<bndbox>
<x1>172</x1>
<y1>399</y1>
<x2>229</x2>
<y2>397</y2>
<x3>229</x3>
<y3>432</y3>
<x4>173</x4>
<y4>434</y4>
</bndbox>
</object>
<object>
<name>text</name>
<bndbox>
<x1>432</x1>
<y1>416</y1>
<x2>488</x2>
<y2>414</y2>
<x3>488</x3>
<y3>428</y3>
<x4>432</x4>
<y4>429</y4>
</bndbox>
</object>
<object>
<name>text</name>
<bndbox>
<x1>50</x1>
<y1>558</y1>
<x2>199</x2>
<y2>546</y2>
<x3>196</x3>
<y3>609</y3>
<x4>48</x4>
<y4>620</y4>
</bndbox>
</object>
<object>
<name>text</name>
<bndbox>
<x1>49</x1>
<y1>618</y1>
<x2>147</x2>
<y2>612</y2>
<x3>150</x3>
<y3>674</y3>
<x4>52</x4>
<y4>680</y4>
</bndbox>
</object>
<object>
<name>text</name>
<bndbox>
<x1>150</x1>
<y1>610</y1>
<x2>373</x2>
<y2>597</y2>
<x3>378</x3>
<y3>661</y3>
<x4>154</x4>
<y4>675</y4>
</bndbox>
</object>
<object>
<name>text</name>
<bndbox>
<x1>440</x1>
<y1>429</y1>
<x2>483</x2>
<y2>426</y2>
<x3>482</x3>
<y3>436</y3>
<x4>439</x4>
<y4>439</y4>
</bndbox>
</object>
<object>
<name>text</name>
<bndbox>
<x1>436</x1>
<y1>408</y1>
<x2>482</x2>
<y2>407</y2>
<x3>482</x3>
<y3>415</y3>
<x4>436</x4>
<y4>416</y4>
</bndbox>
</object>
<object>
<name>text</name>
<bndbox>
<x1>437</x1>
<y1>401</y1>
<x2>482</x2>
<y2>399</y2>
<x3>480</x3>
<y3>407</y3>
<x4>435</x4>
<y4>408</y4>
</bndbox>
</object>
<object>
<name>text</name>
<bndbox>
<x1>4</x1>
<y1>404</y1>
<x2>81</x2>
<y2>403</y2>
<x3>76</x3>
<y3>455</y3>
<x4>0</x4>
<y4>456</y4>
</bndbox>
</object>
</annotation>