<?xml version="1.0" ?>
<annotation>
<folder>JPEGImages</folder>
<filename>img_136.xml</filename>
<path>xxxx</path>
<source>
<database>Unknown</database>
<annotation>xxx</annotation>
<image>xxx</image>
<flickrid>0</flickrid>
</source>
<size>
<width>1280</width>
<height>720</height>
<depth>3</depth>
</size>
<segmented>0</segmented>
<object>
<name>text</name>
<bndbox>
<x1>820</x1>
<y1>330</y1>
<x2>907</x2>
<y2>339</y2>
<x3>904</x3>
<y3>359</y3>
<x4>818</x4>
<y4>350</y4>
</bndbox>
</object>
<object>
<name>text</name>
<bndbox>
<x1>1025</x1>
<y1>305</y1>
<x2>1073</x2>
<y2>309</y2>
<x3>1072</x3>
<y3>327</y3>
<x4>1023</x4>
<y4>323</y4>
</bndbox>
</object>
<object>
<name>text</name>
<bndbox>
<x1>771</x1>
<y1>108</y1>
<x2>927</x2>
<y2>102</y2>
<x3>928</x3>
<y3>158</y3>
<x4>772</x4>
<y4>164</y4>
</bndbox>
</object>
<object>
<name>text</name>
<bndbox>
<x1>776</x1>
<y1>349</y1>
<x2>794</x2>
<y2>352</y2>
<x3>792</x3>
<y3>366</y3>
<x4>774</x4>
<y4>363</y4>
</bndbox>
</object>
<object>
<name>text</name>
<bndbox>
<x1>794</x1>
<y1>349</y1>
<x2>871</x2>
<y2>360</y2>
<x3>871</x3>
<y3>377</y3>
<x4>794</x4>
<y4>366</y4>
</bndbox>
</object>
<object>
<name>text</name>
<bndbox>
<x1>742</x1>
<y1>65</y1>
<x2>866</x2>
<y2>54</y2>
<x3>868</x3>
<y3>105</y3>
<x4>744</x4>
<y4>116</y4>
</bndbox>
</object>
<object>
<name>text</name>
<bndbox>
<x1>875</x1>
<y1>361</y1>
<x2>920</x2>
<y2>368</y2>
<x3>919</x3>
<y3>384</y3>
<x4>874</x4>
<y4>377</y4>
</bndbox>
</object>
<object>
<name>text</name>
<bndbox>
<x1>602</x1>
<y1>154</y1>
<x2>621</x2>
<y2>150</y2>
<x3>620</x3>
<y3>227</y3>
<x4>599</x4>
<y4>222</y4>
</bndbox>
</object>
<object>
<name>text</name>
<bndbox>
<x1>788</x1>
<y1>288</y1>
<x2>828</x2>
<y2>291</y2>
<x3>828</x3>
<y3>308</y3>
<x4>789</x4>
<y4>304</y4>
</bndbox>
</object>
<object>
<name>text</name>
<bndbox>
<x1>831</x1>
<y1>289</y1>
<x2>882</x2>
<y2>296</y2>
<x3>883</x3>
<y3>312</y3>
<x4>832</x4>
<y4>306</y4>
</bndbox>
</object>
<object>
<name>text</name>
<bndbox>
<x1>968</x1>
<y1>301</y1>
<x2>1020</x2>
<y2>306</y2>
<x3>1022</x3>
<y3>325</y3>
<x4>970</x4>
<y4>321</y4>
</bndbox>
</object>
<object>
<name>text</name>
<bndbox>
<x1>763</x1>
<y1>325</y1>
<x2>819</x2>
<y2>328</y2>
<x3>817</x3>
<y3>349</y3>
<x4>761</x4>
<y4>345</y4>
</bndbox>
</object>
<object>
<name>text</name>
<bndbox>
<x1>909</x1>
<y1>341</y1>
<x2>963</x2>
<y2>347</y2>
<x3>958</x3>
<y3>364</y3>
<x4>903</x4>
<y4>358</y4>
</bndbox>
</object>
<object>
<name>text</name>
<bndbox>
<x1>963</x1>
<y1>342</y1>
<x2>1070</x2>
<y2>354</y2>
<x3>1066</x3>
<y3>377</y3>
<x4>959</x4>
<y4>365</y4>
</bndbox>
</object>
<object>
<name>text</name>
<bndbox>
<x1>1072</x1>
<y1>357</y1>
<x2>1137</x2>
<y2>364</y2>
<x3>1134</x3>
<y3>383</y3>
<x4>1069</x4>
<y4>376</y4>
</bndbox>
</object>
<object>
<name>text</name>
<bndbox>
<x1>922</x1>
<y1>368</y1>
<x2>947</x2>
<y2>372</y2>
<x3>944</x3>
<y3>388</y3>
<x4>920</x4>
<y4>384</y4>
</bndbox>
</object>
<object>
<name>text</name>
<bndbox>
<x1>950</x1>
<y1>368</y1>
<x2>967</x2>
<y2>370</y2>
<x3>963</x3>
<y3>391</y3>
<x4>947</x4>
<y4>389</y4>
</bndbox>
</object>
<object>
<name>text</name>
<bndbox>
<x1>966</x1>
<y1>373</y1>
<x2>1054</x2>
<y2>385</y2>
<x3>1050</x3>
<y3>404</y3>
<x4>962</x4>
<y4>392</y4>
</bndbox>
</object>
<object>
<name>text</name>
<bndbox>
<x1>1058</x1>
<y1>381</y1>
<x2>1115</x2>
<y2>390</y2>
<x3>1112</x3>
<y3>410</y3>
<x4>1054</x4>
<y4>402</y4>
</bndbox>
</object>
<object>
<name>text</name>
<bndbox>
<x1>314</x1>
<y1>25</y1>
<x2>369</x2>
<y2>27</y2>
<x3>368</x3>
<y3>55</y3>
<x4>313</x4>
<y4>53</y4>
</bndbox>
</object>
<object>
<name>text</name>
<bndbox>
<x1>343</x1>
<y1>53</y1>
<x2>385</x2>
<y2>55</y2>
<x3>385</x3>
<y3>69</y3>
<x4>344</x4>
<y4>66</y4>
</bndbox>
</object>
<object>
<name>text</name>
<bndbox>
<x1>310</x1>
<y1>51</y1>
<x2>408</x2>
<y2>57</y2>
<x3>406</x3>
<y3>93</y3>
<x4>308</x4>
<y4>88</y4>
</bndbox>
</object>
<object>
<name>text</name>
<bndbox>
<x1>620</x1>
<y1>201</y1>
<x2>636</x2>
<y2>207</y2>
<x3>635</x3>
<y3>233</y3>
<x4>619</x4>
<y4>227</y4>
</bndbox>
</object>
<object>
<name>text</name>
<bndbox>
<x1>340</x1>
<y1>84</y1>
<x2>406</x2>
<y2>89</y2>
<x3>406</x3>
<y3>100</y3>
<x4>340</x4>
<y4>95</y4>
</bndbox>
</object>
<object>
<name>text</name>
<bndbox>
<x1>596</x1>
<y1>114</y1>
<x2>634</x2>
<y2>109</y2>
<x3>636</x3>
<y3>143</y3>
<x4>598</x4>
<y4>148</y4>
</bndbox>
</object>
<object>
<name>text</name>
<bndbox>
<x1>620</x1>
<y1>157</y1>
<x2>633</x2>
<y2>154</y2>
<x3>633</x3>
<y3>192</y3>
<x4>621</x4>
<y4>192</y4>
</bndbox>
</object>
<object>
<name>text</name>
<bndbox>
<x1>328</x1>
<y1>215</y1>
<x2>351</x2>
<y2>214</y2>
<x3>351</x3>
<y3>222</y3>
<x4>328</x4>
<y4>223</y4>
</bndbox>
</object>
<object>
<name>text</name>
<bndbox>
<x1>352</x1>
<y1>212</y1>
<x2>364</x2>
<y2>212</y2>
<x3>363</x3>
<y3>221</y3>
<x4>351</x4>
<y4>221</y4>
</bndbox>
</object>
<object>
<name>text</name>
<bndbox>
<x1>363</x1>
<y1>213</y1>
<x2>378</x2>
<y2>212</y2>
<x3>378</x3>
<y3>219</y3>
<x4>363</x4>
<y4>221</y4>
</bndbox>
</object>
<object>
<name>text</name>
<bndbox>
<x1>315</x1>
<y1>225</y1>
<x2>333</x2>
<y2>223</y2>
<x3>333</x3>
<y3>231</y3>
<x4>315</x4>
<y4>232</y4>
</bndbox>
</object>
<object>
<name>text</name>
<bndbox>
<x1>335</x1>
<y1>221</y1>
<x2>357</x2>
<y2>221</y2>
<x3>357</x3>
<y3>230</y3>
<x4>335</x4>
<y4>231</y4>
</bndbox>
</object>
<object>
<name>text</name>
<bndbox>
<x1>355</x1>
<y1>223</y1>
<x2>388</x2>
<y2>222</y2>
<x3>389</x3>
<y3>229</y3>
<x4>355</x4>
<y4>229</y4>
</bndbox>
</object>
<object>
<name>text</name>
<bndbox>
<x1>330</x1>
<y1>232</y1>
<x2>345</x2>
<y2>232</y2>
<x3>345</x3>
<y3>240</y3>
<x4>330</x4>
<y4>240</y4>
</bndbox>
</object>
<object>
<name>text</name>
<bndbox>
<x1>344</x1>
<y1>232</y1>
<x2>365</x2>
<y2>230</y2>
<x3>365</x3>
<y3>239</y3>
<x4>344</x4>
<y4>241</y4>
</bndbox>
</object>
<object>
<name>text</name>
<bndbox>
<x1>363</x1>
<y1>233</y1>
<x2>381</x2>
<y2>230</y2>
<x3>382</x3>
<y3>237</y3>
<x4>363</x4>
<y4>239</y4>
</bndbox>
</object>
<object>
<name>text</name>
<bndbox>
<x1>609</x1>
<y1>235</y1>
<x2>635</x2>
<y2>243</y2>
<x3>635</x3>
<y3>259</y3>
<x4>611</x4>
<y4>249</y4>
</bndbox>
</object>
<object>
<name>text</name>
<bndbox>
<x1>611</x1>
<y1>251</y1>
<x2>635</x2>
<y2>263</y2>
<x3>635</x3>
<y3>273</y3>
<x4>610</x4>
<y4>261</y4>
</bndbox>
</object>
<object>
<name>text</name>
<bndbox>
<x1>336</x1>
<y1>241</y1>
<x2>359</x2>
<y2>239</y2>
<x3>359</x3>
<y3>245</y3>
<x4>336</x4>
<y4>247</y4>
</bndbox>
</object>
<object>
<name>text</name>
<bndbox>
<x1>361</x1>
<y1>237</y1>
<x2>376</x2>
<y2>237</y2>
<x3>376</x3>
<y3>246</y3>
<x4>361</x4>
<y4>245</y4>
</bndbox>
</object>
<object>
<name>text</name>
<bndbox>
<x1>322</x1>
<y1>249</y1>
<x2>387</x2>
<y2>245</y2>
<x3>387</x3>
<y3>249</y3>
<x4>322</x4>
<y4>254</y4>
</bndbox>
</object>
<object>
<name>text</name>
<bndbox>
<x1>331</x1>
<y1>252</y1>
<x2>382</x2>
<y2>249</y2>
<x3>383</x3>
<y3>255</y3>
<x4>331</x4>
<y4>258</y4>
</bndbox>
</object>
<object>
<name>text</name>
<bndbox>
<x1>321</x1>
<y1>263</y1>
<x2>351</x2>
<y2>261</y2>
<x3>351</x3>
<y3>271</y3>
<x4>322</x4>
<y4>272</y4>
</bndbox>
</object>
<object>
<name>text</name>
<bndbox>
<x1>351</x1>
<y1>261</y1>
<x2>357</x2>
<y2>261</y2>
<x3>358</x3>
<y3>269</y3>
<x4>352</x4>
<y4>269</y4>
</bndbox>
</object>
<object>
<name>text</name>
<bndbox>
<x1>358</x1>
<y1>260</y1>
<x2>387</x2>
<y2>258</y2>
<x3>388</x3>
<y3>265</y3>
<x4>359</x4>
<y4>267</y4>
</bndbox>
</object>
<object>
<name>text</name>
<bndbox>
<x1>327</x1>
<y1>272</y1>
<x2>347</x2>
<y2>271</y2>
<x3>348</x3>
<y3>279</y3>
<x4>329</x4>
<y4>280</y4>
</bndbox>
</object>
<object>
<name>text</name>
<bndbox>
<x1>347</x1>
<y1>270</y1>
<x2>357</x2>
<y2>269</y2>
<x3>359</x3>
<y3>278</y3>
<x4>349</x4>
<y4>279</y4>
</bndbox>
</object>
<object>
<name>text</name>
<bndbox>
<x1>357</x1>
<y1>271</y1>
<x2>369</x2>
<y2>271</y2>
<x3>369</x3>
<y3>277</y3>
<x4>357</x4>
<y4>278</y4>
</bndbox>
</object>
<object>
<name>text</name>
<bndbox>
<x1>369</x1>
<y1>269</y1>
<x2>383</x2>
<y2>268</y2>
<x3>383</x3>
<y3>274</y3>
<x4>369</x4>
<y4>275</y4>
</bndbox>
</object>
<object>
<name>text</name>
<bndbox>
<x1>343</x1>
<y1>279</y1>
<x2>389</x2>
<y2>277</y2>
<x3>389</x3>
<y3>295</y3>
<x4>343</x4>
<y4>297</y4>
</bndbox>
</object>
<object>
<name>text</name>
<bndbox>
<x1>764</x1>
<y1>308</y1>
<x2>791</x2>
<y2>308</y2>
<x3>791</x3>
<y3>320</y3>
<x4>764</x4>
<y4>319</y4>
</bndbox>
</object>
<object>
<name>text</name>
<bndbox>
<x1>790</x1>
<y1>308</y1>
<x2>854</x2>
<y2>315</y2>
<x3>854</x3>
<y3>328</y3>
<x4>790</x4>
<y4>321</y4>
</bndbox>
</object>
<object>
<name>text</name>
<bndbox>
<x1>854</x1>
<y1>313</y1>
<x2>908</x2>
<y2>316</y2>
<x3>910</x3>
<y3>335</y3>
<x4>856</x4>
<y4>332</y4>
</bndbox>
</object>
<object>
<name>text</name>
<bndbox>
<x1>935</x1>
<y1>323</y1>
<x2>972</x2>
<y2>325</y2>
<x3>972</x3>
<y3>338</y3>
<x4>935</x4>
<y4>336</y4>
</bndbox>
</object>
<object>
<name>text</name>
<bndbox>
<x1>973</x1>
<y1>322</y1>
<x2>1058</x2>
<y2>331</y2>
<x3>1058</x3>
<y3>345</y3>
<x4>973</x4>
<y4>336</y4>
</bndbox>
</object>
<object>
<name>text</name>
<bndbox>
<x1>1061</x1>
<y1>331</y1>
<x2>1118</x2>
<y2>337</y2>
<x3>1116</x3>
<y3>358</y3>
<x4>1059</x4>
<y4>352</y4>
</bndbox>
</object>
<object>
<name>text</name>
<bndbox>
<x1>766</x1>
<y1>373</y1>
<x2>824</x2>
<y2>381</y2>
<x3>822</x3>
<y3>394</y3>
<x4>765</x4>
<y4>386</y4>
</bndbox>
</object>
<object>
<name>text</name>
<bndbox>
<x1>826</x1>
<y1>383</y1>
<x2>868</x2>
<y2>389</y2>
<x3>866</x3>
<y3>401</y3>
<x4>824</x4>
<y4>395</y4>
</bndbox>
</object>
<object>
<name>text</name>
<bndbox>
<x1>866</x1>
<y1>389</y1>
<x2>892</x2>
<y2>392</y2>
<x3>889</x3>
<y3>407</y3>
<x4>863</x4>
<y4>404</y4>
</bndbox>
</object>
<object>
<name>text</name>
<bndbox>
<x1>893</x1>
<y1>391</y1>
<x2>924</x2>
<y2>395</y2>
<x3>920</x3>
<y3>410</y3>
<x4>890</x4>
<y4>407</y4>
</bndbox>
</object>
<object>
<name>text</name>
<bndbox>
<x1>925</x1>
<y1>396</y1>
<x2>988</x2>
<y2>404</y2>
<x3>985</x3>
<y3>419</y3>
<x4>922</x4>
<y4>410</y4>
</bndbox>
</object>
<object>
<name>text</name>
<bndbox>
<x1>991</x1>
<y1>404</y1>
<x2>1060</x2>
<y2>413</y2>
<x3>1058</x3>
<y3>430</y3>
<x4>989</x4>
<y4>421</y4>
</bndbox>
</object>
<object>
<name>text</name>
<bndbox>
<x1>1062</x1>
<y1>415</y1>
<x2>1090</x2>
<y2>418</y2>
<x3>1087</x3>
<y3>436</y3>
<x4>1059</x4>
<y4>432</y4>
</bndbox>
</object>
<object>
<name>text</name>
<bndbox>
<x1>1091</x1>
<y1>419</y1>
<x2>1131</x2>
<y2>423</y2>
<x3>1129</x3>
<y3>440</y3>
<x4>1089</x4>
<y4>437</y4>
</bndbox>
</object>
<object>
<name>text</name>
<bndbox>
<x1>875</x1>
<y1>409</y1>
<x2>908</x2>
<y2>414</y2>
<x3>905</x3>
<y3>430</y3>
<x4>872</x4>
<y4>426</y4>
</bndbox>
</object>
<object>
<name>text</name>
<bndbox>
<x1>907</x1>
<y1>419</y1>
<x2>926</x2>
<y2>422</y2>
<x3>923</x3>
<y3>432</y3>
<x4>905</x4>
<y4>429</y4>
</bndbox>
</object>
<object>
<name>text</name>
<bndbox>
<x1>927</x1>
<y1>423</y1>
<x2>949</x2>
<y2>425</y2>
<x3>945</x3>
<y3>436</y3>
<x4>922</x4>
<y4>433</y4>
</bndbox>
</object>
<object>
<name>text</name>
<bndbox>
<x1>950</x1>
<y1>423</y1>
<x2>988</x2>
<y2>429</y2>
<x3>982</x3>
<y3>443</y3>
<x4>945</x4>
<y4>437</y4>
</bndbox>
</object>
<object>
<name>text</name>
<bndbox>
<x1>986</x1>
<y1>428</y1>
<x2>1038</x2>
<y2>436</y2>
<x3>1033</x3>
<y3>453</y3>
<x4>982</x4>
<y4>446</y4>
</bndbox>
</object>
<object>
<name>text</name>
<bndbox>
<x1>1042</x1>
<y1>438</y1>
<x2>1089</x2>
<y2>444</y2>
<x3>1085</x3>
<y3>460</y3>
<x4>1038</x4>
<y4>453</y4>
</bndbox>
</object>
<object>
<name>text</name>
<bndbox>
<x1>1089</x1>
<y1>444</y1>
<x2>1139</x2>
<y2>452</y2>
<x3>1135</x3>
<y3>469</y3>
<x4>1085</x4>
<y4>461</y4>
</bndbox>
</object>
<object>
<name>text</name>
<bndbox>
<x1>943</x1>
<y1>444</y1>
<x2>963</x2>
<y2>449</y2>
<x3>960</x3>
<y3>461</y3>
<x4>940</x4>
<y4>457</y4>
</bndbox>
</object>
<object>
<name>text</name>
<bndbox>
<x1>964</x1>
<y1>449</y1>
<x2>1019</x2>
<y2>460</y2>
<x3>1017</x3>
<y3>471</y3>
<x4>962</x4>
<y4>460</y4>
</bndbox>
</object>
<object>
<name>text</name>
<bndbox>
<x1>1024</x1>
<y1>457</y1>
<x2>1069</x2>
<y2>467</y2>
<x3>1065</x3>
<y3>478</y3>
<x4>1019</x4>
<y4>469</y4>
</bndbox>
</object>
<object>
<name>text</name>
<bndbox>
<x1>916</x1>
<y1>455</y1>
<x2>925</x2>
<y2>457</y2>
<x3>925</x3>
<y3>470</y3>
<x4>915</x4>
<y4>468</y4>
</bndbox>
</object>
<object>
<name>text</name>
<bndbox>
<x1>928</x1>
<y1>457</y1>
<x2>1020</x2>
<y2>475</y2>
<x3>1019</x3>
<y3>488</y3>
<x4>928</x4>
<y4>470</y4>
</bndbox>
</object>
<object>
<name>text</name>
<bndbox>
<x1>1022</x1>
<y1>474</y1>
<x2>1060</x2>
<y2>482</y2>
<x3>1058</x3>
<y3>497</y3>
<x4>1020</x4>
<y4>488</y4>
</bndbox>
</object>
<object>
<name>text</name>
<bndbox>
<x1>1062</x1>
<y1>482</y1>
<x2>1145</x2>
<y2>494</y2>
<x3>1143</x3>
<y3>511</y3>
<x4>1061</x4>
<y4>499</y4>
</bndbox>
</object>
<object>
<name>text</name>
<bndbox>
<x1>921</x1>
<y1>467</y1>
<x2>1001</x2>
<y2>487</y2>
<x3>998</x3>
<y3>507</y3>
<x4>918</x4>
<y4>487</y4>
</bndbox>
</object>
<object>
<name>text</name>
<bndbox>
<x1>1000</x1>
<y1>490</y1>
<x2>1075</x2>
<y2>503</y2>
<x3>1074</x3>
<y3>520</y3>
<x4>998</x4>
<y4>507</y4>
</bndbox>
</object>
<object>
<name>text</name>
<bndbox>
<x1>1077</x1>
<y1>505</y1>
<x2>1144</x2>
<y2>517</y2>
<x3>1144</x3>
<y3>533</y3>
<x4>1077</x4>
<y4>522</y4>
</bndbox>
</object>
</annotation>