<?xml version="1.0" ?>
<annotation>
<folder>JPEGImages</folder>
<filename>img_319.xml</filename>
<path>xxxx</path>
<source>
<database>Unknown</database>
<annotation>xxx</annotation>
<image>xxx</image>
<flickrid>0</flickrid>
</source>
<size>
<width>1280</width>
<height>720</height>
<depth>3</depth>
</size>
<segmented>0</segmented>
<object>
<name>text</name>
<bndbox>
<x1>534</x1>
<y1>645</y1>
<x2>584</x2>
<y2>622</y2>
<x3>590</x3>
<y3>641</y3>
<x4>541</x4>
<y4>664</y4>
</bndbox>
</object>
<object>
<name>text</name>
<bndbox>
<x1>471</x1>
<y1>641</y1>
<x2>626</x2>
<y2>569</y2>
<x3>630</x3>
<y3>598</y3>
<x4>482</x4>
<y4>671</y4>
</bndbox>
</object>
<object>
<name>text</name>
<bndbox>
<x1>682</x1>
<y1>154</y1>
<x2>745</x2>
<y2>151</y2>
<x3>745</x3>
<y3>173</y3>
<x4>683</x4>
<y4>175</y4>
</bndbox>
</object>
<object>
<name>text</name>
<bndbox>
<x1>850</x1>
<y1>151</y1>
<x2>894</x2>
<y2>150</y2>
<x3>895</x3>
<y3>167</y3>
<x4>851</x4>
<y4>167</y4>
</bndbox>
</object>
<object>
<name>text</name>
<bndbox>
<x1>1187</x1>
<y1>326</y1>
<x2>1277</x2>
<y2>296</y2>
<x3>1279</x3>
<y3>336</y3>
<x4>1200</x4>
<y4>360</y4>
</bndbox>
</object>
<object>
<name>text</name>
<bndbox>
<x1>1112</x1>
<y1>123</y1>
<x2>1147</x2>
<y2>118</y2>
<x3>1149</x3>
<y3>135</y3>
<x4>1115</x4>
<y4>140</y4>
</bndbox>
</object>
<object>
<name>text</name>
<bndbox>
<x1>403</x1>
<y1>240</y1>
<x2>416</x2>
<y2>238</y2>
<x3>418</x3>
<y3>253</y3>
<x4>404</x4>
<y4>254</y4>
</bndbox>
</object>
<object>
<name>text</name>
<bndbox>
<x1>406</x1>
<y1>255</y1>
<x2>423</x2>
<y2>255</y2>
<x3>424</x3>
<y3>265</y3>
<x4>408</x4>
<y4>265</y4>
</bndbox>
</object>
<object>
<name>text</name>
<bndbox>
<x1>781</x1>
<y1>211</y1>
<x2>805</x2>
<y2>209</y2>
<x3>806</x3>
<y3>220</y3>
<x4>782</x4>
<y4>222</y4>
</bndbox>
</object>
<object>
<name>text</name>
<bndbox>
<x1>784</x1>
<y1>225</y1>
<x2>808</x2>
<y2>224</y2>
<x3>808</x3>
<y3>236</y3>
<x4>784</x4>
<y4>237</y4>
</bndbox>
</object>
<object>
<name>text</name>
<bndbox>
<x1>786</x1>
<y1>240</y1>
<x2>807</x2>
<y2>240</y2>
<x3>808</x3>
<y3>251</y3>
<x4>787</x4>
<y4>252</y4>
</bndbox>
</object>
</annotation>