<?xml version="1.0" ?>
<annotation>
<folder>JPEGImages</folder>
<filename>img_303.xml</filename>
<path>xxxx</path>
<source>
<database>Unknown</database>
<annotation>xxx</annotation>
<image>xxx</image>
<flickrid>0</flickrid>
</source>
<size>
<width>1280</width>
<height>720</height>
<depth>3</depth>
</size>
<segmented>0</segmented>
<object>
<name>text</name>
<bndbox>
<x1>499</x1>
<y1>109</y1>
<x2>544</x2>
<y2>115</y2>
<x3>539</x3>
<y3>137</y3>
<x4>494</x4>
<y4>130</y4>
</bndbox>
</object>
<object>
<name>text</name>
<bndbox>
<x1>548</x1>
<y1>119</y1>
<x2>600</x2>
<y2>127</y2>
<x3>598</x3>
<y3>147</y3>
<x4>545</x4>
<y4>139</y4>
</bndbox>
</object>
<object>
<name>text</name>
<bndbox>
<x1>506</x1>
<y1>177</y1>
<x2>537</x2>
<y2>181</y2>
<x3>535</x3>
<y3>198</y3>
<x4>504</x4>
<y4>194</y4>
</bndbox>
</object>
<object>
<name>text</name>
<bndbox>
<x1>540</x1>
<y1>182</y1>
<x2>573</x2>
<y2>188</y2>
<x3>571</x3>
<y3>204</y3>
<x4>538</x4>
<y4>199</y4>
</bndbox>
</object>
<object>
<name>text</name>
<bndbox>
<x1>396</x1>
<y1>121</y1>
<x2>422</x2>
<y2>126</y2>
<x3>420</x3>
<y3>136</y3>
<x4>394</x4>
<y4>131</y4>
</bndbox>
</object>
<object>
<name>text</name>
<bndbox>
<x1>396</x1>
<y1>112</y1>
<x2>417</x2>
<y2>114</y2>
<x3>416</x3>
<y3>123</y3>
<x4>394</x4>
<y4>121</y4>
</bndbox>
</object>
</annotation>