<?xml version="1.0" ?>
<annotation>
<folder>JPEGImages</folder>
<filename>img_181.xml</filename>
<path>xxxx</path>
<source>
<database>Unknown</database>
<annotation>xxx</annotation>
<image>xxx</image>
<flickrid>0</flickrid>
</source>
<size>
<width>1280</width>
<height>720</height>
<depth>3</depth>
</size>
<segmented>0</segmented>
<object>
<name>text</name>
<bndbox>
<x1>847</x1>
<y1>34</y1>
<x2>876</x2>
<y2>24</y2>
<x3>883</x3>
<y3>43</y3>
<x4>854</x4>
<y4>53</y4>
</bndbox>
</object>
<object>
<name>text</name>
<bndbox>
<x1>847</x1>
<y1>63</y1>
<x2>898</x2>
<y2>44</y2>
<x3>908</x3>
<y3>66</y3>
<x4>857</x4>
<y4>85</y4>
</bndbox>
</object>
<object>
<name>text</name>
<bndbox>
<x1>862</x1>
<y1>90</y1>
<x2>905</x2>
<y2>74</y2>
<x3>912</x3>
<y3>94</y3>
<x4>868</x4>
<y4>110</y4>
</bndbox>
</object>
<object>
<name>text</name>
<bndbox>
<x1>860</x1>
<y1>121</y1>
<x2>887</x2>
<y2>112</y2>
<x3>892</x3>
<y3>132</y3>
<x4>864</x4>
<y4>141</y4>
</bndbox>
</object>
<object>
<name>text</name>
<bndbox>
<x1>885</x1>
<y1>111</y1>
<x2>925</x2>
<y2>98</y2>
<x3>933</x3>
<y3>118</y3>
<x4>893</x4>
<y4>131</y4>
</bndbox>
</object>
<object>
<name>text</name>
<bndbox>
<x1>220</x1>
<y1>395</y1>
<x2>261</x2>
<y2>384</y2>
<x3>270</x3>
<y3>405</y3>
<x4>228</x4>
<y4>416</y4>
</bndbox>
</object>
</annotation>