<?xml version="1.0" ?>
<annotation>
<folder>JPEGImages</folder>
<filename>img_247.xml</filename>
<path>xxxx</path>
<source>
<database>Unknown</database>
<annotation>xxx</annotation>
<image>xxx</image>
<flickrid>0</flickrid>
</source>
<size>
<width>1280</width>
<height>720</height>
<depth>3</depth>
</size>
<segmented>0</segmented>
<object>
<name>text</name>
<bndbox>
<x1>27</x1>
<y1>114</y1>
<x2>78</x2>
<y2>117</y2>
<x3>78</x3>
<y3>139</y3>
<x4>28</x4>
<y4>137</y4>
</bndbox>
</object>
<object>
<name>text</name>
<bndbox>
<x1>240</x1>
<y1>276</y1>
<x2>251</x2>
<y2>276</y2>
<x3>252</x3>
<y3>318</y3>
<x4>241</x4>
<y4>318</y4>
</bndbox>
</object>
<object>
<name>text</name>
<bndbox>
<x1>251</x1>
<y1>275</y1>
<x2>270</x2>
<y2>276</y2>
<x3>271</x3>
<y3>300</y3>
<x4>251</x4>
<y4>300</y4>
</bndbox>
</object>
<object>
<name>text</name>
<bndbox>
<x1>270</x1>
<y1>274</y1>
<x2>304</x2>
<y2>276</y2>
<x3>303</x3>
<y3>320</y3>
<x4>269</x4>
<y4>317</y4>
</bndbox>
</object>
<object>
<name>text</name>
<bndbox>
<x1>518</x1>
<y1>227</y1>
<x2>559</x2>
<y2>222</y2>
<x3>559</x3>
<y3>243</y3>
<x4>519</x4>
<y4>248</y4>
</bndbox>
</object>
<object>
<name>text</name>
<bndbox>
<x1>518</x1>
<y1>248</y1>
<x2>558</x2>
<y2>246</y2>
<x3>559</x3>
<y3>263</y3>
<x4>519</x4>
<y4>265</y4>
</bndbox>
</object>
<object>
<name>text</name>
<bndbox>
<x1>520</x1>
<y1>273</y1>
<x2>548</x2>
<y2>271</y2>
<x3>550</x3>
<y3>302</y3>
<x4>521</x4>
<y4>304</y4>
</bndbox>
</object>
<object>
<name>text</name>
<bndbox>
<x1>523</x1>
<y1>325</y1>
<x2>554</x2>
<y2>328</y2>
<x3>554</x3>
<y3>341</y3>
<x4>523</x4>
<y4>339</y4>
</bndbox>
</object>
<object>
<name>text</name>
<bndbox>
<x1>526</x1>
<y1>344</y1>
<x2>556</x2>
<y2>347</y2>
<x3>555</x3>
<y3>360</y3>
<x4>525</x4>
<y4>356</y4>
</bndbox>
</object>
<object>
<name>text</name>
<bndbox>
<x1>524</x1>
<y1>361</y1>
<x2>557</x2>
<y2>366</y2>
<x3>556</x3>
<y3>380</y3>
<x4>524</x4>
<y4>375</y4>
</bndbox>
</object>
</annotation>