<?xml version="1.0" ?>
<annotation>
<folder>JPEGImages</folder>
<filename>img_432.xml</filename>
<path>xxxx</path>
<source>
<database>Unknown</database>
<annotation>xxx</annotation>
<image>xxx</image>
<flickrid>0</flickrid>
</source>
<size>
<width>1280</width>
<height>720</height>
<depth>3</depth>
</size>
<segmented>0</segmented>
<object>
<name>text</name>
<bndbox>
<x1>697</x1>
<y1>130</y1>
<x2>714</x2>
<y2>129</y2>
<x3>714</x3>
<y3>140</y3>
<x4>697</x4>
<y4>141</y4>
</bndbox>
</object>
<object>
<name>text</name>
<bndbox>
<x1>852</x1>
<y1>123</y1>
<x2>880</x2>
<y2>123</y2>
<x3>882</x3>
<y3>137</y3>
<x4>855</x4>
<y4>137</y4>
</bndbox>
</object>
<object>
<name>text</name>
<bndbox>
<x1>1017</x1>
<y1>117</y1>
<x2>1053</x2>
<y2>115</y2>
<x3>1053</x3>
<y3>133</y3>
<x4>1017</x4>
<y4>135</y4>
</bndbox>
</object>
<object>
<name>text</name>
<bndbox>
<x1>1050</x1>
<y1>113</y1>
<x2>1096</x2>
<y2>112</y2>
<x3>1096</x3>
<y3>132</y3>
<x4>1050</x4>
<y4>133</y4>
</bndbox>
</object>
<object>
<name>text</name>
<bndbox>
<x1>1185</x1>
<y1>110</y1>
<x2>1278</x2>
<y2>104</y2>
<x3>1278</x3>
<y3>123</y3>
<x4>1185</x4>
<y4>128</y4>
</bndbox>
</object>
<object>
<name>text</name>
<bndbox>
<x1>882</x1>
<y1>121</y1>
<x2>937</x2>
<y2>121</y2>
<x3>936</x3>
<y3>137</y3>
<x4>881</x4>
<y4>137</y4>
</bndbox>
</object>
<object>
<name>text</name>
<bndbox>
<x1>1185</x1>
<y1>110</y1>
<x2>1279</x2>
<y2>106</y2>
<x3>1278</x3>
<y3>125</y3>
<x4>1185</x4>
<y4>130</y4>
</bndbox>
</object>
<object>
<name>text</name>
<bndbox>
<x1>765</x1>
<y1>125</y1>
<x2>783</x2>
<y2>125</y2>
<x3>783</x3>
<y3>139</y3>
<x4>764</x4>
<y4>139</y4>
</bndbox>
</object>
<object>
<name>text</name>
<bndbox>
<x1>713</x1>
<y1>129</y1>
<x2>741</x2>
<y2>128</y2>
<x3>741</x3>
<y3>140</y3>
<x4>713</x4>
<y4>140</y4>
</bndbox>
</object>
<object>
<name>text</name>
<bndbox>
<x1>782</x1>
<y1>126</y1>
<x2>820</x2>
<y2>126</y2>
<x3>821</x3>
<y3>137</y3>
<x4>782</x4>
<y4>138</y4>
</bndbox>
</object>
<object>
<name>text</name>
<bndbox>
<x1>1096</x1>
<y1>587</y1>
<x2>1133</x2>
<y2>611</y2>
<x3>1130</x3>
<y3>622</y3>
<x4>1092</x4>
<y4>598</y4>
</bndbox>
</object>
<object>
<name>text</name>
<bndbox>
<x1>866</x1>
<y1>141</y1>
<x2>902</x2>
<y2>142</y2>
<x3>901</x3>
<y3>155</y3>
<x4>866</x4>
<y4>154</y4>
</bndbox>
</object>
<object>
<name>text</name>
<bndbox>
<x1>714</x1>
<y1>155</y1>
<x2>733</x2>
<y2>155</y2>
<x3>733</x3>
<y3>166</y3>
<x4>714</x4>
<y4>166</y4>
</bndbox>
</object>
<object>
<name>text</name>
<bndbox>
<x1>1218</x1>
<y1>267</y1>
<x2>1259</x2>
<y2>258</y2>
<x3>1259</x3>
<y3>272</y3>
<x4>1218</x4>
<y4>281</y4>
</bndbox>
</object>
<object>
<name>text</name>
<bndbox>
<x1>1218</x1>
<y1>315</y1>
<x2>1242</x2>
<y2>311</y2>
<x3>1243</x3>
<y3>324</y3>
<x4>1220</x4>
<y4>328</y4>
</bndbox>
</object>
<object>
<name>text</name>
<bndbox>
<x1>1129</x1>
<y1>102</y1>
<x2>1167</x2>
<y2>98</y2>
<x3>1167</x3>
<y3>110</y3>
<x4>1129</x4>
<y4>113</y4>
</bndbox>
</object>
<object>
<name>text</name>
<bndbox>
<x1>1124</x1>
<y1>117</y1>
<x2>1177</x2>
<y2>113</y2>
<x3>1177</x3>
<y3>118</y3>
<x4>1124</x4>
<y4>121</y4>
</bndbox>
</object>
<object>
<name>text</name>
<bndbox>
<x1>649</x1>
<y1>130</y1>
<x2>683</x2>
<y2>128</y2>
<x3>684</x3>
<y3>139</y3>
<x4>651</x4>
<y4>140</y4>
</bndbox>
</object>
<object>
<name>text</name>
<bndbox>
<x1>580</x1>
<y1>133</y1>
<x2>605</x2>
<y2>133</y2>
<x3>605</x3>
<y3>141</y3>
<x4>580</x4>
<y4>141</y4>
</bndbox>
</object>
<object>
<name>text</name>
<bndbox>
<x1>611</x1>
<y1>134</y1>
<x2>639</x2>
<y2>133</y2>
<x3>638</x3>
<y3>139</y3>
<x4>610</x4>
<y4>140</y4>
</bndbox>
</object>
<object>
<name>text</name>
<bndbox>
<x1>818</x1>
<y1>95</y1>
<x2>846</x2>
<y2>92</y2>
<x3>846</x3>
<y3>103</y3>
<x4>818</x4>
<y4>105</y4>
</bndbox>
</object>
<object>
<name>text</name>
<bndbox>
<x1>851</x1>
<y1>95</y1>
<x2>880</x2>
<y2>89</y2>
<x3>880</x3>
<y3>98</y3>
<x4>849</x4>
<y4>103</y4>
</bndbox>
</object>
</annotation>