<?xml version="1.0" ?>
<annotation>
<folder>JPEGImages</folder>
<filename>img_142.xml</filename>
<path>xxxx</path>
<source>
<database>Unknown</database>
<annotation>xxx</annotation>
<image>xxx</image>
<flickrid>0</flickrid>
</source>
<size>
<width>1280</width>
<height>720</height>
<depth>3</depth>
</size>
<segmented>0</segmented>
<object>
<name>text</name>
<bndbox>
<x1>739</x1>
<y1>659</y1>
<x2>819</x2>
<y2>625</y2>
<x3>823</x3>
<y3>650</y3>
<x4>743</x4>
<y4>684</y4>
</bndbox>
</object>
<object>
<name>text</name>
<bndbox>
<x1>850</x1>
<y1>618</y1>
<x2>918</x2>
<y2>589</y2>
<x3>923</x3>
<y3>611</y3>
<x4>855</x4>
<y4>640</y4>
</bndbox>
</object>
<object>
<name>text</name>
<bndbox>
<x1>132</x1>
<y1>119</y1>
<x2>193</x2>
<y2>103</y2>
<x3>198</x3>
<y3>121</y3>
<x4>137</x4>
<y4>138</y4>
</bndbox>
</object>
<object>
<name>text</name>
<bndbox>
<x1>111</x1>
<y1>23</y1>
<x2>183</x2>
<y2>1</y2>
<x3>192</x3>
<y3>29</y3>
<x4>120</x4>
<y4>50</y4>
</bndbox>
</object>
<object>
<name>text</name>
<bndbox>
<x1>366</x1>
<y1>50</y1>
<x2>422</x2>
<y2>34</y2>
<x3>428</x3>
<y3>54</y3>
<x4>372</x4>
<y4>70</y4>
</bndbox>
</object>
<object>
<name>text</name>
<bndbox>
<x1>243</x1>
<y1>83</y1>
<x2>303</x2>
<y2>65</y2>
<x3>308</x3>
<y3>90</y3>
<x4>248</x4>
<y4>108</y4>
</bndbox>
</object>
<object>
<name>text</name>
<bndbox>
<x1>986</x1>
<y1>538</y1>
<x2>1063</x2>
<y2>505</y2>
<x3>1075</x3>
<y3>540</y3>
<x4>997</x4>
<y4>573</y4>
</bndbox>
</object>
<object>
<name>text</name>
<bndbox>
<x1>17</x1>
<y1>155</y1>
<x2>85</x2>
<y2>136</y2>
<x3>90</x3>
<y3>151</y3>
<x4>22</x4>
<y4>170</y4>
</bndbox>
</object>
<object>
<name>text</name>
<bndbox>
<x1>680</x1>
<y1>695</y1>
<x2>717</x2>
<y2>679</y2>
<x3>718</x3>
<y3>699</y3>
<x4>681</x4>
<y4>715</y4>
</bndbox>
</object>
<object>
<name>text</name>
<bndbox>
<x1>475</x1>
<y1>694</y1>
<x2>508</x2>
<y2>679</y2>
<x3>519</x3>
<y3>712</y3>
<x4>482</x4>
<y4>719</y4>
</bndbox>
</object>
<object>
<name>text</name>
<bndbox>
<x1>423</x1>
<y1>34</y1>
<x2>475</x2>
<y2>21</y2>
<x3>480</x3>
<y3>41</y3>
<x4>428</x4>
<y4>54</y4>
</bndbox>
</object>
<object>
<name>text</name>
<bndbox>
<x1>773</x1>
<y1>666</y1>
<x2>817</x2>
<y2>651</y2>
<x3>820</x3>
<y3>672</y3>
<x4>776</x4>
<y4>687</y4>
</bndbox>
</object>
<object>
<name>text</name>
<bndbox>
<x1>999</x1>
<y1>573</y1>
<x2>1075</x2>
<y2>538</y2>
<x3>1076</x3>
<y3>560</y3>
<x4>1000</x4>
<y4>595</y4>
</bndbox>
</object>
<object>
<name>text</name>
<bndbox>
<x1>518</x1>
<y1>24</y1>
<x2>565</x2>
<y2>9</y2>
<x3>567</x3>
<y3>22</y3>
<x4>520</x4>
<y4>37</y4>
</bndbox>
</object>
<object>
<name>text</name>
<bndbox>
<x1>0</x1>
<y1>55</y1>
<x2>83</x2>
<y2>31</y2>
<x3>84</x3>
<y3>62</y3>
<x4>1</x4>
<y4>86</y4>
</bndbox>
</object>
<object>
<name>text</name>
<bndbox>
<x1>144</x1>
<y1>53</y1>
<x2>195</x2>
<y2>38</y2>
<x3>199</x3>
<y3>51</y3>
<x4>147</x4>
<y4>65</y4>
</bndbox>
</object>
<object>
<name>text</name>
<bndbox>
<x1>242</x1>
<y1>8</y1>
<x2>270</x2>
<y2>1</y2>
<x3>303</x3>
<y3>15</y3>
<x4>244</x4>
<y4>33</y4>
</bndbox>
</object>
<object>
<name>text</name>
<bndbox>
<x1>514</x1>
<y1>7</y1>
<x2>558</x2>
<y2>0</y2>
<x3>561</x3>
<y3>10</y3>
<x4>519</x4>
<y4>23</y4>
</bndbox>
</object>
<object>
<name>text</name>
<bndbox>
<x1>468</x1>
<y1>694</y1>
<x2>473</x2>
<y2>713</y2>
<x3>474</x3>
<y3>719</y3>
<x4>419</x4>
<y4>719</y4>
</bndbox>
</object>
<object>
<name>text</name>
<bndbox>
<x1>626</x1>
<y1>718</y1>
<x2>675</x2>
<y2>697</y2>
<x3>679</x3>
<y3>712</y3>
<x4>664</x4>
<y4>719</y4>
</bndbox>
</object>
</annotation>