<?xml version="1.0" ?>
<annotation>
<folder>JPEGImages</folder>
<filename>img_338.xml</filename>
<path>xxxx</path>
<source>
<database>Unknown</database>
<annotation>xxx</annotation>
<image>xxx</image>
<flickrid>0</flickrid>
</source>
<size>
<width>1280</width>
<height>720</height>
<depth>3</depth>
</size>
<segmented>0</segmented>
<object>
<name>text</name>
<bndbox>
<x1>175</x1>
<y1>177</y1>
<x2>332</x2>
<y2>188</y2>
<x3>333</x3>
<y3>224</y3>
<x4>177</x4>
<y4>214</y4>
</bndbox>
</object>
<object>
<name>text</name>
<bndbox>
<x1>225</x1>
<y1>234</y1>
<x2>318</x2>
<y2>236</y2>
<x3>319</x3>
<y3>252</y3>
<x4>226</x4>
<y4>251</y4>
</bndbox>
</object>
<object>
<name>text</name>
<bndbox>
<x1>71</x1>
<y1>126</y1>
<x2>89</x2>
<y2>126</y2>
<x3>89</x3>
<y3>203</y3>
<x4>72</x4>
<y4>202</y4>
</bndbox>
</object>
<object>
<name>text</name>
<bndbox>
<x1>556</x1>
<y1>0</y1>
<x2>726</x2>
<y2>61</y2>
<x3>717</x3>
<y3>103</y3>
<x4>547</x4>
<y4>42</y4>
</bndbox>
</object>
<object>
<name>text</name>
<bndbox>
<x1>883</x1>
<y1>104</y1>
<x2>896</x2>
<y2>102</y2>
<x3>906</x3>
<y3>173</y3>
<x4>892</x4>
<y4>176</y4>
</bndbox>
</object>
</annotation>