<?xml version="1.0" ?>
<annotation>
<folder>JPEGImages</folder>
<filename>img_230.xml</filename>
<path>xxxx</path>
<source>
<database>Unknown</database>
<annotation>xxx</annotation>
<image>xxx</image>
<flickrid>0</flickrid>
</source>
<size>
<width>1280</width>
<height>720</height>
<depth>3</depth>
</size>
<segmented>0</segmented>
<object>
<name>text</name>
<bndbox>
<x1>210</x1>
<y1>340</y1>
<x2>275</x2>
<y2>330</y2>
<x3>276</x3>
<y3>344</y3>
<x4>210</x4>
<y4>354</y4>
</bndbox>
</object>
<object>
<name>text</name>
<bndbox>
<x1>234</x1>
<y1>352</y1>
<x2>256</x2>
<y2>349</y2>
<x3>257</x3>
<y3>363</y3>
<x4>235</x4>
<y4>367</y4>
</bndbox>
</object>
<object>
<name>text</name>
<bndbox>
<x1>223</x1>
<y1>369</y1>
<x2>273</x2>
<y2>363</y2>
<x3>273</x3>
<y3>376</y3>
<x4>224</x4>
<y4>382</y4>
</bndbox>
</object>
</annotation>