<?xml version="1.0" ?>
<annotation>
<folder>JPEGImages</folder>
<filename>img_493.xml</filename>
<path>xxxx</path>
<source>
<database>Unknown</database>
<annotation>xxx</annotation>
<image>xxx</image>
<flickrid>0</flickrid>
</source>
<size>
<width>1280</width>
<height>720</height>
<depth>3</depth>
</size>
<segmented>0</segmented>
<object>
<name>text</name>
<bndbox>
<x1>386</x1>
<y1>540</y1>
<x2>450</x2>
<y2>548</y2>
<x3>448</x3>
<y3>589</y3>
<x4>385</x4>
<y4>581</y4>
</bndbox>
</object>
<object>
<name>text</name>
<bndbox>
<x1>318</x1>
<y1>529</y1>
<x2>386</x2>
<y2>539</y2>
<x3>382</x3>
<y3>578</y3>
<x4>315</x4>
<y4>568</y4>
</bndbox>
</object>
<object>
<name>text</name>
<bndbox>
<x1>171</x1>
<y1>505</y1>
<x2>221</x2>
<y2>515</y2>
<x3>220</x3>
<y3>551</y3>
<x4>170</x4>
<y4>541</y4>
</bndbox>
</object>
<object>
<name>text</name>
<bndbox>
<x1>231</x1>
<y1>514</y1>
<x2>293</x2>
<y2>526</y2>
<x3>288</x3>
<y3>564</y3>
<x4>226</x4>
<y4>551</y4>
</bndbox>
</object>
<object>
<name>text</name>
<bndbox>
<x1>293</x1>
<y1>524</y1>
<x2>315</x2>
<y2>526</y2>
<x3>311</x3>
<y3>566</y3>
<x4>290</x4>
<y4>564</y4>
</bndbox>
</object>
<object>
<name>text</name>
<bndbox>
<x1>123</x1>
<y1>496</y1>
<x2>173</x2>
<y2>505</y2>
<x3>170</x3>
<y3>543</y3>
<x4>120</x4>
<y4>534</y4>
</bndbox>
</object>
<object>
<name>text</name>
<bndbox>
<x1>73</x1>
<y1>489</y1>
<x2>118</x2>
<y2>496</y2>
<x3>117</x3>
<y3>536</y3>
<x4>72</x4>
<y4>529</y4>
</bndbox>
</object>
<object>
<name>text</name>
<bndbox>
<x1>180</x1>
<y1>586</y1>
<x2>216</x2>
<y2>596</y2>
<x3>213</x3>
<y3>620</y3>
<x4>177</x4>
<y4>610</y4>
</bndbox>
</object>
<object>
<name>text</name>
<bndbox>
<x1>216</x1>
<y1>593</y1>
<x2>307</x2>
<y2>613</y2>
<x3>305</x3>
<y3>639</y3>
<x4>213</x4>
<y4>619</y4>
</bndbox>
</object>
<object>
<name>text</name>
<bndbox>
<x1>901</x1>
<y1>294</y1>
<x2>972</x2>
<y2>296</y2>
<x3>971</x3>
<y3>313</y3>
<x4>900</x4>
<y4>311</y4>
</bndbox>
</object>
<object>
<name>text</name>
<bndbox>
<x1>905</x1>
<y1>310</y1>
<x2>963</x2>
<y2>311</y2>
<x3>963</x3>
<y3>326</y3>
<x4>905</x4>
<y4>325</y4>
</bndbox>
</object>
<object>
<name>text</name>
<bndbox>
<x1>528</x1>
<y1>576</y1>
<x2>558</x2>
<y2>556</y2>
<x3>557</x3>
<y3>594</y3>
<x4>527</x4>
<y4>614</y4>
</bndbox>
</object>
</annotation>