<?xml version="1.0" ?>
<annotation>
<folder>JPEGImages</folder>
<filename>img_122.xml</filename>
<path>xxxx</path>
<source>
<database>Unknown</database>
<annotation>xxx</annotation>
<image>xxx</image>
<flickrid>0</flickrid>
</source>
<size>
<width>1280</width>
<height>720</height>
<depth>3</depth>
</size>
<segmented>0</segmented>
<object>
<name>text</name>
<bndbox>
<x1>597</x1>
<y1>63</y1>
<x2>636</x2>
<y2>51</y2>
<x3>636</x3>
<y3>69</y3>
<x4>597</x4>
<y4>82</y4>
</bndbox>
</object>
<object>
<name>text</name>
<bndbox>
<x1>378</x1>
<y1>100</y1>
<x2>436</x2>
<y2>106</y2>
<x3>433</x3>
<y3>134</y3>
<x4>375</x4>
<y4>128</y4>
</bndbox>
</object>
<object>
<name>text</name>
<bndbox>
<x1>499</x1>
<y1>163</y1>
<x2>563</x2>
<y2>164</y2>
<x3>562</x3>
<y3>187</y3>
<x4>498</x4>
<y4>187</y4>
</bndbox>
</object>
<object>
<name>text</name>
<bndbox>
<x1>523</x1>
<y1>87</y1>
<x2>566</x2>
<y2>72</y2>
<x3>567</x3>
<y3>90</y3>
<x4>524</x4>
<y4>103</y4>
</bndbox>
</object>
<object>
<name>text</name>
<bndbox>
<x1>567</x1>
<y1>73</y1>
<x2>596</x2>
<y2>64</y2>
<x3>597</x3>
<y3>80</y3>
<x4>569</x4>
<y4>89</y4>
</bndbox>
</object>
<object>
<name>text</name>
<bndbox>
<x1>400</x1>
<y1>160</y1>
<x2>496</x2>
<y2>163</y2>
<x3>495</x3>
<y3>189</y3>
<x4>399</x4>
<y4>186</y4>
</bndbox>
</object>
<object>
<name>text</name>
<bndbox>
<x1>557</x1>
<y1>101</y1>
<x2>604</x2>
<y2>87</y2>
<x3>605</x3>
<y3>108</y3>
<x4>557</x4>
<y4>122</y4>
</bndbox>
</object>
<object>
<name>text</name>
<bndbox>
<x1>605</x1>
<y1>88</y1>
<x2>628</x2>
<y2>82</y2>
<x3>628</x3>
<y3>102</y3>
<x4>606</x4>
<y4>108</y4>
</bndbox>
</object>
<object>
<name>text</name>
<bndbox>
<x1>627</x1>
<y1>82</y1>
<x2>637</x2>
<y2>78</y2>
<x3>639</x3>
<y3>99</y3>
<x4>629</x4>
<y4>103</y4>
</bndbox>
</object>
<object>
<name>text</name>
<bndbox>
<x1>722</x1>
<y1>24</y1>
<x2>744</x2>
<y2>16</y2>
<x3>745</x3>
<y3>38</y3>
<x4>723</x4>
<y4>46</y4>
</bndbox>
</object>
<object>
<name>text</name>
<bndbox>
<x1>763</x1>
<y1>7</y1>
<x2>778</x2>
<y2>2</y2>
<x3>781</x3>
<y3>26</y3>
<x4>766</x4>
<y4>31</y4>
</bndbox>
</object>
<object>
<name>text</name>
<bndbox>
<x1>506</x1>
<y1>22</y1>
<x2>551</x2>
<y2>6</y2>
<x3>551</x3>
<y3>23</y3>
<x4>506</x4>
<y4>40</y4>
</bndbox>
</object>
<object>
<name>text</name>
<bndbox>
<x1>553</x1>
<y1>5</y1>
<x2>580</x2>
<y2>0</y2>
<x3>590</x3>
<y3>6</y3>
<x4>554</x4>
<y4>20</y4>
</bndbox>
</object>
<object>
<name>text</name>
<bndbox>
<x1>785</x1>
<y1>2</y1>
<x2>817</x2>
<y2>0</y2>
<x3>821</x3>
<y3>12</y3>
<x4>788</x4>
<y4>24</y4>
</bndbox>
</object>
</annotation>