<?xml version="1.0" ?>
<annotation>
<folder>JPEGImages</folder>
<filename>img_339.xml</filename>
<path>xxxx</path>
<source>
<database>Unknown</database>
<annotation>xxx</annotation>
<image>xxx</image>
<flickrid>0</flickrid>
</source>
<size>
<width>1280</width>
<height>720</height>
<depth>3</depth>
</size>
<segmented>0</segmented>
<object>
<name>text</name>
<bndbox>
<x1>439</x1>
<y1>217</y1>
<x2>484</x2>
<y2>213</y2>
<x3>488</x3>
<y3>247</y3>
<x4>442</x4>
<y4>251</y4>
</bndbox>
</object>
<object>
<name>text</name>
<bndbox>
<x1>445</x1>
<y1>259</y1>
<x2>492</x2>
<y2>254</y2>
<x3>495</x3>
<y3>290</y3>
<x4>448</x4>
<y4>295</y4>
</bndbox>
</object>
<object>
<name>text</name>
<bndbox>
<x1>493</x1>
<y1>275</y1>
<x2>517</x2>
<y2>272</y2>
<x3>516</x3>
<y3>285</y3>
<x4>492</x4>
<y4>288</y4>
</bndbox>
</object>
<object>
<name>text</name>
<bndbox>
<x1>490</x1>
<y1>252</y1>
<x2>511</x2>
<y2>253</y2>
<x3>514</x3>
<y3>275</y3>
<x4>493</x4>
<y4>274</y4>
</bndbox>
</object>
<object>
<name>text</name>
<bndbox>
<x1>487</x1>
<y1>234</y1>
<x2>511</x2>
<y2>232</y2>
<x3>511</x3>
<y3>245</y3>
<x4>487</x4>
<y4>247</y4>
</bndbox>
</object>
<object>
<name>text</name>
<bndbox>
<x1>483</x1>
<y1>214</y1>
<x2>506</x2>
<y2>212</y2>
<x3>509</x3>
<y3>233</y3>
<x4>486</x4>
<y4>235</y4>
</bndbox>
</object>
</annotation>