<?xml version="1.0" ?>
<annotation>
<folder>JPEGImages</folder>
<filename>img_363.xml</filename>
<path>xxxx</path>
<source>
<database>Unknown</database>
<annotation>xxx</annotation>
<image>xxx</image>
<flickrid>0</flickrid>
</source>
<size>
<width>1280</width>
<height>720</height>
<depth>3</depth>
</size>
<segmented>0</segmented>
<object>
<name>text</name>
<bndbox>
<x1>344</x1>
<y1>54</y1>
<x2>435</x2>
<y2>80</y2>
<x3>435</x3>
<y3>98</y3>
<x4>344</x4>
<y4>72</y4>
</bndbox>
</object>
<object>
<name>text</name>
<bndbox>
<x1>343</x1>
<y1>71</y1>
<x2>385</x2>
<y2>81</y2>
<x3>386</x3>
<y3>101</y3>
<x4>344</x4>
<y4>92</y4>
</bndbox>
</object>
<object>
<name>text</name>
<bndbox>
<x1>348</x1>
<y1>92</y1>
<x2>408</x2>
<y2>103</y2>
<x3>408</x3>
<y3>122</y3>
<x4>348</x4>
<y4>111</y4>
</bndbox>
</object>
<object>
<name>text</name>
<bndbox>
<x1>601</x1>
<y1>154</y1>
<x2>621</x2>
<y2>155</y2>
<x3>624</x3>
<y3>184</y3>
<x4>604</x4>
<y4>183</y4>
</bndbox>
</object>
<object>
<name>text</name>
<bndbox>
<x1>611</x1>
<y1>158</y1>
<x2>639</x2>
<y2>160</y2>
<x3>640</x3>
<y3>204</y3>
<x4>612</x4>
<y4>202</y4>
</bndbox>
</object>
<object>
<name>text</name>
<bndbox>
<x1>83</x1>
<y1>689</y1>
<x2>139</x2>
<y2>685</y2>
<x3>140</x3>
<y3>700</y3>
<x4>85</x4>
<y4>703</y4>
</bndbox>
</object>
<object>
<name>text</name>
<bndbox>
<x1>151</x1>
<y1>188</y1>
<x2>198</x2>
<y2>190</y2>
<x3>196</x3>
<y3>212</y3>
<x4>150</x4>
<y4>210</y4>
</bndbox>
</object>
</annotation>