<?xml version="1.0" ?>
<annotation>
<folder>JPEGImages</folder>
<filename>img_36.xml</filename>
<path>xxxx</path>
<source>
<database>Unknown</database>
<annotation>xxx</annotation>
<image>xxx</image>
<flickrid>0</flickrid>
</source>
<size>
<width>1280</width>
<height>720</height>
<depth>3</depth>
</size>
<segmented>0</segmented>
<object>
<name>text</name>
<bndbox>
<x1>896</x1>
<y1>118</y1>
<x2>930</x2>
<y2>116</y2>
<x3>932</x3>
<y3>136</y3>
<x4>897</x4>
<y4>138</y4>
</bndbox>
</object>
<object>
<name>text</name>
<bndbox>
<x1>895</x1>
<y1>141</y1>
<x2>992</x2>
<y2>133</y2>
<x3>995</x3>
<y3>157</y3>
<x4>899</x4>
<y4>165</y4>
</bndbox>
</object>
</annotation>