<?xml version="1.0" ?>
<annotation>
<folder>JPEGImages</folder>
<filename>img_146.xml</filename>
<path>xxxx</path>
<source>
<database>Unknown</database>
<annotation>xxx</annotation>
<image>xxx</image>
<flickrid>0</flickrid>
</source>
<size>
<width>1280</width>
<height>720</height>
<depth>3</depth>
</size>
<segmented>0</segmented>
<object>
<name>text</name>
<bndbox>
<x1>983</x1>
<y1>261</y1>
<x2>1040</x2>
<y2>247</y2>
<x3>1044</x3>
<y3>267</y3>
<x4>987</x4>
<y4>281</y4>
</bndbox>
</object>
<object>
<name>text</name>
<bndbox>
<x1>1038</x1>
<y1>247</y1>
<x2>1093</x2>
<y2>235</y2>
<x3>1098</x3>
<y3>254</y3>
<x4>1044</x4>
<y4>266</y4>
</bndbox>
</object>
<object>
<name>text</name>
<bndbox>
<x1>957</x1>
<y1>171</y1>
<x2>1032</x2>
<y2>151</y2>
<x3>1035</x3>
<y3>170</y3>
<x4>961</x4>
<y4>190</y4>
</bndbox>
</object>
<object>
<name>text</name>
<bndbox>
<x1>1032</x1>
<y1>148</y1>
<x2>1067</x2>
<y2>140</y2>
<x3>1071</x3>
<y3>158</y3>
<x4>1035</x4>
<y4>167</y4>
</bndbox>
</object>
<object>
<name>text</name>
<bndbox>
<x1>964</x1>
<y1>203</y1>
<x2>995</x2>
<y2>195</y2>
<x3>1002</x3>
<y3>211</y3>
<x4>971</x4>
<y4>218</y4>
</bndbox>
</object>
<object>
<name>text</name>
<bndbox>
<x1>363</x1>
<y1>44</y1>
<x2>401</x2>
<y2>48</y2>
<x3>403</x3>
<y3>78</y3>
<x4>365</x4>
<y4>74</y4>
</bndbox>
</object>
<object>
<name>text</name>
<bndbox>
<x1>995</x1>
<y1>192</y1>
<x2>1065</x2>
<y2>174</y2>
<x3>1074</x3>
<y3>193</y3>
<x4>1004</x4>
<y4>211</y4>
</bndbox>
</object>
<object>
<name>text</name>
<bndbox>
<x1>281</x1>
<y1>40</y1>
<x2>356</x2>
<y2>44</y2>
<x3>360</x3>
<y3>75</y3>
<x4>284</x4>
<y4>71</y4>
</bndbox>
</object>
<object>
<name>text</name>
<bndbox>
<x1>972</x1>
<y1>232</y1>
<x2>1021</x2>
<y2>220</y2>
<x3>1027</x3>
<y3>240</y3>
<x4>978</x4>
<y4>252</y4>
</bndbox>
</object>
<object>
<name>text</name>
<bndbox>
<x1>1023</x1>
<y1>220</y1>
<x2>1057</x2>
<y2>212</y2>
<x3>1062</x3>
<y3>231</y3>
<x4>1027</x4>
<y4>238</y4>
</bndbox>
</object>
<object>
<name>text</name>
<bndbox>
<x1>1060</x1>
<y1>212</y1>
<x2>1087</x2>
<y2>205</y2>
<x3>1092</x3>
<y3>221</y3>
<x4>1064</x4>
<y4>227</y4>
</bndbox>
</object>
<object>
<name>text</name>
<bndbox>
<x1>1021</x1>
<y1>287</y1>
<x2>1070</x2>
<y2>276</y2>
<x3>1076</x3>
<y3>295</y3>
<x4>1027</x4>
<y4>306</y4>
</bndbox>
</object>
<object>
<name>text</name>
<bndbox>
<x1>865</x1>
<y1>265</y1>
<x2>881</x2>
<y2>263</y2>
<x3>881</x3>
<y3>274</y3>
<x4>865</x4>
<y4>276</y4>
</bndbox>
</object>
<object>
<name>text</name>
<bndbox>
<x1>879</x1>
<y1>261</y1>
<x2>927</x2>
<y2>251</y2>
<x3>929</x3>
<y3>262</y3>
<x4>881</x4>
<y4>272</y4>
</bndbox>
</object>
<object>
<name>text</name>
<bndbox>
<x1>867</x1>
<y1>278</y1>
<x2>945</x2>
<y2>263</y2>
<x3>945</x3>
<y3>274</y3>
<x4>867</x4>
<y4>290</y4>
</bndbox>
</object>
<object>
<name>text</name>
<bndbox>
<x1>527</x1>
<y1>505</y1>
<x2>545</x2>
<y2>500</y2>
<x3>549</x3>
<y3>509</y3>
<x4>531</x4>
<y4>515</y4>
</bndbox>
</object>
<object>
<name>text</name>
<bndbox>
<x1>520</x1>
<y1>520</y1>
<x2>553</x2>
<y2>509</y2>
<x3>556</x3>
<y3>522</y3>
<x4>523</x4>
<y4>533</y4>
</bndbox>
</object>
<object>
<name>text</name>
<bndbox>
<x1>284</x1>
<y1>416</y1>
<x2>306</x2>
<y2>414</y2>
<x3>308</x3>
<y3>431</y3>
<x4>286</x4>
<y4>433</y4>
</bndbox>
</object>
<object>
<name>text</name>
<bndbox>
<x1>305</x1>
<y1>410</y1>
<x2>328</x2>
<y2>407</y2>
<x3>333</x3>
<y3>427</y3>
<x4>310</x4>
<y4>430</y4>
</bndbox>
</object>
<object>
<name>text</name>
<bndbox>
<x1>288</x1>
<y1>434</y1>
<x2>312</x2>
<y2>432</y2>
<x3>313</x3>
<y3>448</y3>
<x4>290</x4>
<y4>451</y4>
</bndbox>
</object>
<object>
<name>text</name>
<bndbox>
<x1>312</x1>
<y1>430</y1>
<x2>336</x2>
<y2>427</y2>
<x3>336</x3>
<y3>444</y3>
<x4>312</x4>
<y4>446</y4>
</bndbox>
</object>
</annotation>