<?xml version="1.0" ?>
<annotation>
<folder>JPEGImages</folder>
<filename>img_355.xml</filename>
<path>xxxx</path>
<source>
<database>Unknown</database>
<annotation>xxx</annotation>
<image>xxx</image>
<flickrid>0</flickrid>
</source>
<size>
<width>1280</width>
<height>720</height>
<depth>3</depth>
</size>
<segmented>0</segmented>
<object>
<name>text</name>
<bndbox>
<x1>608</x1>
<y1>299</y1>
<x2>657</x2>
<y2>300</y2>
<x3>656</x3>
<y3>314</y3>
<x4>607</x4>
<y4>313</y4>
</bndbox>
</object>
<object>
<name>text</name>
<bndbox>
<x1>361</x1>
<y1>398</y1>
<x2>409</x2>
<y2>392</y2>
<x3>409</x3>
<y3>405</y3>
<x4>361</x4>
<y4>411</y4>
</bndbox>
</object>
<object>
<name>text</name>
<bndbox>
<x1>625</x1>
<y1>34</y1>
<x2>674</x2>
<y2>45</y2>
<x3>672</x3>
<y3>61</y3>
<x4>624</x4>
<y4>50</y4>
</bndbox>
</object>
<object>
<name>text</name>
<bndbox>
<x1>638</x1>
<y1>52</y1>
<x2>675</x2>
<y2>60</y2>
<x3>671</x3>
<y3>74</y3>
<x4>634</x4>
<y4>67</y4>
</bndbox>
</object>
<object>
<name>text</name>
<bndbox>
<x1>620</x1>
<y1>80</y1>
<x2>678</x2>
<y2>90</y2>
<x3>673</x3>
<y3>124</y3>
<x4>616</x4>
<y4>114</y4>
</bndbox>
</object>
<object>
<name>text</name>
<bndbox>
<x1>626</x1>
<y1>17</y1>
<x2>675</x2>
<y2>29</y2>
<x3>673</x3>
<y3>47</y3>
<x4>624</x4>
<y4>34</y4>
</bndbox>
</object>
<object>
<name>text</name>
<bndbox>
<x1>436</x1>
<y1>2</y1>
<x2>578</x2>
<y2>40</y2>
<x3>577</x3>
<y3>51</y3>
<x4>436</x4>
<y4>13</y4>
</bndbox>
</object>
<object>
<name>text</name>
<bndbox>
<x1>574</x1>
<y1>251</y1>
<x2>660</x2>
<y2>253</y2>
<x3>659</x3>
<y3>273</y3>
<x4>573</x4>
<y4>271</y4>
</bndbox>
</object>
<object>
<name>text</name>
<bndbox>
<x1>125</x1>
<y1>423</y1>
<x2>299</x2>
<y2>404</y2>
<x3>301</x3>
<y3>418</y3>
<x4>126</x4>
<y4>437</y4>
</bndbox>
</object>
<object>
<name>text</name>
<bndbox>
<x1>303</x1>
<y1>405</y1>
<x2>360</x2>
<y2>399</y2>
<x3>360</x3>
<y3>411</y3>
<x4>303</x4>
<y4>417</y4>
</bndbox>
</object>
<object>
<name>text</name>
<bndbox>
<x1>575</x1>
<y1>298</y1>
<x2>608</x2>
<y2>299</y2>
<x3>607</x3>
<y3>314</y3>
<x4>574</x4>
<y4>314</y4>
</bndbox>
</object>
<object>
<name>text</name>
<bndbox>
<x1>594</x1>
<y1>316</y1>
<x2>636</x2>
<y2>316</y2>
<x3>635</x3>
<y3>329</y3>
<x4>593</x4>
<y4>329</y4>
</bndbox>
</object>
<object>
<name>text</name>
<bndbox>
<x1>576</x1>
<y1>329</y1>
<x2>618</x2>
<y2>332</y2>
<x3>617</x3>
<y3>344</y3>
<x4>575</x4>
<y4>341</y4>
</bndbox>
</object>
<object>
<name>text</name>
<bndbox>
<x1>620</x1>
<y1>330</y1>
<x2>651</x2>
<y2>330</y2>
<x3>651</x3>
<y3>345</y3>
<x4>621</x4>
<y4>344</y4>
</bndbox>
</object>
<object>
<name>text</name>
<bndbox>
<x1>558</x1>
<y1>342</y1>
<x2>669</x2>
<y2>345</y2>
<x3>668</x3>
<y3>360</y3>
<x4>557</x4>
<y4>357</y4>
</bndbox>
</object>
<object>
<name>text</name>
<bndbox>
<x1>566</x1>
<y1>369</y1>
<x2>658</x2>
<y2>373</y2>
<x3>658</x3>
<y3>382</y3>
<x4>566</x4>
<y4>378</y4>
</bndbox>
</object>
<object>
<name>text</name>
<bndbox>
<x1>568</x1>
<y1>378</y1>
<x2>659</x2>
<y2>382</y2>
<x3>658</x3>
<y3>393</y3>
<x4>567</x4>
<y4>389</y4>
</bndbox>
</object>
<object>
<name>text</name>
<bndbox>
<x1>569</x1>
<y1>512</y1>
<x2>640</x2>
<y2>516</y2>
<x3>640</x3>
<y3>536</y3>
<x4>570</x4>
<y4>532</y4>
</bndbox>
</object>
<object>
<name>text</name>
<bndbox>
<x1>572</x1>
<y1>531</y1>
<x2>640</x2>
<y2>533</y2>
<x3>641</x3>
<y3>553</y3>
<x4>573</x4>
<y4>550</y4>
</bndbox>
</object>
<object>
<name>text</name>
<bndbox>
<x1>592</x1>
<y1>550</y1>
<x2>638</x2>
<y2>551</y2>
<x3>637</x3>
<y3>566</y3>
<x4>591</x4>
<y4>564</y4>
</bndbox>
</object>
</annotation>