<?xml version="1.0" ?>
<annotation>
<folder>JPEGImages</folder>
<filename>img_315.xml</filename>
<path>xxxx</path>
<source>
<database>Unknown</database>
<annotation>xxx</annotation>
<image>xxx</image>
<flickrid>0</flickrid>
</source>
<size>
<width>1280</width>
<height>720</height>
<depth>3</depth>
</size>
<segmented>0</segmented>
<object>
<name>text</name>
<bndbox>
<x1>427</x1>
<y1>195</y1>
<x2>518</x2>
<y2>199</y2>
<x3>505</x3>
<y3>256</y3>
<x4>414</x4>
<y4>251</y4>
</bndbox>
</object>
<object>
<name>text</name>
<bndbox>
<x1>90</x1>
<y1>139</y1>
<x2>162</x2>
<y2>124</y2>
<x3>160</x3>
<y3>162</y3>
<x4>86</x4>
<y4>170</y4>
</bndbox>
</object>
<object>
<name>text</name>
<bndbox>
<x1>164</x1>
<y1>121</y1>
<x2>199</x2>
<y2>116</y2>
<x3>197</x3>
<y3>156</y3>
<x4>162</x4>
<y4>161</y4>
</bndbox>
</object>
<object>
<name>text</name>
<bndbox>
<x1>87</x1>
<y1>170</y1>
<x2>134</x2>
<y2>166</y2>
<x3>135</x3>
<y3>202</y3>
<x4>87</x4>
<y4>206</y4>
</bndbox>
</object>
<object>
<name>text</name>
<bndbox>
<x1>137</x1>
<y1>164</y1>
<x2>180</x2>
<y2>158</y2>
<x3>179</x3>
<y3>200</y3>
<x4>136</x4>
<y4>203</y4>
</bndbox>
</object>
<object>
<name>text</name>
<bndbox>
<x1>182</x1>
<y1>158</y1>
<x2>251</x2>
<y2>147</y2>
<x3>250</x3>
<y3>192</y3>
<x4>181</x4>
<y4>200</y4>
</bndbox>
</object>
<object>
<name>text</name>
<bndbox>
<x1>1135</x1>
<y1>175</y1>
<x2>1248</x2>
<y2>174</y2>
<x3>1249</x3>
<y3>204</y3>
<x4>1135</x4>
<y4>205</y4>
</bndbox>
</object>
</annotation>