<?xml version="1.0" ?>
<annotation>
<folder>JPEGImages</folder>
<filename>img_444.xml</filename>
<path>xxxx</path>
<source>
<database>Unknown</database>
<annotation>xxx</annotation>
<image>xxx</image>
<flickrid>0</flickrid>
</source>
<size>
<width>1280</width>
<height>720</height>
<depth>3</depth>
</size>
<segmented>0</segmented>
<object>
<name>text</name>
<bndbox>
<x1>811</x1>
<y1>303</y1>
<x2>839</x2>
<y2>301</y2>
<x3>838</x3>
<y3>312</y3>
<x4>811</x4>
<y4>314</y4>
</bndbox>
</object>
<object>
<name>text</name>
<bndbox>
<x1>555</x1>
<y1>148</y1>
<x2>595</x2>
<y2>142</y2>
<x3>596</x3>
<y3>151</y3>
<x4>556</x4>
<y4>156</y4>
</bndbox>
</object>
<object>
<name>text</name>
<bndbox>
<x1>716</x1>
<y1>8</y1>
<x2>737</x2>
<y2>3</y2>
<x3>739</x3>
<y3>17</y3>
<x4>718</x4>
<y4>23</y4>
</bndbox>
</object>
<object>
<name>text</name>
<bndbox>
<x1>663</x1>
<y1>37</y1>
<x2>705</x2>
<y2>35</y2>
<x3>709</x3>
<y3>51</y3>
<x4>667</x4>
<y4>54</y4>
</bndbox>
</object>
<object>
<name>text</name>
<bndbox>
<x1>704</x1>
<y1>33</y1>
<x2>737</x2>
<y2>29</y2>
<x3>739</x3>
<y3>45</y3>
<x4>706</x4>
<y4>50</y4>
</bndbox>
</object>
<object>
<name>text</name>
<bndbox>
<x1>663</x1>
<y1>11</y1>
<x2>715</x2>
<y2>3</y2>
<x3>715</x3>
<y3>23</y3>
<x4>663</x4>
<y4>31</y4>
</bndbox>
</object>
<object>
<name>text</name>
<bndbox>
<x1>483</x1>
<y1>177</y1>
<x2>501</x2>
<y2>175</y2>
<x3>505</x3>
<y3>191</y3>
<x4>487</x4>
<y4>193</y4>
</bndbox>
</object>
<object>
<name>text</name>
<bndbox>
<x1>493</x1>
<y1>126</y1>
<x2>523</x2>
<y2>122</y2>
<x3>528</x3>
<y3>145</y3>
<x4>498</x4>
<y4>150</y4>
</bndbox>
</object>
<object>
<name>text</name>
<bndbox>
<x1>565</x1>
<y1>161</y1>
<x2>592</x2>
<y2>157</y2>
<x3>592</x3>
<y3>164</y3>
<x4>565</x4>
<y4>168</y4>
</bndbox>
</object>
<object>
<name>text</name>
<bndbox>
<x1>177</x1>
<y1>236</y1>
<x2>256</x2>
<y2>226</y2>
<x3>259</x3>
<y3>241</y3>
<x4>180</x4>
<y4>252</y4>
</bndbox>
</object>
<object>
<name>text</name>
<bndbox>
<x1>476</x1>
<y1>197</y1>
<x2>488</x2>
<y2>197</y2>
<x3>490</x3>
<y3>210</y3>
<x4>478</x4>
<y4>211</y4>
</bndbox>
</object>
<object>
<name>text</name>
<bndbox>
<x1>432</x1>
<y1>221</y1>
<x2>444</x2>
<y2>220</y2>
<x3>444</x3>
<y3>230</y3>
<x4>433</x4>
<y4>231</y4>
</bndbox>
</object>
<object>
<name>text</name>
<bndbox>
<x1>840</x1>
<y1>297</y1>
<x2>860</x2>
<y2>295</y2>
<x3>861</x3>
<y3>308</y3>
<x4>842</x4>
<y4>310</y4>
</bndbox>
</object>
<object>
<name>text</name>
<bndbox>
<x1>730</x1>
<y1>64</y1>
<x2>824</x2>
<y2>52</y2>
<x3>828</x3>
<y3>81</y3>
<x4>734</x4>
<y4>93</y4>
</bndbox>
</object>
<object>
<name>text</name>
<bndbox>
<x1>734</x1>
<y1>95</y1>
<x2>829</x2>
<y2>84</y2>
<x3>833</x3>
<y3>113</y3>
<x4>738</x4>
<y4>125</y4>
</bndbox>
</object>
<object>
<name>text</name>
<bndbox>
<x1>662</x1>
<y1>92</y1>
<x2>707</x2>
<y2>55</y2>
<x3>712</x3>
<y3>70</y3>
<x4>664</x4>
<y4>110</y4>
</bndbox>
</object>
<object>
<name>text</name>
<bndbox>
<x1>831</x1>
<y1>334</y1>
<x2>855</x2>
<y2>332</y2>
<x3>857</x3>
<y3>340</y3>
<x4>833</x4>
<y4>342</y4>
</bndbox>
</object>
<object>
<name>text</name>
<bndbox>
<x1>778</x1>
<y1>320</y1>
<x2>803</x2>
<y2>319</y2>
<x3>805</x3>
<y3>330</y3>
<x4>781</x4>
<y4>332</y4>
</bndbox>
</object>
<object>
<name>text</name>
<bndbox>
<x1>526</x1>
<y1>183</y1>
<x2>541</x2>
<y2>183</y2>
<x3>543</x3>
<y3>185</y3>
<x4>527</x4>
<y4>186</y4>
</bndbox>
</object>
<object>
<name>text</name>
<bndbox>
<x1>527</x1>
<y1>189</y1>
<x2>543</x2>
<y2>188</y2>
<x3>544</x3>
<y3>193</y3>
<x4>528</x4>
<y4>195</y4>
</bndbox>
</object>
<object>
<name>text</name>
<bndbox>
<x1>525</x1>
<y1>198</y1>
<x2>547</x2>
<y2>195</y2>
<x3>548</x3>
<y3>201</y3>
<x4>525</x4>
<y4>204</y4>
</bndbox>
</object>
<object>
<name>text</name>
<bndbox>
<x1>511</x1>
<y1>207</y1>
<x2>539</x2>
<y2>204</y2>
<x3>539</x3>
<y3>209</y3>
<x4>512</x4>
<y4>212</y4>
</bndbox>
</object>
<object>
<name>text</name>
<bndbox>
<x1>514</x1>
<y1>213</y1>
<x2>526</x2>
<y2>213</y2>
<x3>527</x3>
<y3>217</y3>
<x4>515</x4>
<y4>217</y4>
</bndbox>
</object>
<object>
<name>text</name>
<bndbox>
<x1>824</x1>
<y1>348</y1>
<x2>864</x2>
<y2>342</y2>
<x3>865</x3>
<y3>347</y3>
<x4>825</x4>
<y4>353</y4>
</bndbox>
</object>
<object>
<name>text</name>
<bndbox>
<x1>818</x1>
<y1>357</y1>
<x2>873</x2>
<y2>348</y2>
<x3>873</x3>
<y3>353</y3>
<x4>819</x4>
<y4>362</y4>
</bndbox>
</object>
<object>
<name>text</name>
<bndbox>
<x1>783</x1>
<y1>348</y1>
<x2>810</x2>
<y2>344</y2>
<x3>811</x3>
<y3>349</y3>
<x4>784</x4>
<y4>354</y4>
</bndbox>
</object>
<object>
<name>text</name>
<bndbox>
<x1>1114</x1>
<y1>438</y1>
<x2>1170</x2>
<y2>471</y2>
<x3>1170</x3>
<y3>502</y3>
<x4>1114</x4>
<y4>470</y4>
</bndbox>
</object>
</annotation>