<?xml version="1.0" ?>
<annotation>
<folder>JPEGImages</folder>
<filename>img_374.xml</filename>
<path>xxxx</path>
<source>
<database>Unknown</database>
<annotation>xxx</annotation>
<image>xxx</image>
<flickrid>0</flickrid>
</source>
<size>
<width>1280</width>
<height>720</height>
<depth>3</depth>
</size>
<segmented>0</segmented>
<object>
<name>text</name>
<bndbox>
<x1>622</x1>
<y1>182</y1>
<x2>704</x2>
<y2>177</y2>
<x3>705</x3>
<y3>201</y3>
<x4>623</x4>
<y4>206</y4>
</bndbox>
</object>
<object>
<name>text</name>
<bndbox>
<x1>599</x1>
<y1>213</y1>
<x2>622</x2>
<y2>213</y2>
<x3>622</x3>
<y3>224</y3>
<x4>599</x4>
<y4>225</y4>
</bndbox>
</object>
<object>
<name>text</name>
<bndbox>
<x1>572</x1>
<y1>169</y1>
<x2>642</x2>
<y2>165</y2>
<x3>643</x3>
<y3>180</y3>
<x4>573</x4>
<y4>184</y4>
</bndbox>
</object>
<object>
<name>text</name>
<bndbox>
<x1>642</x1>
<y1>164</y1>
<x2>656</x2>
<y2>163</y2>
<x3>658</x3>
<y3>178</y3>
<x4>643</x4>
<y4>179</y4>
</bndbox>
</object>
<object>
<name>text</name>
<bndbox>
<x1>660</x1>
<y1>163</y1>
<x2>702</x2>
<y2>158</y2>
<x3>704</x3>
<y3>176</y3>
<x4>662</x4>
<y4>180</y4>
</bndbox>
</object>
<object>
<name>text</name>
<bndbox>
<x1>602</x1>
<y1>228</y1>
<x2>698</x2>
<y2>227</y2>
<x3>706</x3>
<y3>283</y3>
<x4>610</x4>
<y4>283</y4>
</bndbox>
</object>
<object>
<name>text</name>
<bndbox>
<x1>576</x1>
<y1>184</y1>
<x2>616</x2>
<y2>183</y2>
<x3>619</x3>
<y3>206</y3>
<x4>579</x4>
<y4>207</y4>
</bndbox>
</object>
<object>
<name>text</name>
<bndbox>
<x1>591</x1>
<y1>250</y1>
<x2>607</x2>
<y2>249</y2>
<x3>610</x3>
<y3>282</y3>
<x4>594</x4>
<y4>283</y4>
</bndbox>
</object>
<object>
<name>text</name>
<bndbox>
<x1>624</x1>
<y1>211</y1>
<x2>639</x2>
<y2>212</y2>
<x3>639</x3>
<y3>224</y3>
<x4>624</x4>
<y4>223</y4>
</bndbox>
</object>
<object>
<name>text</name>
<bndbox>
<x1>641</x1>
<y1>210</y1>
<x2>683</x2>
<y2>210</y2>
<x3>683</x3>
<y3>224</y3>
<x4>642</x4>
<y4>224</y4>
</bndbox>
</object>
<object>
<name>text</name>
<bndbox>
<x1>683</x1>
<y1>210</y1>
<x2>717</x2>
<y2>208</y2>
<x3>717</x3>
<y3>223</y3>
<x4>684</x4>
<y4>225</y4>
</bndbox>
</object>
<object>
<name>text</name>
<bndbox>
<x1>756</x1>
<y1>250</y1>
<x2>774</x2>
<y2>250</y2>
<x3>774</x3>
<y3>257</y3>
<x4>756</x4>
<y4>256</y4>
</bndbox>
</object>
<object>
<name>text</name>
<bndbox>
<x1>751</x1>
<y1>257</y1>
<x2>781</x2>
<y2>259</y2>
<x3>782</x3>
<y3>267</y3>
<x4>752</x4>
<y4>265</y4>
</bndbox>
</object>
<object>
<name>text</name>
<bndbox>
<x1>1238</x1>
<y1>33</y1>
<x2>1276</x2>
<y2>29</y2>
<x3>1279</x3>
<y3>50</y3>
<x4>1241</x4>
<y4>54</y4>
</bndbox>
</object>
<object>
<name>text</name>
<bndbox>
<x1>1229</x1>
<y1>41</y1>
<x2>1239</x2>
<y2>40</y2>
<x3>1242</x3>
<y3>52</y3>
<x4>1231</x4>
<y4>53</y4>
</bndbox>
</object>
</annotation>