<?xml version="1.0" ?>
<annotation>
<folder>JPEGImages</folder>
<filename>img_416.xml</filename>
<path>xxxx</path>
<source>
<database>Unknown</database>
<annotation>xxx</annotation>
<image>xxx</image>
<flickrid>0</flickrid>
</source>
<size>
<width>1280</width>
<height>720</height>
<depth>3</depth>
</size>
<segmented>0</segmented>
<object>
<name>text</name>
<bndbox>
<x1>565</x1>
<y1>181</y1>
<x2>601</x2>
<y2>180</y2>
<x3>601</x3>
<y3>212</y3>
<x4>565</x4>
<y4>213</y4>
</bndbox>
</object>
<object>
<name>text</name>
<bndbox>
<x1>839</x1>
<y1>180</y1>
<x2>862</x2>
<y2>181</y2>
<x3>866</x3>
<y3>202</y3>
<x4>842</x4>
<y4>201</y4>
</bndbox>
</object>
<object>
<name>text</name>
<bndbox>
<x1>674</x1>
<y1>178</y1>
<x2>715</x2>
<y2>179</y2>
<x3>716</x3>
<y3>214</y3>
<x4>674</x4>
<y4>213</y4>
</bndbox>
</object>
<object>
<name>text</name>
<bndbox>
<x1>794</x1>
<y1>180</y1>
<x2>841</x2>
<y2>177</y2>
<x3>842</x3>
<y3>212</y3>
<x4>795</x4>
<y4>214</y4>
</bndbox>
</object>
<object>
<name>text</name>
<bndbox>
<x1>985</x1>
<y1>190</y1>
<x2>1037</x2>
<y2>190</y2>
<x3>1034</x3>
<y3>233</y3>
<x4>981</x4>
<y4>233</y4>
</bndbox>
</object>
<object>
<name>text</name>
<bndbox>
<x1>603</x1>
<y1>185</y1>
<x2>621</x2>
<y2>184</y2>
<x3>621</x3>
<y3>202</y3>
<x4>603</x4>
<y4>203</y4>
</bndbox>
</object>
<object>
<name>text</name>
<bndbox>
<x1>1037</x1>
<y1>195</y1>
<x2>1067</x2>
<y2>194</y2>
<x3>1067</x3>
<y3>218</y3>
<x4>1037</x4>
<y4>218</y4>
</bndbox>
</object>
<object>
<name>text</name>
<bndbox>
<x1>714</x1>
<y1>182</y1>
<x2>737</x2>
<y2>182</y2>
<x3>737</x3>
<y3>202</y3>
<x4>714</x4>
<y4>202</y4>
</bndbox>
</object>
<object>
<name>text</name>
<bndbox>
<x1>551</x1>
<y1>146</y1>
<x2>586</x2>
<y2>146</y2>
<x3>586</x3>
<y3>158</y3>
<x4>551</x4>
<y4>157</y4>
</bndbox>
</object>
<object>
<name>text</name>
<bndbox>
<x1>781</x1>
<y1>140</y1>
<x2>818</x2>
<y2>139</y2>
<x3>820</x3>
<y3>153</y3>
<x4>782</x4>
<y4>153</y4>
</bndbox>
</object>
<object>
<name>text</name>
<bndbox>
<x1>586</x1>
<y1>143</y1>
<x2>621</x2>
<y2>142</y2>
<x3>621</x3>
<y3>157</y3>
<x4>586</x4>
<y4>158</y4>
</bndbox>
</object>
<object>
<name>text</name>
<bndbox>
<x1>819</x1>
<y1>137</y1>
<x2>867</x2>
<y2>137</y2>
<x3>867</x3>
<y3>152</y3>
<x4>820</x4>
<y4>152</y4>
</bndbox>
</object>
<object>
<name>text</name>
<bndbox>
<x1>937</x1>
<y1>106</y1>
<x2>953</x2>
<y2>106</y2>
<x3>954</x3>
<y3>131</y3>
<x4>938</x4>
<y4>131</y4>
</bndbox>
</object>
</annotation>