<?xml version="1.0" ?>
<annotation>
<folder>JPEGImages</folder>
<filename>img_224.xml</filename>
<path>xxxx</path>
<source>
<database>Unknown</database>
<annotation>xxx</annotation>
<image>xxx</image>
<flickrid>0</flickrid>
</source>
<size>
<width>1280</width>
<height>720</height>
<depth>3</depth>
</size>
<segmented>0</segmented>
<object>
<name>text</name>
<bndbox>
<x1>1076</x1>
<y1>77</y1>
<x2>1190</x2>
<y2>76</y2>
<x3>1196</x3>
<y3>111</y3>
<x4>1082</x4>
<y4>112</y4>
</bndbox>
</object>
<object>
<name>text</name>
<bndbox>
<x1>766</x1>
<y1>334</y1>
<x2>819</x2>
<y2>333</y2>
<x3>818</x3>
<y3>347</y3>
<x4>764</x4>
<y4>348</y4>
</bndbox>
</object>
<object>
<name>text</name>
<bndbox>
<x1>698</x1>
<y1>167</y1>
<x2>739</x2>
<y2>166</y2>
<x3>739</x3>
<y3>178</y3>
<x4>698</x4>
<y4>179</y4>
</bndbox>
</object>
<object>
<name>text</name>
<bndbox>
<x1>705</x1>
<y1>178</y1>
<x2>733</x2>
<y2>178</y2>
<x3>733</x3>
<y3>185</y3>
<x4>705</x4>
<y4>185</y4>
</bndbox>
</object>
<object>
<name>text</name>
<bndbox>
<x1>743</x1>
<y1>76</y1>
<x2>781</x2>
<y2>52</y2>
<x3>784</x3>
<y3>82</y3>
<x4>746</x4>
<y4>106</y4>
</bndbox>
</object>
<object>
<name>text</name>
<bndbox>
<x1>754</x1>
<y1>99</y1>
<x2>780</x2>
<y2>86</y2>
<x3>781</x3>
<y3>102</y3>
<x4>756</x4>
<y4>115</y4>
</bndbox>
</object>
<object>
<name>text</name>
<bndbox>
<x1>480</x1>
<y1>192</y1>
<x2>505</x2>
<y2>191</y2>
<x3>505</x3>
<y3>206</y3>
<x4>480</x4>
<y4>207</y4>
</bndbox>
</object>
<object>
<name>text</name>
<bndbox>
<x1>552</x1>
<y1>112</y1>
<x2>579</x2>
<y2>111</y2>
<x3>579</x3>
<y3>125</y3>
<x4>552</x4>
<y4>126</y4>
</bndbox>
</object>
<object>
<name>text</name>
<bndbox>
<x1>740</x1>
<y1>74</y1>
<x2>780</x2>
<y2>53</y2>
<x3>783</x3>
<y3>80</y3>
<x4>741</x4>
<y4>107</y4>
</bndbox>
</object>
<object>
<name>text</name>
<bndbox>
<x1>753</x1>
<y1>102</y1>
<x2>781</x2>
<y2>86</y2>
<x3>782</x3>
<y3>101</y3>
<x4>753</x4>
<y4>116</y4>
</bndbox>
</object>
<object>
<name>text</name>
<bndbox>
<x1>590</x1>
<y1>70</y1>
<x2>627</x2>
<y2>66</y2>
<x3>626</x3>
<y3>76</y3>
<x4>591</x4>
<y4>80</y4>
</bndbox>
</object>
<object>
<name>text</name>
<bndbox>
<x1>553</x1>
<y1>136</y1>
<x2>577</x2>
<y2>136</y2>
<x3>577</x3>
<y3>141</y3>
<x4>555</x4>
<y4>142</y4>
</bndbox>
</object>
<object>
<name>text</name>
<bndbox>
<x1>583</x1>
<y1>0</y1>
<x2>621</x2>
<y2>0</y2>
<x3>626</x3>
<y3>31</y3>
<x4>587</x4>
<y4>36</y4>
</bndbox>
</object>
<object>
<name>text</name>
<bndbox>
<x1>549</x1>
<y1>84</y1>
<x2>577</x2>
<y2>82</y2>
<x3>577</x3>
<y3>110</y3>
<x4>551</x4>
<y4>110</y4>
</bndbox>
</object>
<object>
<name>text</name>
<bndbox>
<x1>527</x1>
<y1>139</y1>
<x2>547</x2>
<y2>141</y2>
<x3>550</x3>
<y3>161</y3>
<x4>531</x4>
<y4>163</y4>
</bndbox>
</object>
<object>
<name>text</name>
<bndbox>
<x1>427</x1>
<y1>188</y1>
<x2>476</x2>
<y2>188</y2>
<x3>475</x3>
<y3>202</y3>
<x4>428</x4>
<y4>203</y4>
</bndbox>
</object>
<object>
<name>text</name>
<bndbox>
<x1>487</x1>
<y1>211</y1>
<x2>505</x2>
<y2>213</y2>
<x3>505</x3>
<y3>218</y3>
<x4>486</x4>
<y4>218</y4>
</bndbox>
</object>
<object>
<name>text</name>
<bndbox>
<x1>1195</x1>
<y1>74</y1>
<x2>1279</x2>
<y2>77</y2>
<x3>1279</x3>
<y3>109</y3>
<x4>1201</x4>
<y4>111</y4>
</bndbox>
</object>
<object>
<name>text</name>
<bndbox>
<x1>0</x1>
<y1>178</y1>
<x2>74</x2>
<y2>166</y2>
<x3>73</x3>
<y3>197</y3>
<x4>1</x4>
<y4>210</y4>
</bndbox>
</object>
<object>
<name>text</name>
<bndbox>
<x1>0</x1>
<y1>82</y1>
<x2>17</x2>
<y2>81</y2>
<x3>16</x3>
<y3>91</y3>
<x4>0</x4>
<y4>92</y4>
</bndbox>
</object>
<object>
<name>text</name>
<bndbox>
<x1>0</x1>
<y1>0</y1>
<x2>19</x2>
<y2>0</y2>
<x3>19</x3>
<y3>34</y3>
<x4>1</x4>
<y4>31</y4>
</bndbox>
</object>
<object>
<name>text</name>
<bndbox>
<x1>600</x1>
<y1>158</y1>
<x2>624</x2>
<y2>142</y2>
<x3>626</x3>
<y3>158</y3>
<x4>602</x4>
<y4>177</y4>
</bndbox>
</object>
<object>
<name>text</name>
<bndbox>
<x1>571</x1>
<y1>190</y1>
<x2>586</x2>
<y2>179</y2>
<x3>588</x3>
<y3>193</y3>
<x4>574</x4>
<y4>203</y4>
</bndbox>
</object>
<object>
<name>text</name>
<bndbox>
<x1>555</x1>
<y1>213</y1>
<x2>565</x2>
<y2>207</y2>
<x3>566</x3>
<y3>215</y3>
<x4>557</x4>
<y4>223</y4>
</bndbox>
</object>
<object>
<name>text</name>
<bndbox>
<x1>361</x1>
<y1>365</y1>
<x2>388</x2>
<y2>363</y2>
<x3>389</x3>
<y3>375</y3>
<x4>361</x4>
<y4>378</y4>
</bndbox>
</object>
</annotation>