<?xml version="1.0" ?>
<annotation>
<folder>JPEGImages</folder>
<filename>img_331.xml</filename>
<path>xxxx</path>
<source>
<database>Unknown</database>
<annotation>xxx</annotation>
<image>xxx</image>
<flickrid>0</flickrid>
</source>
<size>
<width>1280</width>
<height>720</height>
<depth>3</depth>
</size>
<segmented>0</segmented>
<object>
<name>text</name>
<bndbox>
<x1>219</x1>
<y1>24</y1>
<x2>241</x2>
<y2>28</y2>
<x3>239</x3>
<y3>40</y3>
<x4>216</x4>
<y4>36</y4>
</bndbox>
</object>
<object>
<name>text</name>
<bndbox>
<x1>1036</x1>
<y1>350</y1>
<x2>1079</x2>
<y2>359</y2>
<x3>1078</x3>
<y3>375</y3>
<x4>1035</x4>
<y4>365</y4>
</bndbox>
</object>
<object>
<name>text</name>
<bndbox>
<x1>1077</x1>
<y1>360</y1>
<x2>1103</x2>
<y2>365</y2>
<x3>1100</x3>
<y3>379</y3>
<x4>1075</x4>
<y4>375</y4>
</bndbox>
</object>
<object>
<name>text</name>
<bndbox>
<x1>1101</x1>
<y1>361</y1>
<x2>1171</x2>
<y2>373</y2>
<x3>1168</x3>
<y3>392</y3>
<x4>1099</x4>
<y4>380</y4>
</bndbox>
</object>
<object>
<name>text</name>
<bndbox>
<x1>719</x1>
<y1>187</y1>
<x2>782</x2>
<y2>194</y2>
<x3>780</x3>
<y3>214</y3>
<x4>717</x4>
<y4>208</y4>
</bndbox>
</object>
<object>
<name>text</name>
<bndbox>
<x1>783</x1>
<y1>195</y1>
<x2>851</x2>
<y2>204</y2>
<x3>850</x3>
<y3>223</y3>
<x4>782</x4>
<y4>214</y4>
</bndbox>
</object>
</annotation>