<?xml version="1.0" ?>
<annotation>
<folder>JPEGImages</folder>
<filename>img_343.xml</filename>
<path>xxxx</path>
<source>
<database>Unknown</database>
<annotation>xxx</annotation>
<image>xxx</image>
<flickrid>0</flickrid>
</source>
<size>
<width>1280</width>
<height>720</height>
<depth>3</depth>
</size>
<segmented>0</segmented>
<object>
<name>text</name>
<bndbox>
<x1>114</x1>
<y1>389</y1>
<x2>153</x2>
<y2>384</y2>
<x3>157</x3>
<y3>409</y3>
<x4>118</x4>
<y4>414</y4>
</bndbox>
</object>
<object>
<name>text</name>
<bndbox>
<x1>42</x1>
<y1>430</y1>
<x2>109</x2>
<y2>418</y2>
<x3>112</x3>
<y3>444</y3>
<x4>45</x4>
<y4>457</y4>
</bndbox>
</object>
<object>
<name>text</name>
<bndbox>
<x1>270</x1>
<y1>233</y1>
<x2>435</x2>
<y2>222</y2>
<x3>438</x3>
<y3>253</y3>
<x4>273</x4>
<y4>264</y4>
</bndbox>
</object>
<object>
<name>text</name>
<bndbox>
<x1>21</x1>
<y1>308</y1>
<x2>107</x2>
<y2>298</y2>
<x3>108</x3>
<y3>335</y3>
<x4>22</x4>
<y4>346</y4>
</bndbox>
</object>
<object>
<name>text</name>
<bndbox>
<x1>40</x1>
<y1>373</y1>
<x2>65</x2>
<y2>369</y2>
<x3>67</x3>
<y3>389</y3>
<x4>42</x4>
<y4>393</y4>
</bndbox>
</object>
<object>
<name>text</name>
<bndbox>
<x1>730</x1>
<y1>46</y1>
<x2>814</x2>
<y2>37</y2>
<x3>817</x3>
<y3>64</y3>
<x4>733</x4>
<y4>74</y4>
</bndbox>
</object>
<object>
<name>text</name>
<bndbox>
<x1>61</x1>
<y1>364</y1>
<x2>124</x2>
<y2>358</y2>
<x3>126</x3>
<y3>382</y3>
<x4>63</x4>
<y4>389</y4>
</bndbox>
</object>
<object>
<name>text</name>
<bndbox>
<x1>492</x1>
<y1>96</y1>
<x2>558</x2>
<y2>90</y2>
<x3>560</x3>
<y3>114</y3>
<x4>494</x4>
<y4>120</y4>
</bndbox>
</object>
<object>
<name>text</name>
<bndbox>
<x1>7</x1>
<y1>405</y1>
<x2>117</x2>
<y2>388</y2>
<x3>120</x3>
<y3>414</y3>
<x4>10</x4>
<y4>431</y4>
</bndbox>
</object>
<object>
<name>text</name>
<bndbox>
<x1>29</x1>
<y1>462</y1>
<x2>113</x2>
<y2>448</y2>
<x3>115</x3>
<y3>475</y3>
<x4>31</x4>
<y4>489</y4>
</bndbox>
</object>
<object>
<name>text</name>
<bndbox>
<x1>113</x1>
<y1>450</y1>
<x2>186</x2>
<y2>438</y2>
<x3>189</x3>
<y3>462</y3>
<x4>115</x4>
<y4>474</y4>
</bndbox>
</object>
<object>
<name>text</name>
<bndbox>
<x1>286</x1>
<y1>389</y1>
<x2>325</x2>
<y2>383</y2>
<x3>325</x3>
<y3>399</y3>
<x4>286</x4>
<y4>405</y4>
</bndbox>
</object>
<object>
<name>text</name>
<bndbox>
<x1>325</x1>
<y1>382</y1>
<x2>347</x2>
<y2>379</y2>
<x3>346</x3>
<y3>396</y3>
<x4>324</x4>
<y4>399</y4>
</bndbox>
</object>
<object>
<name>text</name>
<bndbox>
<x1>346</x1>
<y1>381</y1>
<x2>369</x2>
<y2>377</y2>
<x3>369</x3>
<y3>391</y3>
<x4>346</x4>
<y4>395</y4>
</bndbox>
</object>
<object>
<name>text</name>
<bndbox>
<x1>367</x1>
<y1>377</y1>
<x2>394</x2>
<y2>371</y2>
<x3>397</x3>
<y3>387</y3>
<x4>370</x4>
<y4>392</y4>
</bndbox>
</object>
<object>
<name>text</name>
<bndbox>
<x1>393</x1>
<y1>375</y1>
<x2>404</x2>
<y2>374</y2>
<x3>406</x3>
<y3>387</y3>
<x4>396</x4>
<y4>388</y4>
</bndbox>
</object>
<object>
<name>text</name>
<bndbox>
<x1>405</x1>
<y1>373</y1>
<x2>436</x2>
<y2>369</y2>
<x3>436</x3>
<y3>383</y3>
<x4>405</x4>
<y4>387</y4>
</bndbox>
</object>
</annotation>