<?xml version="1.0" ?>
<annotation>
<folder>JPEGImages</folder>
<filename>img_282.xml</filename>
<path>xxxx</path>
<source>
<database>Unknown</database>
<annotation>xxx</annotation>
<image>xxx</image>
<flickrid>0</flickrid>
</source>
<size>
<width>1280</width>
<height>720</height>
<depth>3</depth>
</size>
<segmented>0</segmented>
<object>
<name>text</name>
<bndbox>
<x1>170</x1>
<y1>314</y1>
<x2>409</x2>
<y2>281</y2>
<x3>420</x3>
<y3>355</y3>
<x4>181</x4>
<y4>388</y4>
</bndbox>
</object>
<object>
<name>text</name>
<bndbox>
<x1>287</x1>
<y1>383</y1>
<x2>421</x2>
<y2>362</y2>
<x3>421</x3>
<y3>400</y3>
<x4>287</x4>
<y4>421</y4>
</bndbox>
</object>
<object>
<name>text</name>
<bndbox>
<x1>491</x1>
<y1>303</y1>
<x2>640</x2>
<y2>281</y2>
<x3>648</x3>
<y3>347</y3>
<x4>499</x4>
<y4>369</y4>
</bndbox>
</object>
<object>
<name>text</name>
<bndbox>
<x1>592</x1>
<y1>340</y1>
<x2>673</x2>
<y2>330</y2>
<x3>675</x3>
<y3>350</y3>
<x4>594</x4>
<y4>359</y4>
</bndbox>
</object>
<object>
<name>text</name>
<bndbox>
<x1>79</x1>
<y1>432</y1>
<x2>261</x2>
<y2>397</y2>
<x3>262</x3>
<y3>427</y3>
<x4>80</x4>
<y4>462</y4>
</bndbox>
</object>
</annotation>