<?xml version="1.0" ?>
<annotation>
<folder>JPEGImages</folder>
<filename>img_530.xml</filename>
<path>xxxx</path>
<source>
<database>Unknown</database>
<annotation>xxx</annotation>
<image>xxx</image>
<flickrid>0</flickrid>
</source>
<size>
<width>1280</width>
<height>720</height>
<depth>3</depth>
</size>
<segmented>0</segmented>
<object>
<name>text</name>
<bndbox>
<x1>158</x1>
<y1>366</y1>
<x2>227</x2>
<y2>354</y2>
<x3>231</x3>
<y3>376</y3>
<x4>162</x4>
<y4>389</y4>
</bndbox>
</object>
<object>
<name>text</name>
<bndbox>
<x1>36</x1>
<y1>81</y1>
<x2>131</x2>
<y2>80</y2>
<x3>135</x3>
<y3>105</y3>
<x4>40</x4>
<y4>106</y4>
</bndbox>
</object>
<object>
<name>text</name>
<bndbox>
<x1>38</x1>
<y1>124</y1>
<x2>130</x2>
<y2>121</y2>
<x3>130</x3>
<y3>145</y3>
<x4>38</x4>
<y4>148</y4>
</bndbox>
</object>
<object>
<name>text</name>
<bndbox>
<x1>131</x1>
<y1>123</y1>
<x2>201</x2>
<y2>124</y2>
<x3>201</x3>
<y3>145</y3>
<x4>131</x4>
<y4>144</y4>
</bndbox>
</object>
<object>
<name>text</name>
<bndbox>
<x1>63</x1>
<y1>338</y1>
<x2>161</x2>
<y2>324</y2>
<x3>162</x3>
<y3>345</y3>
<x4>65</x4>
<y4>359</y4>
</bndbox>
</object>
<object>
<name>text</name>
<bndbox>
<x1>135</x1>
<y1>81</y1>
<x2>186</x2>
<y2>81</y2>
<x3>187</x3>
<y3>104</y3>
<x4>136</x4>
<y4>104</y4>
</bndbox>
</object>
<object>
<name>text</name>
<bndbox>
<x1>161</x1>
<y1>324</y1>
<x2>213</x2>
<y2>318</y2>
<x3>215</x3>
<y3>339</y3>
<x4>162</x4>
<y4>345</y4>
</bndbox>
</object>
<object>
<name>text</name>
<bndbox>
<x1>61</x1>
<y1>379</y1>
<x2>157</x2>
<y2>365</y2>
<x3>162</x3>
<y3>390</y3>
<x4>66</x4>
<y4>404</y4>
</bndbox>
</object>
<object>
<name>text</name>
<bndbox>
<x1>92</x1>
<y1>595</y1>
<x2>185</x2>
<y2>565</y2>
<x3>195</x3>
<y3>589</y3>
<x4>102</x4>
<y4>619</y4>
</bndbox>
</object>
<object>
<name>text</name>
<bndbox>
<x1>190</x1>
<y1>566</y1>
<x2>248</x2>
<y2>551</y2>
<x3>252</x3>
<y3>573</y3>
<x4>193</x4>
<y4>588</y4>
</bndbox>
</object>
<object>
<name>text</name>
<bndbox>
<x1>93</x1>
<y1>641</y1>
<x2>193</x2>
<y2>606</y2>
<x3>196</x3>
<y3>631</y3>
<x4>96</x4>
<y4>666</y4>
</bndbox>
</object>
<object>
<name>text</name>
<bndbox>
<x1>191</x1>
<y1>608</y1>
<x2>256</x2>
<y2>588</y2>
<x3>260</x3>
<y3>613</y3>
<x4>195</x4>
<y4>633</y4>
</bndbox>
</object>
<object>
<name>text</name>
<bndbox>
<x1>552</x1>
<y1>289</y1>
<x2>582</x2>
<y2>304</y2>
<x3>571</x3>
<y3>320</y3>
<x4>541</x4>
<y4>305</y4>
</bndbox>
</object>
<object>
<name>text</name>
<bndbox>
<x1>1121</x1>
<y1>480</y1>
<x2>1193</x2>
<y2>473</y2>
<x3>1202</x3>
<y3>524</y3>
<x4>1130</x4>
<y4>531</y4>
</bndbox>
</object>
</annotation>