<?xml version="1.0" ?>
<annotation>
<folder>JPEGImages</folder>
<filename>img_286.xml</filename>
<path>xxxx</path>
<source>
<database>Unknown</database>
<annotation>xxx</annotation>
<image>xxx</image>
<flickrid>0</flickrid>
</source>
<size>
<width>1280</width>
<height>720</height>
<depth>3</depth>
</size>
<segmented>0</segmented>
<object>
<name>text</name>
<bndbox>
<x1>118</x1>
<y1>92</y1>
<x2>259</x2>
<y2>80</y2>
<x3>261</x3>
<y3>124</y3>
<x4>120</x4>
<y4>136</y4>
</bndbox>
</object>
<object>
<name>text</name>
<bndbox>
<x1>314</x1>
<y1>31</y1>
<x2>401</x2>
<y2>28</y2>
<x3>404</x3>
<y3>98</y3>
<x4>318</x4>
<y4>101</y4>
</bndbox>
</object>
<object>
<name>text</name>
<bndbox>
<x1>739</x1>
<y1>64</y1>
<x2>761</x2>
<y2>63</y2>
<x3>759</x3>
<y3>82</y3>
<x4>737</x4>
<y4>82</y4>
</bndbox>
</object>
<object>
<name>text</name>
<bndbox>
<x1>510</x1>
<y1>58</y1>
<x2>522</x2>
<y2>62</y2>
<x3>522</x3>
<y3>88</y3>
<x4>510</x4>
<y4>84</y4>
</bndbox>
</object>
<object>
<name>text</name>
<bndbox>
<x1>510</x1>
<y1>228</y1>
<x2>560</x2>
<y2>222</y2>
<x3>561</x3>
<y3>237</y3>
<x4>511</x4>
<y4>243</y4>
</bndbox>
</object>
<object>
<name>text</name>
<bndbox>
<x1>510</x1>
<y1>243</y1>
<x2>561</x2>
<y2>237</y2>
<x3>563</x3>
<y3>249</y3>
<x4>512</x4>
<y4>255</y4>
</bndbox>
</object>
<object>
<name>text</name>
<bndbox>
<x1>483</x1>
<y1>209</y1>
<x2>532</x2>
<y2>211</y2>
<x3>532</x3>
<y3>225</y3>
<x4>483</x4>
<y4>224</y4>
</bndbox>
</object>
<object>
<name>text</name>
<bndbox>
<x1>347</x1>
<y1>258</y1>
<x2>403</x2>
<y2>259</y2>
<x3>403</x3>
<y3>273</y3>
<x4>347</x4>
<y4>272</y4>
</bndbox>
</object>
<object>
<name>text</name>
<bndbox>
<x1>359</x1>
<y1>222</y1>
<x2>398</x2>
<y2>223</y2>
<x3>399</x3>
<y3>237</y3>
<x4>360</x4>
<y4>236</y4>
</bndbox>
</object>
<object>
<name>text</name>
<bndbox>
<x1>329</x1>
<y1>193</y1>
<x2>362</x2>
<y2>191</y2>
<x3>363</x3>
<y3>206</y3>
<x4>329</x4>
<y4>208</y4>
</bndbox>
</object>
</annotation>