<?xml version="1.0" ?>
<annotation>
<folder>JPEGImages</folder>
<filename>img_45.xml</filename>
<path>xxxx</path>
<source>
<database>Unknown</database>
<annotation>xxx</annotation>
<image>xxx</image>
<flickrid>0</flickrid>
</source>
<size>
<width>1280</width>
<height>720</height>
<depth>3</depth>
</size>
<segmented>0</segmented>
<object>
<name>text</name>
<bndbox>
<x1>275</x1>
<y1>43</y1>
<x2>385</x2>
<y2>4</y2>
<x3>383</x3>
<y3>111</y3>
<x4>265</x4>
<y4>142</y4>
</bndbox>
</object>
</annotation>