<?xml version="1.0" ?>
<annotation>
<folder>JPEGImages</folder>
<filename>img_4.xml</filename>
<path>xxxx</path>
<source>
<database>Unknown</database>
<annotation>xxx</annotation>
<image>xxx</image>
<flickrid>0</flickrid>
</source>
<size>
<width>1280</width>
<height>720</height>
<depth>3</depth>
</size>
<segmented>0</segmented>
<object>
<name>text</name>
<bndbox>
<x1>692</x1>
<y1>268</y1>
<x2>710</x2>
<y2>268</y2>
<x3>710</x3>
<y3>293</y3>
<x4>692</x4>
<y4>293</y4>
</bndbox>
</object>
<object>
<name>text</name>
<bndbox>
<x1>663</x1>
<y1>224</y1>
<x2>733</x2>
<y2>230</y2>
<x3>737</x3>
<y3>246</y3>
<x4>661</x4>
<y4>242</y4>
</bndbox>
</object>
<object>
<name>text</name>
<bndbox>
<x1>668</x1>
<y1>242</y1>
<x2>737</x2>
<y2>244</y2>
<x3>734</x3>
<y3>260</y3>
<x4>670</x4>
<y4>256</y4>
</bndbox>
</object>
</annotation>