<?xml version="1.0" ?>
<annotation>
<folder>JPEGImages</folder>
<filename>img_390.xml</filename>
<path>xxxx</path>
<source>
<database>Unknown</database>
<annotation>xxx</annotation>
<image>xxx</image>
<flickrid>0</flickrid>
</source>
<size>
<width>1280</width>
<height>720</height>
<depth>3</depth>
</size>
<segmented>0</segmented>
<object>
<name>text</name>
<bndbox>
<x1>1044</x1>
<y1>331</y1>
<x2>1096</x2>
<y2>337</y2>
<x3>1095</x3>
<y3>362</y3>
<x4>1043</x4>
<y4>357</y4>
</bndbox>
</object>
<object>
<name>text</name>
<bndbox>
<x1>706</x1>
<y1>282</y1>
<x2>772</x2>
<y2>293</y2>
<x3>767</x3>
<y3>319</y3>
<x4>701</x4>
<y4>308</y4>
</bndbox>
</object>
<object>
<name>text</name>
<bndbox>
<x1>872</x1>
<y1>287</y1>
<x2>948</x2>
<y2>301</y2>
<x3>947</x3>
<y3>316</y3>
<x4>871</x4>
<y4>302</y4>
</bndbox>
</object>
<object>
<name>text</name>
<bndbox>
<x1>919</x1>
<y1>326</y1>
<x2>956</x2>
<y2>328</y2>
<x3>954</x3>
<y3>340</y3>
<x4>918</x4>
<y4>338</y4>
</bndbox>
</object>
<object>
<name>text</name>
<bndbox>
<x1>915</x1>
<y1>335</y1>
<x2>960</x2>
<y2>342</y2>
<x3>957</x3>
<y3>355</y3>
<x4>912</x4>
<y4>349</y4>
</bndbox>
</object>
<object>
<name>text</name>
<bndbox>
<x1>598</x1>
<y1>140</y1>
<x2>736</x2>
<y2>78</y2>
<x3>732</x3>
<y3>113</y3>
<x4>598</x4>
<y4>165</y4>
</bndbox>
</object>
<object>
<name>text</name>
<bndbox>
<x1>234</x1>
<y1>181</y1>
<x2>472</x2>
<y2>228</y2>
<x3>450</x3>
<y3>345</y3>
<x4>212</x4>
<y4>298</y4>
</bndbox>
</object>
<object>
<name>text</name>
<bndbox>
<x1>11</x1>
<y1>72</y1>
<x2>113</x2>
<y2>91</y2>
<x3>108</x3>
<y3>135</y3>
<x4>6</x4>
<y4>116</y4>
</bndbox>
</object>
</annotation>