<?xml version="1.0" ?>
<annotation>
<folder>JPEGImages</folder>
<filename>img_216.xml</filename>
<path>xxxx</path>
<source>
<database>Unknown</database>
<annotation>xxx</annotation>
<image>xxx</image>
<flickrid>0</flickrid>
</source>
<size>
<width>1280</width>
<height>720</height>
<depth>3</depth>
</size>
<segmented>0</segmented>
<object>
<name>text</name>
<bndbox>
<x1>47</x1>
<y1>232</y1>
<x2>92</x2>
<y2>231</y2>
<x3>92</x3>
<y3>243</y3>
<x4>47</x4>
<y4>244</y4>
</bndbox>
</object>
<object>
<name>text</name>
<bndbox>
<x1>22</x1>
<y1>213</y1>
<x2>68</x2>
<y2>214</y2>
<x3>67</x3>
<y3>230</y3>
<x4>21</x4>
<y4>230</y4>
</bndbox>
</object>
<object>
<name>text</name>
<bndbox>
<x1>277</x1>
<y1>211</y1>
<x2>407</x2>
<y2>208</y2>
<x3>407</x3>
<y3>240</y3>
<x4>277</x4>
<y4>243</y4>
</bndbox>
</object>
<object>
<name>text</name>
<bndbox>
<x1>409</x1>
<y1>209</y1>
<x2>549</x2>
<y2>205</y2>
<x3>551</x3>
<y3>236</y3>
<x4>411</x4>
<y4>240</y4>
</bndbox>
</object>
<object>
<name>text</name>
<bndbox>
<x1>564</x1>
<y1>171</y1>
<x2>600</x2>
<y2>135</y2>
<x3>605</x3>
<y3>184</y3>
<x4>569</x4>
<y4>221</y4>
</bndbox>
</object>
<object>
<name>text</name>
<bndbox>
<x1>597</x1>
<y1>129</y1>
<x2>631</x2>
<y2>95</y2>
<x3>638</x3>
<y3>152</y3>
<x4>604</x4>
<y4>185</y4>
</bndbox>
</object>
<object>
<name>text</name>
<bndbox>
<x1>914</x1>
<y1>137</y1>
<x2>943</x2>
<y2>129</y2>
<x3>946</x3>
<y3>151</y3>
<x4>918</x4>
<y4>160</y4>
</bndbox>
</object>
<object>
<name>text</name>
<bndbox>
<x1>951</x1>
<y1>101</y1>
<x2>977</x2>
<y2>91</y2>
<x3>981</x3>
<y3>118</y3>
<x4>956</x4>
<y4>128</y4>
</bndbox>
</object>
<object>
<name>text</name>
<bndbox>
<x1>1074</x1>
<y1>122</y1>
<x2>1108</x2>
<y2>112</y2>
<x3>1113</x3>
<y3>139</y3>
<x4>1080</x4>
<y4>149</y4>
</bndbox>
</object>
<object>
<name>text</name>
<bndbox>
<x1>567</x1>
<y1>238</y1>
<x2>656</x2>
<y2>189</y2>
<x3>658</x3>
<y3>219</y3>
<x4>570</x4>
<y4>268</y4>
</bndbox>
</object>
<object>
<name>text</name>
<bndbox>
<x1>566</x1>
<y1>271</y1>
<x2>660</x2>
<y2>220</y2>
<x3>661</x3>
<y3>239</y3>
<x4>569</x4>
<y4>282</y4>
</bndbox>
</object>
<object>
<name>text</name>
<bndbox>
<x1>1122</x1>
<y1>104</y1>
<x2>1211</x2>
<y2>71</y2>
<x3>1218</x3>
<y3>88</y3>
<x4>1126</x4>
<y4>118</y4>
</bndbox>
</object>
<object>
<name>text</name>
<bndbox>
<x1>1119</x1>
<y1>83</y1>
<x2>1162</x2>
<y2>64</y2>
<x3>1166</x3>
<y3>75</y3>
<x4>1123</x4>
<y4>94</y4>
</bndbox>
</object>
<object>
<name>text</name>
<bndbox>
<x1>1112</x1>
<y1>58</y1>
<x2>1162</x2>
<y2>38</y2>
<x3>1165</x3>
<y3>47</y3>
<x4>1115</x4>
<y4>67</y4>
</bndbox>
</object>
<object>
<name>text</name>
<bndbox>
<x1>1105</x1>
<y1>36</y1>
<x2>1164</x2>
<y2>8</y2>
<x3>1165</x3>
<y3>15</y3>
<x4>1107</x4>
<y4>44</y4>
</bndbox>
</object>
<object>
<name>text</name>
<bndbox>
<x1>1099</x1>
<y1>11</y1>
<x2>1124</x2>
<y2>0</y2>
<x3>1144</x3>
<y3>1</y3>
<x4>1104</x4>
<y4>20</y4>
</bndbox>
</object>
<object>
<name>text</name>
<bndbox>
<x1>172</x1>
<y1>228</y1>
<x2>242</x2>
<y2>227</y2>
<x3>242</x3>
<y3>240</y3>
<x4>172</x4>
<y4>241</y4>
</bndbox>
</object>
</annotation>