<?xml version="1.0" ?>
<annotation>
<folder>JPEGImages</folder>
<filename>img_487.xml</filename>
<path>xxxx</path>
<source>
<database>Unknown</database>
<annotation>xxx</annotation>
<image>xxx</image>
<flickrid>0</flickrid>
</source>
<size>
<width>1280</width>
<height>720</height>
<depth>3</depth>
</size>
<segmented>0</segmented>
<object>
<name>text</name>
<bndbox>
<x1>164</x1>
<y1>242</y1>
<x2>210</x2>
<y2>232</y2>
<x3>213</x3>
<y3>246</y3>
<x4>167</x4>
<y4>256</y4>
</bndbox>
</object>
<object>
<name>text</name>
<bndbox>
<x1>495</x1>
<y1>179</y1>
<x2>565</x2>
<y2>166</y2>
<x3>567</x3>
<y3>181</y3>
<x4>497</x4>
<y4>194</y4>
</bndbox>
</object>
<object>
<name>text</name>
<bndbox>
<x1>468</x1>
<y1>231</y1>
<x2>531</x2>
<y2>219</y2>
<x3>532</x3>
<y3>231</y3>
<x4>470</x4>
<y4>244</y4>
</bndbox>
</object>
<object>
<name>text</name>
<bndbox>
<x1>494</x1>
<y1>237</y1>
<x2>542</x2>
<y2>227</y2>
<x3>545</x3>
<y3>240</y3>
<x4>497</x4>
<y4>250</y4>
</bndbox>
</object>
<object>
<name>text</name>
<bndbox>
<x1>543</x1>
<y1>228</y1>
<x2>576</x2>
<y2>224</y2>
<x3>575</x3>
<y3>236</y3>
<x4>542</x4>
<y4>240</y4>
</bndbox>
</object>
<object>
<name>text</name>
<bndbox>
<x1>628</x1>
<y1>156</y1>
<x2>668</x2>
<y2>151</y2>
<x3>671</x3>
<y3>165</y3>
<x4>631</x4>
<y4>170</y4>
</bndbox>
</object>
<object>
<name>text</name>
<bndbox>
<x1>469</x1>
<y1>259</y1>
<x2>503</x2>
<y2>253</y2>
<x3>506</x3>
<y3>269</y3>
<x4>472</x4>
<y4>275</y4>
</bndbox>
</object>
<object>
<name>text</name>
<bndbox>
<x1>502</x1>
<y1>252</y1>
<x2>574</x2>
<y2>238</y2>
<x3>578</x3>
<y3>254</y3>
<x4>506</x4>
<y4>268</y4>
</bndbox>
</object>
<object>
<name>text</name>
<bndbox>
<x1>565</x1>
<y1>168</y1>
<x2>618</x2>
<y2>159</y2>
<x3>624</x3>
<y3>172</y3>
<x4>570</x4>
<y4>182</y4>
</bndbox>
</object>
<object>
<name>text</name>
<bndbox>
<x1>888</x1>
<y1>145</y1>
<x2>934</x2>
<y2>137</y2>
<x3>936</x3>
<y3>151</y3>
<x4>891</x4>
<y4>159</y4>
</bndbox>
</object>
<object>
<name>text</name>
<bndbox>
<x1>891</x1>
<y1>159</y1>
<x2>936</x2>
<y2>153</y2>
<x3>938</x3>
<y3>167</y3>
<x4>894</x4>
<y4>174</y4>
</bndbox>
</object>
<object>
<name>text</name>
<bndbox>
<x1>892</x1>
<y1>178</y1>
<x2>940</x2>
<y2>170</y2>
<x3>943</x3>
<y3>185</y3>
<x4>894</x4>
<y4>193</y4>
</bndbox>
</object>
<object>
<name>text</name>
<bndbox>
<x1>897</x1>
<y1>195</y1>
<x2>933</x2>
<y2>189</y2>
<x3>934</x3>
<y3>203</y3>
<x4>898</x4>
<y4>208</y4>
</bndbox>
</object>
<object>
<name>text</name>
<bndbox>
<x1>898</x1>
<y1>209</y1>
<x2>950</x2>
<y2>200</y2>
<x3>952</x3>
<y3>217</y3>
<x4>900</x4>
<y4>225</y4>
</bndbox>
</object>
</annotation>