<?xml version="1.0" ?>
<annotation>
<folder>JPEGImages</folder>
<filename>img_300.xml</filename>
<path>xxxx</path>
<source>
<database>Unknown</database>
<annotation>xxx</annotation>
<image>xxx</image>
<flickrid>0</flickrid>
</source>
<size>
<width>1280</width>
<height>720</height>
<depth>3</depth>
</size>
<segmented>0</segmented>
<object>
<name>text</name>
<bndbox>
<x1>520</x1>
<y1>141</y1>
<x2>572</x2>
<y2>133</y2>
<x3>574</x3>
<y3>147</y3>
<x4>522</x4>
<y4>154</y4>
</bndbox>
</object>
<object>
<name>text</name>
<bndbox>
<x1>760</x1>
<y1>518</y1>
<x2>878</x2>
<y2>494</y2>
<x3>879</x3>
<y3>508</y3>
<x4>761</x4>
<y4>532</y4>
</bndbox>
</object>
<object>
<name>text</name>
<bndbox>
<x1>575</x1>
<y1>451</y1>
<x2>656</x2>
<y2>436</y2>
<x3>655</x3>
<y3>448</y3>
<x4>574</x4>
<y4>463</y4>
</bndbox>
</object>
<object>
<name>text</name>
<bndbox>
<x1>570</x1>
<y1>324</y1>
<x2>641</x2>
<y2>311</y2>
<x3>642</x3>
<y3>323</y3>
<x4>572</x4>
<y4>335</y4>
</bndbox>
</object>
<object>
<name>text</name>
<bndbox>
<x1>457</x1>
<y1>594</y1>
<x2>516</x2>
<y2>579</y2>
<x3>518</x3>
<y3>594</y3>
<x4>459</x4>
<y4>610</y4>
</bndbox>
</object>
<object>
<name>text</name>
<bndbox>
<x1>595</x1>
<y1>543</y1>
<x2>674</x2>
<y2>527</y2>
<x3>675</x3>
<y3>539</y3>
<x4>596</x4>
<y4>555</y4>
</bndbox>
</object>
<object>
<name>text</name>
<bndbox>
<x1>438</x1>
<y1>471</y1>
<x2>498</x2>
<y2>460</y2>
<x3>499</x3>
<y3>475</y3>
<x4>440</x4>
<y4>487</y4>
</bndbox>
</object>
<object>
<name>text</name>
<bndbox>
<x1>503</x1>
<y1>130</y1>
<x2>563</x2>
<y2>122</y2>
<x3>564</x3>
<y3>135</y3>
<x4>504</x4>
<y4>144</y4>
</bndbox>
</object>
<object>
<name>text</name>
<bndbox>
<x1>134</x1>
<y1>200</y1>
<x2>197</x2>
<y2>189</y2>
<x3>199</x3>
<y3>204</y3>
<x4>136</x4>
<y4>215</y4>
</bndbox>
</object>
<object>
<name>text</name>
<bndbox>
<x1>150</x1>
<y1>212</y1>
<x2>206</x2>
<y2>201</y2>
<x3>209</x3>
<y3>216</y3>
<x4>153</x4>
<y4>227</y4>
</bndbox>
</object>
<object>
<name>text</name>
<bndbox>
<x1>129</x1>
<y1>527</y1>
<x2>191</x2>
<y2>516</y2>
<x3>195</x3>
<y3>529</y3>
<x4>132</x4>
<y4>541</y4>
</bndbox>
</object>
<object>
<name>text</name>
<bndbox>
<x1>347</x1>
<y1>615</y1>
<x2>403</x2>
<y2>604</y2>
<x3>404</x3>
<y3>617</y3>
<x4>349</x4>
<y4>628</y4>
</bndbox>
</object>
<object>
<name>text</name>
<bndbox>
<x1>365</x1>
<y1>623</y1>
<x2>414</x2>
<y2>614</y2>
<x3>416</x3>
<y3>625</y3>
<x4>367</x4>
<y4>635</y4>
</bndbox>
</object>
<object>
<name>text</name>
<bndbox>
<x1>424</x1>
<y1>350</y1>
<x2>490</x2>
<y2>337</y2>
<x3>491</x3>
<y3>349</y3>
<x4>426</x4>
<y4>362</y4>
</bndbox>
</object>
</annotation>