<?xml version="1.0" ?>
<annotation>
<folder>JPEGImages</folder>
<filename>img_3.xml</filename>
<path>xxxx</path>
<source>
<database>Unknown</database>
<annotation>xxx</annotation>
<image>xxx</image>
<flickrid>0</flickrid>
</source>
<size>
<width>1280</width>
<height>720</height>
<depth>3</depth>
</size>
<segmented>0</segmented>
<object>
<name>text</name>
<bndbox>
<x1>58</x1>
<y1>80</y1>
<x2>191</x2>
<y2>71</y2>
<x3>194</x3>
<y3>114</y3>
<x4>61</x4>
<y4>123</y4>
</bndbox>
</object>
<object>
<name>text</name>
<bndbox>
<x1>147</x1>
<y1>21</y1>
<x2>176</x2>
<y2>21</y2>
<x3>176</x3>
<y3>36</y3>
<x4>147</x4>
<y4>36</y4>
</bndbox>
</object>
<object>
<name>text</name>
<bndbox>
<x1>328</x1>
<y1>75</y1>
<x2>391</x2>
<y2>81</y2>
<x3>387</x3>
<y3>112</y3>
<x4>326</x4>
<y4>113</y4>
</bndbox>
</object>
<object>
<name>text</name>
<bndbox>
<x1>401</x1>
<y1>76</y1>
<x2>448</x2>
<y2>84</y2>
<x3>445</x3>
<y3>108</y3>
<x4>402</x4>
<y4>111</y4>
</bndbox>
</object>
<object>
<name>text</name>
<bndbox>
<x1>780</x1>
<y1>7</y1>
<x2>1015</x2>
<y2>6</y2>
<x3>1016</x3>
<y3>37</y3>
<x4>788</x4>
<y4>42</y4>
</bndbox>
</object>
<object>
<name>text</name>
<bndbox>
<x1>221</x1>
<y1>72</y1>
<x2>311</x2>
<y2>80</y2>
<x3>312</x3>
<y3>117</y3>
<x4>222</x4>
<y4>118</y4>
</bndbox>
</object>
<object>
<name>text</name>
<bndbox>
<x1>113</x1>
<y1>19</y1>
<x2>144</x2>
<y2>19</y2>
<x3>144</x3>
<y3>33</y3>
<x4>113</x4>
<y4>33</y4>
</bndbox>
</object>
<object>
<name>text</name>
<bndbox>
<x1>257</x1>
<y1>28</y1>
<x2>308</x2>
<y2>28</y2>
<x3>308</x3>
<y3>57</y3>
<x4>257</x4>
<y4>57</y4>
</bndbox>
</object>
<object>
<name>text</name>
<bndbox>
<x1>140</x1>
<y1>120</y1>
<x2>196</x2>
<y2>115</y2>
<x3>195</x3>
<y3>129</y3>
<x4>141</x4>
<y4>133</y4>
</bndbox>
</object>
<object>
<name>text</name>
<bndbox>
<x1>86</x1>
<y1>176</y1>
<x2>110</x2>
<y2>177</y2>
<x3>112</x3>
<y3>189</y3>
<x4>89</x4>
<y4>196</y4>
</bndbox>
</object>
<object>
<name>text</name>
<bndbox>
<x1>101</x1>
<y1>193</y1>
<x2>129</x2>
<y2>185</y2>
<x3>132</x3>
<y3>198</y3>
<x4>103</x4>
<y4>204</y4>
</bndbox>
</object>
<object>
<name>text</name>
<bndbox>
<x1>223</x1>
<y1>175</y1>
<x2>244</x2>
<y2>150</y2>
<x3>294</x3>
<y3>183</y3>
<x4>235</x4>
<y4>197</y4>
</bndbox>
</object>
<object>
<name>text</name>
<bndbox>
<x1>140</x1>
<y1>239</y1>
<x2>174</x2>
<y2>232</y2>
<x3>176</x3>
<y3>247</y3>
<x4>142</x4>
<y4>256</y4>
</bndbox>
</object>
</annotation>