<?xml version="1.0" ?>
<annotation>
<folder>JPEGImages</folder>
<filename>img_488.xml</filename>
<path>xxxx</path>
<source>
<database>Unknown</database>
<annotation>xxx</annotation>
<image>xxx</image>
<flickrid>0</flickrid>
</source>
<size>
<width>1280</width>
<height>720</height>
<depth>3</depth>
</size>
<segmented>0</segmented>
<object>
<name>text</name>
<bndbox>
<x1>633</x1>
<y1>191</y1>
<x2>672</x2>
<y2>176</y2>
<x3>673</x3>
<y3>195</y3>
<x4>635</x4>
<y4>210</y4>
</bndbox>
</object>
<object>
<name>text</name>
<bndbox>
<x1>671</x1>
<y1>173</y1>
<x2>722</x2>
<y2>158</y2>
<x3>726</x3>
<y3>176</y3>
<x4>675</x4>
<y4>191</y4>
</bndbox>
</object>
<object>
<name>text</name>
<bndbox>
<x1>721</x1>
<y1>154</y1>
<x2>783</x2>
<y2>131</y2>
<x3>786</x3>
<y3>153</y3>
<x4>723</x4>
<y4>175</y4>
</bndbox>
</object>
<object>
<name>text</name>
<bndbox>
<x1>781</x1>
<y1>125</y1>
<x2>850</x2>
<y2>105</y2>
<x3>853</x3>
<y3>130</y3>
<x4>785</x4>
<y4>150</y4>
</bndbox>
</object>
<object>
<name>text</name>
<bndbox>
<x1>613</x1>
<y1>200</y1>
<x2>635</x2>
<y2>193</y2>
<x3>637</x3>
<y3>210</y3>
<x4>616</x4>
<y4>218</y4>
</bndbox>
</object>
<object>
<name>text</name>
<bndbox>
<x1>577</x1>
<y1>217</y1>
<x2>617</x2>
<y2>203</y2>
<x3>618</x3>
<y3>218</y3>
<x4>578</x4>
<y4>232</y4>
</bndbox>
</object>
<object>
<name>text</name>
<bndbox>
<x1>1073</x1>
<y1>38</y1>
<x2>1135</x2>
<y2>15</y2>
<x3>1143</x3>
<y3>45</y3>
<x4>1082</x4>
<y4>68</y4>
</bndbox>
</object>
<object>
<name>text</name>
<bndbox>
<x1>1138</x1>
<y1>14</y1>
<x2>1183</x2>
<y2>0</y2>
<x3>1193</x3>
<y3>29</y3>
<x4>1148</x4>
<y4>43</y4>
</bndbox>
</object>
<object>
<name>text</name>
<bndbox>
<x1>577</x1>
<y1>179</y1>
<x2>662</x2>
<y2>143</y2>
<x3>666</x3>
<y3>173</y3>
<x4>581</x4>
<y4>209</y4>
</bndbox>
</object>
<object>
<name>text</name>
<bndbox>
<x1>664</x1>
<y1>131</y1>
<x2>841</x2>
<y2>50</y2>
<x3>848</x3>
<y3>91</y3>
<x4>672</x4>
<y4>172</y4>
</bndbox>
</object>
</annotation>