<?xml version="1.0" ?>
<annotation>
<folder>JPEGImages</folder>
<filename>img_285.xml</filename>
<path>xxxx</path>
<source>
<database>Unknown</database>
<annotation>xxx</annotation>
<image>xxx</image>
<flickrid>0</flickrid>
</source>
<size>
<width>1280</width>
<height>720</height>
<depth>3</depth>
</size>
<segmented>0</segmented>
<object>
<name>text</name>
<bndbox>
<x1>204</x1>
<y1>214</y1>
<x2>233</x2>
<y2>212</y2>
<x3>236</x3>
<y3>243</y3>
<x4>207</x4>
<y4>245</y4>
</bndbox>
</object>
<object>
<name>text</name>
<bndbox>
<x1>245</x1>
<y1>232</y1>
<x2>308</x2>
<y2>223</y2>
<x3>310</x3>
<y3>233</y3>
<x4>247</x4>
<y4>243</y4>
</bndbox>
</object>
<object>
<name>text</name>
<bndbox>
<x1>328</x1>
<y1>349</y1>
<x2>352</x2>
<y2>343</y2>
<x3>356</x3>
<y3>359</y3>
<x4>332</x4>
<y4>365</y4>
</bndbox>
</object>
<object>
<name>text</name>
<bndbox>
<x1>330</x1>
<y1>365</y1>
<x2>407</x2>
<y2>348</y2>
<x3>425</x3>
<y3>443</y3>
<x4>347</x4>
<y4>460</y4>
</bndbox>
</object>
<object>
<name>text</name>
<bndbox>
<x1>409</x1>
<y1>361</y1>
<x2>438</x2>
<y2>355</y2>
<x3>448</x3>
<y3>415</y3>
<x4>419</x4>
<y4>422</y4>
</bndbox>
</object>
<object>
<name>text</name>
<bndbox>
<x1>482</x1>
<y1>185</y1>
<x2>508</x2>
<y2>183</y2>
<x3>508</x3>
<y3>203</y3>
<x4>482</x4>
<y4>205</y4>
</bndbox>
</object>
<object>
<name>text</name>
<bndbox>
<x1>621</x1>
<y1>139</y1>
<x2>665</x2>
<y2>136</y2>
<x3>668</x3>
<y3>178</y3>
<x4>624</x4>
<y4>181</y4>
</bndbox>
</object>
<object>
<name>text</name>
<bndbox>
<x1>784</x1>
<y1>157</y1>
<x2>839</x2>
<y2>151</y2>
<x3>839</x3>
<y3>163</y3>
<x4>785</x4>
<y4>169</y4>
</bndbox>
</object>
<object>
<name>text</name>
<bndbox>
<x1>610</x1>
<y1>104</y1>
<x2>671</x2>
<y2>97</y2>
<x3>673</x3>
<y3>111</y3>
<x4>611</x4>
<y4>118</y4>
</bndbox>
</object>
</annotation>