<?xml version="1.0" ?>
<annotation>
<folder>JPEGImages</folder>
<filename>img_437.xml</filename>
<path>xxxx</path>
<source>
<database>Unknown</database>
<annotation>xxx</annotation>
<image>xxx</image>
<flickrid>0</flickrid>
</source>
<size>
<width>1280</width>
<height>720</height>
<depth>3</depth>
</size>
<segmented>0</segmented>
<object>
<name>text</name>
<bndbox>
<x1>451</x1>
<y1>178</y1>
<x2>567</x2>
<y2>165</y2>
<x3>568</x3>
<y3>193</y3>
<x4>452</x4>
<y4>206</y4>
</bndbox>
</object>
<object>
<name>text</name>
<bndbox>
<x1>565</x1>
<y1>166</y1>
<x2>691</x2>
<y2>152</y2>
<x3>692</x3>
<y3>177</y3>
<x4>566</x4>
<y4>192</y4>
</bndbox>
</object>
<object>
<name>text</name>
<bndbox>
<x1>694</x1>
<y1>147</y1>
<x2>841</x2>
<y2>126</y2>
<x3>844</x3>
<y3>156</y3>
<x4>696</x4>
<y4>177</y4>
</bndbox>
</object>
<object>
<name>text</name>
<bndbox>
<x1>840</x1>
<y1>130</y1>
<x2>1006</x2>
<y2>105</y2>
<x3>1010</x3>
<y3>134</y3>
<x4>845</x4>
<y4>158</y4>
</bndbox>
</object>
<object>
<name>text</name>
<bndbox>
<x1>911</x1>
<y1>86</y1>
<x2>1009</x2>
<y2>71</y2>
<x3>1012</x3>
<y3>91</y3>
<x4>915</x4>
<y4>106</y4>
</bndbox>
</object>
<object>
<name>text</name>
<bndbox>
<x1>475</x1>
<y1>110</y1>
<x2>567</x2>
<y2>95</y2>
<x3>568</x3>
<y3>111</y3>
<x4>476</x4>
<y4>125</y4>
</bndbox>
</object>
<object>
<name>text</name>
<bndbox>
<x1>450</x1>
<y1>157</y1>
<x2>540</x2>
<y2>144</y2>
<x3>540</x3>
<y3>160</y3>
<x4>450</x4>
<y4>173</y4>
</bndbox>
</object>
<object>
<name>text</name>
<bndbox>
<x1>12</x1>
<y1>237</y1>
<x2>96</x2>
<y2>228</y2>
<x3>97</x3>
<y3>253</y3>
<x4>13</x4>
<y4>262</y4>
</bndbox>
</object>
<object>
<name>text</name>
<bndbox>
<x1>149</x1>
<y1>212</y1>
<x2>247</x2>
<y2>204</y2>
<x3>248</x3>
<y3>234</y3>
<x4>150</x4>
<y4>242</y4>
</bndbox>
</object>
<object>
<name>text</name>
<bndbox>
<x1>22</x1>
<y1>150</y1>
<x2>68</x2>
<y2>144</y2>
<x3>54</x3>
<y3>259</y3>
<x4>8</x4>
<y4>265</y4>
</bndbox>
</object>
<object>
<name>text</name>
<bndbox>
<x1>0</x1>
<y1>239</y1>
<x2>12</x2>
<y2>238</y2>
<x3>12</x3>
<y3>264</y3>
<x4>0</x4>
<y4>265</y4>
</bndbox>
</object>
</annotation>