<?xml version="1.0" ?>
<annotation>
<folder>JPEGImages</folder>
<filename>img_389.xml</filename>
<path>xxxx</path>
<source>
<database>Unknown</database>
<annotation>xxx</annotation>
<image>xxx</image>
<flickrid>0</flickrid>
</source>
<size>
<width>1280</width>
<height>720</height>
<depth>3</depth>
</size>
<segmented>0</segmented>
<object>
<name>text</name>
<bndbox>
<x1>324</x1>
<y1>59</y1>
<x2>447</x2>
<y2>73</y2>
<x3>445</x3>
<y3>100</y3>
<x4>322</x4>
<y4>85</y4>
</bndbox>
</object>
<object>
<name>text</name>
<bndbox>
<x1>6</x1>
<y1>200</y1>
<x2>86</x2>
<y2>202</y2>
<x3>83</x3>
<y3>284</y3>
<x4>3</x4>
<y4>282</y4>
</bndbox>
</object>
<object>
<name>text</name>
<bndbox>
<x1>3</x1>
<y1>102</y1>
<x2>59</x2>
<y2>105</y2>
<x3>56</x3>
<y3>139</y3>
<x4>0</x4>
<y4>136</y4>
</bndbox>
</object>
<object>
<name>text</name>
<bndbox>
<x1>10</x1>
<y1>149</y1>
<x2>108</x2>
<y2>151</y2>
<x3>106</x3>
<y3>196</y3>
<x4>8</x4>
<y4>194</y4>
</bndbox>
</object>
<object>
<name>text</name>
<bndbox>
<x1>698</x1>
<y1>114</y1>
<x2>746</x2>
<y2>120</y2>
<x3>745</x3>
<y3>142</y3>
<x4>698</x4>
<y4>137</y4>
</bndbox>
</object>
<object>
<name>text</name>
<bndbox>
<x1>1136</x1>
<y1>145</y1>
<x2>1198</x2>
<y2>145</y2>
<x3>1198</x3>
<y3>172</y3>
<x4>1136</x4>
<y4>172</y4>
</bndbox>
</object>
<object>
<name>text</name>
<bndbox>
<x1>696</x1>
<y1>138</y1>
<x2>746</x2>
<y2>144</y2>
<x3>747</x3>
<y3>160</y3>
<x4>697</x4>
<y4>154</y4>
</bndbox>
</object>
<object>
<name>text</name>
<bndbox>
<x1>829</x1>
<y1>152</y1>
<x2>858</x2>
<y2>152</y2>
<x3>858</x3>
<y3>172</y3>
<x4>829</x4>
<y4>172</y4>
</bndbox>
</object>
<object>
<name>text</name>
<bndbox>
<x1>939</x1>
<y1>136</y1>
<x2>966</x2>
<y2>140</y2>
<x3>963</x3>
<y3>164</y3>
<x4>937</x4>
<y4>161</y4>
</bndbox>
</object>
<object>
<name>text</name>
<bndbox>
<x1>869</x1>
<y1>181</y1>
<x2>902</x2>
<y2>180</y2>
<x3>902</x3>
<y3>198</y3>
<x4>868</x4>
<y4>199</y4>
</bndbox>
</object>
</annotation>