<?xml version="1.0" ?>
<annotation>
<folder>JPEGImages</folder>
<filename>img_16.xml</filename>
<path>xxxx</path>
<source>
<database>Unknown</database>
<annotation>xxx</annotation>
<image>xxx</image>
<flickrid>0</flickrid>
</source>
<size>
<width>1280</width>
<height>720</height>
<depth>3</depth>
</size>
<segmented>0</segmented>
<object>
<name>text</name>
<bndbox>
<x1>391</x1>
<y1>73</y1>
<x2>404</x2>
<y2>73</y2>
<x3>404</x3>
<y3>92</y3>
<x4>391</x4>
<y4>92</y4>
</bndbox>
</object>
<object>
<name>text</name>
<bndbox>
<x1>429</x1>
<y1>71</y1>
<x2>458</x2>
<y2>71</y2>
<x3>458</x3>
<y3>91</y3>
<x4>429</x4>
<y4>91</y4>
</bndbox>
</object>
<object>
<name>text</name>
<bndbox>
<x1>491</x1>
<y1>37</y1>
<x2>504</x2>
<y2>37</y2>
<x3>504</x3>
<y3>56</y3>
<x4>491</x4>
<y4>56</y4>
</bndbox>
</object>
<object>
<name>text</name>
<bndbox>
<x1>377</x1>
<y1>101</y1>
<x2>404</x2>
<y2>101</y2>
<x3>404</x3>
<y3>120</y3>
<x4>377</x4>
<y4>120</y4>
</bndbox>
</object>
<object>
<name>text</name>
<bndbox>
<x1>463</x1>
<y1>99</y1>
<x2>547</x2>
<y2>99</y2>
<x3>547</x3>
<y3>120</y3>
<x4>463</x4>
<y4>120</y4>
</bndbox>
</object>
<object>
<name>text</name>
<bndbox>
<x1>422</x1>
<y1>39</y1>
<x2>487</x2>
<y2>37</y2>
<x3>486</x3>
<y3>57</y3>
<x4>421</x4>
<y4>59</y4>
</bndbox>
</object>
<object>
<name>text</name>
<bndbox>
<x1>358</x1>
<y1>75</y1>
<x2>364</x2>
<y2>75</y2>
<x3>364</x3>
<y3>92</y3>
<x4>358</x4>
<y4>92</y4>
</bndbox>
</object>
<object>
<name>text</name>
<bndbox>
<x1>372</x1>
<y1>41</y1>
<x2>414</x2>
<y2>40</y2>
<x3>414</x3>
<y3>59</y3>
<x4>371</x4>
<y4>60</y4>
</bndbox>
</object>
<object>
<name>text</name>
<bndbox>
<x1>464</x1>
<y1>71</y1>
<x2>477</x2>
<y2>71</y2>
<x3>477</x3>
<y3>90</y3>
<x4>464</x4>
<y4>90</y4>
</bndbox>
</object>
<object>
<name>text</name>
<bndbox>
<x1>410</x1>
<y1>99</y1>
<x2>437</x2>
<y2>100</y2>
<x3>437</x3>
<y3>120</y3>
<x4>409</x4>
<y4>119</y4>
</bndbox>
</object>
<object>
<name>text</name>
<bndbox>
<x1>438</x1>
<y1>98</y1>
<x2>457</x2>
<y2>98</y2>
<x3>457</x3>
<y3>112</y3>
<x4>438</x4>
<y4>112</y4>
</bndbox>
</object>
<object>
<name>text</name>
<bndbox>
<x1>504</x1>
<y1>70</y1>
<x2>519</x2>
<y2>70</y2>
<x3>519</x3>
<y3>89</y3>
<x4>504</x4>
<y4>89</y4>
</bndbox>
</object>
<object>
<name>text</name>
<bndbox>
<x1>480</x1>
<y1>67</y1>
<x2>497</x2>
<y2>68</y2>
<x3>497</x3>
<y3>81</y3>
<x4>480</x4>
<y4>80</y4>
</bndbox>
</object>
<object>
<name>text</name>
<bndbox>
<x1>406</x1>
<y1>70</y1>
<x2>425</x2>
<y2>70</y2>
<x3>425</x3>
<y3>83</y3>
<x4>406</x4>
<y4>83</y4>
</bndbox>
</object>
<object>
<name>text</name>
<bndbox>
<x1>365</x1>
<y1>71</y1>
<x2>381</x2>
<y2>71</y2>
<x3>381</x3>
<y3>84</y3>
<x4>365</x4>
<y4>84</y4>
</bndbox>
</object>
<object>
<name>text</name>
<bndbox>
<x1>329</x1>
<y1>102</y1>
<x2>355</x2>
<y2>102</y2>
<x3>355</x3>
<y3>122</y3>
<x4>329</x4>
<y4>122</y4>
</bndbox>
</object>
<object>
<name>text</name>
<bndbox>
<x1>355</x1>
<y1>100</y1>
<x2>371</x2>
<y2>100</y2>
<x3>371</x3>
<y3>113</y3>
<x4>355</x4>
<y4>113</y4>
</bndbox>
</object>
</annotation>