<?xml version="1.0" ?>
<annotation>
<folder>JPEGImages</folder>
<filename>img_254.xml</filename>
<path>xxxx</path>
<source>
<database>Unknown</database>
<annotation>xxx</annotation>
<image>xxx</image>
<flickrid>0</flickrid>
</source>
<size>
<width>1280</width>
<height>720</height>
<depth>3</depth>
</size>
<segmented>0</segmented>
<object>
<name>text</name>
<bndbox>
<x1>563</x1>
<y1>543</y1>
<x2>616</x2>
<y2>541</y2>
<x3>617</x3>
<y3>559</y3>
<x4>563</x4>
<y4>561</y4>
</bndbox>
</object>
</annotation>