<?xml version="1.0" ?>
<annotation>
<folder>JPEGImages</folder>
<filename>img_182.xml</filename>
<path>xxxx</path>
<source>
<database>Unknown</database>
<annotation>xxx</annotation>
<image>xxx</image>
<flickrid>0</flickrid>
</source>
<size>
<width>1280</width>
<height>720</height>
<depth>3</depth>
</size>
<segmented>0</segmented>
<object>
<name>text</name>
<bndbox>
<x1>217</x1>
<y1>48</y1>
<x2>315</x2>
<y2>48</y2>
<x3>315</x3>
<y3>76</y3>
<x4>217</x4>
<y4>76</y4>
</bndbox>
</object>
</annotation>