<?xml version="1.0" ?>
<annotation>
<folder>JPEGImages</folder>
<filename>img_295.xml</filename>
<path>xxxx</path>
<source>
<database>Unknown</database>
<annotation>xxx</annotation>
<image>xxx</image>
<flickrid>0</flickrid>
</source>
<size>
<width>1280</width>
<height>720</height>
<depth>3</depth>
</size>
<segmented>0</segmented>
<object>
<name>text</name>
<bndbox>
<x1>975</x1>
<y1>564</y1>
<x2>1014</x2>
<y2>573</y2>
<x3>1008</x3>
<y3>612</y3>
<x4>969</x4>
<y4>603</y4>
</bndbox>
</object>
<object>
<name>text</name>
<bndbox>
<x1>1004</x1>
<y1>509</y1>
<x2>1074</x2>
<y2>525</y2>
<x3>1071</x3>
<y3>543</y3>
<x4>1001</x4>
<y4>527</y4>
</bndbox>
</object>
<object>
<name>text</name>
<bndbox>
<x1>1039</x1>
<y1>383</y1>
<x2>1124</x2>
<y2>393</y2>
<x3>1123</x3>
<y3>420</y3>
<x4>1038</x4>
<y4>410</y4>
</bndbox>
</object>
<object>
<name>text</name>
<bndbox>
<x1>996</x1>
<y1>488</y1>
<x2>1034</x2>
<y2>496</y2>
<x3>1033</x3>
<y3>516</y3>
<x4>994</x4>
<y4>507</y4>
</bndbox>
</object>
<object>
<name>text</name>
<bndbox>
<x1>1037</x1>
<y1>495</y1>
<x2>1076</x2>
<y2>503</y2>
<x3>1072</x3>
<y3>524</y3>
<x4>1033</x4>
<y4>515</y4>
</bndbox>
</object>
<object>
<name>text</name>
<bndbox>
<x1>771</x1>
<y1>35</y1>
<x2>825</x2>
<y2>19</y2>
<x3>827</x3>
<y3>42</y3>
<x4>774</x4>
<y4>58</y4>
</bndbox>
</object>
<object>
<name>text</name>
<bndbox>
<x1>1073</x1>
<y1>505</y1>
<x2>1167</x2>
<y2>525</y2>
<x3>1163</x3>
<y3>543</y3>
<x4>1069</x4>
<y4>523</y4>
</bndbox>
</object>
<object>
<name>text</name>
<bndbox>
<x1>722</x1>
<y1>53</y1>
<x2>775</x2>
<y2>35</y2>
<x3>775</x3>
<y3>61</y3>
<x4>722</x4>
<y4>79</y4>
</bndbox>
</object>
<object>
<name>text</name>
<bndbox>
<x1>1071</x1>
<y1>523</y1>
<x2>1141</x2>
<y2>541</y2>
<x3>1140</x3>
<y3>560</y3>
<x4>1070</x4>
<y4>543</y4>
</bndbox>
</object>
<object>
<name>text</name>
<bndbox>
<x1>1120</x1>
<y1>576</y1>
<x2>1176</x2>
<y2>591</y2>
<x3>1174</x3>
<y3>630</y3>
<x4>1118</x4>
<y4>615</y4>
</bndbox>
</object>
<object>
<name>text</name>
<bndbox>
<x1>1033</x1>
<y1>577</y1>
<x2>1101</x2>
<y2>594</y2>
<x3>1096</x3>
<y3>611</y3>
<x4>1028</x4>
<y4>594</y4>
</bndbox>
</object>
<object>
<name>text</name>
<bndbox>
<x1>1018</x1>
<y1>641</y1>
<x2>1046</x2>
<y2>652</y2>
<x3>1045</x3>
<y3>672</y3>
<x4>1017</x4>
<y4>662</y4>
</bndbox>
</object>
<object>
<name>text</name>
<bndbox>
<x1>1051</x1>
<y1>651</y1>
<x2>1111</x2>
<y2>674</y2>
<x3>1106</x3>
<y3>694</y3>
<x4>1046</x4>
<y4>672</y4>
</bndbox>
</object>
<object>
<name>text</name>
<bndbox>
<x1>984</x1>
<y1>646</y1>
<x2>1047</x2>
<y2>673</y2>
<x3>1044</x3>
<y3>694</y3>
<x4>980</x4>
<y4>667</y4>
</bndbox>
</object>
<object>
<name>text</name>
<bndbox>
<x1>924</x1>
<y1>489</y1>
<x2>946</x2>
<y2>487</y2>
<x3>945</x3>
<y3>512</y3>
<x4>923</x4>
<y4>514</y4>
</bndbox>
</object>
<object>
<name>text</name>
<bndbox>
<x1>945</x1>
<y1>489</y1>
<x2>975</x2>
<y2>489</y2>
<x3>975</x3>
<y3>514</y3>
<x4>945</x4>
<y4>515</y4>
</bndbox>
</object>
</annotation>