<?xml version="1.0" ?>
<annotation>
<folder>JPEGImages</folder>
<filename>img_204.xml</filename>
<path>xxxx</path>
<source>
<database>Unknown</database>
<annotation>xxx</annotation>
<image>xxx</image>
<flickrid>0</flickrid>
</source>
<size>
<width>1280</width>
<height>720</height>
<depth>3</depth>
</size>
<segmented>0</segmented>
<object>
<name>text</name>
<bndbox>
<x1>811</x1>
<y1>285</y1>
<x2>832</x2>
<y2>284</y2>
<x3>833</x3>
<y3>300</y3>
<x4>812</x4>
<y4>301</y4>
</bndbox>
</object>
<object>
<name>text</name>
<bndbox>
<x1>300</x1>
<y1>437</y1>
<x2>337</x2>
<y2>434</y2>
<x3>338</x3>
<y3>447</y3>
<x4>300</x4>
<y4>449</y4>
</bndbox>
</object>
</annotation>