<?xml version="1.0" ?>
<annotation>
<folder>JPEGImages</folder>
<filename>img_200.xml</filename>
<path>xxxx</path>
<source>
<database>Unknown</database>
<annotation>xxx</annotation>
<image>xxx</image>
<flickrid>0</flickrid>
</source>
<size>
<width>1280</width>
<height>720</height>
<depth>3</depth>
</size>
<segmented>0</segmented>
<object>
<name>text</name>
<bndbox>
<x1>804</x1>
<y1>268</y1>
<x2>837</x2>
<y2>270</y2>
<x3>837</x3>
<y3>334</y3>
<x4>805</x4>
<y4>332</y4>
</bndbox>
</object>
<object>
<name>text</name>
<bndbox>
<x1>785</x1>
<y1>479</y1>
<x2>861</x2>
<y2>483</y2>
<x3>861</x3>
<y3>497</y3>
<x4>785</x4>
<y4>493</y4>
</bndbox>
</object>
<object>
<name>text</name>
<bndbox>
<x1>776</x1>
<y1>499</y1>
<x2>796</x2>
<y2>501</y2>
<x3>796</x3>
<y3>510</y3>
<x4>776</x4>
<y4>509</y4>
</bndbox>
</object>
<object>
<name>text</name>
<bndbox>
<x1>774</x1>
<y1>515</y1>
<x2>785</x2>
<y2>516</y2>
<x3>785</x3>
<y3>526</y3>
<x4>774</x4>
<y4>525</y4>
</bndbox>
</object>
<object>
<name>text</name>
<bndbox>
<x1>810</x1>
<y1>501</y1>
<x2>871</x2>
<y2>503</y2>
<x3>870</x3>
<y3>514</y3>
<x4>809</x4>
<y4>512</y4>
</bndbox>
</object>
<object>
<name>text</name>
<bndbox>
<x1>822</x1>
<y1>517</y1>
<x2>871</x2>
<y2>518</y2>
<x3>871</x3>
<y3>530</y3>
<x4>822</x4>
<y4>528</y4>
</bndbox>
</object>
<object>
<name>text</name>
<bndbox>
<x1>774</x1>
<y1>527</y1>
<x2>803</x2>
<y2>528</y2>
<x3>803</x3>
<y3>542</y3>
<x4>773</x4>
<y4>541</y4>
</bndbox>
</object>
<object>
<name>text</name>
<bndbox>
<x1>833</x1>
<y1>533</y1>
<x2>850</x2>
<y2>534</y2>
<x3>850</x3>
<y3>543</y3>
<x4>833</x4>
<y4>543</y4>
</bndbox>
</object>
<object>
<name>text</name>
<bndbox>
<x1>854</x1>
<y1>533</y1>
<x2>871</x2>
<y2>533</y2>
<x3>871</x3>
<y3>544</y3>
<x4>854</x4>
<y4>543</y4>
</bndbox>
</object>
<object>
<name>text</name>
<bndbox>
<x1>789</x1>
<y1>546</y1>
<x2>856</x2>
<y2>548</y2>
<x3>855</x3>
<y3>558</y3>
<x4>787</x4>
<y4>556</y4>
</bndbox>
</object>
</annotation>