<?xml version="1.0" ?>
<annotation>
<folder>JPEGImages</folder>
<filename>img_108.xml</filename>
<path>xxxx</path>
<source>
<database>Unknown</database>
<annotation>xxx</annotation>
<image>xxx</image>
<flickrid>0</flickrid>
</source>
<size>
<width>1280</width>
<height>720</height>
<depth>3</depth>
</size>
<segmented>0</segmented>
<object>
<name>text</name>
<bndbox>
<x1>454</x1>
<y1>316</y1>
<x2>495</x2>
<y2>317</y2>
<x3>495</x3>
<y3>327</y3>
<x4>454</x4>
<y4>327</y4>
</bndbox>
</object>
<object>
<name>text</name>
<bndbox>
<x1>415</x1>
<y1>330</y1>
<x2>475</x2>
<y2>330</y2>
<x3>475</x3>
<y3>343</y3>
<x4>415</x4>
<y4>343</y4>
</bndbox>
</object>
<object>
<name>text</name>
<bndbox>
<x1>418</x1>
<y1>270</y1>
<x2>438</x2>
<y2>270</y2>
<x3>438</x3>
<y3>282</y3>
<x4>417</x4>
<y4>282</y4>
</bndbox>
</object>
<object>
<name>text</name>
<bndbox>
<x1>442</x1>
<y1>272</y1>
<x2>473</x2>
<y2>272</y2>
<x3>473</x3>
<y3>284</y3>
<x4>441</x4>
<y4>283</y4>
</bndbox>
</object>
<object>
<name>text</name>
<bndbox>
<x1>477</x1>
<y1>272</y1>
<x2>550</x2>
<y2>274</y2>
<x3>550</x3>
<y3>286</y3>
<x4>477</x4>
<y4>284</y4>
</bndbox>
</object>
<object>
<name>text</name>
<bndbox>
<x1>456</x1>
<y1>246</y1>
<x2>521</x2>
<y2>249</y2>
<x3>521</x3>
<y3>259</y3>
<x4>456</x4>
<y4>255</y4>
</bndbox>
</object>
<object>
<name>text</name>
<bndbox>
<x1>423</x1>
<y1>287</y1>
<x2>464</x2>
<y2>288</y2>
<x3>464</x3>
<y3>298</y3>
<x4>423</x4>
<y4>297</y4>
</bndbox>
</object>
<object>
<name>text</name>
<bndbox>
<x1>420</x1>
<y1>244</y1>
<x2>453</x2>
<y2>245</y2>
<x3>452</x3>
<y3>256</y3>
<x4>419</x4>
<y4>255</y4>
</bndbox>
</object>
<object>
<name>text</name>
<bndbox>
<x1>474</x1>
<y1>288</y1>
<x2>513</x2>
<y2>289</y2>
<x3>513</x3>
<y3>299</y3>
<x4>474</x4>
<y4>298</y4>
</bndbox>
</object>
<object>
<name>text</name>
<bndbox>
<x1>415</x1>
<y1>300</y1>
<x2>474</x2>
<y2>302</y2>
<x3>474</x3>
<y3>313</y3>
<x4>415</x4>
<y4>311</y4>
</bndbox>
</object>
<object>
<name>text</name>
<bndbox>
<x1>478</x1>
<y1>301</y1>
<x2>519</x2>
<y2>303</y2>
<x3>518</x3>
<y3>314</y3>
<x4>478</x4>
<y4>312</y4>
</bndbox>
</object>
<object>
<name>text</name>
<bndbox>
<x1>522</x1>
<y1>303</y1>
<x2>542</x2>
<y2>303</y2>
<x3>541</x3>
<y3>314</y3>
<x4>522</x4>
<y4>314</y4>
</bndbox>
</object>
<object>
<name>text</name>
<bndbox>
<x1>418</x1>
<y1>315</y1>
<x2>444</x2>
<y2>316</y2>
<x3>443</x3>
<y3>328</y3>
<x4>417</x4>
<y4>327</y4>
</bndbox>
</object>
<object>
<name>text</name>
<bndbox>
<x1>488</x1>
<y1>333</y1>
<x2>504</x2>
<y2>332</y2>
<x3>503</x3>
<y3>342</y3>
<x4>487</x4>
<y4>343</y4>
</bndbox>
</object>
<object>
<name>text</name>
<bndbox>
<x1>508</x1>
<y1>330</y1>
<x2>538</x2>
<y2>331</y2>
<x3>538</x3>
<y3>344</y3>
<x4>508</x4>
<y4>343</y4>
</bndbox>
</object>
<object>
<name>text</name>
<bndbox>
<x1>416</x1>
<y1>345</y1>
<x2>459</x2>
<y2>345</y2>
<x3>458</x3>
<y3>357</y3>
<x4>415</x4>
<y4>357</y4>
</bndbox>
</object>
<object>
<name>text</name>
<bndbox>
<x1>462</x1>
<y1>345</y1>
<x2>503</x2>
<y2>345</y2>
<x3>502</x3>
<y3>357</y3>
<x4>461</x4>
<y4>357</y4>
</bndbox>
</object>
<object>
<name>text</name>
<bndbox>
<x1>414</x1>
<y1>360</y1>
<x2>449</x2>
<y2>360</y2>
<x3>448</x3>
<y3>371</y3>
<x4>414</x4>
<y4>371</y4>
</bndbox>
</object>
<object>
<name>text</name>
<bndbox>
<x1>416</x1>
<y1>373</y1>
<x2>435</x2>
<y2>373</y2>
<x3>434</x3>
<y3>386</y3>
<x4>413</x4>
<y4>387</y4>
</bndbox>
</object>
<object>
<name>text</name>
<bndbox>
<x1>439</x1>
<y1>374</y1>
<x2>466</x2>
<y2>374</y2>
<x3>466</x3>
<y3>386</y3>
<x4>438</x4>
<y4>386</y4>
</bndbox>
</object>
<object>
<name>text</name>
<bndbox>
<x1>469</x1>
<y1>373</y1>
<x2>511</x2>
<y2>374</y2>
<x3>511</x3>
<y3>389</y3>
<x4>469</x4>
<y4>388</y4>
</bndbox>
</object>
<object>
<name>text</name>
<bndbox>
<x1>512</x1>
<y1>373</y1>
<x2>542</x2>
<y2>373</y2>
<x3>542</x3>
<y3>388</y3>
<x4>512</x4>
<y4>388</y4>
</bndbox>
</object>
<object>
<name>text</name>
<bndbox>
<x1>413</x1>
<y1>388</y1>
<x2>456</x2>
<y2>388</y2>
<x3>456</x3>
<y3>402</y3>
<x4>413</x4>
<y4>402</y4>
</bndbox>
</object>
<object>
<name>text</name>
<bndbox>
<x1>456</x1>
<y1>388</y1>
<x2>497</x2>
<y2>388</y2>
<x3>497</x3>
<y3>403</y3>
<x4>456</x4>
<y4>403</y4>
</bndbox>
</object>
<object>
<name>text</name>
<bndbox>
<x1>414</x1>
<y1>414</y1>
<x2>500</x2>
<y2>414</y2>
<x3>499</x3>
<y3>437</y3>
<x4>413</x4>
<y4>437</y4>
</bndbox>
</object>
</annotation>