<?xml version="1.0" ?>
<annotation>
<folder>JPEGImages</folder>
<filename>img_35.xml</filename>
<path>xxxx</path>
<source>
<database>Unknown</database>
<annotation>xxx</annotation>
<image>xxx</image>
<flickrid>0</flickrid>
</source>
<size>
<width>1280</width>
<height>720</height>
<depth>3</depth>
</size>
<segmented>0</segmented>
<object>
<name>text</name>
<bndbox>
<x1>860</x1>
<y1>288</y1>
<x2>1147</x2>
<y2>180</y2>
<x3>1182</x3>
<y3>238</y3>
<x4>908</x4>
<y4>385</y4>
</bndbox>
</object>
<object>
<name>text</name>
<bndbox>
<x1>1153</x1>
<y1>181</y1>
<x2>1231</x2>
<y2>154</y2>
<x3>1255</x3>
<y3>199</y3>
<x4>1187</x4>
<y4>234</y4>
</bndbox>
</object>
</annotation>