<?xml version="1.0" ?>
<annotation>
<folder>JPEGImages</folder>
<filename>img_100.xml</filename>
<path>xxxx</path>
<source>
<database>Unknown</database>
<annotation>xxx</annotation>
<image>xxx</image>
<flickrid>0</flickrid>
</source>
<size>
<width>1280</width>
<height>720</height>
<depth>3</depth>
</size>
<segmented>0</segmented>
<object>
<name>text</name>
<bndbox>
<x1>645</x1>
<y1>19</y1>
<x2>686</x2>
<y2>13</y2>
<x3>692</x3>
<y3>43</y3>
<x4>651</x4>
<y4>48</y4>
</bndbox>
</object>
<object>
<name>text</name>
<bndbox>
<x1>689</x1>
<y1>19</y1>
<x2>719</x2>
<y2>13</y2>
<x3>724</x3>
<y3>32</y3>
<x4>694</x4>
<y4>38</y4>
</bndbox>
</object>
<object>
<name>text</name>
<bndbox>
<x1>519</x1>
<y1>110</y1>
<x2>549</x2>
<y2>93</y2>
<x3>556</x3>
<y3>112</y3>
<x4>526</x4>
<y4>129</y4>
</bndbox>
</object>
<object>
<name>text</name>
<bndbox>
<x1>549</x1>
<y1>92</y1>
<x2>572</x2>
<y2>80</y2>
<x3>578</x3>
<y3>98</y3>
<x4>555</x4>
<y4>110</y4>
</bndbox>
</object>
<object>
<name>text</name>
<bndbox>
<x1>684</x1>
<y1>172</y1>
<x2>729</x2>
<y2>160</y2>
<x3>734</x3>
<y3>176</y3>
<x4>689</x4>
<y4>188</y4>
</bndbox>
</object>
<object>
<name>text</name>
<bndbox>
<x1>730</x1>
<y1>162</y1>
<x2>739</x2>
<y2>159</y2>
<x3>742</x3>
<y3>171</y3>
<x4>733</x4>
<y4>174</y4>
</bndbox>
</object>
<object>
<name>text</name>
<bndbox>
<x1>744</x1>
<y1>157</y1>
<x2>749</x2>
<y2>154</y2>
<x3>753</x3>
<y3>168</y3>
<x4>748</x4>
<y4>171</y4>
</bndbox>
</object>
<object>
<name>text</name>
<bndbox>
<x1>759</x1>
<y1>152</y1>
<x2>767</x2>
<y2>150</y2>
<x3>772</x3>
<y3>165</y3>
<x4>764</x4>
<y4>167</y4>
</bndbox>
</object>
</annotation>