<?xml version="1.0" ?>
<annotation>
<folder>JPEGImages</folder>
<filename>img_414.xml</filename>
<path>xxxx</path>
<source>
<database>Unknown</database>
<annotation>xxx</annotation>
<image>xxx</image>
<flickrid>0</flickrid>
</source>
<size>
<width>1280</width>
<height>720</height>
<depth>3</depth>
</size>
<segmented>0</segmented>
<object>
<name>text</name>
<bndbox>
<x1>492</x1>
<y1>74</y1>
<x2>728</x2>
<y2>72</y2>
<x3>730</x3>
<y3>118</y3>
<x4>494</x4>
<y4>120</y4>
</bndbox>
</object>
<object>
<name>text</name>
<bndbox>
<x1>1140</x1>
<y1>106</y1>
<x2>1214</x2>
<y2>105</y2>
<x3>1214</x3>
<y3>132</y3>
<x4>1140</x4>
<y4>133</y4>
</bndbox>
</object>
<object>
<name>text</name>
<bndbox>
<x1>1215</x1>
<y1>105</y1>
<x2>1274</x2>
<y2>104</y2>
<x3>1273</x3>
<y3>132</y3>
<x4>1214</x4>
<y4>133</y4>
</bndbox>
</object>
</annotation>