<?xml version="1.0" ?>
<annotation>
<folder>JPEGImages</folder>
<filename>img_412.xml</filename>
<path>xxxx</path>
<source>
<database>Unknown</database>
<annotation>xxx</annotation>
<image>xxx</image>
<flickrid>0</flickrid>
</source>
<size>
<width>1280</width>
<height>720</height>
<depth>3</depth>
</size>
<segmented>0</segmented>
<object>
<name>text</name>
<bndbox>
<x1>945</x1>
<y1>69</y1>
<x2>1043</x2>
<y2>26</y2>
<x3>1034</x3>
<y3>100</y3>
<x4>936</x4>
<y4>124</y4>
</bndbox>
</object>
<object>
<name>text</name>
<bndbox>
<x1>865</x1>
<y1>100</y1>
<x2>942</x2>
<y2>70</y2>
<x3>935</x3>
<y3>127</y3>
<x4>858</x4>
<y4>147</y4>
</bndbox>
</object>
<object>
<name>text</name>
<bndbox>
<x1>919</x1>
<y1>185</y1>
<x2>988</x2>
<y2>197</y2>
<x3>985</x3>
<y3>216</y3>
<x4>915</x4>
<y4>204</y4>
</bndbox>
</object>
<object>
<name>text</name>
<bndbox>
<x1>334</x1>
<y1>115</y1>
<x2>355</x2>
<y2>117</y2>
<x3>352</x3>
<y3>138</y3>
<x4>331</x4>
<y4>133</y4>
</bndbox>
</object>
</annotation>