<?xml version="1.0" ?>
<annotation>
<folder>JPEGImages</folder>
<filename>img_139.xml</filename>
<path>xxxx</path>
<source>
<database>Unknown</database>
<annotation>xxx</annotation>
<image>xxx</image>
<flickrid>0</flickrid>
</source>
<size>
<width>1280</width>
<height>720</height>
<depth>3</depth>
</size>
<segmented>0</segmented>
<object>
<name>text</name>
<bndbox>
<x1>401</x1>
<y1>50</y1>
<x2>462</x2>
<y2>60</y2>
<x3>461</x3>
<y3>82</y3>
<x4>400</x4>
<y4>73</y4>
</bndbox>
</object>
<object>
<name>text</name>
<bndbox>
<x1>397</x1>
<y1>74</y1>
<x2>462</x2>
<y2>83</y2>
<x3>463</x3>
<y3>102</y3>
<x4>397</x4>
<y4>93</y4>
</bndbox>
</object>
<object>
<name>text</name>
<bndbox>
<x1>946</x1>
<y1>10</y1>
<x2>1024</x2>
<y2>26</y2>
<x3>1025</x3>
<y3>53</y3>
<x4>946</x4>
<y4>36</y4>
</bndbox>
</object>
<object>
<name>text</name>
<bndbox>
<x1>1033</x1>
<y1>26</y1>
<x2>1179</x2>
<y2>58</y2>
<x3>1183</x3>
<y3>90</y3>
<x4>1036</x4>
<y4>58</y4>
</bndbox>
</object>
</annotation>