<?xml version="1.0" ?>
<annotation>
<folder>JPEGImages</folder>
<filename>img_151.xml</filename>
<path>xxxx</path>
<source>
<database>Unknown</database>
<annotation>xxx</annotation>
<image>xxx</image>
<flickrid>0</flickrid>
</source>
<size>
<width>1280</width>
<height>720</height>
<depth>3</depth>
</size>
<segmented>0</segmented>
<object>
<name>text</name>
<bndbox>
<x1>186</x1>
<y1>320</y1>
<x2>239</x2>
<y2>307</y2>
<x3>241</x3>
<y3>322</y3>
<x4>189</x4>
<y4>336</y4>
</bndbox>
</object>
<object>
<name>text</name>
<bndbox>
<x1>171</x1>
<y1>394</y1>
<x2>219</x2>
<y2>379</y2>
<x3>224</x3>
<y3>392</y3>
<x4>176</x4>
<y4>408</y4>
</bndbox>
</object>
<object>
<name>text</name>
<bndbox>
<x1>273</x1>
<y1>361</y1>
<x2>306</x2>
<y2>349</y2>
<x3>309</x3>
<y3>360</y3>
<x4>276</x4>
<y4>372</y4>
</bndbox>
</object>
</annotation>