<?xml version="1.0" ?>
<annotation>
<folder>JPEGImages</folder>
<filename>img_502.xml</filename>
<path>xxxx</path>
<source>
<database>Unknown</database>
<annotation>xxx</annotation>
<image>xxx</image>
<flickrid>0</flickrid>
</source>
<size>
<width>1280</width>
<height>720</height>
<depth>3</depth>
</size>
<segmented>0</segmented>
<object>
<name>text</name>
<bndbox>
<x1>749</x1>
<y1>229</y1>
<x2>837</x2>
<y2>228</y2>
<x3>836</x3>
<y3>242</y3>
<x4>748</x4>
<y4>244</y4>
</bndbox>
</object>
<object>
<name>text</name>
<bndbox>
<x1>588</x1>
<y1>277</y1>
<x2>604</x2>
<y2>273</y2>
<x3>608</x3>
<y3>292</y3>
<x4>592</x4>
<y4>296</y4>
</bndbox>
</object>
<object>
<name>text</name>
<bndbox>
<x1>166</x1>
<y1>198</y1>
<x2>206</x2>
<y2>188</y2>
<x3>212</x3>
<y3>211</y3>
<x4>172</x4>
<y4>221</y4>
</bndbox>
</object>
<object>
<name>text</name>
<bndbox>
<x1>206</x1>
<y1>185</y1>
<x2>285</x2>
<y2>166</y2>
<x3>296</x3>
<y3>191</y3>
<x4>217</x4>
<y4>210</y4>
</bndbox>
</object>
<object>
<name>text</name>
<bndbox>
<x1>175</x1>
<y1>225</y1>
<x2>233</x2>
<y2>213</y2>
<x3>240</x3>
<y3>231</y3>
<x4>181</x4>
<y4>244</y4>
</bndbox>
</object>
<object>
<name>text</name>
<bndbox>
<x1>558</x1>
<y1>215</y1>
<x2>677</x2>
<y2>186</y2>
<x3>693</x3>
<y3>240</y3>
<x4>575</x4>
<y4>269</y4>
</bndbox>
</object>
<object>
<name>text</name>
<bndbox>
<x1>231</x1>
<y1>211</y1>
<x2>290</x2>
<y2>196</y2>
<x3>296</x3>
<y3>214</y3>
<x4>237</x4>
<y4>229</y4>
</bndbox>
</object>
<object>
<name>text</name>
<bndbox>
<x1>153</x1>
<y1>164</y1>
<x2>265</x2>
<y2>138</y2>
<x3>270</x3>
<y3>171</y3>
<x4>158</x4>
<y4>198</y4>
</bndbox>
</object>
<object>
<name>text</name>
<bndbox>
<x1>320</x1>
<y1>183</y1>
<x2>375</x2>
<y2>174</y2>
<x3>378</x3>
<y3>201</y3>
<x4>323</x4>
<y4>210</y4>
</bndbox>
</object>
<object>
<name>text</name>
<bndbox>
<x1>372</x1>
<y1>171</y1>
<x2>471</x2>
<y2>150</y2>
<x3>477</x3>
<y3>178</y3>
<x4>378</x4>
<y4>199</y4>
</bndbox>
</object>
<object>
<name>text</name>
<bndbox>
<x1>551</x1>
<y1>165</y1>
<x2>638</x2>
<y2>144</y2>
<x3>646</x3>
<y3>164</y3>
<x4>558</x4>
<y4>185</y4>
</bndbox>
</object>
<object>
<name>text</name>
<bndbox>
<x1>335</x1>
<y1>206</y1>
<x2>411</x2>
<y2>189</y2>
<x3>418</x3>
<y3>218</y3>
<x4>342</x4>
<y4>235</y4>
</bndbox>
</object>
<object>
<name>text</name>
<bndbox>
<x1>567</x1>
<y1>141</y1>
<x2>618</x2>
<y2>128</y2>
<x3>625</x3>
<y3>146</y3>
<x4>573</x4>
<y4>160</y4>
</bndbox>
</object>
<object>
<name>text</name>
<bndbox>
<x1>550</x1>
<y1>186</y1>
<x2>660</x2>
<y2>163</y2>
<x3>667</x3>
<y3>183</y3>
<x4>557</x4>
<y4>206</y4>
</bndbox>
</object>
<object>
<name>text</name>
<bndbox>
<x1>607</x1>
<y1>270</y1>
<x2>679</x2>
<y2>254</y2>
<x3>683</x3>
<y3>276</y3>
<x4>611</x4>
<y4>292</y4>
</bndbox>
</object>
<object>
<name>text</name>
<bndbox>
<x1>820</x1>
<y1>289</y1>
<x2>858</x2>
<y2>287</y2>
<x3>858</x3>
<y3>300</y3>
<x4>821</x4>
<y4>302</y4>
</bndbox>
</object>
<object>
<name>text</name>
<bndbox>
<x1>783</x1>
<y1>313</y1>
<x2>828</x2>
<y2>315</y2>
<x3>828</x3>
<y3>328</y3>
<x4>782</x4>
<y4>326</y4>
</bndbox>
</object>
<object>
<name>text</name>
<bndbox>
<x1>649</x1>
<y1>340</y1>
<x2>689</x2>
<y2>339</y2>
<x3>688</x3>
<y3>352</y3>
<x4>648</x4>
<y4>353</y4>
</bndbox>
</object>
<object>
<name>text</name>
<bndbox>
<x1>690</x1>
<y1>338</y1>
<x2>717</x2>
<y2>338</y2>
<x3>717</x3>
<y3>350</y3>
<x4>689</x4>
<y4>350</y4>
</bndbox>
</object>
<object>
<name>text</name>
<bndbox>
<x1>683</x1>
<y1>310</y1>
<x2>741</x2>
<y2>303</y2>
<x3>741</x3>
<y3>314</y3>
<x4>683</x4>
<y4>321</y4>
</bndbox>
</object>
<object>
<name>text</name>
<bndbox>
<x1>785</x1>
<y1>278</y1>
<x2>878</x2>
<y2>268</y2>
<x3>879</x3>
<y3>280</y3>
<x4>787</x4>
<y4>291</y4>
</bndbox>
</object>
<object>
<name>text</name>
<bndbox>
<x1>786</x1>
<y1>335</y1>
<x2>814</x2>
<y2>340</y2>
<x3>812</x3>
<y3>352</y3>
<x4>784</x4>
<y4>346</y4>
</bndbox>
</object>
<object>
<name>text</name>
<bndbox>
<x1>814</x1>
<y1>340</y1>
<x2>845</x2>
<y2>345</y2>
<x3>844</x3>
<y3>357</y3>
<x4>813</x4>
<y4>351</y4>
</bndbox>
</object>
<object>
<name>text</name>
<bndbox>
<x1>744</x1>
<y1>244</y1>
<x2>776</x2>
<y2>253</y2>
<x3>773</x3>
<y3>266</y3>
<x4>742</x4>
<y4>257</y4>
</bndbox>
</object>
<object>
<name>text</name>
<bndbox>
<x1>697</x1>
<y1>287</y1>
<x2>756</x2>
<y2>285</y2>
<x3>758</x3>
<y3>296</y3>
<x4>699</x4>
<y4>298</y4>
</bndbox>
</object>
<object>
<name>text</name>
<bndbox>
<x1>785</x1>
<y1>291</y1>
<x2>819</x2>
<y2>290</y2>
<x3>820</x3>
<y3>302</y3>
<x4>786</x4>
<y4>303</y4>
</bndbox>
</object>
<object>
<name>text</name>
<bndbox>
<x1>759</x1>
<y1>271</y1>
<x2>813</x2>
<y2>266</y2>
<x3>814</x3>
<y3>277</y3>
<x4>760</x4>
<y4>282</y4>
</bndbox>
</object>
<object>
<name>text</name>
<bndbox>
<x1>690</x1>
<y1>355</y1>
<x2>762</x2>
<y2>350</y2>
<x3>763</x3>
<y3>362</y3>
<x4>691</x4>
<y4>368</y4>
</bndbox>
</object>
<object>
<name>text</name>
<bndbox>
<x1>492</x1>
<y1>85</y1>
<x2>502</x2>
<y2>78</y2>
<x3>523</x3>
<y3>120</y3>
<x4>501</x4>
<y4>121</y4>
</bndbox>
</object>
</annotation>