<?xml version="1.0" ?>
<annotation>
<folder>JPEGImages</folder>
<filename>img_402.xml</filename>
<path>xxxx</path>
<source>
<database>Unknown</database>
<annotation>xxx</annotation>
<image>xxx</image>
<flickrid>0</flickrid>
</source>
<size>
<width>1280</width>
<height>720</height>
<depth>3</depth>
</size>
<segmented>0</segmented>
<object>
<name>text</name>
<bndbox>
<x1>737</x1>
<y1>343</y1>
<x2>826</x2>
<y2>339</y2>
<x3>828</x3>
<y3>359</y3>
<x4>740</x4>
<y4>363</y4>
</bndbox>
</object>
<object>
<name>text</name>
<bndbox>
<x1>710</x1>
<y1>302</y1>
<x2>762</x2>
<y2>275</y2>
<x3>772</x3>
<y3>297</y3>
<x4>719</x4>
<y4>324</y4>
</bndbox>
</object>
<object>
<name>text</name>
<bndbox>
<x1>764</x1>
<y1>275</y1>
<x2>841</x2>
<y2>235</y2>
<x3>847</x3>
<y3>255</y3>
<x4>771</x4>
<y4>295</y4>
</bndbox>
</object>
<object>
<name>text</name>
<bndbox>
<x1>714</x1>
<y1>167</y1>
<x2>798</x2>
<y2>161</y2>
<x3>803</x3>
<y3>218</y3>
<x4>719</x4>
<y4>223</y4>
</bndbox>
</object>
<object>
<name>text</name>
<bndbox>
<x1>801</x1>
<y1>160</y1>
<x2>837</x2>
<y2>157</y2>
<x3>841</x3>
<y3>187</y3>
<x4>804</x4>
<y4>189</y4>
</bndbox>
</object>
<object>
<name>text</name>
<bndbox>
<x1>803</x1>
<y1>192</y1>
<x2>840</x2>
<y2>189</y2>
<x3>840</x3>
<y3>212</y3>
<x4>803</x4>
<y4>215</y4>
</bndbox>
</object>
<object>
<name>text</name>
<bndbox>
<x1>709</x1>
<y1>148</y1>
<x2>736</x2>
<y2>147</y2>
<x3>739</x3>
<y3>164</y3>
<x4>712</x4>
<y4>165</y4>
</bndbox>
</object>
<object>
<name>text</name>
<bndbox>
<x1>734</x1>
<y1>145</y1>
<x2>760</x2>
<y2>142</y2>
<x3>760</x3>
<y3>161</y3>
<x4>734</x4>
<y4>164</y4>
</bndbox>
</object>
<object>
<name>text</name>
<bndbox>
<x1>541</x1>
<y1>121</y1>
<x2>601</x2>
<y2>128</y2>
<x3>605</x3>
<y3>196</y3>
<x4>546</x4>
<y4>189</y4>
</bndbox>
</object>
<object>
<name>text</name>
<bndbox>
<x1>558</x1>
<y1>240</y1>
<x2>610</x2>
<y2>257</y2>
<x3>609</x3>
<y3>278</y3>
<x4>557</x4>
<y4>261</y4>
</bndbox>
</object>
</annotation>