<?xml version="1.0" ?>
<annotation>
<folder>JPEGImages</folder>
<filename>img_155.xml</filename>
<path>xxxx</path>
<source>
<database>Unknown</database>
<annotation>xxx</annotation>
<image>xxx</image>
<flickrid>0</flickrid>
</source>
<size>
<width>1280</width>
<height>720</height>
<depth>3</depth>
</size>
<segmented>0</segmented>
<object>
<name>text</name>
<bndbox>
<x1>67</x1>
<y1>263</y1>
<x2>154</x2>
<y2>255</y2>
<x3>156</x3>
<y3>288</y3>
<x4>69</x4>
<y4>296</y4>
</bndbox>
</object>
<object>
<name>text</name>
<bndbox>
<x1>279</x1>
<y1>241</y1>
<x2>302</x2>
<y2>240</y2>
<x3>303</x3>
<y3>253</y3>
<x4>280</x4>
<y4>254</y4>
</bndbox>
</object>
<object>
<name>text</name>
<bndbox>
<x1>50</x1>
<y1>262</y1>
<x2>64</x2>
<y2>261</y2>
<x3>68</x3>
<y3>298</y3>
<x4>54</x4>
<y4>299</y4>
</bndbox>
</object>
<object>
<name>text</name>
<bndbox>
<x1>1194</x1>
<y1>112</y1>
<x2>1278</x2>
<y2>110</y2>
<x3>1279</x3>
<y3>164</y3>
<x4>1195</x4>
<y4>166</y4>
</bndbox>
</object>
<object>
<name>text</name>
<bndbox>
<x1>692</x1>
<y1>163</y1>
<x2>709</x2>
<y2>162</y2>
<x3>710</x3>
<y3>170</y3>
<x4>693</x4>
<y4>171</y4>
</bndbox>
</object>
<object>
<name>text</name>
<bndbox>
<x1>685</x1>
<y1>172</y1>
<x2>696</x2>
<y2>171</y2>
<x3>696</x3>
<y3>179</y3>
<x4>685</x4>
<y4>180</y4>
</bndbox>
</object>
<object>
<name>text</name>
<bndbox>
<x1>697</x1>
<y1>170</y1>
<x2>719</x2>
<y2>169</y2>
<x3>719</x3>
<y3>176</y3>
<x4>697</x4>
<y4>178</y4>
</bndbox>
</object>
<object>
<name>text</name>
<bndbox>
<x1>238</x1>
<y1>245</y1>
<x2>274</x2>
<y2>245</y2>
<x3>275</x3>
<y3>256</y3>
<x4>239</x4>
<y4>257</y4>
</bndbox>
</object>
<object>
<name>text</name>
<bndbox>
<x1>62</x1>
<y1>342</y1>
<x2>95</x2>
<y2>338</y2>
<x3>95</x3>
<y3>349</y3>
<x4>63</x4>
<y4>352</y4>
</bndbox>
</object>
</annotation>