<?xml version="1.0" ?>
<annotation>
<folder>JPEGImages</folder>
<filename>img_222.xml</filename>
<path>xxxx</path>
<source>
<database>Unknown</database>
<annotation>xxx</annotation>
<image>xxx</image>
<flickrid>0</flickrid>
</source>
<size>
<width>1280</width>
<height>720</height>
<depth>3</depth>
</size>
<segmented>0</segmented>
<object>
<name>text</name>
<bndbox>
<x1>1214</x1>
<y1>277</y1>
<x2>1253</x2>
<y2>279</y2>
<x3>1252</x3>
<y3>291</y3>
<x4>1213</x4>
<y4>289</y4>
</bndbox>
</object>
<object>
<name>text</name>
<bndbox>
<x1>1255</x1>
<y1>276</y1>
<x2>1269</x2>
<y2>278</y2>
<x3>1268</x3>
<y3>292</y3>
<x4>1254</x4>
<y4>290</y4>
</bndbox>
</object>
<object>
<name>text</name>
<bndbox>
<x1>1201</x1>
<y1>288</y1>
<x2>1279</x2>
<y2>292</y2>
<x3>1278</x3>
<y3>307</y3>
<x4>1200</x4>
<y4>302</y4>
</bndbox>
</object>
<object>
<name>text</name>
<bndbox>
<x1>768</x1>
<y1>266</y1>
<x2>804</x2>
<y2>266</y2>
<x3>801</x3>
<y3>285</y3>
<x4>766</x4>
<y4>285</y4>
</bndbox>
</object>
<object>
<name>text</name>
<bndbox>
<x1>805</x1>
<y1>267</y1>
<x2>855</x2>
<y2>268</y2>
<x3>852</x3>
<y3>285</y3>
<x4>802</x4>
<y4>284</y4>
</bndbox>
</object>
<object>
<name>text</name>
<bndbox>
<x1>856</x1>
<y1>266</y1>
<x2>928</x2>
<y2>269</y2>
<x3>925</x3>
<y3>289</y3>
<x4>853</x4>
<y4>286</y4>
</bndbox>
</object>
<object>
<name>text</name>
<bndbox>
<x1>1164</x1>
<y1>497</y1>
<x2>1224</x2>
<y2>504</y2>
<x3>1221</x3>
<y3>518</y3>
<x4>1162</x4>
<y4>511</y4>
</bndbox>
</object>
<object>
<name>text</name>
<bndbox>
<x1>1223</x1>
<y1>502</y1>
<x2>1266</x2>
<y2>510</y2>
<x3>1264</x3>
<y3>524</y3>
<x4>1220</x4>
<y4>516</y4>
</bndbox>
</object>
<object>
<name>text</name>
<bndbox>
<x1>1161</x1>
<y1>511</y1>
<x2>1226</x2>
<y2>522</y2>
<x3>1224</x3>
<y3>535</y3>
<x4>1159</x4>
<y4>524</y4>
</bndbox>
</object>
<object>
<name>text</name>
<bndbox>
<x1>1227</x1>
<y1>520</y1>
<x2>1266</x2>
<y2>526</y2>
<x3>1262</x3>
<y3>540</y3>
<x4>1223</x4>
<y4>533</y4>
</bndbox>
</object>
<object>
<name>text</name>
<bndbox>
<x1>615</x1>
<y1>267</y1>
<x2>634</x2>
<y2>266</y2>
<x3>633</x3>
<y3>274</y3>
<x4>615</x4>
<y4>275</y4>
</bndbox>
</object>
<object>
<name>text</name>
<bndbox>
<x1>633</x1>
<y1>267</y1>
<x2>641</x2>
<y2>267</y2>
<x3>640</x3>
<y3>275</y3>
<x4>633</x4>
<y4>275</y4>
</bndbox>
</object>
<object>
<name>text</name>
<bndbox>
<x1>609</x1>
<y1>273</y1>
<x2>646</x2>
<y2>275</y2>
<x3>646</x3>
<y3>283</y3>
<x4>609</x4>
<y4>282</y4>
</bndbox>
</object>
</annotation>