<?xml version="1.0" ?>
<annotation>
<folder>JPEGImages</folder>
<filename>img_299.xml</filename>
<path>xxxx</path>
<source>
<database>Unknown</database>
<annotation>xxx</annotation>
<image>xxx</image>
<flickrid>0</flickrid>
</source>
<size>
<width>1280</width>
<height>720</height>
<depth>3</depth>
</size>
<segmented>0</segmented>
<object>
<name>text</name>
<bndbox>
<x1>371</x1>
<y1>78</y1>
<x2>472</x2>
<y2>66</y2>
<x3>472</x3>
<y3>89</y3>
<x4>371</x4>
<y4>101</y4>
</bndbox>
</object>
<object>
<name>text</name>
<bndbox>
<x1>566</x1>
<y1>73</y1>
<x2>685</x2>
<y2>59</y2>
<x3>686</x3>
<y3>83</y3>
<x4>567</x4>
<y4>96</y4>
</bndbox>
</object>
<object>
<name>text</name>
<bndbox>
<x1>382</x1>
<y1>105</y1>
<x2>464</x2>
<y2>96</y2>
<x3>464</x3>
<y3>105</y3>
<x4>381</x4>
<y4>114</y4>
</bndbox>
</object>
<object>
<name>text</name>
<bndbox>
<x1>579</x1>
<y1>98</y1>
<x2>675</x2>
<y2>89</y2>
<x3>677</x3>
<y3>101</y3>
<x4>581</x4>
<y4>110</y4>
</bndbox>
</object>
<object>
<name>text</name>
<bndbox>
<x1>881</x1>
<y1>16</y1>
<x2>940</x2>
<y2>9</y2>
<x3>942</x3>
<y3>25</y3>
<x4>883</x4>
<y4>32</y4>
</bndbox>
</object>
<object>
<name>text</name>
<bndbox>
<x1>1085</x1>
<y1>23</y1>
<x2>1120</x2>
<y2>23</y2>
<x3>1120</x3>
<y3>37</y3>
<x4>1086</x4>
<y4>38</y4>
</bndbox>
</object>
</annotation>