<?xml version="1.0" ?>
<annotation>
<folder>JPEGImages</folder>
<filename>img_351.xml</filename>
<path>xxxx</path>
<source>
<database>Unknown</database>
<annotation>xxx</annotation>
<image>xxx</image>
<flickrid>0</flickrid>
</source>
<size>
<width>1280</width>
<height>720</height>
<depth>3</depth>
</size>
<segmented>0</segmented>
<object>
<name>text</name>
<bndbox>
<x1>1137</x1>
<y1>124</y1>
<x2>1240</x2>
<y2>119</y2>
<x3>1238</x3>
<y3>148</y3>
<x4>1135</x4>
<y4>153</y4>
</bndbox>
</object>
<object>
<name>text</name>
<bndbox>
<x1>860</x1>
<y1>215</y1>
<x2>963</x2>
<y2>245</y2>
<x3>962</x3>
<y3>269</y3>
<x4>858</x4>
<y4>239</y4>
</bndbox>
</object>
<object>
<name>text</name>
<bndbox>
<x1>565</x1>
<y1>215</y1>
<x2>632</x2>
<y2>232</y2>
<x3>626</x3>
<y3>253</y3>
<x4>559</x4>
<y4>236</y4>
</bndbox>
</object>
<object>
<name>text</name>
<bndbox>
<x1>440</x1>
<y1>219</y1>
<x2>496</x2>
<y2>233</y2>
<x3>494</x3>
<y3>249</y3>
<x4>437</x4>
<y4>236</y4>
</bndbox>
</object>
<object>
<name>text</name>
<bndbox>
<x1>859</x1>
<y1>249</y1>
<x2>890</x2>
<y2>257</y2>
<x3>888</x3>
<y3>270</y3>
<x4>858</x4>
<y4>262</y4>
</bndbox>
</object>
<object>
<name>text</name>
<bndbox>
<x1>856</x1>
<y1>263</y1>
<x2>903</x2>
<y2>274</y2>
<x3>901</x3>
<y3>288</y3>
<x4>855</x4>
<y4>277</y4>
</bndbox>
</object>
<object>
<name>text</name>
<bndbox>
<x1>856</x1>
<y1>280</y1>
<x2>894</x2>
<y2>288</y2>
<x3>890</x3>
<y3>301</y3>
<x4>852</x4>
<y4>293</y4>
</bndbox>
</object>
</annotation>