<?xml version="1.0" ?>
<annotation>
<folder>JPEGImages</folder>
<filename>img_371.xml</filename>
<path>xxxx</path>
<source>
<database>Unknown</database>
<annotation>xxx</annotation>
<image>xxx</image>
<flickrid>0</flickrid>
</source>
<size>
<width>1280</width>
<height>720</height>
<depth>3</depth>
</size>
<segmented>0</segmented>
<object>
<name>text</name>
<bndbox>
<x1>868</x1>
<y1>168</y1>
<x2>905</x2>
<y2>168</y2>
<x3>905</x3>
<y3>184</y3>
<x4>868</x4>
<y4>184</y4>
</bndbox>
</object>
<object>
<name>text</name>
<bndbox>
<x1>866</x1>
<y1>183</y1>
<x2>904</x2>
<y2>185</y2>
<x3>903</x3>
<y3>203</y3>
<x4>865</x4>
<y4>202</y4>
</bndbox>
</object>
<object>
<name>text</name>
<bndbox>
<x1>588</x1>
<y1>159</y1>
<x2>611</x2>
<y2>160</y2>
<x3>610</x3>
<y3>219</y3>
<x4>587</x4>
<y4>218</y4>
</bndbox>
</object>
<object>
<name>text</name>
<bndbox>
<x1>868</x1>
<y1>138</y1>
<x2>890</x2>
<y2>139</y2>
<x3>889</x3>
<y3>166</y3>
<x4>868</x4>
<y4>165</y4>
</bndbox>
</object>
<object>
<name>text</name>
<bndbox>
<x1>861</x1>
<y1>208</y1>
<x2>891</x2>
<y2>210</y2>
<x3>894</x3>
<y3>235</y3>
<x4>864</x4>
<y4>233</y4>
</bndbox>
</object>
<object>
<name>text</name>
<bndbox>
<x1>631</x1>
<y1>66</y1>
<x2>675</x2>
<y2>68</y2>
<x3>667</x3>
<y3>178</y3>
<x4>623</x4>
<y4>176</y4>
</bndbox>
</object>
<object>
<name>text</name>
<bndbox>
<x1>859</x1>
<y1>257</y1>
<x2>881</x2>
<y2>260</y2>
<x3>878</x3>
<y3>289</y3>
<x4>856</x4>
<y4>285</y4>
</bndbox>
</object>
<object>
<name>text</name>
<bndbox>
<x1>533</x1>
<y1>63</y1>
<x2>573</x2>
<y2>64</y2>
<x3>568</x3>
<y3>171</y3>
<x4>528</x4>
<y4>170</y4>
</bndbox>
</object>
<object>
<name>text</name>
<bndbox>
<x1>856</x1>
<y1>286</y1>
<x2>917</x2>
<y2>292</y2>
<x3>916</x3>
<y3>311</y3>
<x4>855</x4>
<y4>305</y4>
</bndbox>
</object>
<object>
<name>text</name>
<bndbox>
<x1>860</x1>
<y1>235</y1>
<x2>922</x2>
<y2>240</y2>
<x3>923</x3>
<y3>260</y3>
<x4>861</x4>
<y4>254</y4>
</bndbox>
</object>
<object>
<name>text</name>
<bndbox>
<x1>906</x1>
<y1>186</y1>
<x2>937</x2>
<y2>187</y2>
<x3>937</x3>
<y3>205</y3>
<x4>906</x4>
<y4>204</y4>
</bndbox>
</object>
<object>
<name>text</name>
<bndbox>
<x1>937</x1>
<y1>187</y1>
<x2>970</x2>
<y2>190</y2>
<x3>970</x3>
<y3>207</y3>
<x4>937</x4>
<y4>205</y4>
</bndbox>
</object>
<object>
<name>text</name>
<bndbox>
<x1>886</x1>
<y1>369</y1>
<x2>955</x2>
<y2>379</y2>
<x3>946</x3>
<y3>463</y3>
<x4>877</x4>
<y4>453</y4>
</bndbox>
</object>
<object>
<name>text</name>
<bndbox>
<x1>875</x1>
<y1>115</y1>
<x2>940</x2>
<y2>117</y2>
<x3>939</x3>
<y3>133</y3>
<x4>875</x4>
<y4>131</y4>
</bndbox>
</object>
<object>
<name>text</name>
<bndbox>
<x1>877</x1>
<y1>137</y1>
<x2>935</x2>
<y2>139</y2>
<x3>936</x3>
<y3>150</y3>
<x4>878</x4>
<y4>149</y4>
</bndbox>
</object>
<object>
<name>text</name>
<bndbox>
<x1>882</x1>
<y1>155</y1>
<x2>921</x2>
<y2>157</y2>
<x3>920</x3>
<y3>168</y3>
<x4>881</x4>
<y4>167</y4>
</bndbox>
</object>
<object>
<name>text</name>
<bndbox>
<x1>331</x1>
<y1>56</y1>
<x2>348</x2>
<y2>56</y2>
<x3>345</x3>
<y3>83</y3>
<x4>328</x4>
<y4>83</y4>
</bndbox>
</object>
<object>
<name>text</name>
<bndbox>
<x1>375</x1>
<y1>168</y1>
<x2>396</x2>
<y2>169</y2>
<x3>393</x3>
<y3>221</y3>
<x4>372</x4>
<y4>220</y4>
</bndbox>
</object>
<object>
<name>text</name>
<bndbox>
<x1>552</x1>
<y1>199</y1>
<x2>573</x2>
<y2>201</y2>
<x3>572</x3>
<y3>244</y3>
<x4>552</x4>
<y4>242</y4>
</bndbox>
</object>
</annotation>