<?xml version="1.0" ?>
<annotation>
<folder>JPEGImages</folder>
<filename>img_269.xml</filename>
<path>xxxx</path>
<source>
<database>Unknown</database>
<annotation>xxx</annotation>
<image>xxx</image>
<flickrid>0</flickrid>
</source>
<size>
<width>1280</width>
<height>720</height>
<depth>3</depth>
</size>
<segmented>0</segmented>
<object>
<name>text</name>
<bndbox>
<x1>459</x1>
<y1>237</y1>
<x2>507</x2>
<y2>231</y2>
<x3>508</x3>
<y3>242</y3>
<x4>460</x4>
<y4>248</y4>
</bndbox>
</object>
<object>
<name>text</name>
<bndbox>
<x1>510</x1>
<y1>258</y1>
<x2>563</x2>
<y2>249</y2>
<x3>564</x3>
<y3>258</y3>
<x4>511</x4>
<y4>267</y4>
</bndbox>
</object>
<object>
<name>text</name>
<bndbox>
<x1>816</x1>
<y1>56</y1>
<x2>860</x2>
<y2>51</y2>
<x3>863</x3>
<y3>70</y3>
<x4>820</x4>
<y4>75</y4>
</bndbox>
</object>
<object>
<name>text</name>
<bndbox>
<x1>1134</x1>
<y1>89</y1>
<x2>1200</x2>
<y2>88</y2>
<x3>1199</x3>
<y3>105</y3>
<x4>1133</x4>
<y4>107</y4>
</bndbox>
</object>
<object>
<name>text</name>
<bndbox>
<x1>518</x1>
<y1>226</y1>
<x2>552</x2>
<y2>221</y2>
<x3>555</x3>
<y3>251</y3>
<x4>520</x4>
<y4>257</y4>
</bndbox>
</object>
<object>
<name>text</name>
<bndbox>
<x1>814</x1>
<y1>36</y1>
<x2>848</x2>
<y2>33</y2>
<x3>850</x3>
<y3>50</y3>
<x4>816</x4>
<y4>53</y4>
</bndbox>
</object>
<object>
<name>text</name>
<bndbox>
<x1>460</x1>
<y1>219</y1>
<x2>504</x2>
<y2>214</y2>
<x3>505</x3>
<y3>232</y3>
<x4>460</x4>
<y4>237</y4>
</bndbox>
</object>
<object>
<name>text</name>
<bndbox>
<x1>70</x1>
<y1>78</y1>
<x2>268</x2>
<y2>78</y2>
<x3>270</x3>
<y3>106</y3>
<x4>72</x4>
<y4>106</y4>
</bndbox>
</object>
<object>
<name>text</name>
<bndbox>
<x1>457</x1>
<y1>244</y1>
<x2>507</x2>
<y2>242</y2>
<x3>508</x3>
<y3>269</y3>
<x4>457</x4>
<y4>271</y4>
</bndbox>
</object>
<object>
<name>text</name>
<bndbox>
<x1>472</x1>
<y1>284</y1>
<x2>524</x2>
<y2>275</y2>
<x3>525</x3>
<y3>283</y3>
<x4>472</x4>
<y4>292</y4>
</bndbox>
</object>
<object>
<name>text</name>
<bndbox>
<x1>471</x1>
<y1>293</y1>
<x2>521</x2>
<y2>284</y2>
<x3>523</x3>
<y3>293</y3>
<x4>474</x4>
<y4>302</y4>
</bndbox>
</object>
<object>
<name>text</name>
<bndbox>
<x1>474</x1>
<y1>301</y1>
<x2>529</x2>
<y2>292</y2>
<x3>529</x3>
<y3>300</y3>
<x4>474</x4>
<y4>309</y4>
</bndbox>
</object>
<object>
<name>text</name>
<bndbox>
<x1>474</x1>
<y1>326</y1>
<x2>524</x2>
<y2>315</y2>
<x3>525</x3>
<y3>324</y3>
<x4>475</x4>
<y4>335</y4>
</bndbox>
</object>
<object>
<name>text</name>
<bndbox>
<x1>476</x1>
<y1>335</y1>
<x2>547</x2>
<y2>319</y2>
<x3>547</x3>
<y3>328</y3>
<x4>477</x4>
<y4>344</y4>
</bndbox>
</object>
<object>
<name>text</name>
<bndbox>
<x1>477</x1>
<y1>343</y1>
<x2>562</x2>
<y2>324</y2>
<x3>563</x3>
<y3>333</y3>
<x4>477</x4>
<y4>352</y4>
</bndbox>
</object>
<object>
<name>text</name>
<bndbox>
<x1>52</x1>
<y1>1</y1>
<x2>268</x2>
<y2>5</y2>
<x3>269</x3>
<y3>76</y3>
<x4>53</x4>
<y4>72</y4>
</bndbox>
</object>
<object>
<name>text</name>
<bndbox>
<x1>18</x1>
<y1>74</y1>
<x2>44</x2>
<y2>74</y2>
<x3>46</x3>
<y3>101</y3>
<x4>21</x4>
<y4>101</y4>
</bndbox>
</object>
</annotation>