<?xml version="1.0" ?>
<annotation>
<folder>JPEGImages</folder>
<filename>img_386.xml</filename>
<path>xxxx</path>
<source>
<database>Unknown</database>
<annotation>xxx</annotation>
<image>xxx</image>
<flickrid>0</flickrid>
</source>
<size>
<width>1280</width>
<height>720</height>
<depth>3</depth>
</size>
<segmented>0</segmented>
<object>
<name>text</name>
<bndbox>
<x1>984</x1>
<y1>150</y1>
<x2>1058</x2>
<y2>109</y2>
<x3>1065</x3>
<y3>122</y3>
<x4>991</x4>
<y4>163</y4>
</bndbox>
</object>
<object>
<name>text</name>
<bndbox>
<x1>961</x1>
<y1>127</y1>
<x2>1015</x2>
<y2>97</y2>
<x3>1023</x3>
<y3>112</y3>
<x4>969</x4>
<y4>142</y4>
</bndbox>
</object>
<object>
<name>text</name>
<bndbox>
<x1>813</x1>
<y1>180</y1>
<x2>883</x2>
<y2>156</y2>
<x3>888</x3>
<y3>174</y3>
<x4>818</x4>
<y4>197</y4>
</bndbox>
</object>
<object>
<name>text</name>
<bndbox>
<x1>650</x1>
<y1>335</y1>
<x2>699</x2>
<y2>336</y2>
<x3>701</x3>
<y3>350</y3>
<x4>651</x4>
<y4>348</y4>
</bndbox>
</object>
<object>
<name>text</name>
<bndbox>
<x1>661</x1>
<y1>349</y1>
<x2>694</x2>
<y2>350</y2>
<x3>693</x3>
<y3>395</y3>
<x4>660</x4>
<y4>394</y4>
</bndbox>
</object>
<object>
<name>text</name>
<bndbox>
<x1>686</x1>
<y1>94</y1>
<x2>804</x2>
<y2>0</y2>
<x3>838</x3>
<y3>66</y3>
<x4>695</x4>
<y4>153</y4>
</bndbox>
</object>
<object>
<name>text</name>
<bndbox>
<x1>430</x1>
<y1>267</y1>
<x2>507</x2>
<y2>257</y2>
<x3>512</x3>
<y3>289</y3>
<x4>435</x4>
<y4>299</y4>
</bndbox>
</object>
<object>
<name>text</name>
<bndbox>
<x1>1015</x1>
<y1>150</y1>
<x2>1067</x2>
<y2>124</y2>
<x3>1075</x3>
<y3>139</y3>
<x4>1023</x4>
<y4>165</y4>
</bndbox>
</object>
<object>
<name>text</name>
<bndbox>
<x1>1159</x1>
<y1>142</y1>
<x2>1205</x2>
<y2>115</y2>
<x3>1214</x3>
<y3>131</y3>
<x4>1168</x4>
<y4>158</y4>
</bndbox>
</object>
<object>
<name>text</name>
<bndbox>
<x1>1180</x1>
<y1>167</y1>
<x2>1241</x2>
<y2>128</y2>
<x3>1249</x3>
<y3>141</y3>
<x4>1187</x4>
<y4>180</y4>
</bndbox>
</object>
<object>
<name>text</name>
<bndbox>
<x1>1206</x1>
<y1>166</y1>
<x2>1250</x2>
<y2>137</y2>
<x3>1259</x3>
<y3>155</y3>
<x4>1215</x4>
<y4>183</y4>
</bndbox>
</object>
<object>
<name>text</name>
<bndbox>
<x1>1171</x1>
<y1>198</y1>
<x2>1199</x2>
<y2>179</y2>
<x3>1209</x3>
<y3>192</y3>
<x4>1181</x4>
<y4>212</y4>
</bndbox>
</object>
<object>
<name>text</name>
<bndbox>
<x1>1177</x1>
<y1>216</y1>
<x2>1210</x2>
<y2>189</y2>
<x3>1222</x3>
<y3>202</y3>
<x4>1189</x4>
<y4>229</y4>
</bndbox>
</object>
<object>
<name>text</name>
<bndbox>
<x1>1147</x1>
<y1>134</y1>
<x2>1199</x2>
<y2>103</y2>
<x3>1206</x3>
<y3>116</y3>
<x4>1154</x4>
<y4>148</y4>
</bndbox>
</object>
<object>
<name>text</name>
<bndbox>
<x1>321</x1>
<y1>259</y1>
<x2>389</x2>
<y2>250</y2>
<x3>390</x3>
<y3>265</y3>
<x4>322</x4>
<y4>274</y4>
</bndbox>
</object>
<object>
<name>text</name>
<bndbox>
<x1>873</x1>
<y1>395</y1>
<x2>946</x2>
<y2>415</y2>
<x3>950</x3>
<y3>443</y3>
<x4>875</x4>
<y4>419</y4>
</bndbox>
</object>
<object>
<name>text</name>
<bndbox>
<x1>1110</x1>
<y1>122</y1>
<x2>1154</x2>
<y2>94</y2>
<x3>1164</x3>
<y3>108</y3>
<x4>1120</x4>
<y4>136</y4>
</bndbox>
</object>
<object>
<name>text</name>
<bndbox>
<x1>1219</x1>
<y1>116</y1>
<x2>1269</x2>
<y2>84</y2>
<x3>1277</x3>
<y3>94</y3>
<x4>1227</x4>
<y4>126</y4>
</bndbox>
</object>
<object>
<name>text</name>
<bndbox>
<x1>1244</x1>
<y1>119</y1>
<x2>1270</x2>
<y2>100</y2>
<x3>1279</x3>
<y3>113</y3>
<x4>1253</x4>
<y4>131</y4>
</bndbox>
</object>
<object>
<name>text</name>
<bndbox>
<x1>988</x1>
<y1>219</y1>
<x2>1014</x2>
<y2>197</y2>
<x3>1022</x3>
<y3>207</y3>
<x4>996</x4>
<y4>228</y4>
</bndbox>
</object>
<object>
<name>text</name>
<bndbox>
<x1>1050</x1>
<y1>168</y1>
<x2>1077</x2>
<y2>153</y2>
<x3>1083</x3>
<y3>163</y3>
<x4>1056</x4>
<y4>178</y4>
</bndbox>
</object>
<object>
<name>text</name>
<bndbox>
<x1>998</x1>
<y1>235</y1>
<x2>1021</x2>
<y2>213</y2>
<x3>1029</x3>
<y3>225</y3>
<x4>1006</x4>
<y4>247</y4>
</bndbox>
</object>
<object>
<name>text</name>
<bndbox>
<x1>1013</x1>
<y1>238</y1>
<x2>1025</x2>
<y2>230</y2>
<x3>1031</x3>
<y3>240</y3>
<x4>1019</x4>
<y4>248</y4>
</bndbox>
</object>
<object>
<name>text</name>
<bndbox>
<x1>976</x1>
<y1>248</y1>
<x2>993</x2>
<y2>235</y2>
<x3>996</x3>
<y3>246</y3>
<x4>980</x4>
<y4>259</y4>
</bndbox>
</object>
<object>
<name>text</name>
<bndbox>
<x1>982</x1>
<y1>265</y1>
<x2>1014</x2>
<y2>244</y2>
<x3>1017</x3>
<y3>254</y3>
<x4>985</x4>
<y4>275</y4>
</bndbox>
</object>
</annotation>