<?xml version="1.0" ?>
<annotation>
<folder>JPEGImages</folder>
<filename>img_391.xml</filename>
<path>xxxx</path>
<source>
<database>Unknown</database>
<annotation>xxx</annotation>
<image>xxx</image>
<flickrid>0</flickrid>
</source>
<size>
<width>1280</width>
<height>720</height>
<depth>3</depth>
</size>
<segmented>0</segmented>
<object>
<name>text</name>
<bndbox>
<x1>601</x1>
<y1>21</y1>
<x2>614</x2>
<y2>21</y2>
<x3>614</x3>
<y3>34</y3>
<x4>602</x4>
<y4>34</y4>
</bndbox>
</object>
<object>
<name>text</name>
<bndbox>
<x1>606</x1>
<y1>34</y1>
<x2>623</x2>
<y2>34</y2>
<x3>623</x3>
<y3>47</y3>
<x4>606</x4>
<y4>47</y4>
</bndbox>
</object>
<object>
<name>text</name>
<bndbox>
<x1>826</x1>
<y1>54</y1>
<x2>849</x2>
<y2>53</y2>
<x3>850</x3>
<y3>79</y3>
<x4>827</x4>
<y4>80</y4>
</bndbox>
</object>
<object>
<name>text</name>
<bndbox>
<x1>767</x1>
<y1>24</y1>
<x2>803</x2>
<y2>25</y2>
<x3>803</x3>
<y3>38</y3>
<x4>766</x4>
<y4>37</y4>
</bndbox>
</object>
<object>
<name>text</name>
<bndbox>
<x1>558</x1>
<y1>19</y1>
<x2>602</x2>
<y2>20</y2>
<x3>601</x3>
<y3>34</y3>
<x4>558</x4>
<y4>34</y4>
</bndbox>
</object>
<object>
<name>text</name>
<bndbox>
<x1>843</x1>
<y1>55</y1>
<x2>873</x2>
<y2>54</y2>
<x3>872</x3>
<y3>97</y3>
<x4>842</x4>
<y4>97</y4>
</bndbox>
</object>
<object>
<name>text</name>
<bndbox>
<x1>616</x1>
<y1>22</y1>
<x2>672</x2>
<y2>24</y2>
<x3>671</x3>
<y3>38</y3>
<x4>615</x4>
<y4>36</y4>
</bndbox>
</object>
<object>
<name>text</name>
<bndbox>
<x1>557</x1>
<y1>34</y1>
<x2>607</x2>
<y2>35</y2>
<x3>606</x3>
<y3>47</y3>
<x4>556</x4>
<y4>46</y4>
</bndbox>
</object>
<object>
<name>text</name>
<bndbox>
<x1>271</x1>
<y1>216</y1>
<x2>298</x2>
<y2>224</y2>
<x3>294</x3>
<y3>237</y3>
<x4>267</x4>
<y4>230</y4>
</bndbox>
</object>
<object>
<name>text</name>
<bndbox>
<x1>558</x1>
<y1>46</y1>
<x2>588</x2>
<y2>47</y2>
<x3>588</x3>
<y3>58</y3>
<x4>558</x4>
<y4>58</y4>
</bndbox>
</object>
<object>
<name>text</name>
<bndbox>
<x1>588</x1>
<y1>46</y1>
<x2>622</x2>
<y2>46</y2>
<x3>622</x3>
<y3>58</y3>
<x4>588</x4>
<y4>58</y4>
</bndbox>
</object>
<object>
<name>text</name>
<bndbox>
<x1>559</x1>
<y1>57</y1>
<x2>594</x2>
<y2>57</y2>
<x3>594</x3>
<y3>70</y3>
<x4>559</x4>
<y4>70</y4>
</bndbox>
</object>
<object>
<name>text</name>
<bndbox>
<x1>594</x1>
<y1>58</y1>
<x2>634</x2>
<y2>58</y2>
<x3>634</x3>
<y3>71</y3>
<x4>594</x4>
<y4>70</y4>
</bndbox>
</object>
<object>
<name>text</name>
<bndbox>
<x1>623</x1>
<y1>46</y1>
<x2>635</x2>
<y2>46</y2>
<x3>635</x3>
<y3>59</y3>
<x4>623</x4>
<y4>59</y4>
</bndbox>
</object>
<object>
<name>text</name>
<bndbox>
<x1>633</x1>
<y1>58</y1>
<x2>649</x2>
<y2>58</y2>
<x3>649</x3>
<y3>71</y3>
<x4>633</x4>
<y4>71</y4>
</bndbox>
</object>
<object>
<name>text</name>
<bndbox>
<x1>68</x1>
<y1>497</y1>
<x2>114</x2>
<y2>484</y2>
<x3>114</x3>
<y3>501</y3>
<x4>69</x4>
<y4>515</y4>
</bndbox>
</object>
<object>
<name>text</name>
<bndbox>
<x1>73</x1>
<y1>512</y1>
<x2>115</x2>
<y2>501</y2>
<x3>114</x3>
<y3>520</y3>
<x4>72</x4>
<y4>532</y4>
</bndbox>
</object>
</annotation>