<?xml version="1.0" ?>
<annotation>
<folder>JPEGImages</folder>
<filename>img_112.xml</filename>
<path>xxxx</path>
<source>
<database>Unknown</database>
<annotation>xxx</annotation>
<image>xxx</image>
<flickrid>0</flickrid>
</source>
<size>
<width>1280</width>
<height>720</height>
<depth>3</depth>
</size>
<segmented>0</segmented>
<object>
<name>text</name>
<bndbox>
<x1>761</x1>
<y1>200</y1>
<x2>856</x2>
<y2>147</y2>
<x3>867</x3>
<y3>167</y3>
<x4>772</x4>
<y4>220</y4>
</bndbox>
</object>
<object>
<name>text</name>
<bndbox>
<x1>786</x1>
<y1>145</y1>
<x2>812</x2>
<y2>128</y2>
<x3>818</x3>
<y3>141</y3>
<x4>792</x4>
<y4>157</y4>
</bndbox>
</object>
<object>
<name>text</name>
<bndbox>
<x1>816</x1>
<y1>126</y1>
<x2>839</x2>
<y2>112</y2>
<x3>843</x3>
<y3>125</y3>
<x4>821</x4>
<y4>138</y4>
</bndbox>
</object>
<object>
<name>text</name>
<bndbox>
<x1>869</x1>
<y1>140</y1>
<x2>882</x2>
<y2>133</y2>
<x3>892</x3>
<y3>154</y3>
<x4>879</x4>
<y4>162</y4>
</bndbox>
</object>
<object>
<name>text</name>
<bndbox>
<x1>1045</x1>
<y1>152</y1>
<x2>1057</x2>
<y2>147</y2>
<x3>1064</x3>
<y3>165</y3>
<x4>1052</x4>
<y4>170</y4>
</bndbox>
</object>
<object>
<name>text</name>
<bndbox>
<x1>1164</x1>
<y1>216</y1>
<x2>1202</x2>
<y2>203</y2>
<x3>1212</x3>
<y3>228</y3>
<x4>1174</x4>
<y4>240</y4>
</bndbox>
</object>
<object>
<name>text</name>
<bndbox>
<x1>1208</x1>
<y1>204</y1>
<x2>1223</x2>
<y2>199</y2>
<x3>1232</x3>
<y3>221</y3>
<x4>1217</x4>
<y4>226</y4>
</bndbox>
</object>
<object>
<name>text</name>
<bndbox>
<x1>1171</x1>
<y1>246</y1>
<x2>1223</x2>
<y2>232</y2>
<x3>1233</x3>
<y3>255</y3>
<x4>1182</x4>
<y4>269</y4>
</bndbox>
</object>
<object>
<name>text</name>
<bndbox>
<x1>1138</x1>
<y1>164</y1>
<x2>1223</x2>
<y2>133</y2>
<x3>1231</x3>
<y3>152</y3>
<x4>1146</x4>
<y4>183</y4>
</bndbox>
</object>
<object>
<name>text</name>
<bndbox>
<x1>750</x1>
<y1>214</y1>
<x2>763</x2>
<y2>207</y2>
<x3>769</x3>
<y3>221</y3>
<x4>756</x4>
<y4>229</y4>
</bndbox>
</object>
<object>
<name>text</name>
<bndbox>
<x1>698</x1>
<y1>339</y1>
<x2>737</x2>
<y2>325</y2>
<x3>741</x3>
<y3>340</y3>
<x4>702</x4>
<y4>354</y4>
</bndbox>
</object>
<object>
<name>text</name>
<bndbox>
<x1>727</x1>
<y1>431</y1>
<x2>748</x2>
<y2>429</y2>
<x3>753</x3>
<y3>448</y3>
<x4>732</x4>
<y4>451</y4>
</bndbox>
</object>
<object>
<name>text</name>
<bndbox>
<x1>684</x1>
<y1>439</y1>
<x2>719</x2>
<y2>434</y2>
<x3>723</x3>
<y3>452</y3>
<x4>688</x4>
<y4>457</y4>
</bndbox>
</object>
<object>
<name>text</name>
<bndbox>
<x1>720</x1>
<y1>434</y1>
<x2>728</x2>
<y2>433</y2>
<x3>731</x3>
<y3>450</y3>
<x4>723</x4>
<y4>452</y4>
</bndbox>
</object>
<object>
<name>text</name>
<bndbox>
<x1>658</x1>
<y1>379</y1>
<x2>739</x2>
<y2>358</y2>
<x3>744</x3>
<y3>372</y3>
<x4>663</x4>
<y4>394</y4>
</bndbox>
</object>
<object>
<name>text</name>
<bndbox>
<x1>657</x1>
<y1>395</y1>
<x2>716</x2>
<y2>381</y2>
<x3>720</x3>
<y3>394</y3>
<x4>661</x4>
<y4>408</y4>
</bndbox>
</object>
<object>
<name>text</name>
<bndbox>
<x1>650</x1>
<y1>358</y1>
<x2>673</x2>
<y2>346</y2>
<x3>678</x3>
<y3>361</y3>
<x4>654</x4>
<y4>373</y4>
</bndbox>
</object>
<object>
<name>text</name>
<bndbox>
<x1>740</x1>
<y1>473</y1>
<x2>779</x2>
<y2>465</y2>
<x3>783</x3>
<y3>493</y3>
<x4>746</x4>
<y4>495</y4>
</bndbox>
</object>
<object>
<name>text</name>
<bndbox>
<x1>693</x1>
<y1>463</y1>
<x2>751</x2>
<y2>457</y2>
<x3>752</x3>
<y3>464</y3>
<x4>695</x4>
<y4>470</y4>
</bndbox>
</object>
<object>
<name>text</name>
<bndbox>
<x1>706</x1>
<y1>476</y1>
<x2>736</x2>
<y2>474</y2>
<x3>740</x3>
<y3>495</y3>
<x4>711</x4>
<y4>497</y4>
</bndbox>
</object>
<object>
<name>text</name>
<bndbox>
<x1>1233</x1>
<y1>193</y1>
<x2>1277</x2>
<y2>184</y2>
<x3>1277</x3>
<y3>208</y3>
<x4>1239</x4>
<y4>220</y4>
</bndbox>
</object>
<object>
<name>text</name>
<bndbox>
<x1>1231</x1>
<y1>226</y1>
<x2>1275</x2>
<y2>220</y2>
<x3>1276</x3>
<y3>242</y3>
<x4>1242</x4>
<y4>254</y4>
</bndbox>
</object>
<object>
<name>text</name>
<bndbox>
<x1>1151</x1>
<y1>181</y1>
<x2>1232</x2>
<y2>154</y2>
<x3>1233</x3>
<y3>164</y3>
<x4>1152</x4>
<y4>191</y4>
</bndbox>
</object>
</annotation>