<?xml version="1.0" ?>
<annotation>
<folder>JPEGImages</folder>
<filename>img_499.xml</filename>
<path>xxxx</path>
<source>
<database>Unknown</database>
<annotation>xxx</annotation>
<image>xxx</image>
<flickrid>0</flickrid>
</source>
<size>
<width>1280</width>
<height>720</height>
<depth>3</depth>
</size>
<segmented>0</segmented>
<object>
<name>text</name>
<bndbox>
<x1>1118</x1>
<y1>79</y1>
<x2>1222</x2>
<y2>66</y2>
<x3>1222</x3>
<y3>115</y3>
<x4>1118</x4>
<y4>128</y4>
</bndbox>
</object>
<object>
<name>text</name>
<bndbox>
<x1>1233</x1>
<y1>70</y1>
<x2>1279</x2>
<y2>65</y2>
<x3>1279</x3>
<y3>108</y3>
<x4>1233</x4>
<y4>113</y4>
</bndbox>
</object>
<object>
<name>text</name>
<bndbox>
<x1>443</x1>
<y1>221</y1>
<x2>463</x2>
<y2>221</y2>
<x3>463</x3>
<y3>233</y3>
<x4>443</x4>
<y4>233</y4>
</bndbox>
</object>
<object>
<name>text</name>
<bndbox>
<x1>1069</x1>
<y1>423</y1>
<x2>1085</x2>
<y2>425</y2>
<x3>1086</x3>
<y3>474</y3>
<x4>1076</x4>
<y4>471</y4>
</bndbox>
</object>
</annotation>