<?xml version="1.0" ?>
<annotation>
<folder>JPEGImages</folder>
<filename>img_207.xml</filename>
<path>xxxx</path>
<source>
<database>Unknown</database>
<annotation>xxx</annotation>
<image>xxx</image>
<flickrid>0</flickrid>
</source>
<size>
<width>1280</width>
<height>720</height>
<depth>3</depth>
</size>
<segmented>0</segmented>
<object>
<name>text</name>
<bndbox>
<x1>594</x1>
<y1>184</y1>
<x2>624</x2>
<y2>184</y2>
<x3>623</x3>
<y3>199</y3>
<x4>593</x4>
<y4>199</y4>
</bndbox>
</object>
</annotation>