<?xml version="1.0" ?>
<annotation>
<folder>JPEGImages</folder>
<filename>img_403.xml</filename>
<path>xxxx</path>
<source>
<database>Unknown</database>
<annotation>xxx</annotation>
<image>xxx</image>
<flickrid>0</flickrid>
</source>
<size>
<width>1280</width>
<height>720</height>
<depth>3</depth>
</size>
<segmented>0</segmented>
<object>
<name>text</name>
<bndbox>
<x1>103</x1>
<y1>137</y1>
<x2>129</x2>
<y2>125</y2>
<x3>133</x3>
<y3>145</y3>
<x4>107</x4>
<y4>157</y4>
</bndbox>
</object>
<object>
<name>text</name>
<bndbox>
<x1>135</x1>
<y1>122</y1>
<x2>167</x2>
<y2>109</y2>
<x3>172</x3>
<y3>130</y3>
<x4>140</x4>
<y4>143</y4>
</bndbox>
</object>
<object>
<name>text</name>
<bndbox>
<x1>201</x1>
<y1>81</y1>
<x2>227</x2>
<y2>70</y2>
<x3>233</x3>
<y3>99</y3>
<x4>206</x4>
<y4>110</y4>
</bndbox>
</object>
<object>
<name>text</name>
<bndbox>
<x1>225</x1>
<y1>65</y1>
<x2>310</x2>
<y2>32</y2>
<x3>316</x3>
<y3>66</y3>
<x4>231</x4>
<y4>100</y4>
</bndbox>
</object>
<object>
<name>text</name>
<bndbox>
<x1>482</x1>
<y1>26</y1>
<x2>529</x2>
<y2>12</y2>
<x3>533</x3>
<y3>31</y3>
<x4>486</x4>
<y4>45</y4>
</bndbox>
</object>
<object>
<name>text</name>
<bndbox>
<x1>438</x1>
<y1>0</y1>
<x2>482</x2>
<y2>0</y2>
<x3>483</x3>
<y3>54</y3>
<x4>439</x4>
<y4>53</y4>
</bndbox>
</object>
<object>
<name>text</name>
<bndbox>
<x1>987</x1>
<y1>240</y1>
<x2>1024</x2>
<y2>239</y2>
<x3>1024</x3>
<y3>254</y3>
<x4>987</x4>
<y4>254</y4>
</bndbox>
</object>
</annotation>