<?xml version="1.0" ?>
<annotation>
<folder>JPEGImages</folder>
<filename>img_14.xml</filename>
<path>xxxx</path>
<source>
<database>Unknown</database>
<annotation>xxx</annotation>
<image>xxx</image>
<flickrid>0</flickrid>
</source>
<size>
<width>1280</width>
<height>720</height>
<depth>3</depth>
</size>
<segmented>0</segmented>
<object>
<name>text</name>
<bndbox>
<x1>909</x1>
<y1>580</y1>
<x2>997</x2>
<y2>562</y2>
<x3>999</x3>
<y3>612</y3>
<x4>911</x4>
<y4>630</y4>
</bndbox>
</object>
<object>
<name>text</name>
<bndbox>
<x1>279</x1>
<y1>223</y1>
<x2>320</x2>
<y2>222</y2>
<x3>321</x3>
<y3>260</y3>
<x4>279</x4>
<y4>261</y4>
</bndbox>
</object>
<object>
<name>text</name>
<bndbox>
<x1>674</x1>
<y1>43</y1>
<x2>701</x2>
<y2>43</y2>
<x3>701</x3>
<y3>58</y3>
<x4>674</x4>
<y4>57</y4>
</bndbox>
</object>
<object>
<name>text</name>
<bndbox>
<x1>786</x1>
<y1>45</y1>
<x2>811</x2>
<y2>45</y2>
<x3>811</x3>
<y3>60</y3>
<x4>786</x4>
<y4>59</y4>
</bndbox>
</object>
<object>
<name>text</name>
<bndbox>
<x1>892</x1>
<y1>46</y1>
<x2>916</x2>
<y2>46</y2>
<x3>916</x3>
<y3>61</y3>
<x4>892</x4>
<y4>61</y4>
</bndbox>
</object>
<object>
<name>text</name>
<bndbox>
<x1>476</x1>
<y1>38</y1>
<x2>536</x2>
<y2>41</y2>
<x3>536</x3>
<y3>51</y3>
<x4>477</x4>
<y4>48</y4>
</bndbox>
</object>
<object>
<name>text</name>
<bndbox>
<x1>480</x1>
<y1>51</y1>
<x2>540</x2>
<y2>53</y2>
<x3>540</x3>
<y3>62</y3>
<x4>477</x4>
<y4>61</y4>
</bndbox>
</object>
<object>
<name>text</name>
<bndbox>
<x1>479</x1>
<y1>60</y1>
<x2>522</x2>
<y2>63</y2>
<x3>522</x3>
<y3>71</y3>
<x4>479</x4>
<y4>68</y4>
</bndbox>
</object>
<object>
<name>text</name>
<bndbox>
<x1>601</x1>
<y1>40</y1>
<x2>635</x2>
<y2>41</y2>
<x3>635</x3>
<y3>52</y3>
<x4>600</x4>
<y4>52</y4>
</bndbox>
</object>
<object>
<name>text</name>
<bndbox>
<x1>600</x1>
<y1>53</y1>
<x2>648</x2>
<y2>53</y2>
<x3>648</x3>
<y3>62</y3>
<x4>600</x4>
<y4>62</y4>
</bndbox>
</object>
<object>
<name>text</name>
<bndbox>
<x1>716</x1>
<y1>41</y1>
<x2>769</x2>
<y2>42</y2>
<x3>769</x3>
<y3>54</y3>
<x4>715</x4>
<y4>54</y4>
</bndbox>
</object>
<object>
<name>text</name>
<bndbox>
<x1>715</x1>
<y1>54</y1>
<x2>778</x2>
<y2>55</y2>
<x3>778</x3>
<y3>65</y3>
<x4>715</x4>
<y4>63</y4>
</bndbox>
</object>
<object>
<name>text</name>
<bndbox>
<x1>825</x1>
<y1>43</y1>
<x2>856</x2>
<y2>43</y2>
<x3>856</x3>
<y3>55</y3>
<x4>824</x4>
<y4>55</y4>
</bndbox>
</object>
<object>
<name>text</name>
<bndbox>
<x1>824</x1>
<y1>56</y1>
<x2>874</x2>
<y2>56</y2>
<x3>873</x3>
<y3>65</y3>
<x4>824</x4>
<y4>65</y4>
</bndbox>
</object>
<object>
<name>text</name>
<bndbox>
<x1>983</x1>
<y1>683</y1>
<x2>1022</x2>
<y2>677</y2>
<x3>1022</x3>
<y3>690</y3>
<x4>984</x4>
<y4>695</y4>
</bndbox>
</object>
<object>
<name>text</name>
<bndbox>
<x1>1023</x1>
<y1>676</y1>
<x2>1037</x2>
<y2>675</y2>
<x3>1037</x3>
<y3>686</y3>
<x4>1024</x4>
<y4>688</y4>
</bndbox>
</object>
<object>
<name>text</name>
<bndbox>
<x1>982</x1>
<y1>697</y1>
<x2>1031</x2>
<y2>689</y2>
<x3>1032</x3>
<y3>701</y3>
<x4>983</x4>
<y4>709</y4>
</bndbox>
</object>
<object>
<name>text</name>
<bndbox>
<x1>263</x1>
<y1>210</y1>
<x2>333</x2>
<y2>210</y2>
<x3>333</x3>
<y3>215</y3>
<x4>263</x4>
<y4>215</y4>
</bndbox>
</object>
</annotation>