<?xml version="1.0" ?>
<annotation>
<folder>JPEGImages</folder>
<filename>img_184.xml</filename>
<path>xxxx</path>
<source>
<database>Unknown</database>
<annotation>xxx</annotation>
<image>xxx</image>
<flickrid>0</flickrid>
</source>
<size>
<width>1280</width>
<height>720</height>
<depth>3</depth>
</size>
<segmented>0</segmented>
<object>
<name>text</name>
<bndbox>
<x1>212</x1>
<y1>88</y1>
<x2>247</x2>
<y2>90</y2>
<x3>251</x3>
<y3>131</y3>
<x4>215</x4>
<y4>130</y4>
</bndbox>
</object>
<object>
<name>text</name>
<bndbox>
<x1>263</x1>
<y1>91</y1>
<x2>347</x2>
<y2>90</y2>
<x3>346</x3>
<y3>130</y3>
<x4>262</x4>
<y4>131</y4>
</bndbox>
</object>
<object>
<name>text</name>
<bndbox>
<x1>201</x1>
<y1>139</y1>
<x2>211</x2>
<y2>139</y2>
<x3>211</x3>
<y3>156</y3>
<x4>201</x4>
<y4>156</y4>
</bndbox>
</object>
<object>
<name>text</name>
<bndbox>
<x1>214</x1>
<y1>139</y1>
<x2>252</x2>
<y2>139</y2>
<x3>251</x3>
<y3>155</y3>
<x4>212</x4>
<y4>155</y4>
</bndbox>
</object>
<object>
<name>text</name>
<bndbox>
<x1>253</x1>
<y1>137</y1>
<x2>270</x2>
<y2>137</y2>
<x3>271</x3>
<y3>153</y3>
<x4>254</x4>
<y4>154</y4>
</bndbox>
</object>
<object>
<name>text</name>
<bndbox>
<x1>272</x1>
<y1>138</y1>
<x2>298</x2>
<y2>137</y2>
<x3>298</x3>
<y3>153</y3>
<x4>272</x4>
<y4>153</y4>
</bndbox>
</object>
<object>
<name>text</name>
<bndbox>
<x1>297</x1>
<y1>135</y1>
<x2>339</x2>
<y2>134</y2>
<x3>340</x3>
<y3>153</y3>
<x4>298</x4>
<y4>153</y4>
</bndbox>
</object>
<object>
<name>text</name>
<bndbox>
<x1>131</x1>
<y1>355</y1>
<x2>179</x2>
<y2>348</y2>
<x3>179</x3>
<y3>363</y3>
<x4>132</x4>
<y4>368</y4>
</bndbox>
</object>
<object>
<name>text</name>
<bndbox>
<x1>181</x1>
<y1>347</y1>
<x2>217</x2>
<y2>345</y2>
<x3>218</x3>
<y3>360</y3>
<x4>183</x4>
<y4>362</y4>
</bndbox>
</object>
<object>
<name>text</name>
<bndbox>
<x1>220</x1>
<y1>346</y1>
<x2>249</x2>
<y2>343</y2>
<x3>248</x3>
<y3>356</y3>
<x4>219</x4>
<y4>358</y4>
</bndbox>
</object>
<object>
<name>text</name>
<bndbox>
<x1>250</x1>
<y1>342</y1>
<x2>280</x2>
<y2>340</y2>
<x3>280</x3>
<y3>352</y3>
<x4>250</x4>
<y4>355</y4>
</bndbox>
</object>
</annotation>