<?xml version="1.0" ?>
<annotation>
<folder>JPEGImages</folder>
<filename>img_43.xml</filename>
<path>xxxx</path>
<source>
<database>Unknown</database>
<annotation>xxx</annotation>
<image>xxx</image>
<flickrid>0</flickrid>
</source>
<size>
<width>1280</width>
<height>720</height>
<depth>3</depth>
</size>
<segmented>0</segmented>
<object>
<name>text</name>
<bndbox>
<x1>696</x1>
<y1>4</y1>
<x2>734</x2>
<y2>7</y2>
<x3>734</x3>
<y3>15</y3>
<x4>696</x4>
<y4>12</y4>
</bndbox>
</object>
<object>
<name>text</name>
<bndbox>
<x1>675</x1>
<y1>96</y1>
<x2>727</x2>
<y2>102</y2>
<x3>725</x3>
<y3>114</y3>
<x4>673</x4>
<y4>107</y4>
</bndbox>
</object>
<object>
<name>text</name>
<bndbox>
<x1>763</x1>
<y1>54</y1>
<x2>831</x2>
<y2>62</y2>
<x3>829</x3>
<y3>75</y3>
<x4>761</x4>
<y4>68</y4>
</bndbox>
</object>
<object>
<name>text</name>
<bndbox>
<x1>645</x1>
<y1>35</y1>
<x2>739</x2>
<y2>47</y2>
<x3>736</x3>
<y3>65</y3>
<x4>643</x4>
<y4>54</y4>
</bndbox>
</object>
<object>
<name>text</name>
<bndbox>
<x1>773</x1>
<y1>0</y1>
<x2>868</x2>
<y2>8</y2>
<x3>865</x3>
<y3>24</y3>
<x4>770</x4>
<y4>12</y4>
</bndbox>
</object>
<object>
<name>text</name>
<bndbox>
<x1>950</x1>
<y1>454</y1>
<x2>1061</x2>
<y2>464</y2>
<x3>1053</x3>
<y3>489</y3>
<x4>946</x4>
<y4>477</y4>
</bndbox>
</object>
<object>
<name>text</name>
<bndbox>
<x1>1062</x1>
<y1>463</y1>
<x2>1147</x2>
<y2>475</y2>
<x3>1141</x3>
<y3>500</y3>
<x4>1056</x4>
<y4>488</y4>
</bndbox>
</object>
<object>
<name>text</name>
<bndbox>
<x1>1</x1>
<y1>50</y1>
<x2>117</x2>
<y2>61</y2>
<x3>124</x3>
<y3>86</y3>
<x4>1</x4>
<y4>73</y4>
</bndbox>
</object>
<object>
<name>text</name>
<bndbox>
<x1>552</x1>
<y1>91</y1>
<x2>608</x2>
<y2>97</y2>
<x3>609</x3>
<y3>108</y3>
<x4>553</x4>
<y4>102</y4>
</bndbox>
</object>
<object>
<name>text</name>
<bndbox>
<x1>755</x1>
<y1>96</y1>
<x2>817</x2>
<y2>103</y2>
<x3>817</x3>
<y3>113</y3>
<x4>755</x4>
<y4>106</y4>
</bndbox>
</object>
<object>
<name>text</name>
<bndbox>
<x1>755</x1>
<y1>105</y1>
<x2>817</x2>
<y2>109</y2>
<x3>817</x3>
<y3>119</y3>
<x4>755</x4>
<y4>115</y4>
</bndbox>
</object>
<object>
<name>text</name>
<bndbox>
<x1>922</x1>
<y1>5</y1>
<x2>990</x2>
<y2>12</y2>
<x3>989</x3>
<y3>23</y3>
<x4>921</x4>
<y4>16</y4>
</bndbox>
</object>
<object>
<name>text</name>
<bndbox>
<x1>918</x1>
<y1>16</y1>
<x2>989</x2>
<y2>24</y2>
<x3>989</x3>
<y3>33</y3>
<x4>918</x4>
<y4>25</y4>
</bndbox>
</object>
<object>
<name>text</name>
<bndbox>
<x1>545</x1>
<y1>19</y1>
<x2>583</x2>
<y2>22</y2>
<x3>583</x3>
<y3>31</y3>
<x4>545</x4>
<y4>28</y4>
</bndbox>
</object>
<object>
<name>text</name>
<bndbox>
<x1>547</x1>
<y1>26</y1>
<x2>582</x2>
<y2>29</y2>
<x3>582</x3>
<y3>38</y3>
<x4>547</x4>
<y4>34</y4>
</bndbox>
</object>
<object>
<name>text</name>
<bndbox>
<x1>542</x1>
<y1>34</y1>
<x2>591</x2>
<y2>39</y2>
<x3>591</x3>
<y3>44</y3>
<x4>541</x4>
<y4>40</y4>
</bndbox>
</object>
<object>
<name>text</name>
<bndbox>
<x1>594</x1>
<y1>39</y1>
<x2>619</x2>
<y2>42</y2>
<x3>619</x3>
<y3>49</y3>
<x4>594</x4>
<y4>46</y4>
</bndbox>
</object>
<object>
<name>text</name>
<bndbox>
<x1>546</x1>
<y1>41</y1>
<x2>586</x2>
<y2>43</y2>
<x3>585</x3>
<y3>51</y3>
<x4>545</x4>
<y4>48</y4>
</bndbox>
</object>
<object>
<name>text</name>
<bndbox>
<x1>553</x1>
<y1>72</y1>
<x2>612</x2>
<y2>78</y2>
<x3>611</x3>
<y3>98</y3>
<x4>553</x4>
<y4>91</y4>
</bndbox>
</object>
<object>
<name>text</name>
<bndbox>
<x1>592</x1>
<y1>46</y1>
<x2>613</x2>
<y2>48</y2>
<x3>614</x3>
<y3>54</y3>
<x4>592</x4>
<y4>52</y4>
</bndbox>
</object>
<object>
<name>text</name>
<bndbox>
<x1>765</x1>
<y1>44</y1>
<x2>823</x2>
<y2>51</y2>
<x3>822</x3>
<y3>60</y3>
<x4>765</x4>
<y4>52</y4>
</bndbox>
</object>
<object>
<name>text</name>
<bndbox>
<x1>879</x1>
<y1>124</y1>
<x2>949</x2>
<y2>130</y2>
<x3>950</x3>
<y3>136</y3>
<x4>880</x4>
<y4>130</y4>
</bndbox>
</object>
<object>
<name>text</name>
<bndbox>
<x1>977</x1>
<y1>404</y1>
<x2>994</x2>
<y2>406</y2>
<x3>994</x3>
<y3>413</y3>
<x4>977</x4>
<y4>412</y4>
</bndbox>
</object>
<object>
<name>text</name>
<bndbox>
<x1>966</x1>
<y1>411</y1>
<x2>1004</x2>
<y2>415</y2>
<x3>1003</x3>
<y3>422</y3>
<x4>965</x4>
<y4>418</y4>
</bndbox>
</object>
<object>
<name>text</name>
<bndbox>
<x1>960</x1>
<y1>419</y1>
<x2>1004</x2>
<y2>423</y2>
<x3>1004</x3>
<y3>430</y3>
<x4>960</x4>
<y4>426</y4>
</bndbox>
</object>
<object>
<name>text</name>
<bndbox>
<x1>1024</x1>
<y1>408</y1>
<x2>1062</x2>
<y2>413</y2>
<x3>1061</x3>
<y3>421</y3>
<x4>1023</x4>
<y4>416</y4>
</bndbox>
</object>
<object>
<name>text</name>
<bndbox>
<x1>1020</x1>
<y1>416</y1>
<x2>1064</x2>
<y2>422</y2>
<x3>1064</x3>
<y3>429</y3>
<x4>1020</x4>
<y4>424</y4>
</bndbox>
</object>
<object>
<name>text</name>
<bndbox>
<x1>1018</x1>
<y1>424</y1>
<x2>1061</x2>
<y2>429</y2>
<x3>1061</x3>
<y3>437</y3>
<x4>1018</x4>
<y4>433</y4>
</bndbox>
</object>
<object>
<name>text</name>
<bndbox>
<x1>1077</x1>
<y1>414</y1>
<x2>1122</x2>
<y2>420</y2>
<x3>1122</x3>
<y3>427</y3>
<x4>1077</x4>
<y4>421</y4>
</bndbox>
</object>
<object>
<name>text</name>
<bndbox>
<x1>1081</x1>
<y1>425</y1>
<x2>1116</x2>
<y2>427</y2>
<x3>1116</x3>
<y3>433</y3>
<x4>1081</x4>
<y4>431</y4>
</bndbox>
</object>
<object>
<name>text</name>
<bndbox>
<x1>1076</x1>
<y1>432</y1>
<x2>1118</x2>
<y2>436</y2>
<x3>1118</x3>
<y3>444</y3>
<x4>1076</x4>
<y4>440</y4>
</bndbox>
</object>
<object>
<name>text</name>
<bndbox>
<x1>677</x1>
<y1>90</y1>
<x2>728</x2>
<y2>96</y2>
<x3>727</x3>
<y3>101</y3>
<x4>677</x4>
<y4>95</y4>
</bndbox>
</object>
<object>
<name>text</name>
<bndbox>
<x1>902</x1>
<y1>106</y1>
<x2>936</x2>
<y2>108</y2>
<x3>932</x3>
<y3>127</y3>
<x4>898</x4>
<y4>124</y4>
</bndbox>
</object>
<object>
<name>text</name>
<bndbox>
<x1>919</x1>
<y1>63</y1>
<x2>941</x2>
<y2>65</y2>
<x3>939</x3>
<y3>75</y3>
<x4>916</x4>
<y4>73</y4>
</bndbox>
</object>
<object>
<name>text</name>
<bndbox>
<x1>865</x1>
<y1>128</y1>
<x2>956</x2>
<y2>138</y2>
<x3>955</x3>
<y3>145</y3>
<x4>864</x4>
<y4>135</y4>
</bndbox>
</object>
<object>
<name>text</name>
<bndbox>
<x1>787</x1>
<y1>118</y1>
<x2>814</x2>
<y2>120</y2>
<x3>813</x3>
<y3>127</y3>
<x4>787</x4>
<y4>125</y4>
</bndbox>
</object>
<object>
<name>text</name>
<bndbox>
<x1>648</x1>
<y1>130</y1>
<x2>961</x2>
<y2>164</y2>
<x3>962</x3>
<y3>170</y3>
<x4>648</x4>
<y4>136</y4>
</bndbox>
</object>
<object>
<name>text</name>
<bndbox>
<x1>190</x1>
<y1>0</y1>
<x2>365</x2>
<y2>0</y2>
<x3>367</x3>
<y3>25</y3>
<x4>281</x4>
<y4>20</y4>
</bndbox>
</object>
</annotation>