<?xml version="1.0" ?>
<annotation>
<folder>JPEGImages</folder>
<filename>img_424.xml</filename>
<path>xxxx</path>
<source>
<database>Unknown</database>
<annotation>xxx</annotation>
<image>xxx</image>
<flickrid>0</flickrid>
</source>
<size>
<width>1280</width>
<height>720</height>
<depth>3</depth>
</size>
<segmented>0</segmented>
<object>
<name>text</name>
<bndbox>
<x1>406</x1>
<y1>93</y1>
<x2>563</x2>
<y2>78</y2>
<x3>566</x3>
<y3>112</y3>
<x4>410</x4>
<y4>127</y4>
</bndbox>
</object>
<object>
<name>text</name>
<bndbox>
<x1>573</x1>
<y1>84</y1>
<x2>627</x2>
<y2>77</y2>
<x3>630</x3>
<y3>98</y3>
<x4>575</x4>
<y4>104</y4>
</bndbox>
</object>
</annotation>