<?xml version="1.0" ?>
<annotation>
<folder>JPEGImages</folder>
<filename>img_123.xml</filename>
<path>xxxx</path>
<source>
<database>Unknown</database>
<annotation>xxx</annotation>
<image>xxx</image>
<flickrid>0</flickrid>
</source>
<size>
<width>1280</width>
<height>720</height>
<depth>3</depth>
</size>
<segmented>0</segmented>
<object>
<name>text</name>
<bndbox>
<x1>1029</x1>
<y1>322</y1>
<x2>1080</x2>
<y2>332</y2>
<x3>1079</x3>
<y3>355</y3>
<x4>1028</x4>
<y4>344</y4>
</bndbox>
</object>
<object>
<name>text</name>
<bndbox>
<x1>1023</x1>
<y1>95</y1>
<x2>1159</x2>
<y2>84</y2>
<x3>1159</x3>
<y3>128</y3>
<x4>1023</x4>
<y4>139</y4>
</bndbox>
</object>
<object>
<name>text</name>
<bndbox>
<x1>1085</x1>
<y1>142</y1>
<x2>1142</x2>
<y2>139</y2>
<x3>1139</x3>
<y3>166</y3>
<x4>1081</x4>
<y4>168</y4>
</bndbox>
</object>
<object>
<name>text</name>
<bndbox>
<x1>1027</x1>
<y1>190</y1>
<x2>1104</x2>
<y2>190</y2>
<x3>1101</x3>
<y3>244</y3>
<x4>1028</x4>
<y4>242</y4>
</bndbox>
</object>
<object>
<name>text</name>
<bndbox>
<x1>1026</x1>
<y1>288</y1>
<x2>1086</x2>
<y2>297</y2>
<x3>1084</x3>
<y3>318</y3>
<x4>1024</x4>
<y4>309</y4>
</bndbox>
</object>
<object>
<name>text</name>
<bndbox>
<x1>1026</x1>
<y1>144</y1>
<x2>1080</x2>
<y2>141</y2>
<x3>1080</x3>
<y3>165</y3>
<x4>1025</x4>
<y4>169</y4>
</bndbox>
</object>
<object>
<name>text</name>
<bndbox>
<x1>1028</x1>
<y1>356</y1>
<x2>1079</x2>
<y2>368</y2>
<x3>1078</x3>
<y3>389</y3>
<x4>1027</x4>
<y4>376</y4>
</bndbox>
</object>
<object>
<name>text</name>
<bndbox>
<x1>1083</x1>
<y1>300</y1>
<x2>1098</x2>
<y2>304</y2>
<x3>1097</x3>
<y3>321</y3>
<x4>1083</x4>
<y4>316</y4>
</bndbox>
</object>
<object>
<name>text</name>
<bndbox>
<x1>1081</x1>
<y1>336</y1>
<x2>1097</x2>
<y2>340</y2>
<x3>1097</x3>
<y3>357</y3>
<x4>1081</x4>
<y4>353</y4>
</bndbox>
</object>
<object>
<name>text</name>
<bndbox>
<x1>1080</x1>
<y1>371</y1>
<x2>1098</x2>
<y2>377</y2>
<x3>1096</x3>
<y3>393</y3>
<x4>1079</x4>
<y4>387</y4>
</bndbox>
</object>
<object>
<name>text</name>
<bndbox>
<x1>1102</x1>
<y1>299</y1>
<x2>1123</x2>
<y2>303</y2>
<x3>1123</x3>
<y3>324</y3>
<x4>1102</x4>
<y4>320</y4>
</bndbox>
</object>
<object>
<name>text</name>
<bndbox>
<x1>1101</x1>
<y1>336</y1>
<x2>1123</x2>
<y2>340</y2>
<x3>1121</x3>
<y3>361</y3>
<x4>1099</x4>
<y4>357</y4>
</bndbox>
</object>
<object>
<name>text</name>
<bndbox>
<x1>1101</x1>
<y1>374</y1>
<x2>1122</x2>
<y2>378</y2>
<x3>1121</x3>
<y3>398</y3>
<x4>1100</x4>
<y4>394</y4>
</bndbox>
</object>
</annotation>