<?xml version="1.0" ?>
<annotation>
<folder>JPEGImages</folder>
<filename>img_385.xml</filename>
<path>xxxx</path>
<source>
<database>Unknown</database>
<annotation>xxx</annotation>
<image>xxx</image>
<flickrid>0</flickrid>
</source>
<size>
<width>1280</width>
<height>720</height>
<depth>3</depth>
</size>
<segmented>0</segmented>
<object>
<name>text</name>
<bndbox>
<x1>457</x1>
<y1>59</y1>
<x2>599</x2>
<y2>59</y2>
<x3>601</x3>
<y3>100</y3>
<x4>459</x4>
<y4>101</y4>
</bndbox>
</object>
<object>
<name>text</name>
<bndbox>
<x1>562</x1>
<y1>566</y1>
<x2>729</x2>
<y2>550</y2>
<x3>741</x3>
<y3>634</y3>
<x4>574</x4>
<y4>650</y4>
</bndbox>
</object>
<object>
<name>text</name>
<bndbox>
<x1>830</x1>
<y1>176</y1>
<x2>854</x2>
<y2>175</y2>
<x3>855</x3>
<y3>198</y3>
<x4>831</x4>
<y4>199</y4>
</bndbox>
</object>
<object>
<name>text</name>
<bndbox>
<x1>882</x1>
<y1>172</y1>
<x2>893</x2>
<y2>173</y2>
<x3>893</x3>
<y3>193</y3>
<x4>882</x4>
<y4>193</y4>
</bndbox>
</object>
<object>
<name>text</name>
<bndbox>
<x1>918</x1>
<y1>16</y1>
<x2>937</x2>
<y2>11</y2>
<x3>938</x3>
<y3>43</y3>
<x4>919</x4>
<y4>48</y4>
</bndbox>
</object>
<object>
<name>text</name>
<bndbox>
<x1>910</x1>
<y1>17</y1>
<x2>923</x2>
<y2>14</y2>
<x3>925</x3>
<y3>34</y3>
<x4>913</x4>
<y4>37</y4>
</bndbox>
</object>
<object>
<name>text</name>
<bndbox>
<x1>38</x1>
<y1>207</y1>
<x2>71</x2>
<y2>204</y2>
<x3>74</x3>
<y3>236</y3>
<x4>40</x4>
<y4>239</y4>
</bndbox>
</object>
</annotation>