<?xml version="1.0" ?>
<annotation>
<folder>JPEGImages</folder>
<filename>img_519.xml</filename>
<path>xxxx</path>
<source>
<database>Unknown</database>
<annotation>xxx</annotation>
<image>xxx</image>
<flickrid>0</flickrid>
</source>
<size>
<width>1280</width>
<height>720</height>
<depth>3</depth>
</size>
<segmented>0</segmented>
<object>
<name>text</name>
<bndbox>
<x1>743</x1>
<y1>140</y1>
<x2>783</x2>
<y2>138</y2>
<x3>786</x3>
<y3>155</y3>
<x4>746</x4>
<y4>158</y4>
</bndbox>
</object>
<object>
<name>text</name>
<bndbox>
<x1>780</x1>
<y1>135</y1>
<x2>823</x2>
<y2>134</y2>
<x3>826</x3>
<y3>155</y3>
<x4>782</x4>
<y4>156</y4>
</bndbox>
</object>
<object>
<name>text</name>
<bndbox>
<x1>821</x1>
<y1>131</y1>
<x2>881</x2>
<y2>129</y2>
<x3>885</x3>
<y3>150</y3>
<x4>825</x4>
<y4>153</y4>
</bndbox>
</object>
<object>
<name>text</name>
<bndbox>
<x1>737</x1>
<y1>160</y1>
<x2>813</x2>
<y2>156</y2>
<x3>815</x3>
<y3>171</y3>
<x4>738</x4>
<y4>175</y4>
</bndbox>
</object>
<object>
<name>text</name>
<bndbox>
<x1>812</x1>
<y1>156</y1>
<x2>847</x2>
<y2>153</y2>
<x3>848</x3>
<y3>169</y3>
<x4>813</x4>
<y4>173</y4>
</bndbox>
</object>
<object>
<name>text</name>
<bndbox>
<x1>848</x1>
<y1>153</y1>
<x2>896</x2>
<y2>151</y2>
<x3>895</x3>
<y3>171</y3>
<x4>847</x4>
<y4>173</y4>
</bndbox>
</object>
<object>
<name>text</name>
<bndbox>
<x1>742</x1>
<y1>198</y1>
<x2>801</x2>
<y2>198</y2>
<x3>800</x3>
<y3>224</y3>
<x4>741</x4>
<y4>224</y4>
</bndbox>
</object>
<object>
<name>text</name>
<bndbox>
<x1>806</x1>
<y1>195</y1>
<x2>901</x2>
<y2>198</y2>
<x3>900</x3>
<y3>224</y3>
<x4>805</x4>
<y4>221</y4>
</bndbox>
</object>
<object>
<name>text</name>
<bndbox>
<x1>742</x1>
<y1>225</y1>
<x2>881</x2>
<y2>226</y2>
<x3>893</x3>
<y3>276</y3>
<x4>755</x4>
<y4>275</y4>
</bndbox>
</object>
<object>
<name>text</name>
<bndbox>
<x1>755</x1>
<y1>275</y1>
<x2>895</x2>
<y2>279</y2>
<x3>896</x3>
<y3>304</y3>
<x4>756</x4>
<y4>300</y4>
</bndbox>
</object>
<object>
<name>text</name>
<bndbox>
<x1>753</x1>
<y1>305</y1>
<x2>798</x2>
<y2>307</y2>
<x3>799</x3>
<y3>317</y3>
<x4>753</x4>
<y4>315</y4>
</bndbox>
</object>
<object>
<name>text</name>
<bndbox>
<x1>802</x1>
<y1>309</y1>
<x2>821</x2>
<y2>309</y2>
<x3>821</x3>
<y3>317</y3>
<x4>802</x4>
<y4>318</y4>
</bndbox>
</object>
<object>
<name>text</name>
<bndbox>
<x1>823</x1>
<y1>309</y1>
<x2>854</x2>
<y2>310</y2>
<x3>854</x3>
<y3>318</y3>
<x4>823</x4>
<y4>318</y4>
</bndbox>
</object>
<object>
<name>text</name>
<bndbox>
<x1>855</x1>
<y1>309</y1>
<x2>870</x2>
<y2>309</y2>
<x3>870</x3>
<y3>319</y3>
<x4>855</x4>
<y4>319</y4>
</bndbox>
</object>
<object>
<name>text</name>
<bndbox>
<x1>874</x1>
<y1>309</y1>
<x2>895</x2>
<y2>309</y2>
<x3>895</x3>
<y3>320</y3>
<x4>874</x4>
<y4>321</y4>
</bndbox>
</object>
<object>
<name>text</name>
<bndbox>
<x1>264</x1>
<y1>121</y1>
<x2>293</x2>
<y2>119</y2>
<x3>294</x3>
<y3>130</y3>
<x4>265</x4>
<y4>132</y4>
</bndbox>
</object>
</annotation>