<?xml version="1.0" ?>
<annotation>
<folder>JPEGImages</folder>
<filename>img_497.xml</filename>
<path>xxxx</path>
<source>
<database>Unknown</database>
<annotation>xxx</annotation>
<image>xxx</image>
<flickrid>0</flickrid>
</source>
<size>
<width>1280</width>
<height>720</height>
<depth>3</depth>
</size>
<segmented>0</segmented>
<object>
<name>text</name>
<bndbox>
<x1>252</x1>
<y1>353</y1>
<x2>321</x2>
<y2>333</y2>
<x3>328</x3>
<y3>365</y3>
<x4>260</x4>
<y4>385</y4>
</bndbox>
</object>
<object>
<name>text</name>
<bndbox>
<x1>95</x1>
<y1>459</y1>
<x2>238</x2>
<y2>416</y2>
<x3>252</x3>
<y3>460</y3>
<x4>108</x4>
<y4>503</y4>
</bndbox>
</object>
<object>
<name>text</name>
<bndbox>
<x1>257</x1>
<y1>414</y1>
<x2>402</x2>
<y2>375</y2>
<x3>406</x3>
<y3>419</y3>
<x4>261</x4>
<y4>458</y4>
</bndbox>
</object>
<object>
<name>text</name>
<bndbox>
<x1>201</x1>
<y1>484</y1>
<x2>328</x2>
<y2>440</y2>
<x3>337</x3>
<y3>471</y3>
<x4>210</x4>
<y4>515</y4>
</bndbox>
</object>
<object>
<name>text</name>
<bndbox>
<x1>213</x1>
<y1>595</y1>
<x2>293</x2>
<y2>569</y2>
<x3>300</x3>
<y3>594</y3>
<x4>220</x4>
<y4>620</y4>
</bndbox>
</object>
<object>
<name>text</name>
<bndbox>
<x1>300</x1>
<y1>560</y1>
<x2>327</x2>
<y2>549</y2>
<x3>333</x3>
<y3>580</y3>
<x4>306</x4>
<y4>591</y4>
</bndbox>
</object>
<object>
<name>text</name>
<bndbox>
<x1>336</x1>
<y1>551</y1>
<x2>372</x2>
<y2>540</y2>
<x3>376</x3>
<y3>569</y3>
<x4>340</x4>
<y4>580</y4>
</bndbox>
</object>
<object>
<name>text</name>
<bndbox>
<x1>1037</x1>
<y1>298</y1>
<x2>1103</x2>
<y2>274</y2>
<x3>1104</x3>
<y3>296</y3>
<x4>1038</x4>
<y4>321</y4>
</bndbox>
</object>
</annotation>