<?xml version="1.0" ?>
<annotation>
<folder>JPEGImages</folder>
<filename>img_148.xml</filename>
<path>xxxx</path>
<source>
<database>Unknown</database>
<annotation>xxx</annotation>
<image>xxx</image>
<flickrid>0</flickrid>
</source>
<size>
<width>1280</width>
<height>720</height>
<depth>3</depth>
</size>
<segmented>0</segmented>
<object>
<name>text</name>
<bndbox>
<x1>1043</x1>
<y1>170</y1>
<x2>1083</x2>
<y2>170</y2>
<x3>1084</x3>
<y3>188</y3>
<x4>1044</x4>
<y4>188</y4>
</bndbox>
</object>
</annotation>