<?xml version="1.0" ?>
<annotation>
<folder>JPEGImages</folder>
<filename>img_335.xml</filename>
<path>xxxx</path>
<source>
<database>Unknown</database>
<annotation>xxx</annotation>
<image>xxx</image>
<flickrid>0</flickrid>
</source>
<size>
<width>1280</width>
<height>720</height>
<depth>3</depth>
</size>
<segmented>0</segmented>
<object>
<name>text</name>
<bndbox>
<x1>674</x1>
<y1>46</y1>
<x2>736</x2>
<y2>41</y2>
<x3>739</x3>
<y3>61</y3>
<x4>677</x4>
<y4>66</y4>
</bndbox>
</object>
<object>
<name>text</name>
<bndbox>
<x1>936</x1>
<y1>76</y1>
<x2>964</x2>
<y2>70</y2>
<x3>964</x3>
<y3>87</y3>
<x4>937</x4>
<y4>93</y4>
</bndbox>
</object>
<object>
<name>text</name>
<bndbox>
<x1>247</x1>
<y1>80</y1>
<x2>385</x2>
<y2>66</y2>
<x3>391</x3>
<y3>102</y3>
<x4>252</x4>
<y4>116</y4>
</bndbox>
</object>
<object>
<name>text</name>
<bndbox>
<x1>1154</x1>
<y1>26</y1>
<x2>1199</x2>
<y2>16</y2>
<x3>1200</x3>
<y3>30</y3>
<x4>1154</x4>
<y4>39</y4>
</bndbox>
</object>
<object>
<name>text</name>
<bndbox>
<x1>249</x1>
<y1>75</y1>
<x2>283</x2>
<y2>69</y2>
<x3>287</x3>
<y3>84</y3>
<x4>253</x4>
<y4>89</y4>
</bndbox>
</object>
<object>
<name>text</name>
<bndbox>
<x1>518</x1>
<y1>127</y1>
<x2>557</x2>
<y2>124</y2>
<x3>557</x3>
<y3>132</y3>
<x4>518</x4>
<y4>135</y4>
</bndbox>
</object>
<object>
<name>text</name>
<bndbox>
<x1>521</x1>
<y1>150</y1>
<x2>559</x2>
<y2>144</y2>
<x3>561</x3>
<y3>153</y3>
<x4>523</x4>
<y4>158</y4>
</bndbox>
</object>
</annotation>