<?xml version="1.0" ?>
<annotation>
<folder>JPEGImages</folder>
<filename>img_51.xml</filename>
<path>xxxx</path>
<source>
<database>Unknown</database>
<annotation>xxx</annotation>
<image>xxx</image>
<flickrid>0</flickrid>
</source>
<size>
<width>1280</width>
<height>720</height>
<depth>3</depth>
</size>
<segmented>0</segmented>
<object>
<name>text</name>
<bndbox>
<x1>468</x1>
<y1>251</y1>
<x2>485</x2>
<y2>250</y2>
<x3>488</x3>
<y3>283</y3>
<x4>471</x4>
<y4>285</y4>
</bndbox>
</object>
<object>
<name>text</name>
<bndbox>
<x1>827</x1>
<y1>406</y1>
<x2>850</x2>
<y2>404</y2>
<x3>851</x3>
<y3>422</y3>
<x4>829</x4>
<y4>424</y4>
</bndbox>
</object>
<object>
<name>text</name>
<bndbox>
<x1>839</x1>
<y1>271</y1>
<x2>911</x2>
<y2>262</y2>
<x3>922</x3>
<y3>353</y3>
<x4>850</x4>
<y4>361</y4>
</bndbox>
</object>
<object>
<name>text</name>
<bndbox>
<x1>502</x1>
<y1>252</y1>
<x2>531</x2>
<y2>250</y2>
<x3>531</x3>
<y3>259</y3>
<x4>502</x4>
<y4>261</y4>
</bndbox>
</object>
<object>
<name>text</name>
<bndbox>
<x1>531</x1>
<y1>251</y1>
<x2>539</x2>
<y2>250</y2>
<x3>540</x3>
<y3>260</y3>
<x4>532</x4>
<y4>260</y4>
</bndbox>
</object>
<object>
<name>text</name>
<bndbox>
<x1>540</x1>
<y1>247</y1>
<x2>586</x2>
<y2>245</y2>
<x3>586</x3>
<y3>255</y3>
<x4>540</x4>
<y4>257</y4>
</bndbox>
</object>
<object>
<name>text</name>
<bndbox>
<x1>585</x1>
<y1>245</y1>
<x2>631</x2>
<y2>241</y2>
<x3>631</x3>
<y3>252</y3>
<x4>585</x4>
<y4>256</y4>
</bndbox>
</object>
<object>
<name>text</name>
<bndbox>
<x1>630</x1>
<y1>240</y1>
<x2>648</x2>
<y2>239</y2>
<x3>649</x3>
<y3>250</y3>
<x4>631</x4>
<y4>251</y4>
</bndbox>
</object>
<object>
<name>text</name>
<bndbox>
<x1>505</x1>
<y1>264</y1>
<x2>528</x2>
<y2>263</y2>
<x3>527</x3>
<y3>275</y3>
<x4>503</x4>
<y4>276</y4>
</bndbox>
</object>
<object>
<name>text</name>
<bndbox>
<x1>528</x1>
<y1>264</y1>
<x2>571</x2>
<y2>260</y2>
<x3>570</x3>
<y3>271</y3>
<x4>527</x4>
<y4>275</y4>
</bndbox>
</object>
<object>
<name>text</name>
<bndbox>
<x1>569</x1>
<y1>261</y1>
<x2>605</x2>
<y2>258</y2>
<x3>605</x3>
<y3>268</y3>
<x4>569</x4>
<y4>271</y4>
</bndbox>
</object>
<object>
<name>text</name>
<bndbox>
<x1>603</x1>
<y1>257</y1>
<x2>623</x2>
<y2>255</y2>
<x3>625</x3>
<y3>266</y3>
<x4>605</x4>
<y4>268</y4>
</bndbox>
</object>
<object>
<name>text</name>
<bndbox>
<x1>623</x1>
<y1>256</y1>
<x2>657</x2>
<y2>254</y2>
<x3>657</x3>
<y3>264</y3>
<x4>623</x4>
<y4>266</y4>
</bndbox>
</object>
<object>
<name>text</name>
<bndbox>
<x1>656</x1>
<y1>253</y1>
<x2>663</x2>
<y2>253</y2>
<x3>662</x3>
<y3>264</y3>
<x4>655</x4>
<y4>264</y4>
</bndbox>
</object>
<object>
<name>text</name>
<bndbox>
<x1>460</x1>
<y1>294</y1>
<x2>489</x2>
<y2>290</y2>
<x3>489</x3>
<y3>299</y3>
<x4>460</x4>
<y4>303</y4>
</bndbox>
</object>
<object>
<name>text</name>
<bndbox>
<x1>490</x1>
<y1>288</y1>
<x2>498</x2>
<y2>288</y2>
<x3>498</x3>
<y3>299</y3>
<x4>490</x4>
<y4>299</y4>
</bndbox>
</object>
<object>
<name>text</name>
<bndbox>
<x1>499</x1>
<y1>289</y1>
<x2>521</x2>
<y2>287</y2>
<x3>521</x3>
<y3>297</y3>
<x4>499</x4>
<y4>299</y4>
</bndbox>
</object>
<object>
<name>text</name>
<bndbox>
<x1>521</x1>
<y1>289</y1>
<x2>534</x2>
<y2>288</y2>
<x3>534</x3>
<y3>295</y3>
<x4>522</x4>
<y4>296</y4>
</bndbox>
</object>
<object>
<name>text</name>
<bndbox>
<x1>535</x1>
<y1>287</y1>
<x2>546</x2>
<y2>287</y2>
<x3>545</x3>
<y3>295</y3>
<x4>534</x4>
<y4>296</y4>
</bndbox>
</object>
<object>
<name>text</name>
<bndbox>
<x1>546</x1>
<y1>284</y1>
<x2>648</x2>
<y2>276</y2>
<x3>648</x3>
<y3>285</y3>
<x4>546</x4>
<y4>294</y4>
</bndbox>
</object>
<object>
<name>text</name>
<bndbox>
<x1>649</x1>
<y1>277</y1>
<x2>657</x2>
<y2>276</y2>
<x3>657</x3>
<y3>283</y3>
<x4>649</x4>
<y4>285</y4>
</bndbox>
</object>
<object>
<name>text</name>
<bndbox>
<x1>659</x1>
<y1>273</y1>
<x2>702</x2>
<y2>270</y2>
<x3>702</x3>
<y3>279</y3>
<x4>659</x4>
<y4>282</y4>
</bndbox>
</object>
<object>
<name>text</name>
<bndbox>
<x1>674</x1>
<y1>478</y1>
<x2>696</x2>
<y2>473</y2>
<x3>696</x3>
<y3>482</y3>
<x4>674</x4>
<y4>486</y4>
</bndbox>
</object>
<object>
<name>text</name>
<bndbox>
<x1>697</x1>
<y1>473</y1>
<x2>706</x2>
<y2>471</y2>
<x3>706</x3>
<y3>479</y3>
<x4>696</x4>
<y4>481</y4>
</bndbox>
</object>
<object>
<name>text</name>
<bndbox>
<x1>706</x1>
<y1>473</y1>
<x2>717</x2>
<y2>471</y2>
<x3>717</x3>
<y3>477</y3>
<x4>706</x4>
<y4>479</y4>
</bndbox>
</object>
<object>
<name>text</name>
<bndbox>
<x1>717</x1>
<y1>471</y1>
<x2>735</x2>
<y2>467</y2>
<x3>735</x3>
<y3>475</y3>
<x4>717</x4>
<y4>479</y4>
</bndbox>
</object>
<object>
<name>text</name>
<bndbox>
<x1>675</x1>
<y1>489</y1>
<x2>691</x2>
<y2>485</y2>
<x3>692</x3>
<y3>493</y3>
<x4>676</x4>
<y4>497</y4>
</bndbox>
</object>
<object>
<name>text</name>
<bndbox>
<x1>691</x1>
<y1>486</y1>
<x2>700</x2>
<y2>484</y2>
<x3>700</x3>
<y3>490</y3>
<x4>691</x4>
<y4>492</y4>
</bndbox>
</object>
<object>
<name>text</name>
<bndbox>
<x1>701</x1>
<y1>484</y1>
<x2>720</x2>
<y2>481</y2>
<x3>720</x3>
<y3>488</y3>
<x4>701</x4>
<y4>491</y4>
</bndbox>
</object>
<object>
<name>text</name>
<bndbox>
<x1>720</x1>
<y1>479</y1>
<x2>729</x2>
<y2>478</y2>
<x3>729</x3>
<y3>486</y3>
<x4>720</x4>
<y4>487</y4>
</bndbox>
</object>
<object>
<name>text</name>
<bndbox>
<x1>729</x1>
<y1>477</y1>
<x2>740</x2>
<y2>475</y2>
<x3>742</x3>
<y3>483</y3>
<x4>730</x4>
<y4>485</y4>
</bndbox>
</object>
<object>
<name>text</name>
<bndbox>
<x1>676</x1>
<y1>498</y1>
<x2>685</x2>
<y2>496</y2>
<x3>685</x3>
<y3>505</y3>
<x4>676</x4>
<y4>507</y4>
</bndbox>
</object>
<object>
<name>text</name>
<bndbox>
<x1>685</x1>
<y1>498</y1>
<x2>698</x2>
<y2>496</y2>
<x3>698</x3>
<y3>503</y3>
<x4>685</x4>
<y4>505</y4>
</bndbox>
</object>
<object>
<name>text</name>
<bndbox>
<x1>699</x1>
<y1>496</y1>
<x2>719</x2>
<y2>492</y2>
<x3>720</x3>
<y3>499</y3>
<x4>699</x4>
<y4>503</y4>
</bndbox>
</object>
<object>
<name>text</name>
<bndbox>
<x1>261</x1>
<y1>422</y1>
<x2>311</x2>
<y2>415</y2>
<x3>314</x3>
<y3>451</y3>
<x4>264</x4>
<y4>457</y4>
</bndbox>
</object>
</annotation>