<?xml version="1.0" ?>
<annotation>
<folder>JPEGImages</folder>
<filename>img_208.xml</filename>
<path>xxxx</path>
<source>
<database>Unknown</database>
<annotation>xxx</annotation>
<image>xxx</image>
<flickrid>0</flickrid>
</source>
<size>
<width>1280</width>
<height>720</height>
<depth>3</depth>
</size>
<segmented>0</segmented>
<object>
<name>text</name>
<bndbox>
<x1>1159</x1>
<y1>445</y1>
<x2>1178</x2>
<y2>443</y2>
<x3>1177</x3>
<y3>480</y3>
<x4>1158</x4>
<y4>482</y4>
</bndbox>
</object>
<object>
<name>text</name>
<bndbox>
<x1>378</x1>
<y1>387</y1>
<x2>506</x2>
<y2>382</y2>
<x3>506</x3>
<y3>396</y3>
<x4>378</x4>
<y4>401</y4>
</bndbox>
</object>
<object>
<name>text</name>
<bndbox>
<x1>801</x1>
<y1>553</y1>
<x2>874</x2>
<y2>549</y2>
<x3>876</x3>
<y3>559</y3>
<x4>803</x4>
<y4>563</y4>
</bndbox>
</object>
<object>
<name>text</name>
<bndbox>
<x1>819</x1>
<y1>563</y1>
<x2>862</x2>
<y2>561</y2>
<x3>862</x3>
<y3>569</y3>
<x4>819</x4>
<y4>571</y4>
</bndbox>
</object>
<object>
<name>text</name>
<bndbox>
<x1>771</x1>
<y1>478</y1>
<x2>795</x2>
<y2>536</y2>
<x3>784</x3>
<y3>538</y3>
<x4>760</x4>
<y4>480</y4>
</bndbox>
</object>
<object>
<name>text</name>
<bndbox>
<x1>378</x1>
<y1>362</y1>
<x2>506</x2>
<y2>356</y2>
<x3>506</x3>
<y3>384</y3>
<x4>378</x4>
<y4>390</y4>
</bndbox>
</object>
<object>
<name>text</name>
<bndbox>
<x1>1058</x1>
<y1>487</y1>
<x2>1072</x2>
<y2>489</y2>
<x3>1062</x3>
<y3>583</y3>
<x4>1048</x4>
<y4>581</y4>
</bndbox>
</object>
<object>
<name>text</name>
<bndbox>
<x1>1156</x1>
<y1>498</y1>
<x2>1174</x2>
<y2>499</y2>
<x3>1172</x3>
<y3>565</y3>
<x4>1155</x4>
<y4>565</y4>
</bndbox>
</object>
<object>
<name>text</name>
<bndbox>
<x1>1181</x1>
<y1>461</y1>
<x2>1194</x2>
<y2>460</y2>
<x3>1192</x3>
<y3>512</y3>
<x4>1179</x4>
<y4>513</y4>
</bndbox>
</object>
<object>
<name>text</name>
<bndbox>
<x1>1209</x1>
<y1>460</y1>
<x2>1221</x2>
<y2>460</y2>
<x3>1220</x3>
<y3>512</y3>
<x4>1208</x4>
<y4>511</y4>
</bndbox>
</object>
<object>
<name>text</name>
<bndbox>
<x1>1076</x1>
<y1>491</y1>
<x2>1091</x2>
<y2>493</y2>
<x3>1083</x3>
<y3>567</y3>
<x4>1068</x4>
<y4>565</y4>
</bndbox>
</object>
</annotation>