<?xml version="1.0" ?>
<annotation>
<folder>JPEGImages</folder>
<filename>img_358.xml</filename>
<path>xxxx</path>
<source>
<database>Unknown</database>
<annotation>xxx</annotation>
<image>xxx</image>
<flickrid>0</flickrid>
</source>
<size>
<width>1280</width>
<height>720</height>
<depth>3</depth>
</size>
<segmented>0</segmented>
<object>
<name>text</name>
<bndbox>
<x1>416</x1>
<y1>420</y1>
<x2>446</x2>
<y2>429</y2>
<x3>442</x3>
<y3>450</y3>
<x4>412</x4>
<y4>441</y4>
</bndbox>
</object>
<object>
<name>text</name>
<bndbox>
<x1>443</x1>
<y1>430</y1>
<x2>500</x2>
<y2>447</y2>
<x3>496</x3>
<y3>468</y3>
<x4>439</x4>
<y4>451</y4>
</bndbox>
</object>
<object>
<name>text</name>
<bndbox>
<x1>418</x1>
<y1>448</y1>
<x2>499</x2>
<y2>475</y2>
<x3>492</x3>
<y3>510</y3>
<x4>411</x4>
<y4>484</y4>
</bndbox>
</object>
<object>
<name>text</name>
<bndbox>
<x1>492</x1>
<y1>337</y1>
<x2>518</x2>
<y2>342</y2>
<x3>516</x3>
<y3>350</y3>
<x4>490</x4>
<y4>345</y4>
</bndbox>
</object>
<object>
<name>text</name>
<bndbox>
<x1>550</x1>
<y1>347</y1>
<x2>583</x2>
<y2>354</y2>
<x3>580</x3>
<y3>365</y3>
<x4>546</x4>
<y4>358</y4>
</bndbox>
</object>
<object>
<name>text</name>
<bndbox>
<x1>531</x1>
<y1>356</y1>
<x2>594</x2>
<y2>370</y2>
<x3>592</x3>
<y3>383</y3>
<x4>529</x4>
<y4>369</y4>
</bndbox>
</object>
<object>
<name>text</name>
<bndbox>
<x1>1030</x1>
<y1>250</y1>
<x2>1110</x2>
<y2>259</y2>
<x3>1106</x3>
<y3>279</y3>
<x4>1026</x4>
<y4>270</y4>
</bndbox>
</object>
<object>
<name>text</name>
<bndbox>
<x1>1106</x1>
<y1>257</y1>
<x2>1205</x2>
<y2>269</y2>
<x3>1202</x3>
<y3>290</y3>
<x4>1103</x4>
<y4>279</y4>
</bndbox>
</object>
<object>
<name>text</name>
<bndbox>
<x1>983</x1>
<y1>568</y1>
<x2>1102</x2>
<y2>603</y2>
<x3>1096</x3>
<y3>638</y3>
<x4>976</x4>
<y4>603</y4>
</bndbox>
</object>
<object>
<name>text</name>
<bndbox>
<x1>1107</x1>
<y1>602</y1>
<x2>1244</x2>
<y2>644</y2>
<x3>1236</x3>
<y3>679</y3>
<x4>1099</x4>
<y4>638</y4>
</bndbox>
</object>
<object>
<name>text</name>
<bndbox>
<x1>1062</x1>
<y1>290</y1>
<x2>1161</x2>
<y2>303</y2>
<x3>1160</x3>
<y3>312</y3>
<x4>1061</x4>
<y4>299</y4>
</bndbox>
</object>
<object>
<name>text</name>
<bndbox>
<x1>1000</x1>
<y1>293</y1>
<x2>1234</x2>
<y2>322</y2>
<x3>1233</x3>
<y3>335</y3>
<x4>998</x4>
<y4>305</y4>
</bndbox>
</object>
<object>
<name>text</name>
<bndbox>
<x1>992</x1>
<y1>305</y1>
<x2>1238</x2>
<y2>340</y2>
<x3>1236</x3>
<y3>351</y3>
<x4>991</x4>
<y4>316</y4>
</bndbox>
</object>
<object>
<name>text</name>
<bndbox>
<x1>1002</x1>
<y1>320</y1>
<x2>1222</x2>
<y2>352</y2>
<x3>1221</x3>
<y3>362</y3>
<x4>1001</x4>
<y4>330</y4>
</bndbox>
</object>
<object>
<name>text</name>
<bndbox>
<x1>987</x1>
<y1>344</y1>
<x2>1231</x2>
<y2>383</y2>
<x3>1230</x3>
<y3>394</y3>
<x4>986</x4>
<y4>355</y4>
</bndbox>
</object>
<object>
<name>text</name>
<bndbox>
<x1>985</x1>
<y1>354</y1>
<x2>1170</x2>
<y2>385</y2>
<x3>1167</x3>
<y3>400</y3>
<x4>983</x4>
<y4>368</y4>
</bndbox>
</object>
<object>
<name>text</name>
<bndbox>
<x1>984</x1>
<y1>378</y1>
<x2>1227</x2>
<y2>422</y2>
<x3>1224</x3>
<y3>435</y3>
<x4>981</x4>
<y4>390</y4>
</bndbox>
</object>
<object>
<name>text</name>
<bndbox>
<x1>985</x1>
<y1>394</y1>
<x2>1065</x2>
<y2>410</y2>
<x3>1062</x3>
<y3>419</y3>
<x4>983</x4>
<y4>403</y4>
</bndbox>
</object>
<object>
<name>text</name>
<bndbox>
<x1>983</x1>
<y1>429</y1>
<x2>1214</x2>
<y2>475</y2>
<x3>1214</x3>
<y3>485</y3>
<x4>983</x4>
<y4>439</y4>
</bndbox>
</object>
<object>
<name>text</name>
<bndbox>
<x1>992</x1>
<y1>443</y1>
<x2>1195</x2>
<y2>485</y2>
<x3>1195</x3>
<y3>496</y3>
<x4>992</x4>
<y4>454</y4>
</bndbox>
</object>
<object>
<name>text</name>
<bndbox>
<x1>980</x1>
<y1>453</y1>
<x2>1210</x2>
<y2>503</y2>
<x3>1211</x3>
<y3>513</y3>
<x4>980</x4>
<y4>462</y4>
</bndbox>
</object>
<object>
<name>text</name>
<bndbox>
<x1>988</x1>
<y1>467</y1>
<x2>1194</x2>
<y2>513</y2>
<x3>1196</x3>
<y3>525</y3>
<x4>990</x4>
<y4>478</y4>
</bndbox>
</object>
<object>
<name>text</name>
<bndbox>
<x1>1032</x1>
<y1>488</y1>
<x2>1139</x2>
<y2>510</y2>
<x3>1140</x3>
<y3>525</y3>
<x4>1033</x4>
<y4>503</y4>
</bndbox>
</object>
<object>
<name>text</name>
<bndbox>
<x1>980</x1>
<y1>500</y1>
<x2>1199</x2>
<y2>551</y2>
<x3>1200</x3>
<y3>564</y3>
<x4>981</x4>
<y4>513</y4>
</bndbox>
</object>
<object>
<name>text</name>
<bndbox>
<x1>970</x1>
<y1>509</y1>
<x2>1205</x2>
<y2>565</y2>
<x3>1207</x3>
<y3>579</y3>
<x4>972</x4>
<y4>522</y4>
</bndbox>
</object>
<object>
<name>text</name>
<bndbox>
<x1>985</x1>
<y1>523</y1>
<x2>1184</x2>
<y2>574</y2>
<x3>1186</x3>
<y3>588</y3>
<x4>987</x4>
<y4>537</y4>
</bndbox>
</object>
<object>
<name>text</name>
<bndbox>
<x1>1040</x1>
<y1>551</y1>
<x2>1115</x2>
<y2>572</y2>
<x3>1115</x3>
<y3>585</y3>
<x4>1040</x4>
<y4>564</y4>
</bndbox>
</object>
<object>
<name>text</name>
<bndbox>
<x1>1021</x1>
<y1>565</y1>
<x2>1123</x2>
<y2>594</y2>
<x3>1125</x3>
<y3>607</y3>
<x4>1023</x4>
<y4>579</y4>
</bndbox>
</object>
</annotation>