<?xml version="1.0" ?>
<annotation>
<folder>JPEGImages</folder>
<filename>img_446.xml</filename>
<path>xxxx</path>
<source>
<database>Unknown</database>
<annotation>xxx</annotation>
<image>xxx</image>
<flickrid>0</flickrid>
</source>
<size>
<width>1280</width>
<height>720</height>
<depth>3</depth>
</size>
<segmented>0</segmented>
<object>
<name>text</name>
<bndbox>
<x1>610</x1>
<y1>64</y1>
<x2>689</x2>
<y2>51</y2>
<x3>693</x3>
<y3>65</y3>
<x4>614</x4>
<y4>78</y4>
</bndbox>
</object>
<object>
<name>text</name>
<bndbox>
<x1>227</x1>
<y1>122</y1>
<x2>290</x2>
<y2>116</y2>
<x3>290</x3>
<y3>127</y3>
<x4>228</x4>
<y4>134</y4>
</bndbox>
</object>
<object>
<name>text</name>
<bndbox>
<x1>235</x1>
<y1>133</y1>
<x2>285</x2>
<y2>125</y2>
<x3>286</x3>
<y3>139</y3>
<x4>237</x4>
<y4>147</y4>
</bndbox>
</object>
<object>
<name>text</name>
<bndbox>
<x1>383</x1>
<y1>125</y1>
<x2>412</x2>
<y2>121</y2>
<x3>417</x3>
<y3>153</y3>
<x4>388</x4>
<y4>157</y4>
</bndbox>
</object>
<object>
<name>text</name>
<bndbox>
<x1>1163</x1>
<y1>327</y1>
<x2>1265</x2>
<y2>352</y2>
<x3>1255</x3>
<y3>392</y3>
<x4>1152</x4>
<y4>367</y4>
</bndbox>
</object>
<object>
<name>text</name>
<bndbox>
<x1>1045</x1>
<y1>312</y1>
<x2>1132</x2>
<y2>323</y2>
<x3>1125</x3>
<y3>352</y3>
<x4>1039</x4>
<y4>341</y4>
</bndbox>
</object>
<object>
<name>text</name>
<bndbox>
<x1>978</x1>
<y1>301</y1>
<x2>1041</x2>
<y2>297</y2>
<x3>1042</x3>
<y3>320</y3>
<x4>980</x4>
<y4>324</y4>
</bndbox>
</object>
<object>
<name>text</name>
<bndbox>
<x1>865</x1>
<y1>428</y1>
<x2>919</x2>
<y2>417</y2>
<x3>919</x3>
<y3>438</y3>
<x4>865</x4>
<y4>449</y4>
</bndbox>
</object>
</annotation>