<?xml version="1.0" ?>
<annotation>
<folder>JPEGImages</folder>
<filename>img_134.xml</filename>
<path>xxxx</path>
<source>
<database>Unknown</database>
<annotation>xxx</annotation>
<image>xxx</image>
<flickrid>0</flickrid>
</source>
<size>
<width>1280</width>
<height>720</height>
<depth>3</depth>
</size>
<segmented>0</segmented>
<object>
<name>text</name>
<bndbox>
<x1>42</x1>
<y1>293</y1>
<x2>133</x2>
<y2>302</y2>
<x3>130</x3>
<y3>320</y3>
<x4>38</x4>
<y4>311</y4>
</bndbox>
</object>
<object>
<name>text</name>
<bndbox>
<x1>5</x1>
<y1>366</y1>
<x2>138</x2>
<y2>370</y2>
<x3>138</x3>
<y3>377</y3>
<x4>5</x4>
<y4>373</y4>
</bndbox>
</object>
<object>
<name>text</name>
<bndbox>
<x1>41</x1>
<y1>376</y1>
<x2>119</x2>
<y2>378</y2>
<x3>119</x3>
<y3>387</y3>
<x4>41</x4>
<y4>384</y4>
</bndbox>
</object>
<object>
<name>text</name>
<bndbox>
<x1>64</x1>
<y1>388</y1>
<x2>97</x2>
<y2>389</y2>
<x3>97</x3>
<y3>396</y3>
<x4>64</x4>
<y4>395</y4>
</bndbox>
</object>
<object>
<name>text</name>
<bndbox>
<x1>27</x1>
<y1>395</y1>
<x2>128</x2>
<y2>395</y2>
<x3>128</x3>
<y3>400</y3>
<x4>27</x4>
<y4>400</y4>
</bndbox>
</object>
<object>
<name>text</name>
<bndbox>
<x1>34</x1>
<y1>400</y1>
<x2>124</x2>
<y2>400</y2>
<x3>124</x3>
<y3>406</y3>
<x4>34</x4>
<y4>406</y4>
</bndbox>
</object>
<object>
<name>text</name>
<bndbox>
<x1>10</x1>
<y1>413</y1>
<x2>130</x2>
<y2>410</y2>
<x3>131</x3>
<y3>417</y3>
<x4>10</x4>
<y4>420</y4>
</bndbox>
</object>
</annotation>