<?xml version="1.0" ?>
<annotation>
<folder>JPEGImages</folder>
<filename>img_132.xml</filename>
<path>xxxx</path>
<source>
<database>Unknown</database>
<annotation>xxx</annotation>
<image>xxx</image>
<flickrid>0</flickrid>
</source>
<size>
<width>1280</width>
<height>720</height>
<depth>3</depth>
</size>
<segmented>0</segmented>
<object>
<name>text</name>
<bndbox>
<x1>176</x1>
<y1>266</y1>
<x2>222</x2>
<y2>268</y2>
<x3>218</x3>
<y3>319</y3>
<x4>172</x4>
<y4>317</y4>
</bndbox>
</object>
</annotation>