<?xml version="1.0" ?>
<annotation>
<folder>JPEGImages</folder>
<filename>img_293.xml</filename>
<path>xxxx</path>
<source>
<database>Unknown</database>
<annotation>xxx</annotation>
<image>xxx</image>
<flickrid>0</flickrid>
</source>
<size>
<width>1280</width>
<height>720</height>
<depth>3</depth>
</size>
<segmented>0</segmented>
<object>
<name>text</name>
<bndbox>
<x1>824</x1>
<y1>47</y1>
<x2>843</x2>
<y2>42</y2>
<x3>846</x3>
<y3>64</y3>
<x4>827</x4>
<y4>69</y4>
</bndbox>
</object>
<object>
<name>text</name>
<bndbox>
<x1>588</x1>
<y1>121</y1>
<x2>670</x2>
<y2>102</y2>
<x3>672</x3>
<y3>132</y3>
<x4>590</x4>
<y4>151</y4>
</bndbox>
</object>
<object>
<name>text</name>
<bndbox>
<x1>703</x1>
<y1>390</y1>
<x2>726</x2>
<y2>379</y2>
<x3>729</x3>
<y3>392</y3>
<x4>706</x4>
<y4>403</y4>
</bndbox>
</object>
<object>
<name>text</name>
<bndbox>
<x1>655</x1>
<y1>213</y1>
<x2>689</x2>
<y2>201</y2>
<x3>693</x3>
<y3>221</y3>
<x4>659</x4>
<y4>233</y4>
</bndbox>
</object>
<object>
<name>text</name>
<bndbox>
<x1>591</x1>
<y1>224</y1>
<x2>612</x2>
<y2>217</y2>
<x3>614</x3>
<y3>226</y3>
<x4>592</x4>
<y4>233</y4>
</bndbox>
</object>
<object>
<name>text</name>
<bndbox>
<x1>632</x1>
<y1>312</y1>
<x2>702</x2>
<y2>285</y2>
<x3>705</x3>
<y3>318</y3>
<x4>635</x4>
<y4>345</y4>
</bndbox>
</object>
<object>
<name>text</name>
<bndbox>
<x1>612</x1>
<y1>219</y1>
<x2>632</x2>
<y2>213</y2>
<x3>634</x3>
<y3>220</y3>
<x4>613</x4>
<y4>226</y4>
</bndbox>
</object>
<object>
<name>text</name>
<bndbox>
<x1>891</x1>
<y1>5</y1>
<x2>920</x2>
<y2>0</y2>
<x3>935</x3>
<y3>6</y3>
<x4>894</x4>
<y4>16</y4>
</bndbox>
</object>
<object>
<name>text</name>
<bndbox>
<x1>847</x1>
<y1>43</y1>
<x2>879</x2>
<y2>34</y2>
<x3>881</x3>
<y3>56</y3>
<x4>849</x4>
<y4>65</y4>
</bndbox>
</object>
<object>
<name>text</name>
<bndbox>
<x1>879</x1>
<y1>34</y1>
<x2>918</x2>
<y2>24</y2>
<x3>922</x3>
<y3>44</y3>
<x4>883</x4>
<y4>54</y4>
</bndbox>
</object>
<object>
<name>text</name>
<bndbox>
<x1>874</x1>
<y1>85</y1>
<x2>899</x2>
<y2>80</y2>
<x3>901</x3>
<y3>92</y3>
<x4>875</x4>
<y4>97</y4>
</bndbox>
</object>
<object>
<name>text</name>
<bndbox>
<x1>504</x1>
<y1>77</y1>
<x2>557</x2>
<y2>66</y2>
<x3>559</x3>
<y3>78</y3>
<x4>506</x4>
<y4>89</y4>
</bndbox>
</object>
<object>
<name>text</name>
<bndbox>
<x1>545</x1>
<y1>315</y1>
<x2>576</x2>
<y2>327</y2>
<x3>578</x3>
<y3>342</y3>
<x4>547</x4>
<y4>331</y4>
</bndbox>
</object>
<object>
<name>text</name>
<bndbox>
<x1>464</x1>
<y1>181</y1>
<x2>499</x2>
<y2>173</y2>
<x3>501</x3>
<y3>184</y3>
<x4>467</x4>
<y4>192</y4>
</bndbox>
</object>
</annotation>