<?xml version="1.0" ?>
<annotation>
<folder>JPEGImages</folder>
<filename>img_333.xml</filename>
<path>xxxx</path>
<source>
<database>Unknown</database>
<annotation>xxx</annotation>
<image>xxx</image>
<flickrid>0</flickrid>
</source>
<size>
<width>1280</width>
<height>720</height>
<depth>3</depth>
</size>
<segmented>0</segmented>
<object>
<name>text</name>
<bndbox>
<x1>822</x1>
<y1>247</y1>
<x2>837</x2>
<y2>246</y2>
<x3>838</x3>
<y3>266</y3>
<x4>823</x4>
<y4>267</y4>
</bndbox>
</object>
<object>
<name>text</name>
<bndbox>
<x1>6</x1>
<y1>640</y1>
<x2>102</x2>
<y2>617</y2>
<x3>102</x3>
<y3>644</y3>
<x4>6</x4>
<y4>666</y4>
</bndbox>
</object>
<object>
<name>text</name>
<bndbox>
<x1>373</x1>
<y1>188</y1>
<x2>397</x2>
<y2>188</y2>
<x3>397</x3>
<y3>219</y3>
<x4>373</x4>
<y4>219</y4>
</bndbox>
</object>
<object>
<name>text</name>
<bndbox>
<x1>97</x1>
<y1>239</y1>
<x2>212</x2>
<y2>238</y2>
<x3>213</x3>
<y3>267</y3>
<x4>98</x4>
<y4>268</y4>
</bndbox>
</object>
<object>
<name>text</name>
<bndbox>
<x1>214</x1>
<y1>240</y1>
<x2>347</x2>
<y2>239</y2>
<x3>347</x3>
<y3>266</y3>
<x4>214</x4>
<y4>267</y4>
</bndbox>
</object>
<object>
<name>text</name>
<bndbox>
<x1>4</x1>
<y1>590</y1>
<x2>101</x2>
<y2>571</y2>
<x3>102</x3>
<y3>613</y3>
<x4>5</x4>
<y4>632</y4>
</bndbox>
</object>
<object>
<name>text</name>
<bndbox>
<x1>769</x1>
<y1>247</y1>
<x2>822</x2>
<y2>245</y2>
<x3>823</x3>
<y3>267</y3>
<x4>769</x4>
<y4>269</y4>
</bndbox>
</object>
<object>
<name>text</name>
<bndbox>
<x1>838</x1>
<y1>246</y1>
<x2>888</x2>
<y2>245</y2>
<x3>887</x3>
<y3>268</y3>
<x4>838</x4>
<y4>269</y4>
</bndbox>
</object>
<object>
<name>text</name>
<bndbox>
<x1>892</x1>
<y1>247</y1>
<x2>916</x2>
<y2>246</y2>
<x3>916</x3>
<y3>267</y3>
<x4>892</x4>
<y4>268</y4>
</bndbox>
</object>
<object>
<name>text</name>
<bndbox>
<x1>918</x1>
<y1>245</y1>
<x2>962</x2>
<y2>245</y2>
<x3>962</x3>
<y3>265</y3>
<x4>918</x4>
<y4>265</y4>
</bndbox>
</object>
<object>
<name>text</name>
<bndbox>
<x1>964</x1>
<y1>245</y1>
<x2>1003</x2>
<y2>243</y2>
<x3>1002</x3>
<y3>264</y3>
<x4>962</x4>
<y4>267</y4>
</bndbox>
</object>
<object>
<name>text</name>
<bndbox>
<x1>1092</x1>
<y1>239</y1>
<x2>1148</x2>
<y2>235</y2>
<x3>1149</x3>
<y3>257</y3>
<x4>1093</x4>
<y4>261</y4>
</bndbox>
</object>
</annotation>