<?xml version="1.0" ?>
<annotation>
<folder>JPEGImages</folder>
<filename>img_388.xml</filename>
<path>xxxx</path>
<source>
<database>Unknown</database>
<annotation>xxx</annotation>
<image>xxx</image>
<flickrid>0</flickrid>
</source>
<size>
<width>1280</width>
<height>720</height>
<depth>3</depth>
</size>
<segmented>0</segmented>
<object>
<name>text</name>
<bndbox>
<x1>539</x1>
<y1>191</y1>
<x2>702</x2>
<y2>216</y2>
<x3>693</x3>
<y3>275</y3>
<x4>530</x4>
<y4>249</y4>
</bndbox>
</object>
<object>
<name>text</name>
<bndbox>
<x1>576</x1>
<y1>249</y1>
<x2>644</x2>
<y2>261</y2>
<x3>639</x3>
<y3>279</y3>
<x4>572</x4>
<y4>267</y4>
</bndbox>
</object>
<object>
<name>text</name>
<bndbox>
<x1>985</x1>
<y1>324</y1>
<x2>1013</x2>
<y2>330</y2>
<x3>1008</x3>
<y3>353</y3>
<x4>980</x4>
<y4>347</y4>
</bndbox>
</object>
<object>
<name>text</name>
<bndbox>
<x1>1014</x1>
<y1>329</y1>
<x2>1045</x2>
<y2>337</y2>
<x3>1040</x3>
<y3>361</y3>
<x4>1009</x4>
<y4>353</y4>
</bndbox>
</object>
<object>
<name>text</name>
<bndbox>
<x1>1046</x1>
<y1>335</y1>
<x2>1124</x2>
<y2>353</y2>
<x3>1119</x3>
<y3>379</y3>
<x4>1041</x4>
<y4>361</y4>
</bndbox>
</object>
<object>
<name>text</name>
<bndbox>
<x1>999</x1>
<y1>354</y1>
<x2>1019</x2>
<y2>360</y2>
<x3>1014</x3>
<y3>382</y3>
<x4>994</x4>
<y4>377</y4>
</bndbox>
</object>
<object>
<name>text</name>
<bndbox>
<x1>1018</x1>
<y1>358</y1>
<x2>1093</x2>
<y2>379</y2>
<x3>1087</x3>
<y3>403</y3>
<x4>1012</x4>
<y4>382</y4>
</bndbox>
</object>
<object>
<name>text</name>
<bndbox>
<x1>985</x1>
<y1>419</y1>
<x2>1083</x2>
<y2>455</y2>
<x3>1080</x3>
<y3>467</y3>
<x4>981</x4>
<y4>431</y4>
</bndbox>
</object>
</annotation>