<?xml version="1.0" ?>
<annotation>
<folder>JPEGImages</folder>
<filename>img_413.xml</filename>
<path>xxxx</path>
<source>
<database>Unknown</database>
<annotation>xxx</annotation>
<image>xxx</image>
<flickrid>0</flickrid>
</source>
<size>
<width>1280</width>
<height>720</height>
<depth>3</depth>
</size>
<segmented>0</segmented>
<object>
<name>text</name>
<bndbox>
<x1>1102</x1>
<y1>177</y1>
<x2>1150</x2>
<y2>160</y2>
<x3>1151</x3>
<y3>173</y3>
<x4>1103</x4>
<y4>191</y4>
</bndbox>
</object>
<object>
<name>text</name>
<bndbox>
<x1>887</x1>
<y1>266</y1>
<x2>982</x2>
<y2>275</y2>
<x3>984</x3>
<y3>297</y3>
<x4>890</x4>
<y4>288</y4>
</bndbox>
</object>
<object>
<name>text</name>
<bndbox>
<x1>1091</x1>
<y1>98</y1>
<x2>1202</x2>
<y2>67</y2>
<x3>1203</x3>
<y3>84</y3>
<x4>1092</x4>
<y4>115</y4>
</bndbox>
</object>
<object>
<name>text</name>
<bndbox>
<x1>1095</x1>
<y1>121</y1>
<x2>1140</x2>
<y2>107</y2>
<x3>1140</x3>
<y3>124</y3>
<x4>1095</x4>
<y4>137</y4>
</bndbox>
</object>
<object>
<name>text</name>
<bndbox>
<x1>1100</x1>
<y1>155</y1>
<x2>1142</x2>
<y2>142</y2>
<x3>1143</x3>
<y3>158</y3>
<x4>1101</x4>
<y4>172</y4>
</bndbox>
</object>
<object>
<name>text</name>
<bndbox>
<x1>1091</x1>
<y1>77</y1>
<x2>1124</x2>
<y2>67</y2>
<x3>1125</x3>
<y3>85</y3>
<x4>1092</x4>
<y4>95</y4>
</bndbox>
</object>
<object>
<name>text</name>
<bndbox>
<x1>1104</x1>
<y1>196</y1>
<x2>1148</x2>
<y2>177</y2>
<x3>1150</x3>
<y3>194</y3>
<x4>1105</x4>
<y4>213</y4>
</bndbox>
</object>
<object>
<name>text</name>
<bndbox>
<x1>1085</x1>
<y1>20</y1>
<x2>1151</x2>
<y2>5</y2>
<x3>1150</x3>
<y3>20</y3>
<x4>1084</x4>
<y4>34</y4>
</bndbox>
</object>
<object>
<name>text</name>
<bndbox>
<x1>316</x1>
<y1>123</y1>
<x2>352</x2>
<y2>117</y2>
<x3>354</x3>
<y3>131</y3>
<x4>319</x4>
<y4>136</y4>
</bndbox>
</object>
<object>
<name>text</name>
<bndbox>
<x1>252</x1>
<y1>67</y1>
<x2>297</x2>
<y2>26</y2>
<x3>306</x3>
<y3>55</y3>
<x4>256</x4>
<y4>88</y4>
</bndbox>
</object>
<object>
<name>text</name>
<bndbox>
<x1>1081</x1>
<y1>0</y1>
<x2>1130</x2>
<y2>0</y2>
<x3>1130</x3>
<y3>2</y3>
<x4>1082</x4>
<y4>11</y4>
</bndbox>
</object>
</annotation>