<?xml version="1.0" ?>
<annotation>
<folder>JPEGImages</folder>
<filename>img_451.xml</filename>
<path>xxxx</path>
<source>
<database>Unknown</database>
<annotation>xxx</annotation>
<image>xxx</image>
<flickrid>0</flickrid>
</source>
<size>
<width>1280</width>
<height>720</height>
<depth>3</depth>
</size>
<segmented>0</segmented>
<object>
<name>text</name>
<bndbox>
<x1>905</x1>
<y1>196</y1>
<x2>1087</x2>
<y2>228</y2>
<x3>1083</x3>
<y3>357</y3>
<x4>895</x4>
<y4>296</y4>
</bndbox>
</object>
<object>
<name>text</name>
<bndbox>
<x1>796</x1>
<y1>554</y1>
<x2>873</x2>
<y2>535</y2>
<x3>879</x3>
<y3>591</y3>
<x4>801</x4>
<y4>610</y4>
</bndbox>
</object>
<object>
<name>text</name>
<bndbox>
<x1>789</x1>
<y1>435</y1>
<x2>850</x2>
<y2>410</y2>
<x3>866</x3>
<y3>454</y3>
<x4>805</x4>
<y4>480</y4>
</bndbox>
</object>
<object>
<name>text</name>
<bndbox>
<x1>752</x1>
<y1>510</y1>
<x2>861</x2>
<y2>480</y2>
<x3>865</x3>
<y3>526</y3>
<x4>756</x4>
<y4>556</y4>
</bndbox>
</object>
<object>
<name>text</name>
<bndbox>
<x1>762</x1>
<y1>625</y1>
<x2>852</x2>
<y2>616</y2>
<x3>849</x3>
<y3>664</y3>
<x4>759</x4>
<y4>673</y4>
</bndbox>
</object>
<object>
<name>text</name>
<bndbox>
<x1>906</x1>
<y1>121</y1>
<x2>1082</x2>
<y2>90</y2>
<x3>1088</x3>
<y3>200</y3>
<x4>895</x4>
<y4>195</y4>
</bndbox>
</object>
<object>
<name>text</name>
<bndbox>
<x1>761</x1>
<y1>686</y1>
<x2>827</x2>
<y2>685</y2>
<x3>828</x3>
<y3>718</y3>
<x4>762</x4>
<y4>719</y4>
</bndbox>
</object>
<object>
<name>text</name>
<bndbox>
<x1>862</x1>
<y1>614</y1>
<x2>885</x2>
<y2>611</y2>
<x3>885</x3>
<y3>650</y3>
<x4>862</x4>
<y4>653</y4>
</bndbox>
</object>
<object>
<name>text</name>
<bndbox>
<x1>933</x1>
<y1>1</y1>
<x2>1070</x2>
<y2>0</y2>
<x3>935</x3>
<y3>54</y3>
<x4>916</x4>
<y4>6</y4>
</bndbox>
</object>
</annotation>