<?xml version="1.0" ?>
<annotation>
<folder>JPEGImages</folder>
<filename>img_128.xml</filename>
<path>xxxx</path>
<source>
<database>Unknown</database>
<annotation>xxx</annotation>
<image>xxx</image>
<flickrid>0</flickrid>
</source>
<size>
<width>1280</width>
<height>720</height>
<depth>3</depth>
</size>
<segmented>0</segmented>
<object>
<name>text</name>
<bndbox>
<x1>841</x1>
<y1>121</y1>
<x2>883</x2>
<y2>125</y2>
<x3>879</x3>
<y3>150</y3>
<x4>837</x4>
<y4>146</y4>
</bndbox>
</object>
<object>
<name>text</name>
<bndbox>
<x1>835</x1>
<y1>147</y1>
<x2>871</x2>
<y2>150</y2>
<x3>868</x3>
<y3>175</y3>
<x4>832</x4>
<y4>172</y4>
</bndbox>
</object>
<object>
<name>text</name>
<bndbox>
<x1>821</x1>
<y1>195</y1>
<x2>877</x2>
<y2>199</y2>
<x3>876</x3>
<y3>211</y3>
<x4>820</x4>
<y4>207</y4>
</bndbox>
</object>
<object>
<name>text</name>
<bndbox>
<x1>34</x1>
<y1>87</y1>
<x2>52</x2>
<y2>89</y2>
<x3>52</x3>
<y3>104</y3>
<x4>34</x4>
<y4>103</y4>
</bndbox>
</object>
</annotation>