<?xml version="1.0" ?>
<annotation>
<folder>JPEGImages</folder>
<filename>img_447.xml</filename>
<path>xxxx</path>
<source>
<database>Unknown</database>
<annotation>xxx</annotation>
<image>xxx</image>
<flickrid>0</flickrid>
</source>
<size>
<width>1280</width>
<height>720</height>
<depth>3</depth>
</size>
<segmented>0</segmented>
<object>
<name>text</name>
<bndbox>
<x1>221</x1>
<y1>165</y1>
<x2>315</x2>
<y2>160</y2>
<x3>317</x3>
<y3>177</y3>
<x4>223</x4>
<y4>183</y4>
</bndbox>
</object>
<object>
<name>text</name>
<bndbox>
<x1>236</x1>
<y1>181</y1>
<x2>307</x2>
<y2>176</y2>
<x3>308</x3>
<y3>193</y3>
<x4>237</x4>
<y4>197</y4>
</bndbox>
</object>
<object>
<name>text</name>
<bndbox>
<x1>545</x1>
<y1>134</y1>
<x2>616</x2>
<y2>130</y2>
<x3>615</x3>
<y3>139</y3>
<x4>544</x4>
<y4>143</y4>
</bndbox>
</object>
<object>
<name>text</name>
<bndbox>
<x1>455</x1>
<y1>212</y1>
<x2>484</x2>
<y2>209</y2>
<x3>485</x3>
<y3>218</y3>
<x4>456</x4>
<y4>221</y4>
</bndbox>
</object>
<object>
<name>text</name>
<bndbox>
<x1>455</x1>
<y1>201</y1>
<x2>484</x2>
<y2>199</y2>
<x3>484</x3>
<y3>208</y3>
<x4>455</x4>
<y4>210</y4>
</bndbox>
</object>
<object>
<name>text</name>
<bndbox>
<x1>456</x1>
<y1>191</y1>
<x2>476</x2>
<y2>189</y2>
<x3>477</x3>
<y3>199</y3>
<x4>456</x4>
<y4>201</y4>
</bndbox>
</object>
<object>
<name>text</name>
<bndbox>
<x1>451</x1>
<y1>181</y1>
<x2>476</x2>
<y2>180</y2>
<x3>476</x3>
<y3>188</y3>
<x4>452</x4>
<y4>189</y4>
</bndbox>
</object>
</annotation>