<?xml version="1.0" ?>
<annotation>
<folder>JPEGImages</folder>
<filename>img_24.xml</filename>
<path>xxxx</path>
<source>
<database>Unknown</database>
<annotation>xxx</annotation>
<image>xxx</image>
<flickrid>0</flickrid>
</source>
<size>
<width>1280</width>
<height>720</height>
<depth>3</depth>
</size>
<segmented>0</segmented>
<object>
<name>text</name>
<bndbox>
<x1>217</x1>
<y1>315</y1>
<x2>283</x2>
<y2>300</y2>
<x3>294</x3>
<y3>343</y3>
<x4>228</x4>
<y4>358</y4>
</bndbox>
</object>
<object>
<name>text</name>
<bndbox>
<x1>175</x1>
<y1>386</y1>
<x2>209</x2>
<y2>378</y2>
<x3>212</x3>
<y3>393</y3>
<x4>178</x4>
<y4>401</y4>
</bndbox>
</object>
<object>
<name>text</name>
<bndbox>
<x1>597</x1>
<y1>392</y1>
<x2>678</x2>
<y2>356</y2>
<x3>684</x3>
<y3>401</y3>
<x4>604</x4>
<y4>436</y4>
</bndbox>
</object>
<object>
<name>text</name>
<bndbox>
<x1>695</x1>
<y1>368</y1>
<x2>742</x2>
<y2>350</y2>
<x3>745</x3>
<y3>371</y3>
<x4>698</x4>
<y4>393</y4>
</bndbox>
</object>
<object>
<name>text</name>
<bndbox>
<x1>701</x1>
<y1>397</y1>
<x2>773</x2>
<y2>367</y2>
<x3>777</x3>
<y3>386</y3>
<x4>706</x4>
<y4>422</y4>
</bndbox>
</object>
<object>
<name>text</name>
<bndbox>
<x1>212</x1>
<y1>378</y1>
<x2>267</x2>
<y2>365</y2>
<x3>269</x3>
<y3>378</y3>
<x4>214</x4>
<y4>391</y4>
</bndbox>
</object>
<object>
<name>text</name>
<bndbox>
<x1>268</x1>
<y1>364</y1>
<x2>311</x2>
<y2>354</y2>
<x3>313</x3>
<y3>367</y3>
<x4>271</x4>
<y4>377</y4>
</bndbox>
</object>
<object>
<name>text</name>
<bndbox>
<x1>314</x1>
<y1>353</y1>
<x2>335</x2>
<y2>348</y2>
<x3>337</x3>
<y3>361</y3>
<x4>316</x4>
<y4>365</y4>
</bndbox>
</object>
<object>
<name>text</name>
<bndbox>
<x1>608</x1>
<y1>443</y1>
<x2>644</x2>
<y2>425</y2>
<x3>645</x3>
<y3>438</y3>
<x4>609</x4>
<y4>455</y4>
</bndbox>
</object>
<object>
<name>text</name>
<bndbox>
<x1>644</x1>
<y1>426</y1>
<x2>681</x2>
<y2>410</y2>
<x3>682</x3>
<y3>419</y3>
<x4>646</x4>
<y4>436</y4>
</bndbox>
</object>
<object>
<name>text</name>
<bndbox>
<x1>611</x1>
<y1>457</y1>
<x2>621</x2>
<y2>453</y2>
<x3>623</x3>
<y3>466</y3>
<x4>612</x4>
<y4>471</y4>
</bndbox>
</object>
<object>
<name>text</name>
<bndbox>
<x1>622</x1>
<y1>454</y1>
<x2>663</x2>
<y2>434</y2>
<x3>665</x3>
<y3>447</y3>
<x4>624</x4>
<y4>467</y4>
</bndbox>
</object>
<object>
<name>text</name>
<bndbox>
<x1>163</x1>
<y1>214</y1>
<x2>246</x2>
<y2>205</y2>
<x3>246</x3>
<y3>219</y3>
<x4>166</x4>
<y4>228</y4>
</bndbox>
</object>
<object>
<name>text</name>
<bndbox>
<x1>187</x1>
<y1>228</y1>
<x2>268</x2>
<y2>217</y2>
<x3>267</x3>
<y3>226</y3>
<x4>189</x4>
<y4>236</y4>
</bndbox>
</object>
<object>
<name>text</name>
<bndbox>
<x1>968</x1>
<y1>190</y1>
<x2>1001</x2>
<y2>181</y2>
<x3>1002</x3>
<y3>202</y3>
<x4>968</x4>
<y4>210</y4>
</bndbox>
</object>
<object>
<name>text</name>
<bndbox>
<x1>954</x1>
<y1>139</y1>
<x2>974</x2>
<y2>136</y2>
<x3>973</x3>
<y3>154</y3>
<x4>957</x4>
<y4>157</y4>
</bndbox>
</object>
<object>
<name>text</name>
<bndbox>
<x1>946</x1>
<y1>162</y1>
<x2>985</x2>
<y2>155</y2>
<x3>986</x3>
<y3>179</y3>
<x4>949</x4>
<y4>185</y4>
</bndbox>
</object>
<object>
<name>text</name>
<bndbox>
<x1>943</x1>
<y1>194</y1>
<x2>966</x2>
<y2>191</y2>
<x3>965</x3>
<y3>208</y3>
<x4>946</x4>
<y4>209</y4>
</bndbox>
</object>
<object>
<name>text</name>
<bndbox>
<x1>977</x1>
<y1>212</y1>
<x2>992</x2>
<y2>209</y2>
<x3>993</x3>
<y3>230</y3>
<x4>979</x4>
<y4>233</y4>
</bndbox>
</object>
<object>
<name>text</name>
<bndbox>
<x1>993</x1>
<y1>207</y1>
<x2>1003</x2>
<y2>204</y2>
<x3>1003</x3>
<y3>225</y3>
<x4>994</x4>
<y4>230</y4>
</bndbox>
</object>
</annotation>