<?xml version="1.0" ?>
<annotation>
<folder>JPEGImages</folder>
<filename>img_423.xml</filename>
<path>xxxx</path>
<source>
<database>Unknown</database>
<annotation>xxx</annotation>
<image>xxx</image>
<flickrid>0</flickrid>
</source>
<size>
<width>1280</width>
<height>720</height>
<depth>3</depth>
</size>
<segmented>0</segmented>
<object>
<name>text</name>
<bndbox>
<x1>1175</x1>
<y1>18</y1>
<x2>1205</x2>
<y2>10</y2>
<x3>1203</x3>
<y3>32</y3>
<x4>1173</x4>
<y4>39</y4>
</bndbox>
</object>
<object>
<name>text</name>
<bndbox>
<x1>1175</x1>
<y1>604</y1>
<x2>1266</x2>
<y2>651</y2>
<x3>1261</x3>
<y3>668</y3>
<x4>1170</x4>
<y4>621</y4>
</bndbox>
</object>
<object>
<name>text</name>
<bndbox>
<x1>997</x1>
<y1>253</y1>
<x2>1040</x2>
<y2>255</y2>
<x3>1038</x3>
<y3>270</y3>
<x4>995</x4>
<y4>268</y4>
</bndbox>
</object>
<object>
<name>text</name>
<bndbox>
<x1>1125</x1>
<y1>603</y1>
<x2>1212</x2>
<y2>652</y2>
<x3>1199</x3>
<y3>699</y3>
<x4>1111</x4>
<y4>650</y4>
</bndbox>
</object>
<object>
<name>text</name>
<bndbox>
<x1>1210</x1>
<y1>470</y1>
<x2>1240</x2>
<y2>480</y2>
<x3>1233</x3>
<y3>503</y3>
<x4>1203</x4>
<y4>493</y4>
</bndbox>
</object>
<object>
<name>text</name>
<bndbox>
<x1>976</x1>
<y1>251</y1>
<x2>1001</x2>
<y2>253</y2>
<x3>999</x3>
<y3>268</y3>
<x4>974</x4>
<y4>265</y4>
</bndbox>
</object>
<object>
<name>text</name>
<bndbox>
<x1>975</x1>
<y1>272</y1>
<x2>1028</x2>
<y2>279</y2>
<x3>1026</x3>
<y3>290</y3>
<x4>973</x4>
<y4>283</y4>
</bndbox>
</object>
<object>
<name>text</name>
<bndbox>
<x1>1233</x1>
<y1>181</y1>
<x2>1278</x2>
<y2>182</y2>
<x3>1274</x3>
<y3>212</y3>
<x4>1228</x4>
<y4>211</y4>
</bndbox>
</object>
<object>
<name>text</name>
<bndbox>
<x1>982</x1>
<y1>218</y1>
<x2>1077</x2>
<y2>221</y2>
<x3>1075</x3>
<y3>248</y3>
<x4>981</x4>
<y4>245</y4>
</bndbox>
</object>
<object>
<name>text</name>
<bndbox>
<x1>972</x1>
<y1>286</y1>
<x2>1057</x2>
<y2>299</y2>
<x3>1057</x3>
<y3>310</y3>
<x4>972</x4>
<y4>297</y4>
</bndbox>
</object>
<object>
<name>text</name>
<bndbox>
<x1>966</x1>
<y1>340</y1>
<x2>1010</x2>
<y2>350</y2>
<x3>1008</x3>
<y3>360</y3>
<x4>964</x4>
<y4>350</y4>
</bndbox>
</object>
<object>
<name>text</name>
<bndbox>
<x1>970</x1>
<y1>304</y1>
<x2>1060</x2>
<y2>320</y2>
<x3>1059</x3>
<y3>331</y3>
<x4>969</x4>
<y4>315</y4>
</bndbox>
</object>
<object>
<name>text</name>
<bndbox>
<x1>967</x1>
<y1>321</y1>
<x2>1058</x2>
<y2>337</y2>
<x3>1057</x3>
<y3>350</y3>
<x4>967</x4>
<y4>334</y4>
</bndbox>
</object>
<object>
<name>text</name>
<bndbox>
<x1>962</x1>
<y1>349</y1>
<x2>1053</x2>
<y2>372</y2>
<x3>1052</x3>
<y3>384</y3>
<x4>960</x4>
<y4>360</y4>
</bndbox>
</object>
<object>
<name>text</name>
<bndbox>
<x1>320</x1>
<y1>123</y1>
<x2>351</x2>
<y2>124</y2>
<x3>350</x3>
<y3>137</y3>
<x4>319</x4>
<y4>137</y4>
</bndbox>
</object>
<object>
<name>text</name>
<bndbox>
<x1>354</x1>
<y1>120</y1>
<x2>493</x2>
<y2>124</y2>
<x3>489</x3>
<y3>141</y3>
<x4>350</x4>
<y4>138</y4>
</bndbox>
</object>
<object>
<name>text</name>
<bndbox>
<x1>575</x1>
<y1>72</y1>
<x2>674</x2>
<y2>2</y2>
<x3>698</x3>
<y3>43</y3>
<x4>575</x4>
<y4>105</y4>
</bndbox>
</object>
<object>
<name>text</name>
<bndbox>
<x1>1137</x1>
<y1>314</y1>
<x2>1160</x2>
<y2>317</y2>
<x3>1156</x3>
<y3>333</y3>
<x4>1134</x4>
<y4>330</y4>
</bndbox>
</object>
<object>
<name>text</name>
<bndbox>
<x1>1238</x1>
<y1>482</y1>
<x2>1258</x2>
<y2>487</y2>
<x3>1255</x3>
<y3>502</y3>
<x4>1234</x4>
<y4>496</y4>
</bndbox>
</object>
<object>
<name>text</name>
<bndbox>
<x1>1119</x1>
<y1>654</y1>
<x2>1140</x2>
<y2>667</y2>
<x3>1135</x3>
<y3>679</y3>
<x4>1114</x4>
<y4>667</y4>
</bndbox>
</object>
<object>
<name>text</name>
<bndbox>
<x1>1141</x1>
<y1>667</y1>
<x2>1203</x2>
<y2>705</y2>
<x3>1197</x3>
<y3>717</y3>
<x4>1134</x4>
<y4>679</y4>
</bndbox>
</object>
<object>
<name>text</name>
<bndbox>
<x1>1171</x1>
<y1>64</y1>
<x2>1216</x2>
<y2>59</y2>
<x3>1209</x3>
<y3>86</y3>
<x4>1163</x4>
<y4>91</y4>
</bndbox>
</object>
<object>
<name>text</name>
<bndbox>
<x1>1173</x1>
<y1>125</y1>
<x2>1213</x2>
<y2>123</y2>
<x3>1209</x3>
<y3>163</y3>
<x4>1169</x4>
<y4>164</y4>
</bndbox>
</object>
<object>
<name>text</name>
<bndbox>
<x1>1216</x1>
<y1>134</y1>
<x2>1266</x2>
<y2>133</y2>
<x3>1266</x3>
<y3>162</y3>
<x4>1216</x4>
<y4>163</y4>
</bndbox>
</object>
<object>
<name>text</name>
<bndbox>
<x1>1139</x1>
<y1>206</y1>
<x2>1176</x2>
<y2>204</y2>
<x3>1173</x3>
<y3>238</y3>
<x4>1136</x4>
<y4>240</y4>
</bndbox>
</object>
<object>
<name>text</name>
<bndbox>
<x1>1182</x1>
<y1>205</y1>
<x2>1224</x2>
<y2>206</y2>
<x3>1226</x3>
<y3>243</y3>
<x4>1183</x4>
<y4>242</y4>
</bndbox>
</object>
<object>
<name>text</name>
<bndbox>
<x1>1166</x1>
<y1>266</y1>
<x2>1210</x2>
<y2>270</y2>
<x3>1202</x3>
<y3>301</y3>
<x4>1157</x4>
<y4>297</y4>
</bndbox>
</object>
<object>
<name>text</name>
<bndbox>
<x1>1244</x1>
<y1>273</y1>
<x2>1279</x2>
<y2>274</y2>
<x3>1279</x3>
<y3>314</y3>
<x4>1245</x4>
<y4>313</y4>
</bndbox>
</object>
<object>
<name>text</name>
<bndbox>
<x1>1128</x1>
<y1>335</y1>
<x2>1165</x2>
<y2>341</y2>
<x3>1160</x3>
<y3>373</y3>
<x4>1123</x4>
<y4>367</y4>
</bndbox>
</object>
<object>
<name>text</name>
<bndbox>
<x1>1160</x1>
<y1>406</y1>
<x2>1198</x2>
<y2>414</y2>
<x3>1184</x3>
<y3>444</y3>
<x4>1146</x4>
<y4>436</y4>
</bndbox>
</object>
<object>
<name>text</name>
<bndbox>
<x1>1197</x1>
<y1>412</y1>
<x2>1249</x2>
<y2>424</y2>
<x3>1231</x3>
<y3>461</y3>
<x4>1180</x4>
<y4>449</y4>
</bndbox>
</object>
<object>
<name>text</name>
<bndbox>
<x1>1230</x1>
<y1>432</y1>
<x2>1276</x2>
<y2>441</y2>
<x3>1274</x3>
<y3>452</y3>
<x4>1228</x4>
<y4>443</y4>
</bndbox>
</object>
<object>
<name>text</name>
<bndbox>
<x1>1147</x1>
<y1>440</y1>
<x2>1196</x2>
<y2>456</y2>
<x3>1187</x3>
<y3>492</y3>
<x4>1138</x4>
<y4>476</y4>
</bndbox>
</object>
<object>
<name>text</name>
<bndbox>
<x1>1140</x1>
<y1>484</y1>
<x2>1182</x2>
<y2>498</y2>
<x3>1174</x3>
<y3>531</y3>
<x4>1133</x4>
<y4>517</y4>
</bndbox>
</object>
</annotation>