<?xml version="1.0" ?>
<annotation>
<folder>JPEGImages</folder>
<filename>img_298.xml</filename>
<path>xxxx</path>
<source>
<database>Unknown</database>
<annotation>xxx</annotation>
<image>xxx</image>
<flickrid>0</flickrid>
</source>
<size>
<width>1280</width>
<height>720</height>
<depth>3</depth>
</size>
<segmented>0</segmented>
<object>
<name>text</name>
<bndbox>
<x1>117</x1>
<y1>4</y1>
<x2>174</x2>
<y2>1</y2>
<x3>180</x3>
<y3>55</y3>
<x4>123</x4>
<y4>58</y4>
</bndbox>
</object>
<object>
<name>text</name>
<bndbox>
<x1>173</x1>
<y1>9</y1>
<x2>266</x2>
<y2>1</y2>
<x3>270</x3>
<y3>51</y3>
<x4>178</x4>
<y4>59</y4>
</bndbox>
</object>
<object>
<name>text</name>
<bndbox>
<x1>129</x1>
<y1>61</y1>
<x2>287</x2>
<y2>52</y2>
<x3>287</x3>
<y3>99</y3>
<x4>129</x4>
<y4>109</y4>
</bndbox>
</object>
<object>
<name>text</name>
<bndbox>
<x1>295</x1>
<y1>602</y1>
<x2>417</x2>
<y2>549</y2>
<x3>424</x3>
<y3>590</y3>
<x4>302</x4>
<y4>643</y4>
</bndbox>
</object>
<object>
<name>text</name>
<bndbox>
<x1>678</x1>
<y1>41</y1>
<x2>737</x2>
<y2>33</y2>
<x3>739</x3>
<y3>59</y3>
<x4>680</x4>
<y4>67</y4>
</bndbox>
</object>
<object>
<name>text</name>
<bndbox>
<x1>666</x1>
<y1>45</y1>
<x2>681</x2>
<y2>42</y2>
<x3>682</x3>
<y3>60</y3>
<x4>667</x4>
<y4>63</y4>
</bndbox>
</object>
<object>
<name>text</name>
<bndbox>
<x1>624</x1>
<y1>101</y1>
<x2>746</x2>
<y2>87</y2>
<x3>746</x3>
<y3>100</y3>
<x4>624</x4>
<y4>115</y4>
</bndbox>
</object>
<object>
<name>text</name>
<bndbox>
<x1>629</x1>
<y1>115</y1>
<x2>748</x2>
<y2>99</y2>
<x3>749</x3>
<y3>113</y3>
<x4>630</x4>
<y4>129</y4>
</bndbox>
</object>
</annotation>