<?xml version="1.0" ?>
<annotation>
<folder>JPEGImages</folder>
<filename>img_330.xml</filename>
<path>xxxx</path>
<source>
<database>Unknown</database>
<annotation>xxx</annotation>
<image>xxx</image>
<flickrid>0</flickrid>
</source>
<size>
<width>1280</width>
<height>720</height>
<depth>3</depth>
</size>
<segmented>0</segmented>
<object>
<name>text</name>
<bndbox>
<x1>1055</x1>
<y1>136</y1>
<x2>1102</x2>
<y2>128</y2>
<x3>1102</x3>
<y3>140</y3>
<x4>1055</x4>
<y4>147</y4>
</bndbox>
</object>
<object>
<name>text</name>
<bndbox>
<x1>25</x1>
<y1>49</y1>
<x2>214</x2>
<y2>45</y2>
<x3>214</x3>
<y3>84</y3>
<x4>25</x4>
<y4>89</y4>
</bndbox>
</object>
<object>
<name>text</name>
<bndbox>
<x1>110</x1>
<y1>79</y1>
<x2>200</x2>
<y2>81</y2>
<x3>201</x3>
<y3>99</y3>
<x4>111</x4>
<y4>96</y4>
</bndbox>
</object>
<object>
<name>text</name>
<bndbox>
<x1>404</x1>
<y1>166</y1>
<x2>450</x2>
<y2>150</y2>
<x3>448</x3>
<y3>178</y3>
<x4>403</x4>
<y4>194</y4>
</bndbox>
</object>
<object>
<name>text</name>
<bndbox>
<x1>1052</x1>
<y1>124</y1>
<x2>1101</x2>
<y2>117</y2>
<x3>1101</x3>
<y3>128</y3>
<x4>1052</x4>
<y4>135</y4>
</bndbox>
</object>
<object>
<name>text</name>
<bndbox>
<x1>73</x1>
<y1>85</y1>
<x2>103</x2>
<y2>80</y2>
<x3>103</x3>
<y3>98</y3>
<x4>73</x4>
<y4>103</y4>
</bndbox>
</object>
<object>
<name>text</name>
<bndbox>
<x1>446</x1>
<y1>148</y1>
<x2>499</x2>
<y2>132</y2>
<x3>501</x3>
<y3>163</y3>
<x4>447</x4>
<y4>179</y4>
</bndbox>
</object>
<object>
<name>text</name>
<bndbox>
<x1>423</x1>
<y1>150</y1>
<x2>467</x2>
<y2>135</y2>
<x3>469</x3>
<y3>145</y3>
<x4>425</x4>
<y4>160</y4>
</bndbox>
</object>
<object>
<name>text</name>
<bndbox>
<x1>780</x1>
<y1>46</y1>
<x2>867</x2>
<y2>17</y2>
<x3>871</x3>
<y3>34</y3>
<x4>784</x4>
<y4>62</y4>
</bndbox>
</object>
<object>
<name>text</name>
<bndbox>
<x1>773</x1>
<y1>29</y1>
<x2>858</x2>
<y2>1</y2>
<x3>869</x3>
<y3>16</y3>
<x4>779</x4>
<y4>48</y4>
</bndbox>
</object>
<object>
<name>text</name>
<bndbox>
<x1>865</x1>
<y1>0</y1>
<x2>928</x2>
<y2>0</y2>
<x3>933</x3>
<y3>13</y3>
<x4>873</x4>
<y4>31</y4>
</bndbox>
</object>
</annotation>