<?xml version="1.0" ?>
<annotation>
<folder>JPEGImages</folder>
<filename>img_365.xml</filename>
<path>xxxx</path>
<source>
<database>Unknown</database>
<annotation>xxx</annotation>
<image>xxx</image>
<flickrid>0</flickrid>
</source>
<size>
<width>1280</width>
<height>720</height>
<depth>3</depth>
</size>
<segmented>0</segmented>
<object>
<name>text</name>
<bndbox>
<x1>45</x1>
<y1>79</y1>
<x2>118</x2>
<y2>91</y2>
<x3>113</x3>
<y3>115</y3>
<x4>40</x4>
<y4>103</y4>
</bndbox>
</object>
<object>
<name>text</name>
<bndbox>
<x1>205</x1>
<y1>198</y1>
<x2>309</x2>
<y2>203</y2>
<x3>305</x3>
<y3>241</y3>
<x4>200</x4>
<y4>235</y4>
</bndbox>
</object>
<object>
<name>text</name>
<bndbox>
<x1>497</x1>
<y1>147</y1>
<x2>582</x2>
<y2>159</y2>
<x3>578</x3>
<y3>190</y3>
<x4>494</x4>
<y4>179</y4>
</bndbox>
</object>
<object>
<name>text</name>
<bndbox>
<x1>480</x1>
<y1>212</y1>
<x2>514</x2>
<y2>214</y2>
<x3>513</x3>
<y3>232</y3>
<x4>478</x4>
<y4>230</y4>
</bndbox>
</object>
<object>
<name>text</name>
<bndbox>
<x1>584</x1>
<y1>180</y1>
<x2>644</x2>
<y2>188</y2>
<x3>643</x3>
<y3>199</y3>
<x4>583</x4>
<y4>191</y4>
</bndbox>
</object>
</annotation>