<?xml version="1.0" ?>
<annotation>
<folder>JPEGImages</folder>
<filename>img_512.xml</filename>
<path>xxxx</path>
<source>
<database>Unknown</database>
<annotation>xxx</annotation>
<image>xxx</image>
<flickrid>0</flickrid>
</source>
<size>
<width>1280</width>
<height>720</height>
<depth>3</depth>
</size>
<segmented>0</segmented>
<object>
<name>text</name>
<bndbox>
<x1>96</x1>
<y1>165</y1>
<x2>265</x2>
<y2>153</y2>
<x3>268</x3>
<y3>183</y3>
<x4>100</x4>
<y4>195</y4>
</bndbox>
</object>
<object>
<name>text</name>
<bndbox>
<x1>370</x1>
<y1>213</y1>
<x2>458</x2>
<y2>205</y2>
<x3>458</x3>
<y3>221</y3>
<x4>370</x4>
<y4>229</y4>
</bndbox>
</object>
<object>
<name>text</name>
<bndbox>
<x1>521</x1>
<y1>203</y1>
<x2>585</x2>
<y2>200</y2>
<x3>586</x3>
<y3>215</y3>
<x4>522</x4>
<y4>218</y4>
</bndbox>
</object>
<object>
<name>text</name>
<bndbox>
<x1>15</x1>
<y1>245</y1>
<x2>62</x2>
<y2>243</y2>
<x3>62</x3>
<y3>258</y3>
<x4>15</x4>
<y4>260</y4>
</bndbox>
</object>
<object>
<name>text</name>
<bndbox>
<x1>818</x1>
<y1>595</y1>
<x2>877</x2>
<y2>584</y2>
<x3>881</x3>
<y3>615</y3>
<x4>822</x4>
<y4>626</y4>
</bndbox>
</object>
<object>
<name>text</name>
<bndbox>
<x1>835</x1>
<y1>634</y1>
<x2>883</x2>
<y2>624</y2>
<x3>885</x3>
<y3>645</y3>
<x4>836</x4>
<y4>655</y4>
</bndbox>
</object>
<object>
<name>text</name>
<bndbox>
<x1>828</x1>
<y1>561</y1>
<x2>872</x2>
<y2>555</y2>
<x3>874</x3>
<y3>576</y3>
<x4>830</x4>
<y4>582</y4>
</bndbox>
</object>
</annotation>