<?xml version="1.0" ?>
<annotation>
<folder>JPEGImages</folder>
<filename>img_346.xml</filename>
<path>xxxx</path>
<source>
<database>Unknown</database>
<annotation>xxx</annotation>
<image>xxx</image>
<flickrid>0</flickrid>
</source>
<size>
<width>1280</width>
<height>720</height>
<depth>3</depth>
</size>
<segmented>0</segmented>
<object>
<name>text</name>
<bndbox>
<x1>117</x1>
<y1>192</y1>
<x2>142</x2>
<y2>189</y2>
<x3>144</x3>
<y3>225</y3>
<x4>119</x4>
<y4>229</y4>
</bndbox>
</object>
<object>
<name>text</name>
<bndbox>
<x1>174</x1>
<y1>193</y1>
<x2>320</x2>
<y2>187</y2>
<x3>326</x3>
<y3>222</y3>
<x4>179</x4>
<y4>229</y4>
</bndbox>
</object>
<object>
<name>text</name>
<bndbox>
<x1>419</x1>
<y1>158</y1>
<x2>720</x2>
<y2>149</y2>
<x3>726</x3>
<y3>202</y3>
<x4>424</x4>
<y4>211</y4>
</bndbox>
</object>
<object>
<name>text</name>
<bndbox>
<x1>1125</x1>
<y1>208</y1>
<x2>1277</x2>
<y2>214</y2>
<x3>1275</x3>
<y3>255</y3>
<x4>1124</x4>
<y4>249</y4>
</bndbox>
</object>
<object>
<name>text</name>
<bndbox>
<x1>999</x1>
<y1>216</y1>
<x2>1111</x2>
<y2>209</y2>
<x3>1112</x3>
<y3>251</y3>
<x4>1000</x4>
<y4>258</y4>
</bndbox>
</object>
<object>
<name>text</name>
<bndbox>
<x1>315</x1>
<y1>362</y1>
<x2>360</x2>
<y2>365</y2>
<x3>358</x3>
<y3>385</y3>
<x4>312</x4>
<y4>382</y4>
</bndbox>
</object>
<object>
<name>text</name>
<bndbox>
<x1>316</x1>
<y1>392</y1>
<x2>360</x2>
<y2>393</y2>
<x3>360</x3>
<y3>412</y3>
<x4>316</x4>
<y4>411</y4>
</bndbox>
</object>
<object>
<name>text</name>
<bndbox>
<x1>318</x1>
<y1>413</y1>
<x2>362</x2>
<y2>416</y2>
<x3>361</x3>
<y3>432</y3>
<x4>318</x4>
<y4>428</y4>
</bndbox>
</object>
</annotation>