<?xml version="1.0" ?>
<annotation>
<folder>JPEGImages</folder>
<filename>img_250.xml</filename>
<path>xxxx</path>
<source>
<database>Unknown</database>
<annotation>xxx</annotation>
<image>xxx</image>
<flickrid>0</flickrid>
</source>
<size>
<width>1280</width>
<height>720</height>
<depth>3</depth>
</size>
<segmented>0</segmented>
<object>
<name>text</name>
<bndbox>
<x1>542</x1>
<y1>177</y1>
<x2>577</x2>
<y2>178</y2>
<x3>577</x3>
<y3>209</y3>
<x4>542</x4>
<y4>209</y4>
</bndbox>
</object>
</annotation>