<?xml version="1.0" ?>
<annotation>
<folder>JPEGImages</folder>
<filename>img_101.xml</filename>
<path>xxxx</path>
<source>
<database>Unknown</database>
<annotation>xxx</annotation>
<image>xxx</image>
<flickrid>0</flickrid>
</source>
<size>
<width>1280</width>
<height>720</height>
<depth>3</depth>
</size>
<segmented>0</segmented>
<object>
<name>text</name>
<bndbox>
<x1>899</x1>
<y1>214</y1>
<x2>928</x2>
<y2>213</y2>
<x3>928</x3>
<y3>241</y3>
<x4>900</x4>
<y4>242</y4>
</bndbox>
</object>
<object>
<name>text</name>
<bndbox>
<x1>931</x1>
<y1>212</y1>
<x2>989</x2>
<y2>206</y2>
<x3>990</x3>
<y3>234</y3>
<x4>932</x4>
<y4>240</y4>
</bndbox>
</object>
<object>
<name>text</name>
<bndbox>
<x1>905</x1>
<y1>182</y1>
<x2>925</x2>
<y2>173</y2>
<x3>928</x3>
<y3>187</y3>
<x4>905</x4>
<y4>194</y4>
</bndbox>
</object>
<object>
<name>text</name>
<bndbox>
<x1>928</x1>
<y1>171</y1>
<x2>936</x2>
<y2>169</y2>
<x3>939</x3>
<y3>183</y3>
<x4>929</x4>
<y4>184</y4>
</bndbox>
</object>
<object>
<name>text</name>
<bndbox>
<x1>939</x1>
<y1>168</y1>
<x2>973</x2>
<y2>168</y2>
<x3>972</x3>
<y3>183</y3>
<x4>940</x4>
<y4>181</y4>
</bndbox>
</object>
<object>
<name>text</name>
<bndbox>
<x1>892</x1>
<y1>205</y1>
<x2>947</x2>
<y2>181</y2>
<x3>946</x3>
<y3>195</y3>
<x4>899</x4>
<y4>215</y4>
</bndbox>
</object>
<object>
<name>text</name>
<bndbox>
<x1>946</x1>
<y1>184</y1>
<x2>987</x2>
<y2>190</y2>
<x3>984</x3>
<y3>200</y3>
<x4>945</x4>
<y4>195</y4>
</bndbox>
</object>
<object>
<name>text</name>
<bndbox>
<x1>919</x1>
<y1>204</y1>
<x2>933</x2>
<y2>200</y2>
<x3>935</x3>
<y3>208</y3>
<x4>919</x4>
<y4>216</y4>
</bndbox>
</object>
<object>
<name>text</name>
<bndbox>
<x1>933</x1>
<y1>199</y1>
<x2>951</x2>
<y2>197</y2>
<x3>952</x3>
<y3>208</y3>
<x4>935</x4>
<y4>209</y4>
</bndbox>
</object>
<object>
<name>text</name>
<bndbox>
<x1>952</x1>
<y1>196</y1>
<x2>960</x2>
<y2>196</y2>
<x3>960</x3>
<y3>206</y3>
<x4>952</x4>
<y4>206</y4>
</bndbox>
</object>
<object>
<name>text</name>
<bndbox>
<x1>374</x1>
<y1>186</y1>
<x2>396</x2>
<y2>185</y2>
<x3>397</x3>
<y3>197</y3>
<x4>375</x4>
<y4>198</y4>
</bndbox>
</object>
<object>
<name>text</name>
<bndbox>
<x1>905</x1>
<y1>337</y1>
<x2>961</x2>
<y2>341</y2>
<x3>962</x3>
<y3>351</y3>
<x4>905</x4>
<y4>347</y4>
</bndbox>
</object>
<object>
<name>text</name>
<bndbox>
<x1>915</x1>
<y1>350</y1>
<x2>992</x2>
<y2>357</y2>
<x3>992</x3>
<y3>369</y3>
<x4>915</x4>
<y4>361</y4>
</bndbox>
</object>
<object>
<name>text</name>
<bndbox>
<x1>964</x1>
<y1>340</y1>
<x2>989</x2>
<y2>341</y2>
<x3>989</x3>
<y3>353</y3>
<x4>964</x4>
<y4>351</y4>
</bndbox>
</object>
</annotation>