<?xml version="1.0" ?>
<annotation>
<folder>JPEGImages</folder>
<filename>img_540.xml</filename>
<path>xxxx</path>
<source>
<database>Unknown</database>
<annotation>xxx</annotation>
<image>xxx</image>
<flickrid>0</flickrid>
</source>
<size>
<width>1280</width>
<height>720</height>
<depth>3</depth>
</size>
<segmented>0</segmented>
<object>
<name>text</name>
<bndbox>
<x1>366</x1>
<y1>79</y1>
<x2>456</x2>
<y2>75</y2>
<x3>458</x3>
<y3>110</y3>
<x4>368</x4>
<y4>114</y4>
</bndbox>
</object>
<object>
<name>text</name>
<bndbox>
<x1>465</x1>
<y1>69</y1>
<x2>556</x2>
<y2>66</y2>
<x3>558</x3>
<y3>106</y3>
<x4>467</x4>
<y4>109</y4>
</bndbox>
</object>
<object>
<name>text</name>
<bndbox>
<x1>556</x1>
<y1>70</y1>
<x2>676</x2>
<y2>59</y2>
<x3>681</x3>
<y3>100</y3>
<x4>561</x4>
<y4>111</y4>
</bndbox>
</object>
<object>
<name>text</name>
<bndbox>
<x1>18</x1>
<y1>188</y1>
<x2>92</x2>
<y2>174</y2>
<x3>96</x3>
<y3>226</y3>
<x4>22</x4>
<y4>240</y4>
</bndbox>
</object>
</annotation>