<?xml version="1.0" ?>
<annotation>
<folder>JPEGImages</folder>
<filename>img_410.xml</filename>
<path>xxxx</path>
<source>
<database>Unknown</database>
<annotation>xxx</annotation>
<image>xxx</image>
<flickrid>0</flickrid>
</source>
<size>
<width>1280</width>
<height>720</height>
<depth>3</depth>
</size>
<segmented>0</segmented>
<object>
<name>text</name>
<bndbox>
<x1>590</x1>
<y1>239</y1>
<x2>615</x2>
<y2>239</y2>
<x3>615</x3>
<y3>249</y3>
<x4>590</x4>
<y4>249</y4>
</bndbox>
</object>
<object>
<name>text</name>
<bndbox>
<x1>640</x1>
<y1>140</y1>
<x2>665</x2>
<y2>142</y2>
<x3>664</x3>
<y3>158</y3>
<x4>639</x4>
<y4>156</y4>
</bndbox>
</object>
<object>
<name>text</name>
<bndbox>
<x1>652</x1>
<y1>42</y1>
<x2>759</x2>
<y2>20</y2>
<x3>760</x3>
<y3>89</y3>
<x4>653</x4>
<y4>110</y4>
</bndbox>
</object>
<object>
<name>text</name>
<bndbox>
<x1>641</x1>
<y1>101</y1>
<x2>699</x2>
<y2>105</y2>
<x3>698</x3>
<y3>136</y3>
<x4>640</x4>
<y4>132</y4>
</bndbox>
</object>
<object>
<name>text</name>
<bndbox>
<x1>768</x1>
<y1>122</y1>
<x2>806</x2>
<y2>129</y2>
<x3>806</x3>
<y3>160</y3>
<x4>769</x4>
<y4>152</y4>
</bndbox>
</object>
<object>
<name>text</name>
<bndbox>
<x1>1002</x1>
<y1>181</y1>
<x2>1086</x2>
<y2>181</y2>
<x3>1086</x3>
<y3>206</y3>
<x4>1002</x4>
<y4>206</y4>
</bndbox>
</object>
<object>
<name>text</name>
<bndbox>
<x1>446</x1>
<y1>231</y1>
<x2>470</x2>
<y2>233</y2>
<x3>470</x3>
<y3>267</y3>
<x4>446</x4>
<y4>264</y4>
</bndbox>
</object>
<object>
<name>text</name>
<bndbox>
<x1>1111</x1>
<y1>485</y1>
<x2>1279</x2>
<y2>515</y2>
<x3>1276</x3>
<y3>556</y3>
<x4>1109</x4>
<y4>526</y4>
</bndbox>
</object>
<object>
<name>text</name>
<bndbox>
<x1>452</x1>
<y1>149</y1>
<x2>474</x2>
<y2>151</y2>
<x3>471</x3>
<y3>225</y3>
<x4>449</x4>
<y4>224</y4>
</bndbox>
</object>
<object>
<name>text</name>
<bndbox>
<x1>589</x1>
<y1>226</y1>
<x2>623</x2>
<y2>227</y2>
<x3>623</x3>
<y3>239</y3>
<x4>589</x4>
<y4>239</y4>
</bndbox>
</object>
<object>
<name>text</name>
<bndbox>
<x1>639</x1>
<y1>158</y1>
<x2>697</x2>
<y2>161</y2>
<x3>697</x3>
<y3>176</y3>
<x4>639</x4>
<y4>173</y4>
</bndbox>
</object>
<object>
<name>text</name>
<bndbox>
<x1>640</x1>
<y1>175</y1>
<x2>684</x2>
<y2>177</y2>
<x3>681</x3>
<y3>192</y3>
<x4>638</x4>
<y4>191</y4>
</bndbox>
</object>
<object>
<name>text</name>
<bndbox>
<x1>769</x1>
<y1>165</y1>
<x2>786</x2>
<y2>168</y2>
<x3>785</x3>
<y3>182</y3>
<x4>769</x4>
<y4>180</y4>
</bndbox>
</object>
<object>
<name>text</name>
<bndbox>
<x1>711</x1>
<y1>268</y1>
<x2>742</x2>
<y2>268</y2>
<x3>741</x3>
<y3>278</y3>
<x4>711</x4>
<y4>278</y4>
</bndbox>
</object>
<object>
<name>text</name>
<bndbox>
<x1>264</x1>
<y1>96</y1>
<x2>344</x2>
<y2>86</y2>
<x3>345</x3>
<y3>106</y3>
<x4>265</x4>
<y4>116</y4>
</bndbox>
</object>
<object>
<name>text</name>
<bndbox>
<x1>124</x1>
<y1>113</y1>
<x2>171</x2>
<y2>107</y2>
<x3>168</x3>
<y3>127</y3>
<x4>122</x4>
<y4>133</y4>
</bndbox>
</object>
<object>
<name>text</name>
<bndbox>
<x1>1025</x1>
<y1>88</y1>
<x2>1114</x2>
<y2>88</y2>
<x3>1113</x3>
<y3>113</y3>
<x4>1024</x4>
<y4>113</y4>
</bndbox>
</object>
<object>
<name>text</name>
<bndbox>
<x1>1181</x1>
<y1>171</y1>
<x2>1251</x2>
<y2>176</y2>
<x3>1251</x3>
<y3>191</y3>
<x4>1181</x4>
<y4>185</y4>
</bndbox>
</object>
<object>
<name>text</name>
<bndbox>
<x1>1213</x1>
<y1>575</y1>
<x2>1271</x2>
<y2>591</y2>
<x3>1268</x3>
<y3>605</y3>
<x4>1211</x4>
<y4>590</y4>
</bndbox>
</object>
<object>
<name>text</name>
<bndbox>
<x1>770</x1>
<y1>184</y1>
<x2>806</x2>
<y2>183</y2>
<x3>806</x3>
<y3>195</y3>
<x4>770</x4>
<y4>195</y4>
</bndbox>
</object>
<object>
<name>text</name>
<bndbox>
<x1>793</x1>
<y1>260</y1>
<x2>820</x2>
<y2>268</y2>
<x3>819</x3>
<y3>290</y3>
<x4>792</x4>
<y4>282</y4>
</bndbox>
</object>
</annotation>