<?xml version="1.0" ?>
<annotation>
<folder>JPEGImages</folder>
<filename>img_290.xml</filename>
<path>xxxx</path>
<source>
<database>Unknown</database>
<annotation>xxx</annotation>
<image>xxx</image>
<flickrid>0</flickrid>
</source>
<size>
<width>1280</width>
<height>720</height>
<depth>3</depth>
</size>
<segmented>0</segmented>
<object>
<name>text</name>
<bndbox>
<x1>845</x1>
<y1>218</y1>
<x2>931</x2>
<y2>216</y2>
<x3>931</x3>
<y3>226</y3>
<x4>845</x4>
<y4>228</y4>
</bndbox>
</object>
<object>
<name>text</name>
<bndbox>
<x1>885</x1>
<y1>270</y1>
<x2>897</x2>
<y2>270</y2>
<x3>896</x3>
<y3>297</y3>
<x4>884</x4>
<y4>297</y4>
</bndbox>
</object>
<object>
<name>text</name>
<bndbox>
<x1>818</x1>
<y1>161</y1>
<x2>881</x2>
<y2>162</y2>
<x3>880</x3>
<y3>178</y3>
<x4>818</x4>
<y4>177</y4>
</bndbox>
</object>
<object>
<name>text</name>
<bndbox>
<x1>881</x1>
<y1>162</y1>
<x2>905</x2>
<y2>162</y2>
<x3>904</x3>
<y3>179</y3>
<x4>880</x4>
<y4>178</y4>
</bndbox>
</object>
<object>
<name>text</name>
<bndbox>
<x1>905</x1>
<y1>162</y1>
<x2>957</x2>
<y2>162</y2>
<x3>955</x3>
<y3>177</y3>
<x4>904</x4>
<y4>177</y4>
</bndbox>
</object>
<object>
<name>text</name>
<bndbox>
<x1>769</x1>
<y1>51</y1>
<x2>843</x2>
<y2>53</y2>
<x3>844</x3>
<y3>71</y3>
<x4>769</x4>
<y4>71</y4>
</bndbox>
</object>
<object>
<name>text</name>
<bndbox>
<x1>809</x1>
<y1>268</y1>
<x2>828</x2>
<y2>268</y2>
<x3>827</x3>
<y3>305</y3>
<x4>808</x4>
<y4>304</y4>
</bndbox>
</object>
<object>
<name>text</name>
<bndbox>
<x1>692</x1>
<y1>47</y1>
<x2>764</x2>
<y2>48</y2>
<x3>765</x3>
<y3>69</y3>
<x4>694</x4>
<y4>66</y4>
</bndbox>
</object>
<object>
<name>text</name>
<bndbox>
<x1>876</x1>
<y1>271</y1>
<x2>886</x2>
<y2>271</y2>
<x3>885</x3>
<y3>296</y3>
<x4>875</x4>
<y4>296</y4>
</bndbox>
</object>
<object>
<name>text</name>
<bndbox>
<x1>922</x1>
<y1>268</y1>
<x2>946</x2>
<y2>268</y2>
<x3>946</x3>
<y3>296</y3>
<x4>922</x4>
<y4>296</y4>
</bndbox>
</object>
<object>
<name>text</name>
<bndbox>
<x1>367</x1>
<y1>606</y1>
<x2>485</x2>
<y2>586</y2>
<x3>496</x3>
<y3>640</y3>
<x4>379</x4>
<y4>660</y4>
</bndbox>
</object>
<object>
<name>text</name>
<bndbox>
<x1>350</x1>
<y1>472</y1>
<x2>426</x2>
<y2>458</y2>
<x3>433</x3>
<y3>488</y3>
<x4>356</x4>
<y4>502</y4>
</bndbox>
</object>
<object>
<name>text</name>
<bndbox>
<x1>331</x1>
<y1>381</y1>
<x2>401</x2>
<y2>377</y2>
<x3>403</x3>
<y3>400</y3>
<x4>333</x4>
<y4>405</y4>
</bndbox>
</object>
<object>
<name>text</name>
<bndbox>
<x1>341</x1>
<y1>305</y1>
<x2>389</x2>
<y2>300</y2>
<x3>390</x3>
<y3>315</y3>
<x4>343</x4>
<y4>319</y4>
</bndbox>
</object>
<object>
<name>text</name>
<bndbox>
<x1>8</x1>
<y1>165</y1>
<x2>22</x2>
<y2>164</y2>
<x3>25</x3>
<y3>205</y3>
<x4>11</x4>
<y4>207</y4>
</bndbox>
</object>
<object>
<name>text</name>
<bndbox>
<x1>289</x1>
<y1>34</y1>
<x2>315</x2>
<y2>34</y2>
<x3>315</x3>
<y3>49</y3>
<x4>289</x4>
<y4>49</y4>
</bndbox>
</object>
<object>
<name>text</name>
<bndbox>
<x1>75</x1>
<y1>21</y1>
<x2>93</x2>
<y2>22</y2>
<x3>94</x3>
<y3>36</y3>
<x4>76</x4>
<y4>35</y4>
</bndbox>
</object>
<object>
<name>text</name>
<bndbox>
<x1>442</x1>
<y1>115</y1>
<x2>498</x2>
<y2>116</y2>
<x3>497</x3>
<y3>122</y3>
<x4>442</x4>
<y4>121</y4>
</bndbox>
</object>
</annotation>