<?xml version="1.0" ?>
<annotation>
<folder>JPEGImages</folder>
<filename>img_257.xml</filename>
<path>xxxx</path>
<source>
<database>Unknown</database>
<annotation>xxx</annotation>
<image>xxx</image>
<flickrid>0</flickrid>
</source>
<size>
<width>1280</width>
<height>720</height>
<depth>3</depth>
</size>
<segmented>0</segmented>
<object>
<name>text</name>
<bndbox>
<x1>717</x1>
<y1>558</y1>
<x2>731</x2>
<y2>559</y2>
<x3>728</x3>
<y3>571</y3>
<x4>713</x4>
<y4>570</y4>
</bndbox>
</object>
<object>
<name>text</name>
<bndbox>
<x1>683</x1>
<y1>540</y1>
<x2>720</x2>
<y2>544</y2>
<x3>720</x3>
<y3>557</y3>
<x4>682</x4>
<y4>554</y4>
</bndbox>
</object>
<object>
<name>text</name>
<bndbox>
<x1>681</x1>
<y1>475</y1>
<x2>742</x2>
<y2>478</y2>
<x3>742</x3>
<y3>490</y3>
<x4>680</x4>
<y4>486</y4>
</bndbox>
</object>
<object>
<name>text</name>
<bndbox>
<x1>650</x1>
<y1>496</y1>
<x2>668</x2>
<y2>497</y2>
<x3>667</x3>
<y3>511</y3>
<x4>649</x4>
<y4>510</y4>
</bndbox>
</object>
<object>
<name>text</name>
<bndbox>
<x1>670</x1>
<y1>496</y1>
<x2>701</x2>
<y2>498</y2>
<x3>699</x3>
<y3>512</y3>
<x4>669</x4>
<y4>510</y4>
</bndbox>
</object>
<object>
<name>text</name>
<bndbox>
<x1>649</x1>
<y1>472</y1>
<x2>682</x2>
<y2>474</y2>
<x3>681</x3>
<y3>487</y3>
<x4>648</x4>
<y4>484</y4>
</bndbox>
</object>
<object>
<name>text</name>
<bndbox>
<x1>701</x1>
<y1>498</y1>
<x2>774</x2>
<y2>504</y2>
<x3>774</x3>
<y3>517</y3>
<x4>701</x4>
<y4>512</y4>
</bndbox>
</object>
<object>
<name>text</name>
<bndbox>
<x1>823</x1>
<y1>264</y1>
<x2>885</x2>
<y2>265</y2>
<x3>885</x3>
<y3>278</y3>
<x4>823</x4>
<y4>276</y4>
</bndbox>
</object>
<object>
<name>text</name>
<bndbox>
<x1>649</x1>
<y1>510</y1>
<x2>699</x2>
<y2>514</y2>
<x3>698</x3>
<y3>526</y3>
<x4>647</x4>
<y4>523</y4>
</bndbox>
</object>
<object>
<name>text</name>
<bndbox>
<x1>700</x1>
<y1>513</y1>
<x2>737</x2>
<y2>516</y2>
<x3>737</x3>
<y3>529</y3>
<x4>699</x4>
<y4>526</y4>
</bndbox>
</object>
<object>
<name>text</name>
<bndbox>
<x1>648</x1>
<y1>523</y1>
<x2>702</x2>
<y2>526</y2>
<x3>701</x3>
<y3>541</y3>
<x4>647</x4>
<y4>537</y4>
</bndbox>
</object>
<object>
<name>text</name>
<bndbox>
<x1>705</x1>
<y1>527</y1>
<x2>742</x2>
<y2>530</y2>
<x3>742</x3>
<y3>543</y3>
<x4>704</x4>
<y4>541</y4>
</bndbox>
</object>
<object>
<name>text</name>
<bndbox>
<x1>745</x1>
<y1>531</y1>
<x2>767</x2>
<y2>532</y2>
<x3>764</x3>
<y3>545</y3>
<x4>743</x4>
<y4>544</y4>
</bndbox>
</object>
<object>
<name>text</name>
<bndbox>
<x1>648</x1>
<y1>538</y1>
<x2>673</x2>
<y2>541</y2>
<x3>674</x3>
<y3>554</y3>
<x4>649</x4>
<y4>551</y4>
</bndbox>
</object>
<object>
<name>text</name>
<bndbox>
<x1>649</x1>
<y1>553</y1>
<x2>702</x2>
<y2>558</y2>
<x3>702</x3>
<y3>570</y3>
<x4>649</x4>
<y4>565</y4>
</bndbox>
</object>
<object>
<name>text</name>
<bndbox>
<x1>733</x1>
<y1>558</y1>
<x2>762</x2>
<y2>560</y2>
<x3>761</x3>
<y3>574</y3>
<x4>732</x4>
<y4>573</y4>
</bndbox>
</object>
<object>
<name>text</name>
<bndbox>
<x1>647</x1>
<y1>566</y1>
<x2>687</x2>
<y2>569</y2>
<x3>686</x3>
<y3>582</y3>
<x4>646</x4>
<y4>579</y4>
</bndbox>
</object>
<object>
<name>text</name>
<bndbox>
<x1>688</x1>
<y1>568</y1>
<x2>730</x2>
<y2>571</y2>
<x3>729</x3>
<y3>585</y3>
<x4>687</x4>
<y4>582</y4>
</bndbox>
</object>
<object>
<name>text</name>
<bndbox>
<x1>646</x1>
<y1>580</y1>
<x2>678</x2>
<y2>583</y2>
<x3>678</x3>
<y3>595</y3>
<x4>645</x4>
<y4>593</y4>
</bndbox>
</object>
<object>
<name>text</name>
<bndbox>
<x1>647</x1>
<y1>596</y1>
<x2>668</x2>
<y2>595</y2>
<x3>667</x3>
<y3>610</y3>
<x4>647</x4>
<y4>610</y4>
</bndbox>
</object>
<object>
<name>text</name>
<bndbox>
<x1>669</x1>
<y1>596</y1>
<x2>695</x2>
<y2>597</y2>
<x3>695</x3>
<y3>611</y3>
<x4>669</x4>
<y4>610</y4>
</bndbox>
</object>
<object>
<name>text</name>
<bndbox>
<x1>695</x1>
<y1>597</y1>
<x2>736</x2>
<y2>601</y2>
<x3>735</x3>
<y3>615</y3>
<x4>695</x4>
<y4>612</y4>
</bndbox>
</object>
<object>
<name>text</name>
<bndbox>
<x1>735</x1>
<y1>600</y1>
<x2>767</x2>
<y2>602</y2>
<x3>766</x3>
<y3>620</y3>
<x4>734</x4>
<y4>617</y4>
</bndbox>
</object>
<object>
<name>text</name>
<bndbox>
<x1>649</x1>
<y1>609</y1>
<x2>686</x2>
<y2>611</y2>
<x3>684</x3>
<y3>626</y3>
<x4>647</x4>
<y4>624</y4>
</bndbox>
</object>
<object>
<name>text</name>
<bndbox>
<x1>685</x1>
<y1>613</y1>
<x2>725</x2>
<y2>615</y2>
<x3>723</x3>
<y3>628</y3>
<x4>682</x4>
<y4>626</y4>
</bndbox>
</object>
<object>
<name>text</name>
<bndbox>
<x1>648</x1>
<y1>639</y1>
<x2>665</x2>
<y2>639</y2>
<x3>664</x3>
<y3>647</y3>
<x4>647</x4>
<y4>647</y4>
</bndbox>
</object>
<object>
<name>text</name>
<bndbox>
<x1>663</x1>
<y1>638</y1>
<x2>726</x2>
<y2>644</y2>
<x3>727</x3>
<y3>653</y3>
<x4>664</x4>
<y4>647</y4>
</bndbox>
</object>
<object>
<name>text</name>
<bndbox>
<x1>648</x1>
<y1>646</y1>
<x2>693</x2>
<y2>651</y2>
<x3>691</x3>
<y3>660</y3>
<x4>646</x4>
<y4>655</y4>
</bndbox>
</object>
</annotation>