<?xml version="1.0" ?>
<annotation>
<folder>JPEGImages</folder>
<filename>img_124.xml</filename>
<path>xxxx</path>
<source>
<database>Unknown</database>
<annotation>xxx</annotation>
<image>xxx</image>
<flickrid>0</flickrid>
</source>
<size>
<width>1280</width>
<height>720</height>
<depth>3</depth>
</size>
<segmented>0</segmented>
<object>
<name>text</name>
<bndbox>
<x1>1086</x1>
<y1>123</y1>
<x2>1148</x2>
<y2>118</y2>
<x3>1149</x3>
<y3>139</y3>
<x4>1087</x4>
<y4>143</y4>
</bndbox>
</object>
<object>
<name>text</name>
<bndbox>
<x1>1004</x1>
<y1>155</y1>
<x2>1117</x2>
<y2>147</y2>
<x3>1118</x3>
<y3>163</y3>
<x4>1004</x4>
<y4>171</y4>
</bndbox>
</object>
<object>
<name>text</name>
<bndbox>
<x1>1126</x1>
<y1>146</y1>
<x2>1256</x2>
<y2>142</y2>
<x3>1256</x3>
<y3>156</y3>
<x4>1126</x4>
<y4>161</y4>
</bndbox>
</object>
<object>
<name>text</name>
<bndbox>
<x1>1054</x1>
<y1>173</y1>
<x2>1133</x2>
<y2>171</y2>
<x3>1133</x3>
<y3>187</y3>
<x4>1055</x4>
<y4>189</y4>
</bndbox>
</object>
<object>
<name>text</name>
<bndbox>
<x1>1139</x1>
<y1>170</y1>
<x2>1192</x2>
<y2>169</y2>
<x3>1193</x3>
<y3>187</y3>
<x4>1140</x4>
<y4>188</y4>
</bndbox>
</object>
<object>
<name>text</name>
<bndbox>
<x1>1021</x1>
<y1>199</y1>
<x2>1236</x2>
<y2>195</y2>
<x3>1238</x3>
<y3>207</y3>
<x4>1022</x4>
<y4>210</y4>
</bndbox>
</object>
<object>
<name>text</name>
<bndbox>
<x1>1075</x1>
<y1>217</y1>
<x2>1175</x2>
<y2>217</y2>
<x3>1176</x3>
<y3>225</y3>
<x4>1076</x4>
<y4>225</y4>
</bndbox>
</object>
<object>
<name>text</name>
<bndbox>
<x1>1234</x1>
<y1>334</y1>
<x2>1267</x2>
<y2>335</y2>
<x3>1268</x3>
<y3>351</y3>
<x4>1235</x4>
<y4>349</y4>
</bndbox>
</object>
<object>
<name>text</name>
<bndbox>
<x1>1104</x1>
<y1>227</y1>
<x2>1146</x2>
<y2>228</y2>
<x3>1147</x3>
<y3>235</y3>
<x4>1105</x4>
<y4>235</y4>
</bndbox>
</object>
</annotation>