<?xml version="1.0" ?>
<annotation>
<folder>JPEGImages</folder>
<filename>img_461.xml</filename>
<path>xxxx</path>
<source>
<database>Unknown</database>
<annotation>xxx</annotation>
<image>xxx</image>
<flickrid>0</flickrid>
</source>
<size>
<width>1280</width>
<height>720</height>
<depth>3</depth>
</size>
<segmented>0</segmented>
<object>
<name>text</name>
<bndbox>
<x1>667</x1>
<y1>700</y1>
<x2>732</x2>
<y2>635</y2>
<x3>747</x3>
<y3>655</y3>
<x4>682</x4>
<y4>719</y4>
</bndbox>
</object>
<object>
<name>text</name>
<bndbox>
<x1>707</x1>
<y1>528</y1>
<x2>785</x2>
<y2>463</y2>
<x3>828</x3>
<y3>539</y3>
<x4>751</x4>
<y4>604</y4>
</bndbox>
</object>
<object>
<name>text</name>
<bndbox>
<x1>77</x1>
<y1>104</y1>
<x2>271</x2>
<y2>61</y2>
<x3>292</x3>
<y3>115</y3>
<x4>98</x4>
<y4>158</y4>
</bndbox>
</object>
<object>
<name>text</name>
<bndbox>
<x1>102</x1>
<y1>39</y1>
<x2>218</x2>
<y2>15</y2>
<x3>237</x3>
<y3>75</y3>
<x4>121</x4>
<y4>99</y4>
</bndbox>
</object>
<object>
<name>text</name>
<bndbox>
<x1>306</x1>
<y1>76</y1>
<x2>371</x2>
<y2>65</y2>
<x3>380</x3>
<y3>83</y3>
<x4>315</x4>
<y4>94</y4>
</bndbox>
</object>
<object>
<name>text</name>
<bndbox>
<x1>296</x1>
<y1>96</y1>
<x2>408</x2>
<y2>69</y2>
<x3>417</x3>
<y3>100</y3>
<x4>305</x4>
<y4>128</y4>
</bndbox>
</object>
<object>
<name>text</name>
<bndbox>
<x1>411</x1>
<y1>216</y1>
<x2>428</x2>
<y2>210</y2>
<x3>433</x3>
<y3>220</y3>
<x4>416</x4>
<y4>226</y4>
</bndbox>
</object>
<object>
<name>text</name>
<bndbox>
<x1>377</x1>
<y1>243</y1>
<x2>472</x2>
<y2>203</y2>
<x3>482</x3>
<y3>225</y3>
<x4>387</x4>
<y4>265</y4>
</bndbox>
</object>
<object>
<name>text</name>
<bndbox>
<x1>417</x1>
<y1>56</y1>
<x2>473</x2>
<y2>45</y2>
<x3>480</x3>
<y3>59</y3>
<x4>423</x4>
<y4>70</y4>
</bndbox>
</object>
<object>
<name>text</name>
<bndbox>
<x1>405</x1>
<y1>74</y1>
<x2>497</x2>
<y2>50</y2>
<x3>511</x3>
<y3>76</y3>
<x4>418</x4>
<y4>100</y4>
</bndbox>
</object>
<object>
<name>text</name>
<bndbox>
<x1>510</x1>
<y1>176</y1>
<x2>527</x2>
<y2>171</y2>
<x3>532</x3>
<y3>181</y3>
<x4>515</x4>
<y4>186</y4>
</bndbox>
</object>
<object>
<name>text</name>
<bndbox>
<x1>477</x1>
<y1>204</y1>
<x2>560</x2>
<y2>168</y2>
<x3>573</x3>
<y3>184</y3>
<x4>491</x4>
<y4>220</y4>
</bndbox>
</object>
<object>
<name>text</name>
<bndbox>
<x1>518</x1>
<y1>51</y1>
<x2>540</x2>
<y2>46</y2>
<x3>545</x3>
<y3>61</y3>
<x4>523</x4>
<y4>66</y4>
</bndbox>
</object>
<object>
<name>text</name>
<bndbox>
<x1>512</x1>
<y1>68</y1>
<x2>575</x2>
<y2>54</y2>
<x3>582</x3>
<y3>80</y3>
<x4>520</x4>
<y4>94</y4>
</bndbox>
</object>
<object>
<name>text</name>
<bndbox>
<x1>527</x1>
<y1>95</y1>
<x2>571</x2>
<y2>81</y2>
<x3>590</x3>
<y3>118</y3>
<x4>546</x4>
<y4>131</y4>
</bndbox>
</object>
<object>
<name>text</name>
<bndbox>
<x1>571</x1>
<y1>54</y1>
<x2>637</x2>
<y2>35</y2>
<x3>647</x3>
<y3>59</y3>
<x4>581</x4>
<y4>78</y4>
</bndbox>
</object>
<object>
<name>text</name>
<bndbox>
<x1>582</x1>
<y1>38</y1>
<x2>602</x2>
<y2>31</y2>
<x3>611</x3>
<y3>43</y3>
<x4>591</x4>
<y4>49</y4>
</bndbox>
</object>
<object>
<name>text</name>
<bndbox>
<x1>593</x1>
<y1>73</y1>
<x2>635</x2>
<y2>63</y2>
<x3>652</x3>
<y3>91</y3>
<x4>611</x4>
<y4>101</y4>
</bndbox>
</object>
<object>
<name>text</name>
<bndbox>
<x1>461</x1>
<y1>400</y1>
<x2>528</x2>
<y2>354</y2>
<x3>550</x3>
<y3>396</y3>
<x4>482</x4>
<y4>443</y4>
</bndbox>
</object>
<object>
<name>text</name>
<bndbox>
<x1>483</x1>
<y1>443</y1>
<x2>553</x2>
<y2>391</y2>
<x3>571</x3>
<y3>433</y3>
<x4>501</x4>
<y4>484</y4>
</bndbox>
</object>
<object>
<name>text</name>
<bndbox>
<x1>517</x1>
<y1>478</y1>
<x2>538</x2>
<y2>464</y2>
<x3>546</x3>
<y3>475</y3>
<x4>525</x4>
<y4>489</y4>
</bndbox>
</object>
<object>
<name>text</name>
<bndbox>
<x1>501</x1>
<y1>500</y1>
<x2>558</x2>
<y2>458</y2>
<x3>572</x3>
<y3>480</y3>
<x4>515</x4>
<y4>523</y4>
</bndbox>
</object>
<object>
<name>text</name>
<bndbox>
<x1>530</x1>
<y1>356</y1>
<x2>571</x2>
<y2>331</y2>
<x3>587</x3>
<y3>368</y3>
<x4>546</x4>
<y4>393</y4>
</bndbox>
</object>
<object>
<name>text</name>
<bndbox>
<x1>546</x1>
<y1>390</y1>
<x2>587</x2>
<y2>363</y2>
<x3>608</x3>
<y3>395</y3>
<x4>567</x4>
<y4>423</y4>
</bndbox>
</object>
<object>
<name>text</name>
<bndbox>
<x1>681</x1>
<y1>386</y1>
<x2>738</x2>
<y2>335</y2>
<x3>746</x3>
<y3>350</y3>
<x4>688</x4>
<y4>401</y4>
</bndbox>
</object>
<object>
<name>text</name>
<bndbox>
<x1>566</x1>
<y1>428</y1>
<x2>576</x2>
<y2>420</y2>
<x3>583</x3>
<y3>430</y3>
<x4>573</x4>
<y4>438</y4>
</bndbox>
</object>
<object>
<name>text</name>
<bndbox>
<x1>571</x1>
<y1>436</y1>
<x2>595</x2>
<y2>418</y2>
<x3>607</x3>
<y3>434</y3>
<x4>583</x4>
<y4>453</y4>
</bndbox>
</object>
<object>
<name>text</name>
<bndbox>
<x1>737</x1>
<y1>333</y1>
<x2>788</x2>
<y2>291</y2>
<x3>795</x3>
<y3>305</y3>
<x4>743</x4>
<y4>346</y4>
</bndbox>
</object>
<object>
<name>text</name>
<bndbox>
<x1>588</x1>
<y1>695</y1>
<x2>631</x2>
<y2>641</y2>
<x3>645</x3>
<y3>659</y3>
<x4>602</x4>
<y4>713</y4>
</bndbox>
</object>
<object>
<name>text</name>
<bndbox>
<x1>628</x1>
<y1>639</y1>
<x2>651</x2>
<y2>620</y2>
<x3>663</x3>
<y3>636</y3>
<x4>641</x4>
<y4>655</y4>
</bndbox>
</object>
<object>
<name>text</name>
<bndbox>
<x1>651</x1>
<y1>615</y1>
<x2>701</x2>
<y2>573</y2>
<x3>712</x3>
<y3>591</y3>
<x4>662</x4>
<y4>634</y4>
</bndbox>
</object>
<object>
<name>text</name>
<bndbox>
<x1>665</x1>
<y1>635</y1>
<x2>688</x2>
<y2>616</y2>
<x3>700</x3>
<y3>634</y3>
<x4>676</x4>
<y4>653</y4>
</bndbox>
</object>
<object>
<name>text</name>
<bndbox>
<x1>656</x1>
<y1>673</y1>
<x2>715</x2>
<y2>616</y2>
<x3>731</x3>
<y3>638</y3>
<x4>672</x4>
<y4>694</y4>
</bndbox>
</object>
<object>
<name>text</name>
<bndbox>
<x1>207</x1>
<y1>229</y1>
<x2>273</x2>
<y2>205</y2>
<x3>290</x3>
<y3>244</y3>
<x4>223</x4>
<y4>268</y4>
</bndbox>
</object>
<object>
<name>text</name>
<bndbox>
<x1>190</x1>
<y1>274</y1>
<x2>318</x2>
<y2>226</y2>
<x3>332</x3>
<y3>261</y3>
<x4>203</x4>
<y4>309</y4>
</bndbox>
</object>
<object>
<name>text</name>
<bndbox>
<x1>772</x1>
<y1>448</y1>
<x2>813</x2>
<y2>411</y2>
<x3>853</x3>
<y3>474</y3>
<x4>812</x4>
<y4>510</y4>
</bndbox>
</object>
<object>
<name>text</name>
<bndbox>
<x1>872</x1>
<y1>649</y1>
<x2>902</x2>
<y2>584</y2>
<x3>923</x3>
<y3>620</y3>
<x4>893</x4>
<y4>685</y4>
</bndbox>
</object>
<object>
<name>text</name>
<bndbox>
<x1>892</x1>
<y1>675</y1>
<x2>917</x2>
<y2>638</y2>
<x3>930</x3>
<y3>651</y3>
<x4>905</x4>
<y4>689</y4>
</bndbox>
</object>
<object>
<name>text</name>
<bndbox>
<x1>685</x1>
<y1>21</y1>
<x2>722</x2>
<y2>13</y2>
<x3>750</x3>
<y3>75</y3>
<x4>712</x4>
<y4>84</y4>
</bndbox>
</object>
<object>
<name>text</name>
<bndbox>
<x1>811</x1>
<y1>1</y1>
<x2>838</x2>
<y2>50</y2>
<x3>816</x3>
<y3>59</y3>
<x4>788</x4>
<y4>10</y4>
</bndbox>
</object>
<object>
<name>text</name>
<bndbox>
<x1>788</x1>
<y1>176</y1>
<x2>822</x2>
<y2>241</y2>
<x3>796</x3>
<y3>258</y3>
<x4>762</x4>
<y4>193</y4>
</bndbox>
</object>
<object>
<name>text</name>
<bndbox>
<x1>872</x1>
<y1>126</y1>
<x2>900</x2>
<y2>184</y2>
<x3>881</x3>
<y3>194</y3>
<x4>853</x4>
<y4>136</y4>
</bndbox>
</object>
<object>
<name>text</name>
<bndbox>
<x1>870</x1>
<y1>346</y1>
<x2>903</x2>
<y2>410</y2>
<x3>880</x3>
<y3>428</y3>
<x4>846</x4>
<y4>364</y4>
</bndbox>
</object>
<object>
<name>text</name>
<bndbox>
<x1>931</x1>
<y1>264</y1>
<x2>957</x2>
<y2>306</y2>
<x3>938</x3>
<y3>323</y3>
<x4>912</x4>
<y4>280</y4>
</bndbox>
</object>
<object>
<name>text</name>
<bndbox>
<x1>947</x1>
<y1>506</y1>
<x2>980</x2>
<y2>570</y2>
<x3>958</x3>
<y3>599</y3>
<x4>926</x4>
<y4>535</y4>
</bndbox>
</object>
<object>
<name>text</name>
<bndbox>
<x1>990</x1>
<y1>391</y1>
<x2>1018</x2>
<y2>440</y2>
<x3>1001</x3>
<y3>465</y3>
<x4>972</x4>
<y4>416</y4>
</bndbox>
</object>
<object>
<name>text</name>
<bndbox>
<x1>1052</x1>
<y1>514</y1>
<x2>1081</x2>
<y2>565</y2>
<x3>1068</x3>
<y3>590</y3>
<x4>1040</x4>
<y4>539</y4>
</bndbox>
</object>
<object>
<name>text</name>
<bndbox>
<x1>607</x1>
<y1>253</y1>
<x2>686</x2>
<y2>206</y2>
<x3>696</x3>
<y3>223</y3>
<x4>617</x4>
<y4>269</y4>
</bndbox>
</object>
<object>
<name>text</name>
<bndbox>
<x1>683</x1>
<y1>209</y1>
<x2>733</x2>
<y2>179</y2>
<x3>743</x3>
<y3>196</y3>
<x4>693</x4>
<y4>226</y4>
</bndbox>
</object>
<object>
<name>text</name>
<bndbox>
<x1>622</x1>
<y1>270</y1>
<x2>686</x2>
<y2>229</y2>
<x3>696</x3>
<y3>244</y3>
<x4>632</x4>
<y4>285</y4>
</bndbox>
</object>
<object>
<name>text</name>
<bndbox>
<x1>690</x1>
<y1>230</y1>
<x2>742</x2>
<y2>194</y2>
<x3>748</x3>
<y3>210</y3>
<x4>696</x4>
<y4>246</y4>
</bndbox>
</object>
<object>
<name>text</name>
<bndbox>
<x1>767</x1>
<y1>619</y1>
<x2>832</x2>
<y2>553</y2>
<x3>838</x3>
<y3>569</y3>
<x4>773</x4>
<y4>635</y4>
</bndbox>
</object>
<object>
<name>text</name>
<bndbox>
<x1>278</x1>
<y1>649</y1>
<x2>378</x2>
<y2>570</y2>
<x3>386</x3>
<y3>580</y3>
<x4>286</x4>
<y4>659</y4>
</bndbox>
</object>
<object>
<name>text</name>
<bndbox>
<x1>290</x1>
<y1>659</y1>
<x2>412</x2>
<y2>560</y2>
<x3>420</x3>
<y3>570</y3>
<x4>297</x4>
<y4>669</y4>
</bndbox>
</object>
<object>
<name>text</name>
<bndbox>
<x1>80</x1>
<y1>700</y1>
<x2>172</x2>
<y2>631</y2>
<x3>181</x3>
<y3>651</y3>
<x4>88</x4>
<y4>719</y4>
</bndbox>
</object>
<object>
<name>text</name>
<bndbox>
<x1>208</x1>
<y1>309</y1>
<x2>335</x2>
<y2>261</y2>
<x3>341</x3>
<y3>277</y3>
<x4>213</x4>
<y4>324</y4>
</bndbox>
</object>
<object>
<name>text</name>
<bndbox>
<x1>418</x1>
<y1>460</y1>
<x2>475</x2>
<y2>561</y2>
<x3>461</x3>
<y3>571</y3>
<x4>404</x4>
<y4>470</y4>
</bndbox>
</object>
<object>
<name>text</name>
<bndbox>
<x1>438</x1>
<y1>455</y1>
<x2>498</x2>
<y2>561</y2>
<x3>482</x3>
<y3>568</y3>
<x4>423</x4>
<y4>462</y4>
</bndbox>
</object>
<object>
<name>text</name>
<bndbox>
<x1>462</x1>
<y1>447</y1>
<x2>526</x2>
<y2>553</y2>
<x3>509</x3>
<y3>560</y3>
<x4>444</x4>
<y4>454</y4>
</bndbox>
</object>
<object>
<name>text</name>
<bndbox>
<x1>566</x1>
<y1>173</y1>
<x2>619</x2>
<y2>151</y2>
<x3>626</x3>
<y3>161</y3>
<x4>573</x4>
<y4>184</y4>
</bndbox>
</object>
<object>
<name>text</name>
<bndbox>
<x1>570</x1>
<y1>183</y1>
<x2>624</x2>
<y2>161</y2>
<x3>632</x3>
<y3>172</y3>
<x4>579</x4>
<y4>193</y4>
</bndbox>
</object>
<object>
<name>text</name>
<bndbox>
<x1>629</x1>
<y1>141</y1>
<x2>678</x2>
<y2>122</y2>
<x3>684</x3>
<y3>130</y3>
<x4>635</x4>
<y4>149</y4>
</bndbox>
</object>
<object>
<name>text</name>
<bndbox>
<x1>630</x1>
<y1>152</y1>
<x2>687</x2>
<y2>129</y2>
<x3>693</x3>
<y3>141</y3>
<x4>636</x4>
<y4>164</y4>
</bndbox>
</object>
<object>
<name>text</name>
<bndbox>
<x1>378</x1>
<y1>266</y1>
<x2>478</x2>
<y2>226</y2>
<x3>491</x3>
<y3>235</y3>
<x4>391</x4>
<y4>276</y4>
</bndbox>
</object>
<object>
<name>text</name>
<bndbox>
<x1>486</x1>
<y1>221</y1>
<x2>575</x2>
<y2>183</y2>
<x3>581</x3>
<y3>192</y3>
<x4>492</x4>
<y4>230</y4>
</bndbox>
</object>
<object>
<name>text</name>
<bndbox>
<x1>3</x1>
<y1>367</y1>
<x2>119</x2>
<y2>324</y2>
<x3>119</x3>
<y3>358</y3>
<x4>3</x4>
<y4>401</y4>
</bndbox>
</object>
<object>
<name>text</name>
<bndbox>
<x1>7</x1>
<y1>634</y1>
<x2>168</x2>
<y2>542</y2>
<x3>164</x3>
<y3>583</y3>
<x4>3</x4>
<y4>675</y4>
</bndbox>
</object>
<object>
<name>text</name>
<bndbox>
<x1>767</x1>
<y1>454</y1>
<x2>816</x2>
<y2>416</y2>
<x3>851</x3>
<y3>475</y3>
<x4>802</x4>
<y4>514</y4>
</bndbox>
</object>
<object>
<name>text</name>
<bndbox>
<x1>0</x1>
<y1>167</y1>
<x2>52</x2>
<y2>157</y2>
<x3>69</x3>
<y3>189</y3>
<x4>1</x4>
<y4>200</y4>
</bndbox>
</object>
<object>
<name>text</name>
<bndbox>
<x1>0</x1>
<y1>329</y1>
<x2>49</x2>
<y2>308</y2>
<x3>58</x3>
<y3>346</y3>
<x4>1</x4>
<y4>364</y4>
</bndbox>
</object>
<object>
<name>text</name>
<bndbox>
<x1>873</x1>
<y1>670</y1>
<x2>893</x2>
<y2>701</y2>
<x3>876</x3>
<y3>717</y3>
<x4>858</x4>
<y4>696</y4>
</bndbox>
</object>
<object>
<name>text</name>
<bndbox>
<x1>651</x1>
<y1>695</y1>
<x2>666</x2>
<y2>714</y2>
<x3>658</x3>
<y3>717</y3>
<x4>635</x4>
<y4>717</y4>
</bndbox>
</object>
</annotation>