<?xml version="1.0" ?>
<annotation>
<folder>JPEGImages</folder>
<filename>img_449.xml</filename>
<path>xxxx</path>
<source>
<database>Unknown</database>
<annotation>xxx</annotation>
<image>xxx</image>
<flickrid>0</flickrid>
</source>
<size>
<width>1280</width>
<height>720</height>
<depth>3</depth>
</size>
<segmented>0</segmented>
<object>
<name>text</name>
<bndbox>
<x1>1153</x1>
<y1>388</y1>
<x2>1266</x2>
<y2>401</y2>
<x3>1267</x3>
<y3>422</y3>
<x4>1154</x4>
<y4>410</y4>
</bndbox>
</object>
<object>
<name>text</name>
<bndbox>
<x1>637</x1>
<y1>473</y1>
<x2>682</x2>
<y2>485</y2>
<x3>682</x3>
<y3>511</y3>
<x4>637</x4>
<y4>498</y4>
</bndbox>
</object>
<object>
<name>text</name>
<bndbox>
<x1>788</x1>
<y1>139</y1>
<x2>941</x2>
<y2>123</y2>
<x3>938</x3>
<y3>164</y3>
<x4>789</x4>
<y4>177</y4>
</bndbox>
</object>
<object>
<name>text</name>
<bndbox>
<x1>741</x1>
<y1>220</y1>
<x2>787</x2>
<y2>207</y2>
<x3>794</x3>
<y3>243</y3>
<x4>747</x4>
<y4>255</y4>
</bndbox>
</object>
<object>
<name>text</name>
<bndbox>
<x1>791</x1>
<y1>214</y1>
<x2>833</x2>
<y2>202</y2>
<x3>836</x3>
<y3>230</y3>
<x4>794</x4>
<y4>242</y4>
</bndbox>
</object>
<object>
<name>text</name>
<bndbox>
<x1>599</x1>
<y1>160</y1>
<x2>781</x2>
<y2>138</y2>
<x3>787</x3>
<y3>175</y3>
<x4>602</x4>
<y4>194</y4>
</bndbox>
</object>
<object>
<name>text</name>
<bndbox>
<x1>369</x1>
<y1>247</y1>
<x2>500</x2>
<y2>171</y2>
<x3>511</x3>
<y3>264</y3>
<x4>366</x4>
<y4>288</y4>
</bndbox>
</object>
<object>
<name>text</name>
<bndbox>
<x1>775</x1>
<y1>93</y1>
<x2>897</x2>
<y2>78</y2>
<x3>897</x3>
<y3>110</y3>
<x4>775</x4>
<y4>124</y4>
</bndbox>
</object>
<object>
<name>text</name>
<bndbox>
<x1>811</x1>
<y1>530</y1>
<x2>936</x2>
<y2>560</y2>
<x3>934</x3>
<y3>614</y3>
<x4>808</x4>
<y4>584</y4>
</bndbox>
</object>
<object>
<name>text</name>
<bndbox>
<x1>747</x1>
<y1>258</y1>
<x2>796</x2>
<y2>246</y2>
<x3>797</x3>
<y3>263</y3>
<x4>748</x4>
<y4>276</y4>
</bndbox>
</object>
<object>
<name>text</name>
<bndbox>
<x1>796</x1>
<y1>242</y1>
<x2>840</x2>
<y2>232</y2>
<x3>843</x3>
<y3>253</y3>
<x4>800</x4>
<y4>263</y4>
</bndbox>
</object>
<object>
<name>text</name>
<bndbox>
<x1>750</x1>
<y1>278</y1>
<x2>842</x2>
<y2>258</y2>
<x3>845</x3>
<y3>280</y3>
<x4>753</x4>
<y4>300</y4>
</bndbox>
</object>
<object>
<name>text</name>
<bndbox>
<x1>754</x1>
<y1>303</y1>
<x2>806</x2>
<y2>292</y2>
<x3>810</x3>
<y3>313</y3>
<x4>757</x4>
<y4>324</y4>
</bndbox>
</object>
<object>
<name>text</name>
<bndbox>
<x1>711</x1>
<y1>493</y1>
<x2>747</x2>
<y2>503</y2>
<x3>747</x3>
<y3>527</y3>
<x4>711</x4>
<y4>517</y4>
</bndbox>
</object>
<object>
<name>text</name>
<bndbox>
<x1>570</x1>
<y1>476</y1>
<x2>625</x2>
<y2>495</y2>
<x3>624</x3>
<y3>522</y3>
<x4>568</x4>
<y4>503</y4>
</bndbox>
</object>
<object>
<name>text</name>
<bndbox>
<x1>567</x1>
<y1>507</y1>
<x2>607</x2>
<y2>518</y2>
<x3>605</x3>
<y3>544</y3>
<x4>565</x4>
<y4>533</y4>
</bndbox>
</object>
<object>
<name>text</name>
<bndbox>
<x1>638</x1>
<y1>502</y1>
<x2>674</x2>
<y2>510</y2>
<x3>672</x3>
<y3>533</y3>
<x4>636</x4>
<y4>525</y4>
</bndbox>
</object>
<object>
<name>text</name>
<bndbox>
<x1>638</x1>
<y1>526</y1>
<x2>676</x2>
<y2>537</y2>
<x3>673</x3>
<y3>563</y3>
<x4>635</x4>
<y4>552</y4>
</bndbox>
</object>
<object>
<name>text</name>
<bndbox>
<x1>704</x1>
<y1>519</y1>
<x2>741</x2>
<y2>532</y2>
<x3>745</x3>
<y3>560</y3>
<x4>708</x4>
<y4>546</y4>
</bndbox>
</object>
<object>
<name>text</name>
<bndbox>
<x1>701</x1>
<y1>548</y1>
<x2>744</x2>
<y2>561</y2>
<x3>746</x3>
<y3>591</y3>
<x4>703</x4>
<y4>578</y4>
</bndbox>
</object>
<object>
<name>text</name>
<bndbox>
<x1>804</x1>
<y1>290</y1>
<x2>843</x2>
<y2>281</y2>
<x3>846</x3>
<y3>304</y3>
<x4>808</x4>
<y4>313</y4>
</bndbox>
</object>
<object>
<name>text</name>
<bndbox>
<x1>648</x1>
<y1>116</y1>
<x2>690</x2>
<y2>111</y2>
<x3>690</x3>
<y3>125</y3>
<x4>648</x4>
<y4>130</y4>
</bndbox>
</object>
<object>
<name>text</name>
<bndbox>
<x1>692</x1>
<y1>110</y1>
<x2>772</x2>
<y2>98</y2>
<x3>772</x3>
<y3>111</y3>
<x4>692</x4>
<y4>123</y4>
</bndbox>
</object>
<object>
<name>text</name>
<bndbox>
<x1>687</x1>
<y1>126</y1>
<x2>774</x2>
<y2>113</y2>
<x3>774</x3>
<y3>128</y3>
<x4>687</x4>
<y4>136</y4>
</bndbox>
</object>
<object>
<name>text</name>
<bndbox>
<x1>349</x1>
<y1>115</y1>
<x2>397</x2>
<y2>127</y2>
<x3>396</x3>
<y3>146</y3>
<x4>347</x4>
<y4>134</y4>
</bndbox>
</object>
<object>
<name>text</name>
<bndbox>
<x1>377</x1>
<y1>283</y1>
<x2>472</x2>
<y2>275</y2>
<x3>470</x3>
<y3>310</y3>
<x4>376</x4>
<y4>319</y4>
</bndbox>
</object>
<object>
<name>text</name>
<bndbox>
<x1>353</x1>
<y1>183</y1>
<x2>389</x2>
<y2>182</y2>
<x3>388</x3>
<y3>208</y3>
<x4>353</x4>
<y4>208</y4>
</bndbox>
</object>
<object>
<name>text</name>
<bndbox>
<x1>512</x1>
<y1>200</y1>
<x2>560</x2>
<y2>197</y2>
<x3>560</x3>
<y3>230</y3>
<x4>512</x4>
<y4>229</y4>
</bndbox>
</object>
<object>
<name>text</name>
<bndbox>
<x1>538</x1>
<y1>162</y1>
<x2>552</x2>
<y2>165</y2>
<x3>552</x3>
<y3>188</y3>
<x4>538</x4>
<y4>183</y4>
</bndbox>
</object>
<object>
<name>text</name>
<bndbox>
<x1>609</x1>
<y1>308</y1>
<x2>728</x2>
<y2>316</y2>
<x3>728</x3>
<y3>334</y3>
<x4>609</x4>
<y4>325</y4>
</bndbox>
</object>
<object>
<name>text</name>
<bndbox>
<x1>488</x1>
<y1>395</y1>
<x2>537</x2>
<y2>403</y2>
<x3>534</x3>
<y3>438</y3>
<x4>485</x4>
<y4>426</y4>
</bndbox>
</object>
<object>
<name>text</name>
<bndbox>
<x1>570</x1>
<y1>423</y1>
<x2>757</x2>
<y2>466</y2>
<x3>755</x3>
<y3>484</y3>
<x4>570</x4>
<y4>440</y4>
</bndbox>
</object>
<object>
<name>text</name>
<bndbox>
<x1>579</x1>
<y1>342</y1>
<x2>618</x2>
<y2>345</y2>
<x3>616</x3>
<y3>363</y3>
<x4>579</x4>
<y4>357</y4>
</bndbox>
</object>
<object>
<name>text</name>
<bndbox>
<x1>624</x1>
<y1>285</y1>
<x2>650</x2>
<y2>285</y2>
<x3>650</x3>
<y3>299</y3>
<x4>624</x4>
<y4>294</y4>
</bndbox>
</object>
<object>
<name>text</name>
<bndbox>
<x1>565</x1>
<y1>533</y1>
<x2>750</x2>
<y2>592</y2>
<x3>745</x3>
<y3>623</y3>
<x4>565</x4>
<y4>554</y4>
</bndbox>
</object>
<object>
<name>text</name>
<bndbox>
<x1>485</x1>
<y1>510</y1>
<x2>519</x2>
<y2>518</y2>
<x3>516</x3>
<y3>544</y3>
<x4>482</x4>
<y4>531</y4>
</bndbox>
</object>
<object>
<name>text</name>
<bndbox>
<x1>373</x1>
<y1>468</y1>
<x2>404</x2>
<y2>477</y2>
<x3>400</x3>
<y3>499</y3>
<x4>367</x4>
<y4>489</y4>
</bndbox>
</object>
<object>
<name>text</name>
<bndbox>
<x1>812</x1>
<y1>516</y1>
<x2>1010</x2>
<y2>564</y2>
<x3>1006</x3>
<y3>582</y3>
<x4>812</x4>
<y4>534</y4>
</bndbox>
</object>
<object>
<name>text</name>
<bndbox>
<x1>819</x1>
<y1>596</y1>
<x2>875</x2>
<y2>615</y2>
<x3>885</x3>
<y3>646</y3>
<x4>819</x4>
<y4>619</y4>
</bndbox>
</object>
</annotation>