<?xml version="1.0" ?>
<annotation>
<folder>JPEGImages</folder>
<filename>img_387.xml</filename>
<path>xxxx</path>
<source>
<database>Unknown</database>
<annotation>xxx</annotation>
<image>xxx</image>
<flickrid>0</flickrid>
</source>
<size>
<width>1280</width>
<height>720</height>
<depth>3</depth>
</size>
<segmented>0</segmented>
<object>
<name>text</name>
<bndbox>
<x1>396</x1>
<y1>272</y1>
<x2>494</x2>
<y2>276</y2>
<x3>492</x3>
<y3>321</y3>
<x4>393</x4>
<y4>317</y4>
</bndbox>
</object>
<object>
<name>text</name>
<bndbox>
<x1>1104</x1>
<y1>394</y1>
<x2>1160</x2>
<y2>384</y2>
<x3>1167</x3>
<y3>419</y3>
<x4>1112</x4>
<y4>429</y4>
</bndbox>
</object>
<object>
<name>text</name>
<bndbox>
<x1>1053</x1>
<y1>336</y1>
<x2>1101</x2>
<y2>340</y2>
<x3>1101</x3>
<y3>359</y3>
<x4>1053</x4>
<y4>355</y4>
</bndbox>
</object>
<object>
<name>text</name>
<bndbox>
<x1>1106</x1>
<y1>339</y1>
<x2>1132</x2>
<y2>341</y2>
<x3>1132</x3>
<y3>362</y3>
<x4>1106</x4>
<y4>360</y4>
</bndbox>
</object>
<object>
<name>text</name>
<bndbox>
<x1>1064</x1>
<y1>356</y1>
<x2>1114</x2>
<y2>360</y2>
<x3>1115</x3>
<y3>380</y3>
<x4>1064</x4>
<y4>375</y4>
</bndbox>
</object>
<object>
<name>text</name>
<bndbox>
<x1>1077</x1>
<y1>282</y1>
<x2>1157</x2>
<y2>284</y2>
<x3>1156</x3>
<y3>315</y3>
<x4>1076</x4>
<y4>314</y4>
</bndbox>
</object>
<object>
<name>text</name>
<bndbox>
<x1>1092</x1>
<y1>402</y1>
<x2>1109</x2>
<y2>400</y2>
<x3>1114</x3>
<y3>427</y3>
<x4>1097</x4>
<y4>430</y4>
</bndbox>
</object>
<object>
<name>text</name>
<bndbox>
<x1>881</x1>
<y1>64</y1>
<x2>964</x2>
<y2>34</y2>
<x3>965</x3>
<y3>96</y3>
<x4>882</x4>
<y4>125</y4>
</bndbox>
</object>
<object>
<name>text</name>
<bndbox>
<x1>880</x1>
<y1>117</y1>
<x2>961</x2>
<y2>97</y2>
<x3>962</x3>
<y3>129</y3>
<x4>881</x4>
<y4>150</y4>
</bndbox>
</object>
<object>
<name>text</name>
<bndbox>
<x1>729</x1>
<y1>348</y1>
<x2>773</x2>
<y2>352</y2>
<x3>771</x3>
<y3>365</y3>
<x4>728</x4>
<y4>361</y4>
</bndbox>
</object>
<object>
<name>text</name>
<bndbox>
<x1>735</x1>
<y1>362</y1>
<x2>760</x2>
<y2>365</y2>
<x3>759</x3>
<y3>378</y3>
<x4>734</x4>
<y4>375</y4>
</bndbox>
</object>
<object>
<name>text</name>
<bndbox>
<x1>328</x1>
<y1>114</y1>
<x2>376</x2>
<y2>117</y2>
<x3>373</x3>
<y3>135</y3>
<x4>325</x4>
<y4>132</y4>
</bndbox>
</object>
<object>
<name>text</name>
<bndbox>
<x1>273</x1>
<y1>236</y1>
<x2>343</x2>
<y2>241</y2>
<x3>337</x3>
<y3>259</y3>
<x4>266</x4>
<y4>253</y4>
</bndbox>
</object>
</annotation>