<?xml version="1.0" ?>
<annotation>
<folder>JPEGImages</folder>
<filename>img_232.xml</filename>
<path>xxxx</path>
<source>
<database>Unknown</database>
<annotation>xxx</annotation>
<image>xxx</image>
<flickrid>0</flickrid>
</source>
<size>
<width>1280</width>
<height>720</height>
<depth>3</depth>
</size>
<segmented>0</segmented>
<object>
<name>text</name>
<bndbox>
<x1>2</x1>
<y1>240</y1>
<x2>127</x2>
<y2>240</y2>
<x3>126</x3>
<y3>261</y3>
<x4>1</x4>
<y4>261</y4>
</bndbox>
</object>
<object>
<name>text</name>
<bndbox>
<x1>0</x1>
<y1>264</y1>
<x2>81</x2>
<y2>267</y2>
<x3>81</x3>
<y3>287</y3>
<x4>0</x4>
<y4>284</y4>
</bndbox>
</object>
<object>
<name>text</name>
<bndbox>
<x1>1083</x1>
<y1>181</y1>
<x2>1153</x2>
<y2>176</y2>
<x3>1155</x3>
<y3>198</y3>
<x4>1085</x4>
<y4>203</y4>
</bndbox>
</object>
<object>
<name>text</name>
<bndbox>
<x1>1095</x1>
<y1>199</y1>
<x2>1164</x2>
<y2>198</y2>
<x3>1165</x3>
<y3>214</y3>
<x4>1096</x4>
<y4>214</y4>
</bndbox>
</object>
<object>
<name>text</name>
<bndbox>
<x1>1106</x1>
<y1>216</y1>
<x2>1164</x2>
<y2>211</y2>
<x3>1167</x3>
<y3>238</y3>
<x4>1108</x4>
<y4>244</y4>
</bndbox>
</object>
<object>
<name>text</name>
<bndbox>
<x1>1081</x1>
<y1>105</y1>
<x2>1242</x2>
<y2>109</y2>
<x3>1244</x3>
<y3>154</y3>
<x4>1083</x4>
<y4>150</y4>
</bndbox>
</object>
<object>
<name>text</name>
<bndbox>
<x1>1163</x1>
<y1>211</y1>
<x2>1222</x2>
<y2>203</y2>
<x3>1225</x3>
<y3>230</y3>
<x4>1166</x4>
<y4>237</y4>
</bndbox>
</object>
<object>
<name>text</name>
<bndbox>
<x1>1012</x1>
<y1>105</y1>
<x2>1083</x2>
<y2>105</y2>
<x3>1082</x3>
<y3>150</y3>
<x4>1011</x4>
<y4>150</y4>
</bndbox>
</object>
<object>
<name>text</name>
<bndbox>
<x1>185</x1>
<y1>218</y1>
<x2>250</x2>
<y2>220</y2>
<x3>246</x3>
<y3>239</y3>
<x4>181</x4>
<y4>237</y4>
</bndbox>
</object>
<object>
<name>text</name>
<bndbox>
<x1>182</x1>
<y1>244</y1>
<x2>245</x2>
<y2>246</y2>
<x3>243</x3>
<y3>266</y3>
<x4>180</x4>
<y4>264</y4>
</bndbox>
</object>
<object>
<name>text</name>
<bndbox>
<x1>176</x1>
<y1>268</y1>
<x2>242</x2>
<y2>271</y2>
<x3>241</x3>
<y3>293</y3>
<x4>175</x4>
<y4>289</y4>
</bndbox>
</object>
<object>
<name>text</name>
<bndbox>
<x1>172</x1>
<y1>296</y1>
<x2>241</x2>
<y2>299</y2>
<x3>238</x3>
<y3>319</y3>
<x4>170</x4>
<y4>316</y4>
</bndbox>
</object>
<object>
<name>text</name>
<bndbox>
<x1>169</x1>
<y1>325</y1>
<x2>234</x2>
<y2>325</y2>
<x3>232</x3>
<y3>344</y3>
<x4>167</x4>
<y4>344</y4>
</bndbox>
</object>
<object>
<name>text</name>
<bndbox>
<x1>164</x1>
<y1>351</y1>
<x2>232</x2>
<y2>353</y2>
<x3>230</x3>
<y3>376</y3>
<x4>161</x4>
<y4>374</y4>
</bndbox>
</object>
<object>
<name>text</name>
<bndbox>
<x1>162</x1>
<y1>378</y1>
<x2>228</x2>
<y2>382</y2>
<x3>225</x3>
<y3>403</y3>
<x4>159</x4>
<y4>399</y4>
</bndbox>
</object>
<object>
<name>text</name>
<bndbox>
<x1>144</x1>
<y1>521</y1>
<x2>211</x2>
<y2>524</y2>
<x3>207</x3>
<y3>548</y3>
<x4>140</x4>
<y4>545</y4>
</bndbox>
</object>
<object>
<name>text</name>
<bndbox>
<x1>135</x1>
<y1>551</y1>
<x2>206</x2>
<y2>554</y2>
<x3>204</x3>
<y3>579</y3>
<x4>133</x4>
<y4>576</y4>
</bndbox>
</object>
<object>
<name>text</name>
<bndbox>
<x1>133</x1>
<y1>578</y1>
<x2>205</x2>
<y2>582</y2>
<x3>200</x3>
<y3>613</y3>
<x4>129</x4>
<y4>609</y4>
</bndbox>
</object>
<object>
<name>text</name>
<bndbox>
<x1>161</x1>
<y1>408</y1>
<x2>225</x2>
<y2>410</y2>
<x3>223</x3>
<y3>431</y3>
<x4>159</x4>
<y4>429</y4>
</bndbox>
</object>
<object>
<name>text</name>
<bndbox>
<x1>152</x1>
<y1>436</y1>
<x2>222</x2>
<y2>436</y2>
<x3>220</x3>
<y3>458</y3>
<x4>150</x4>
<y4>458</y4>
</bndbox>
</object>
<object>
<name>text</name>
<bndbox>
<x1>1</x1>
<y1>213</y1>
<x2>172</x2>
<y2>215</y2>
<x3>172</x3>
<y3>237</y3>
<x4>1</x4>
<y4>235</y4>
</bndbox>
</object>
<object>
<name>text</name>
<bndbox>
<x1>1</x1>
<y1>290</y1>
<x2>96</x2>
<y2>292</y2>
<x3>95</x3>
<y3>316</y3>
<x4>0</x4>
<y4>314</y4>
</bndbox>
</object>
<object>
<name>text</name>
<bndbox>
<x1>1</x1>
<y1>321</y1>
<x2>55</x2>
<y2>321</y2>
<x3>54</x3>
<y3>342</y3>
<x4>0</x4>
<y4>342</y4>
</bndbox>
</object>
<object>
<name>text</name>
<bndbox>
<x1>1</x1>
<y1>346</y1>
<x2>74</x2>
<y2>348</y2>
<x3>74</x3>
<y3>372</y3>
<x4>1</x4>
<y4>370</y4>
</bndbox>
</object>
<object>
<name>text</name>
<bndbox>
<x1>5</x1>
<y1>372</y1>
<x2>137</x2>
<y2>376</y2>
<x3>133</x3>
<y3>400</y3>
<x4>1</x4>
<y4>395</y4>
</bndbox>
</object>
<object>
<name>text</name>
<bndbox>
<x1>2</x1>
<y1>401</y1>
<x2>54</x2>
<y2>401</y2>
<x3>52</x3>
<y3>426</y3>
<x4>0</x4>
<y4>426</y4>
</bndbox>
</object>
<object>
<name>text</name>
<bndbox>
<x1>1</x1>
<y1>428</y1>
<x2>77</x2>
<y2>430</y2>
<x3>77</x3>
<y3>456</y3>
<x4>1</x4>
<y4>455</y4>
</bndbox>
</object>
<object>
<name>text</name>
<bndbox>
<x1>0</x1>
<y1>577</y1>
<x2>41</x2>
<y2>578</y2>
<x3>42</x3>
<y3>610</y3>
<x4>1</x4>
<y4>608</y4>
</bndbox>
</object>
<object>
<name>text</name>
<bndbox>
<x1>571</x1>
<y1>25</y1>
<x2>594</x2>
<y2>104</y2>
<x3>590</x3>
<y3>165</y3>
<x4>566</x4>
<y4>86</y4>
</bndbox>
</object>
<object>
<name>text</name>
<bndbox>
<x1>0</x1>
<y1>188</y1>
<x2>84</x2>
<y2>190</y2>
<x3>84</x3>
<y3>211</y3>
<x4>0</x4>
<y4>210</y4>
</bndbox>
</object>
<object>
<name>text</name>
<bndbox>
<x1>791</x1>
<y1>312</y1>
<x2>830</x2>
<y2>295</y2>
<x3>831</x3>
<y3>327</y3>
<x4>793</x4>
<y4>344</y4>
</bndbox>
</object>
<object>
<name>text</name>
<bndbox>
<x1>870</x1>
<y1>252</y1>
<x2>908</x2>
<y2>231</y2>
<x3>909</x3>
<y3>259</y3>
<x4>871</x4>
<y4>281</y4>
</bndbox>
</object>
<object>
<name>text</name>
<bndbox>
<x1>879</x1>
<y1>273</y1>
<x2>900</x2>
<y2>262</y2>
<x3>901</x3>
<y3>289</y3>
<x4>879</x4>
<y4>300</y4>
</bndbox>
</object>
<object>
<name>text</name>
<bndbox>
<x1>0</x1>
<y1>490</y1>
<x2>30</x2>
<y2>489</y2>
<x3>31</x3>
<y3>517</y3>
<x4>0</x4>
<y4>518</y4>
</bndbox>
</object>
<object>
<name>text</name>
<bndbox>
<x1>465</x1>
<y1>333</y1>
<x2>500</x2>
<y2>331</y2>
<x3>499</x3>
<y3>353</y3>
<x4>465</x4>
<y4>353</y4>
</bndbox>
</object>
<object>
<name>text</name>
<bndbox>
<x1>1162</x1>
<y1>193</y1>
<x2>1203</x2>
<y2>193</y2>
<x3>1207</x3>
<y3>210</y3>
<x4>1162</x4>
<y4>211</y4>
</bndbox>
</object>
<object>
<name>text</name>
<bndbox>
<x1>537</x1>
<y1>2</y1>
<x2>568</x2>
<y2>6</y2>
<x3>560</x3>
<y3>63</y3>
<x4>560</x4>
<y4>63</y4>
</bndbox>
</object>
<object>
<name>text</name>
<bndbox>
<x1>1250</x1>
<y1>174</y1>
<x2>1273</x2>
<y2>179</y2>
<x3>1279</x3>
<y3>213</y3>
<x4>1253</x4>
<y4>215</y4>
</bndbox>
</object>
<object>
<name>text</name>
<bndbox>
<x1>3</x1>
<y1>133</y1>
<x2>80</x2>
<y2>138</y2>
<x3>82</x3>
<y3>178</y3>
<x4>2</x4>
<y4>175</y4>
</bndbox>
</object>
<object>
<name>text</name>
<bndbox>
<x1>850</x1>
<y1>269</y1>
<x2>869</x2>
<y2>257</y2>
<x3>870</x3>
<y3>299</y3>
<x4>850</x4>
<y4>313</y4>
</bndbox>
</object>
<object>
<name>text</name>
<bndbox>
<x1>372</x1>
<y1>305</y1>
<x2>429</x2>
<y2>306</y2>
<x3>426</x3>
<y3>328</y3>
<x4>374</x4>
<y4>328</y4>
</bndbox>
</object>
</annotation>