<?xml version="1.0" ?>
<annotation>
<folder>JPEGImages</folder>
<filename>img_283.xml</filename>
<path>xxxx</path>
<source>
<database>Unknown</database>
<annotation>xxx</annotation>
<image>xxx</image>
<flickrid>0</flickrid>
</source>
<size>
<width>1280</width>
<height>720</height>
<depth>3</depth>
</size>
<segmented>0</segmented>
<object>
<name>text</name>
<bndbox>
<x1>20</x1>
<y1>157</y1>
<x2>37</x2>
<y2>168</y2>
<x3>28</x3>
<y3>183</y3>
<x4>10</x4>
<y4>171</y4>
</bndbox>
</object>
<object>
<name>text</name>
<bndbox>
<x1>602</x1>
<y1>64</y1>
<x2>644</x2>
<y2>64</y2>
<x3>649</x3>
<y3>309</y3>
<x4>608</x4>
<y4>308</y4>
</bndbox>
</object>
<object>
<name>text</name>
<bndbox>
<x1>257</x1>
<y1>167</y1>
<x2>294</x2>
<y2>163</y2>
<x3>294</x3>
<y3>178</y3>
<x4>257</x4>
<y4>182</y4>
</bndbox>
</object>
<object>
<name>text</name>
<bndbox>
<x1>290</x1>
<y1>164</y1>
<x2>309</x2>
<y2>161</y2>
<x3>311</x3>
<y3>175</y3>
<x4>293</x4>
<y4>178</y4>
</bndbox>
</object>
<object>
<name>text</name>
<bndbox>
<x1>308</x1>
<y1>160</y1>
<x2>349</x2>
<y2>157</y2>
<x3>350</x3>
<y3>171</y3>
<x4>308</x4>
<y4>175</y4>
</bndbox>
</object>
<object>
<name>text</name>
<bndbox>
<x1>571</x1>
<y1>322</y1>
<x2>648</x2>
<y2>320</y2>
<x3>648</x3>
<y3>336</y3>
<x4>571</x4>
<y4>339</y4>
</bndbox>
</object>
<object>
<name>text</name>
<bndbox>
<x1>1</x1>
<y1>78</y1>
<x2>125</x2>
<y2>67</y2>
<x3>125</x3>
<y3>112</y3>
<x4>1</x4>
<y4>122</y4>
</bndbox>
</object>
<object>
<name>text</name>
<bndbox>
<x1>236</x1>
<y1>157</y1>
<x2>251</x2>
<y2>146</y2>
<x3>261</x3>
<y3>163</y3>
<x4>246</x4>
<y4>174</y4>
</bndbox>
</object>
<object>
<name>text</name>
<bndbox>
<x1>501</x1>
<y1>151</y1>
<x2>590</x2>
<y2>151</y2>
<x3>590</x3>
<y3>175</y3>
<x4>501</x4>
<y4>175</y4>
</bndbox>
</object>
<object>
<name>text</name>
<bndbox>
<x1>198</x1>
<y1>165</y1>
<x2>219</x2>
<y2>166</y2>
<x3>219</x3>
<y3>185</y3>
<x4>198</x4>
<y4>185</y4>
</bndbox>
</object>
<object>
<name>text</name>
<bndbox>
<x1>166</x1>
<y1>150</y1>
<x2>182</x2>
<y2>160</y2>
<x3>172</x3>
<y3>175</y3>
<x4>156</x4>
<y4>165</y4>
</bndbox>
</object>
<object>
<name>text</name>
<bndbox>
<x1>75</x1>
<y1>166</y1>
<x2>90</x2>
<y2>155</y2>
<x3>100</x3>
<y3>168</y3>
<x4>86</x4>
<y4>179</y4>
</bndbox>
</object>
<object>
<name>text</name>
<bndbox>
<x1>49</x1>
<y1>173</y1>
<x2>66</x2>
<y2>173</y2>
<x3>65</x3>
<y3>191</y3>
<x4>48</x4>
<y4>191</y4>
</bndbox>
</object>
<object>
<name>text</name>
<bndbox>
<x1>829</x1>
<y1>27</y1>
<x2>835</x2>
<y2>24</y2>
<x3>836</x3>
<y3>42</y3>
<x4>829</x4>
<y4>45</y4>
</bndbox>
</object>
<object>
<name>text</name>
<bndbox>
<x1>830</x1>
<y1>51</y1>
<x2>836</x2>
<y2>49</y2>
<x3>836</x3>
<y3>67</y3>
<x4>830</x4>
<y4>70</y4>
</bndbox>
</object>
<object>
<name>text</name>
<bndbox>
<x1>828</x1>
<y1>76</y1>
<x2>838</x2>
<y2>73</y2>
<x3>838</x3>
<y3>91</y3>
<x4>828</x4>
<y4>94</y4>
</bndbox>
</object>
<object>
<name>text</name>
<bndbox>
<x1>828</x1>
<y1>100</y1>
<x2>839</x2>
<y2>98</y2>
<x3>838</x3>
<y3>115</y3>
<x4>828</x4>
<y4>118</y4>
</bndbox>
</object>
<object>
<name>text</name>
<bndbox>
<x1>828</x1>
<y1>126</y1>
<x2>838</x2>
<y2>121</y2>
<x3>839</x3>
<y3>138</y3>
<x4>829</x4>
<y4>142</y4>
</bndbox>
</object>
<object>
<name>text</name>
<bndbox>
<x1>828</x1>
<y1>166</y1>
<x2>840</x2>
<y2>163</y2>
<x3>840</x3>
<y3>180</y3>
<x4>828</x4>
<y4>183</y4>
</bndbox>
</object>
<object>
<name>text</name>
<bndbox>
<x1>796</x1>
<y1>43</y1>
<x2>816</x2>
<y2>38</y2>
<x3>817</x3>
<y3>54</y3>
<x4>797</x4>
<y4>60</y4>
</bndbox>
</object>
<object>
<name>text</name>
<bndbox>
<x1>795</x1>
<y1>64</y1>
<x2>817</x2>
<y2>57</y2>
<x3>817</x3>
<y3>77</y3>
<x4>795</x4>
<y4>85</y4>
</bndbox>
</object>
<object>
<name>text</name>
<bndbox>
<x1>797</x1>
<y1>87</y1>
<x2>820</x2>
<y2>78</y2>
<x3>820</x3>
<y3>99</y3>
<x4>797</x4>
<y4>108</y4>
</bndbox>
</object>
<object>
<name>text</name>
<bndbox>
<x1>797</x1>
<y1>110</y1>
<x2>819</x2>
<y2>102</y2>
<x3>817</x3>
<y3>123</y3>
<x4>795</x4>
<y4>132</y4>
</bndbox>
</object>
<object>
<name>text</name>
<bndbox>
<x1>796</x1>
<y1>133</y1>
<x2>819</x2>
<y2>124</y2>
<x3>819</x3>
<y3>141</y3>
<x4>797</x4>
<y4>150</y4>
</bndbox>
</object>
<object>
<name>text</name>
<bndbox>
<x1>801</x1>
<y1>170</y1>
<x2>815</x2>
<y2>168</y2>
<x3>816</x3>
<y3>185</y3>
<x4>803</x4>
<y4>188</y4>
</bndbox>
</object>
<object>
<name>text</name>
<bndbox>
<x1>964</x1>
<y1>85</y1>
<x2>1048</x2>
<y2>92</y2>
<x3>1050</x3>
<y3>125</y3>
<x4>965</x4>
<y4>118</y4>
</bndbox>
</object>
<object>
<name>text</name>
<bndbox>
<x1>488</x1>
<y1>177</y1>
<x2>566</x2>
<y2>175</y2>
<x3>570</x3>
<y3>197</y3>
<x4>492</x4>
<y4>200</y4>
</bndbox>
</object>
</annotation>