<?xml version="1.0" ?>
<annotation>
<folder>JPEGImages</folder>
<filename>img_348.xml</filename>
<path>xxxx</path>
<source>
<database>Unknown</database>
<annotation>xxx</annotation>
<image>xxx</image>
<flickrid>0</flickrid>
</source>
<size>
<width>1280</width>
<height>720</height>
<depth>3</depth>
</size>
<segmented>0</segmented>
<object>
<name>text</name>
<bndbox>
<x1>712</x1>
<y1>270</y1>
<x2>765</x2>
<y2>267</y2>
<x3>765</x3>
<y3>307</y3>
<x4>712</x4>
<y4>310</y4>
</bndbox>
</object>
<object>
<name>text</name>
<bndbox>
<x1>802</x1>
<y1>405</y1>
<x2>841</x2>
<y2>405</y2>
<x3>842</x3>
<y3>434</y3>
<x4>803</x4>
<y4>434</y4>
</bndbox>
</object>
<object>
<name>text</name>
<bndbox>
<x1>107</x1>
<y1>10</y1>
<x2>210</x2>
<y2>3</y2>
<x3>213</x3>
<y3>36</y3>
<x4>110</x4>
<y4>44</y4>
</bndbox>
</object>
<object>
<name>text</name>
<bndbox>
<x1>713</x1>
<y1>410</y1>
<x2>769</x2>
<y2>409</y2>
<x3>769</x3>
<y3>435</y3>
<x4>713</x4>
<y4>436</y4>
</bndbox>
</object>
<object>
<name>text</name>
<bndbox>
<x1>770</x1>
<y1>407</y1>
<x2>802</x2>
<y2>407</y2>
<x3>801</x3>
<y3>436</y3>
<x4>769</x4>
<y4>436</y4>
</bndbox>
</object>
<object>
<name>text</name>
<bndbox>
<x1>18</x1>
<y1>17</y1>
<x2>106</x2>
<y2>8</y2>
<x3>106</x3>
<y3>43</y3>
<x4>19</x4>
<y4>52</y4>
</bndbox>
</object>
<object>
<name>text</name>
<bndbox>
<x1>531</x1>
<y1>295</y1>
<x2>564</x2>
<y2>295</y2>
<x3>564</x3>
<y3>314</y3>
<x4>530</x4>
<y4>314</y4>
</bndbox>
</object>
<object>
<name>text</name>
<bndbox>
<x1>766</x1>
<y1>266</y1>
<x2>797</x2>
<y2>265</y2>
<x3>797</x3>
<y3>307</y3>
<x4>766</x4>
<y4>308</y4>
</bndbox>
</object>
<object>
<name>text</name>
<bndbox>
<x1>797</x1>
<y1>264</y1>
<x2>835</x2>
<y2>263</y2>
<x3>834</x3>
<y3>308</y3>
<x4>796</x4>
<y4>309</y4>
</bndbox>
</object>
<object>
<name>text</name>
<bndbox>
<x1>712</x1>
<y1>343</y1>
<x2>766</x2>
<y2>343</y2>
<x3>766</x3>
<y3>385</y3>
<x4>712</x4>
<y4>386</y4>
</bndbox>
</object>
<object>
<name>text</name>
<bndbox>
<x1>765</x1>
<y1>342</y1>
<x2>801</x2>
<y2>342</y2>
<x3>801</x3>
<y3>385</y3>
<x4>766</x4>
<y4>384</y4>
</bndbox>
</object>
<object>
<name>text</name>
<bndbox>
<x1>800</x1>
<y1>340</y1>
<x2>837</x2>
<y2>340</y2>
<x3>838</x3>
<y3>385</y3>
<x4>800</x4>
<y4>385</y4>
</bndbox>
</object>
</annotation>