<?xml version="1.0" ?>
<annotation>
<folder>JPEGImages</folder>
<filename>img_263.xml</filename>
<path>xxxx</path>
<source>
<database>Unknown</database>
<annotation>xxx</annotation>
<image>xxx</image>
<flickrid>0</flickrid>
</source>
<size>
<width>1280</width>
<height>720</height>
<depth>3</depth>
</size>
<segmented>0</segmented>
<object>
<name>text</name>
<bndbox>
<x1>700</x1>
<y1>17</y1>
<x2>761</x2>
<y2>20</y2>
<x3>759</x3>
<y3>56</y3>
<x4>698</x4>
<y4>52</y4>
</bndbox>
</object>
<object>
<name>text</name>
<bndbox>
<x1>700</x1>
<y1>53</y1>
<x2>839</x2>
<y2>59</y2>
<x3>840</x3>
<y3>89</y3>
<x4>700</x4>
<y4>84</y4>
</bndbox>
</object>
<object>
<name>text</name>
<bndbox>
<x1>1011</x1>
<y1>4</y1>
<x2>1047</x2>
<y2>5</y2>
<x3>1043</x3>
<y3>37</y3>
<x4>1008</x4>
<y4>36</y4>
</bndbox>
</object>
<object>
<name>text</name>
<bndbox>
<x1>1025</x1>
<y1>36</y1>
<x2>1040</x2>
<y2>36</y2>
<x3>1040</x3>
<y3>64</y3>
<x4>1025</x4>
<y4>64</y4>
</bndbox>
</object>
<object>
<name>text</name>
<bndbox>
<x1>1001</x1>
<y1>69</y1>
<x2>1043</x2>
<y2>70</y2>
<x3>1041</x3>
<y3>96</y3>
<x4>999</x4>
<y4>95</y4>
</bndbox>
</object>
<object>
<name>text</name>
<bndbox>
<x1>897</x1>
<y1>88</y1>
<x2>1026</x2>
<y2>92</y2>
<x3>1025</x3>
<y3>116</y3>
<x4>896</x4>
<y4>111</y4>
</bndbox>
</object>
<object>
<name>text</name>
<bndbox>
<x1>760</x1>
<y1>0</y1>
<x2>847</x2>
<y2>0</y2>
<x3>847</x3>
<y3>20</y3>
<x4>760</x4>
<y4>20</y4>
</bndbox>
</object>
<object>
<name>text</name>
<bndbox>
<x1>705</x1>
<y1>0</y1>
<x2>748</x2>
<y2>0</y2>
<x3>746</x3>
<y3>15</y3>
<x4>705</x4>
<y4>13</y4>
</bndbox>
</object>
</annotation>