<?xml version="1.0" ?>
<annotation>
<folder>JPEGImages</folder>
<filename>img_167.xml</filename>
<path>xxxx</path>
<source>
<database>Unknown</database>
<annotation>xxx</annotation>
<image>xxx</image>
<flickrid>0</flickrid>
</source>
<size>
<width>1280</width>
<height>720</height>
<depth>3</depth>
</size>
<segmented>0</segmented>
<object>
<name>text</name>
<bndbox>
<x1>98</x1>
<y1>564</y1>
<x2>117</x2>
<y2>561</y2>
<x3>118</x3>
<y3>574</y3>
<x4>99</x4>
<y4>577</y4>
</bndbox>
</object>
<object>
<name>text</name>
<bndbox>
<x1>627</x1>
<y1>430</y1>
<x2>645</x2>
<y2>423</y2>
<x3>633</x3>
<y3>629</y3>
<x4>615</x4>
<y4>636</y4>
</bndbox>
</object>
<object>
<name>text</name>
<bndbox>
<x1>393</x1>
<y1>412</y1>
<x2>410</x2>
<y2>410</y2>
<x3>409</x3>
<y3>424</y3>
<x4>392</x4>
<y4>426</y4>
</bndbox>
</object>
<object>
<name>text</name>
<bndbox>
<x1>608</x1>
<y1>540</y1>
<x2>617</x2>
<y2>539</y2>
<x3>617</x3>
<y3>557</y3>
<x4>607</x4>
<y4>558</y4>
</bndbox>
</object>
<object>
<name>text</name>
<bndbox>
<x1>607</x1>
<y1>560</y1>
<x2>617</x2>
<y2>559</y2>
<x3>617</x3>
<y3>581</y3>
<x4>607</x4>
<y4>582</y4>
</bndbox>
</object>
<object>
<name>text</name>
<bndbox>
<x1>366</x1>
<y1>417</y1>
<x2>390</x2>
<y2>414</y2>
<x3>391</x3>
<y3>428</y3>
<x4>367</x4>
<y4>432</y4>
</bndbox>
</object>
<object>
<name>text</name>
<bndbox>
<x1>607</x1>
<y1>583</y1>
<x2>617</x2>
<y2>582</y2>
<x3>615</x3>
<y3>613</y3>
<x4>605</x4>
<y4>613</y4>
</bndbox>
</object>
<object>
<name>text</name>
<bndbox>
<x1>605</x1>
<y1>613</y1>
<x2>614</x2>
<y2>613</y2>
<x3>613</x3>
<y3>638</y3>
<x4>604</x4>
<y4>638</y4>
</bndbox>
</object>
<object>
<name>text</name>
<bndbox>
<x1>118</x1>
<y1>557</y1>
<x2>174</x2>
<y2>544</y2>
<x3>175</x3>
<y3>558</y3>
<x4>119</x4>
<y4>572</y4>
</bndbox>
</object>
<object>
<name>text</name>
<bndbox>
<x1>93</x1>
<y1>580</y1>
<x2>177</x2>
<y2>558</y2>
<x3>180</x3>
<y3>570</y3>
<x4>96</x4>
<y4>591</y4>
</bndbox>
</object>
<object>
<name>text</name>
<bndbox>
<x1>100</x1>
<y1>488</y1>
<x2>192</x2>
<y2>468</y2>
<x3>195</x3>
<y3>496</y3>
<x4>103</x4>
<y4>516</y4>
</bndbox>
</object>
<object>
<name>text</name>
<bndbox>
<x1>64</x1>
<y1>486</y1>
<x2>100</x2>
<y2>477</y2>
<x3>103</x3>
<y3>517</y3>
<x4>67</x4>
<y4>525</y4>
</bndbox>
</object>
<object>
<name>text</name>
<bndbox>
<x1>70</x1>
<y1>527</y1>
<x2>107</x2>
<y2>517</y2>
<x3>110</x3>
<y3>547</y3>
<x4>72</x4>
<y4>557</y4>
</bndbox>
</object>
<object>
<name>text</name>
<bndbox>
<x1>719</x1>
<y1>380</y1>
<x2>729</x2>
<y2>382</y2>
<x3>729</x3>
<y3>393</y3>
<x4>719</x4>
<y4>392</y4>
</bndbox>
</object>
<object>
<name>text</name>
<bndbox>
<x1>364</x1>
<y1>524</y1>
<x2>413</x2>
<y2>510</y2>
<x3>414</x3>
<y3>696</y3>
<x4>368</x4>
<y4>711</y4>
</bndbox>
</object>
<object>
<name>text</name>
<bndbox>
<x1>367</x1>
<y1>431</y1>
<x2>415</x2>
<y2>424</y2>
<x3>415</x3>
<y3>431</y3>
<x4>366</x4>
<y4>440</y4>
</bndbox>
</object>
<object>
<name>text</name>
<bndbox>
<x1>173</x1>
<y1>689</y1>
<x2>255</x2>
<y2>657</y2>
<x3>261</x3>
<y3>713</y3>
<x4>184</x4>
<y4>719</y4>
</bndbox>
</object>
<object>
<name>text</name>
<bndbox>
<x1>509</x1>
<y1>453</y1>
<x2>537</x2>
<y2>462</y2>
<x3>534</x3>
<y3>488</y3>
<x4>511</x4>
<y4>484</y4>
</bndbox>
</object>
<object>
<name>text</name>
<bndbox>
<x1>869</x1>
<y1>344</y1>
<x2>895</x2>
<y2>349</y2>
<x3>893</x3>
<y3>362</y3>
<x4>870</x4>
<y4>358</y4>
</bndbox>
</object>
</annotation>