<?xml version="1.0" ?>
<annotation>
<folder>JPEGImages</folder>
<filename>img_234.xml</filename>
<path>xxxx</path>
<source>
<database>Unknown</database>
<annotation>xxx</annotation>
<image>xxx</image>
<flickrid>0</flickrid>
</source>
<size>
<width>1280</width>
<height>720</height>
<depth>3</depth>
</size>
<segmented>0</segmented>
<object>
<name>text</name>
<bndbox>
<x1>903</x1>
<y1>0</y1>
<x2>968</x2>
<y2>7</y2>
<x3>966</x3>
<y3>26</y3>
<x4>901</x4>
<y4>18</y4>
</bndbox>
</object>
<object>
<name>text</name>
<bndbox>
<x1>868</x1>
<y1>0</y1>
<x2>900</x2>
<y2>1</y2>
<x3>900</x3>
<y3>18</y3>
<x4>867</x4>
<y4>15</y4>
</bndbox>
</object>
<object>
<name>text</name>
<bndbox>
<x1>591</x1>
<y1>240</y1>
<x2>653</x2>
<y2>238</y2>
<x3>654</x3>
<y3>257</y3>
<x4>593</x4>
<y4>271</y4>
</bndbox>
</object>
<object>
<name>text</name>
<bndbox>
<x1>834</x1>
<y1>214</y1>
<x2>848</x2>
<y2>215</y2>
<x3>849</x3>
<y3>228</y3>
<x4>834</x4>
<y4>228</y4>
</bndbox>
</object>
</annotation>