<?xml version="1.0" ?>
<annotation>
<folder>JPEGImages</folder>
<filename>img_452.xml</filename>
<path>xxxx</path>
<source>
<database>Unknown</database>
<annotation>xxx</annotation>
<image>xxx</image>
<flickrid>0</flickrid>
</source>
<size>
<width>1280</width>
<height>720</height>
<depth>3</depth>
</size>
<segmented>0</segmented>
<object>
<name>text</name>
<bndbox>
<x1>302</x1>
<y1>437</y1>
<x2>385</x2>
<y2>468</y2>
<x3>378</x3>
<y3>490</y3>
<x4>295</x4>
<y4>458</y4>
</bndbox>
</object>
<object>
<name>text</name>
<bndbox>
<x1>273</x1>
<y1>473</y1>
<x2>423</x2>
<y2>525</y2>
<x3>426</x3>
<y3>548</y3>
<x4>276</x4>
<y4>496</y4>
</bndbox>
</object>
<object>
<name>text</name>
<bndbox>
<x1>356</x1>
<y1>581</y1>
<x2>518</x2>
<y2>660</y2>
<x3>512</x3>
<y3>698</y3>
<x4>350</x4>
<y4>620</y4>
</bndbox>
</object>
<object>
<name>text</name>
<bndbox>
<x1>918</x1>
<y1>380</y1>
<x2>1000</x2>
<y2>392</y2>
<x3>997</x3>
<y3>427</y3>
<x4>916</x4>
<y4>415</y4>
</bndbox>
</object>
<object>
<name>text</name>
<bndbox>
<x1>1024</x1>
<y1>395</y1>
<x2>1115</x2>
<y2>407</y2>
<x3>1113</x3>
<y3>444</y3>
<x4>1022</x4>
<y4>432</y4>
</bndbox>
</object>
<object>
<name>text</name>
<bndbox>
<x1>325</x1>
<y1>572</y1>
<x2>355</x2>
<y2>586</y2>
<x3>351</x3>
<y3>620</y3>
<x4>321</x4>
<y4>605</y4>
</bndbox>
</object>
<object>
<name>text</name>
<bndbox>
<x1>1196</x1>
<y1>247</y1>
<x2>1279</x2>
<y2>253</y2>
<x3>1278</x3>
<y3>311</y3>
<x4>1195</x4>
<y4>305</y4>
</bndbox>
</object>
<object>
<name>text</name>
<bndbox>
<x1>247</x1>
<y1>535</y1>
<x2>324</x2>
<y2>574</y2>
<x3>316</x3>
<y3>603</y3>
<x4>240</x4>
<y4>564</y4>
</bndbox>
</object>
<object>
<name>text</name>
<bndbox>
<x1>394</x1>
<y1>461</y1>
<x2>437</x2>
<y2>478</y2>
<x3>431</x3>
<y3>511</y3>
<x4>387</x4>
<y4>493</y4>
</bndbox>
</object>
<object>
<name>text</name>
<bndbox>
<x1>1202</x1>
<y1>554</y1>
<x2>1278</x2>
<y2>572</y2>
<x3>1278</x3>
<y3>626</y3>
<x4>1202</x4>
<y4>608</y4>
</bndbox>
</object>
<object>
<name>text</name>
<bndbox>
<x1>314</x1>
<y1>529</y1>
<x2>372</x2>
<y2>553</y2>
<x3>367</x3>
<y3>571</y3>
<x4>309</x4>
<y4>547</y4>
</bndbox>
</object>
<object>
<name>text</name>
<bndbox>
<x1>300</x1>
<y1>505</y1>
<x2>350</x2>
<y2>527</y2>
<x3>351</x3>
<y3>540</y3>
<x4>301</x4>
<y4>517</y4>
</bndbox>
</object>
<object>
<name>text</name>
<bndbox>
<x1>960</x1>
<y1>238</y1>
<x2>1086</x2>
<y2>243</y2>
<x3>1087</x3>
<y3>256</y3>
<x4>961</x4>
<y4>251</y4>
</bndbox>
</object>
<object>
<name>text</name>
<bndbox>
<x1>893</x1>
<y1>586</y1>
<x2>1123</x2>
<y2>649</y2>
<x3>1113</x3>
<y3>698</y3>
<x4>883</x4>
<y4>635</y4>
</bndbox>
</object>
<object>
<name>text</name>
<bndbox>
<x1>930</x1>
<y1>541</y1>
<x2>1092</x2>
<y2>582</y2>
<x3>1090</x3>
<y3>611</y3>
<x4>928</x4>
<y4>569</y4>
</bndbox>
</object>
<object>
<name>text</name>
<bndbox>
<x1>285</x1>
<y1>317</y1>
<x2>515</x2>
<y2>394</y2>
<x3>494</x3>
<y3>491</y3>
<x4>265</x4>
<y4>414</y4>
</bndbox>
</object>
<object>
<name>text</name>
<bndbox>
<x1>1216</x1>
<y1>670</y1>
<x2>1274</x2>
<y2>691</y2>
<x3>1278</x3>
<y3>711</y3>
<x4>1220</x4>
<y4>690</y4>
</bndbox>
</object>
<object>
<name>text</name>
<bndbox>
<x1>373</x1>
<y1>558</y1>
<x2>383</x2>
<y2>563</y2>
<x3>381</x3>
<y3>575</y3>
<x4>371</x4>
<y4>569</y4>
</bndbox>
</object>
<object>
<name>text</name>
<bndbox>
<x1>387</x1>
<y1>564</y1>
<x2>409</x2>
<y2>574</y2>
<x3>407</x3>
<y3>586</y3>
<x4>385</x4>
<y4>576</y4>
</bndbox>
</object>
<object>
<name>text</name>
<bndbox>
<x1>413</x1>
<y1>568</y1>
<x2>450</x2>
<y2>586</y2>
<x3>448</x3>
<y3>604</y3>
<x4>410</x4>
<y4>586</y4>
</bndbox>
</object>
<object>
<name>text</name>
<bndbox>
<x1>354</x1>
<y1>525</y1>
<x2>388</x2>
<y2>541</y2>
<x3>387</x3>
<y3>558</y3>
<x4>353</x4>
<y4>541</y4>
</bndbox>
</object>
</annotation>