<?xml version="1.0" ?>
<annotation>
<folder>JPEGImages</folder>
<filename>img_53.xml</filename>
<path>xxxx</path>
<source>
<database>Unknown</database>
<annotation>xxx</annotation>
<image>xxx</image>
<flickrid>0</flickrid>
</source>
<size>
<width>1280</width>
<height>720</height>
<depth>3</depth>
</size>
<segmented>0</segmented>
<object>
<name>text</name>
<bndbox>
<x1>359</x1>
<y1>216</y1>
<x2>393</x2>
<y2>214</y2>
<x3>392</x3>
<y3>233</y3>
<x4>358</x4>
<y4>235</y4>
</bndbox>
</object>
<object>
<name>text</name>
<bndbox>
<x1>617</x1>
<y1>191</y1>
<x2>768</x2>
<y2>185</y2>
<x3>770</x3>
<y3>219</y3>
<x4>619</x4>
<y4>225</y4>
</bndbox>
</object>
<object>
<name>text</name>
<bndbox>
<x1>697</x1>
<y1>216</y1>
<x2>821</x2>
<y2>210</y2>
<x3>824</x3>
<y3>232</y3>
<x4>700</x4>
<y4>238</y4>
</bndbox>
</object>
<object>
<name>text</name>
<bndbox>
<x1>996</x1>
<y1>182</y1>
<x2>1028</x2>
<y2>180</y2>
<x3>1027</x3>
<y3>204</y3>
<x4>995</x4>
<y4>206</y4>
</bndbox>
</object>
<object>
<name>text</name>
<bndbox>
<x1>82</x1>
<y1>166</y1>
<x2>141</x2>
<y2>161</y2>
<x3>160</x3>
<y3>196</y3>
<x4>102</x4>
<y4>201</y4>
</bndbox>
</object>
</annotation>