<?xml version="1.0" ?>
<annotation>
<folder>JPEGImages</folder>
<filename>img_483.xml</filename>
<path>xxxx</path>
<source>
<database>Unknown</database>
<annotation>xxx</annotation>
<image>xxx</image>
<flickrid>0</flickrid>
</source>
<size>
<width>1280</width>
<height>720</height>
<depth>3</depth>
</size>
<segmented>0</segmented>
<object>
<name>text</name>
<bndbox>
<x1>726</x1>
<y1>151</y1>
<x2>745</x2>
<y2>151</y2>
<x3>745</x3>
<y3>175</y3>
<x4>726</x4>
<y4>175</y4>
</bndbox>
</object>
<object>
<name>text</name>
<bndbox>
<x1>446</x1>
<y1>153</y1>
<x2>570</x2>
<y2>130</y2>
<x3>575</x3>
<y3>174</y3>
<x4>451</x4>
<y4>196</y4>
</bndbox>
</object>
<object>
<name>text</name>
<bndbox>
<x1>622</x1>
<y1>169</y1>
<x2>643</x2>
<y2>166</y2>
<x3>646</x3>
<y3>188</y3>
<x4>625</x4>
<y4>190</y4>
</bndbox>
</object>
<object>
<name>text</name>
<bndbox>
<x1>642</x1>
<y1>169</y1>
<x2>682</x2>
<y2>164</y2>
<x3>685</x3>
<y3>183</y3>
<x4>645</x4>
<y4>188</y4>
</bndbox>
</object>
<object>
<name>text</name>
<bndbox>
<x1>681</x1>
<y1>161</y1>
<x2>727</x2>
<y2>159</y2>
<x3>730</x3>
<y3>178</y3>
<x4>683</x4>
<y4>180</y4>
</bndbox>
</object>
<object>
<name>text</name>
<bndbox>
<x1>596</x1>
<y1>176</y1>
<x2>620</x2>
<y2>173</y2>
<x3>623</x3>
<y3>190</y3>
<x4>600</x4>
<y4>194</y4>
</bndbox>
</object>
<object>
<name>text</name>
<bndbox>
<x1>743</x1>
<y1>149</y1>
<x2>781</x2>
<y2>148</y2>
<x3>781</x3>
<y3>170</y3>
<x4>743</x4>
<y4>171</y4>
</bndbox>
</object>
<object>
<name>text</name>
<bndbox>
<x1>571</x1>
<y1>134</y1>
<x2>653</x2>
<y2>120</y2>
<x3>661</x3>
<y3>158</y3>
<x4>578</x4>
<y4>171</y4>
</bndbox>
</object>
<object>
<name>text</name>
<bndbox>
<x1>692</x1>
<y1>103</y1>
<x2>747</x2>
<y2>91</y2>
<x3>750</x3>
<y3>111</y3>
<x4>695</x4>
<y4>123</y4>
</bndbox>
</object>
<object>
<name>text</name>
<bndbox>
<x1>702</x1>
<y1>123</y1>
<x2>777</x2>
<y2>111</y2>
<x3>776</x3>
<y3>135</y3>
<x4>701</x4>
<y4>146</y4>
</bndbox>
</object>
<object>
<name>text</name>
<bndbox>
<x1>668</x1>
<y1>114</y1>
<x2>684</x2>
<y2>110</y2>
<x3>686</x3>
<y3>140</y3>
<x4>671</x4>
<y4>144</y4>
</bndbox>
</object>
</annotation>