<?xml version="1.0" ?>
<annotation>
<folder>JPEGImages</folder>
<filename>img_267.xml</filename>
<path>xxxx</path>
<source>
<database>Unknown</database>
<annotation>xxx</annotation>
<image>xxx</image>
<flickrid>0</flickrid>
</source>
<size>
<width>1280</width>
<height>720</height>
<depth>3</depth>
</size>
<segmented>0</segmented>
<object>
<name>text</name>
<bndbox>
<x1>772</x1>
<y1>278</y1>
<x2>841</x2>
<y2>303</y2>
<x3>841</x3>
<y3>325</y3>
<x4>772</x4>
<y4>296</y4>
</bndbox>
</object>
<object>
<name>text</name>
<bndbox>
<x1>779</x1>
<y1>299</y1>
<x2>835</x2>
<y2>321</y2>
<x3>832</x3>
<y3>337</y3>
<x4>777</x4>
<y4>314</y4>
</bndbox>
</object>
<object>
<name>text</name>
<bndbox>
<x1>381</x1>
<y1>71</y1>
<x2>497</x2>
<y2>62</y2>
<x3>498</x3>
<y3>82</y3>
<x4>382</x4>
<y4>92</y4>
</bndbox>
</object>
<object>
<name>text</name>
<bndbox>
<x1>440</x1>
<y1>87</y1>
<x2>505</x2>
<y2>81</y2>
<x3>506</x3>
<y3>90</y3>
<x4>440</x4>
<y4>96</y4>
</bndbox>
</object>
<object>
<name>text</name>
<bndbox>
<x1>591</x1>
<y1>104</y1>
<x2>604</x2>
<y2>102</y2>
<x3>608</x3>
<y3>122</y3>
<x4>595</x4>
<y4>124</y4>
</bndbox>
</object>
<object>
<name>text</name>
<bndbox>
<x1>353</x1>
<y1>16</y1>
<x2>393</x2>
<y2>14</y2>
<x3>394</x3>
<y3>25</y3>
<x4>354</x4>
<y4>27</y4>
</bndbox>
</object>
<object>
<name>text</name>
<bndbox>
<x1>366</x1>
<y1>27</y1>
<x2>388</x2>
<y2>25</y2>
<x3>389</x3>
<y3>34</y3>
<x4>366</x4>
<y4>36</y4>
</bndbox>
</object>
<object>
<name>text</name>
<bndbox>
<x1>605</x1>
<y1>104</y1>
<x2>643</x2>
<y2>101</y2>
<x3>644</x3>
<y3>109</y3>
<x4>605</x4>
<y4>112</y4>
</bndbox>
</object>
<object>
<name>text</name>
<bndbox>
<x1>606</x1>
<y1>111</y1>
<x2>645</x2>
<y2>108</y2>
<x3>646</x3>
<y3>117</y3>
<x4>607</x4>
<y4>120</y4>
</bndbox>
</object>
</annotation>