<?xml version="1.0" ?>
<annotation>
<folder>JPEGImages</folder>
<filename>img_251.xml</filename>
<path>xxxx</path>
<source>
<database>Unknown</database>
<annotation>xxx</annotation>
<image>xxx</image>
<flickrid>0</flickrid>
</source>
<size>
<width>1280</width>
<height>720</height>
<depth>3</depth>
</size>
<segmented>0</segmented>
<object>
<name>text</name>
<bndbox>
<x1>53</x1>
<y1>242</y1>
<x2>118</x2>
<y2>245</y2>
<x3>117</x3>
<y3>260</y3>
<x4>52</x4>
<y4>258</y4>
</bndbox>
</object>
</annotation>