<?xml version="1.0" ?>
<annotation>
<folder>JPEGImages</folder>
<filename>img_197.xml</filename>
<path>xxxx</path>
<source>
<database>Unknown</database>
<annotation>xxx</annotation>
<image>xxx</image>
<flickrid>0</flickrid>
</source>
<size>
<width>1280</width>
<height>720</height>
<depth>3</depth>
</size>
<segmented>0</segmented>
<object>
<name>text</name>
<bndbox>
<x1>471</x1>
<y1>27</y1>
<x2>516</x2>
<y2>10</y2>
<x3>531</x3>
<y3>35</y3>
<x4>485</x4>
<y4>53</y4>
</bndbox>
</object>
<object>
<name>text</name>
<bndbox>
<x1>396</x1>
<y1>3</y1>
<x2>430</x2>
<y2>1</y2>
<x3>415</x3>
<y3>44</y3>
<x4>382</x4>
<y4>46</y4>
</bndbox>
</object>
<object>
<name>text</name>
<bndbox>
<x1>405</x1>
<y1>80</y1>
<x2>453</x2>
<y2>34</y2>
<x3>491</x3>
<y3>48</y3>
<x4>443</x4>
<y4>94</y4>
</bndbox>
</object>
<object>
<name>text</name>
<bndbox>
<x1>341</x1>
<y1>70</y1>
<x2>451</x2>
<y2>0</y2>
<x3>534</x3>
<y3>1</y3>
<x4>371</x4>
<y4>103</y4>
</bndbox>
</object>
<object>
<name>text</name>
<bndbox>
<x1>446</x1>
<y1>2</y1>
<x2>482</x2>
<y2>29</y2>
<x3>455</x3>
<y3>39</y3>
<x4>435</x4>
<y4>21</y4>
</bndbox>
</object>
</annotation>