<?xml version="1.0" ?>
<annotation>
<folder>JPEGImages</folder>
<filename>img_475.xml</filename>
<path>xxxx</path>
<source>
<database>Unknown</database>
<annotation>xxx</annotation>
<image>xxx</image>
<flickrid>0</flickrid>
</source>
<size>
<width>1280</width>
<height>720</height>
<depth>3</depth>
</size>
<segmented>0</segmented>
<object>
<name>text</name>
<bndbox>
<x1>313</x1>
<y1>395</y1>
<x2>332</x2>
<y2>391</y2>
<x3>333</x3>
<y3>405</y3>
<x4>315</x4>
<y4>409</y4>
</bndbox>
</object>
<object>
<name>text</name>
<bndbox>
<x1>345</x1>
<y1>379</y1>
<x2>395</x2>
<y2>366</y2>
<x3>395</x3>
<y3>379</y3>
<x4>345</x4>
<y4>391</y4>
</bndbox>
</object>
<object>
<name>text</name>
<bndbox>
<x1>216</x1>
<y1>445</y1>
<x2>236</x2>
<y2>443</y2>
<x3>238</x3>
<y3>458</y3>
<x4>218</x4>
<y4>460</y4>
</bndbox>
</object>
<object>
<name>text</name>
<bndbox>
<x1>236</x1>
<y1>440</y1>
<x2>271</x2>
<y2>431</y2>
<x3>273</x3>
<y3>448</y3>
<x4>238</x4>
<y4>456</y4>
</bndbox>
</object>
<object>
<name>text</name>
<bndbox>
<x1>270</x1>
<y1>431</y1>
<x2>290</x2>
<y2>429</y2>
<x3>290</x3>
<y3>443</y3>
<x4>270</x4>
<y4>445</y4>
</bndbox>
</object>
<object>
<name>text</name>
<bndbox>
<x1>262</x1>
<y1>275</y1>
<x2>378</x2>
<y2>260</y2>
<x3>381</x3>
<y3>283</y3>
<x4>265</x4>
<y4>298</y4>
</bndbox>
</object>
<object>
<name>text</name>
<bndbox>
<x1>288</x1>
<y1>426</y1>
<x2>392</x2>
<y2>399</y2>
<x3>393</x3>
<y3>414</y3>
<x4>290</x4>
<y4>441</y4>
</bndbox>
</object>
<object>
<name>text</name>
<bndbox>
<x1>186</x1>
<y1>283</y1>
<x2>258</x2>
<y2>276</y2>
<x3>263</x3>
<y3>298</y3>
<x4>191</x4>
<y4>304</y4>
</bndbox>
</object>
<object>
<name>text</name>
<bndbox>
<x1>207</x1>
<y1>414</y1>
<x2>247</x2>
<y2>404</y2>
<x3>248</x3>
<y3>416</y3>
<x4>208</x4>
<y4>426</y4>
</bndbox>
</object>
<object>
<name>text</name>
<bndbox>
<x1>246</x1>
<y1>403</y1>
<x2>275</x2>
<y2>398</y2>
<x3>276</x3>
<y3>411</y3>
<x4>247</x4>
<y4>416</y4>
</bndbox>
</object>
<object>
<name>text</name>
<bndbox>
<x1>223</x1>
<y1>423</y1>
<x2>248</x2>
<y2>416</y2>
<x3>250</x3>
<y3>426</y3>
<x4>225</x4>
<y4>433</y4>
</bndbox>
</object>
<object>
<name>text</name>
<bndbox>
<x1>247</x1>
<y1>414</y1>
<x2>263</x2>
<y2>411</y2>
<x3>266</x3>
<y3>423</y3>
<x4>250</x4>
<y4>425</y4>
</bndbox>
</object>
<object>
<name>text</name>
<bndbox>
<x1>292</x1>
<y1>403</y1>
<x2>316</x2>
<y2>398</y2>
<x3>317</x3>
<y3>409</y3>
<x4>293</x4>
<y4>414</y4>
</bndbox>
</object>
<object>
<name>text</name>
<bndbox>
<x1>228</x1>
<y1>430</y1>
<x2>260</x2>
<y2>423</y2>
<x3>262</x3>
<y3>435</y3>
<x4>231</x4>
<y4>443</y4>
</bndbox>
</object>
<object>
<name>text</name>
<bndbox>
<x1>278</x1>
<y1>394</y1>
<x2>313</x2>
<y2>386</y2>
<x3>316</x3>
<y3>401</y3>
<x4>281</x4>
<y4>409</y4>
</bndbox>
</object>
<object>
<name>text</name>
<bndbox>
<x1>296</x1>
<y1>414</y1>
<x2>328</x2>
<y2>406</y2>
<x3>331</x3>
<y3>416</y3>
<x4>298</x4>
<y4>424</y4>
</bndbox>
</object>
<object>
<name>text</name>
<bndbox>
<x1>312</x1>
<y1>386</y1>
<x2>337</x2>
<y2>383</y2>
<x3>341</x3>
<y3>395</y3>
<x4>316</x4>
<y4>399</y4>
</bndbox>
</object>
<object>
<name>text</name>
<bndbox>
<x1>352</x1>
<y1>388</y1>
<x2>393</x2>
<y2>375</y2>
<x3>395</x3>
<y3>386</y3>
<x4>353</x4>
<y4>399</y4>
</bndbox>
</object>
<object>
<name>text</name>
<bndbox>
<x1>358</x1>
<y1>395</y1>
<x2>391</x2>
<y2>385</y2>
<x3>391</x3>
<y3>399</y3>
<x4>358</x4>
<y4>409</y4>
</bndbox>
</object>
<object>
<name>text</name>
<bndbox>
<x1>311</x1>
<y1>238</y1>
<x2>376</x2>
<y2>231</y2>
<x3>377</x3>
<y3>258</y3>
<x4>312</x4>
<y4>264</y4>
</bndbox>
</object>
<object>
<name>text</name>
<bndbox>
<x1>197</x1>
<y1>233</y1>
<x2>218</x2>
<y2>233</y2>
<x3>218</x3>
<y3>256</y3>
<x4>197</x4>
<y4>256</y4>
</bndbox>
</object>
<object>
<name>text</name>
<bndbox>
<x1>210</x1>
<y1>234</y1>
<x2>261</x2>
<y2>225</y2>
<x3>267</x3>
<y3>246</y3>
<x4>216</x4>
<y4>255</y4>
</bndbox>
</object>
<object>
<name>text</name>
<bndbox>
<x1>222</x1>
<y1>253</y1>
<x2>290</x2>
<y2>241</y2>
<x3>290</x3>
<y3>265</y3>
<x4>222</x4>
<y4>276</y4>
</bndbox>
</object>
<object>
<name>text</name>
<bndbox>
<x1>1200</x1>
<y1>193</y1>
<x2>1279</x2>
<y2>195</y2>
<x3>1278</x3>
<y3>225</y3>
<x4>1200</x4>
<y4>223</y4>
</bndbox>
</object>
<object>
<name>text</name>
<bndbox>
<x1>1187</x1>
<y1>83</y1>
<x2>1257</x2>
<y2>73</y2>
<x3>1261</x3>
<y3>104</y3>
<x4>1191</x4>
<y4>114</y4>
</bndbox>
</object>
<object>
<name>text</name>
<bndbox>
<x1>975</x1>
<y1>207</y1>
<x2>1011</x2>
<y2>208</y2>
<x3>1013</x3>
<y3>227</y3>
<x4>978</x4>
<y4>226</y4>
</bndbox>
</object>
<object>
<name>text</name>
<bndbox>
<x1>924</x1>
<y1>241</y1>
<x2>963</x2>
<y2>244</y2>
<x3>965</x3>
<y3>272</y3>
<x4>926</x4>
<y4>269</y4>
</bndbox>
</object>
<object>
<name>text</name>
<bndbox>
<x1>800</x1>
<y1>334</y1>
<x2>830</x2>
<y2>338</y2>
<x3>830</x3>
<y3>350</y3>
<x4>800</x4>
<y4>347</y4>
</bndbox>
</object>
<object>
<name>text</name>
<bndbox>
<x1>616</x1>
<y1>243</y1>
<x2>633</x2>
<y2>242</y2>
<x3>635</x3>
<y3>252</y3>
<x4>617</x4>
<y4>253</y4>
</bndbox>
</object>
<object>
<name>text</name>
<bndbox>
<x1>591</x1>
<y1>283</y1>
<x2>610</x2>
<y2>283</y2>
<x3>610</x3>
<y3>293</y3>
<x4>591</x4>
<y4>293</y4>
</bndbox>
</object>
<object>
<name>text</name>
<bndbox>
<x1>815</x1>
<y1>229</y1>
<x2>859</x2>
<y2>226</y2>
<x3>860</x3>
<y3>236</y3>
<x4>816</x4>
<y4>239</y4>
</bndbox>
</object>
<object>
<name>text</name>
<bndbox>
<x1>972</x1>
<y1>145</y1>
<x2>1000</x2>
<y2>143</y2>
<x3>1002</x3>
<y3>161</y3>
<x4>974</x4>
<y4>163</y4>
</bndbox>
</object>
<object>
<name>text</name>
<bndbox>
<x1>589</x1>
<y1>264</y1>
<x2>607</x2>
<y2>264</y2>
<x3>608</x3>
<y3>278</y3>
<x4>590</x4>
<y4>278</y4>
</bndbox>
</object>
<object>
<name>text</name>
<bndbox>
<x1>936</x1>
<y1>278</y1>
<x2>958</x2>
<y2>283</y2>
<x3>959</x3>
<y3>299</y3>
<x4>937</x4>
<y4>294</y4>
</bndbox>
</object>
<object>
<name>text</name>
<bndbox>
<x1>1026</x1>
<y1>379</y1>
<x2>1047</x2>
<y2>389</y2>
<x3>1052</x3>
<y3>422</y3>
<x4>1031</x4>
<y4>413</y4>
</bndbox>
</object>
<object>
<name>text</name>
<bndbox>
<x1>1209</x1>
<y1>163</y1>
<x2>1261</x2>
<y2>162</y2>
<x3>1261</x3>
<y3>177</y3>
<x4>1209</x4>
<y4>178</y4>
</bndbox>
</object>
<object>
<name>text</name>
<bndbox>
<x1>385</x1>
<y1>167</y1>
<x2>437</x2>
<y2>149</y2>
<x3>440</x3>
<y3>183</y3>
<x4>388</x4>
<y4>200</y4>
</bndbox>
</object>
</annotation>