<?xml version="1.0" ?>
<annotation>
<folder>JPEGImages</folder>
<filename>img_20.xml</filename>
<path>xxxx</path>
<source>
<database>Unknown</database>
<annotation>xxx</annotation>
<image>xxx</image>
<flickrid>0</flickrid>
</source>
<size>
<width>1280</width>
<height>720</height>
<depth>3</depth>
</size>
<segmented>0</segmented>
<object>
<name>text</name>
<bndbox>
<x1>393</x1>
<y1>171</y1>
<x2>436</x2>
<y2>168</y2>
<x3>437</x3>
<y3>184</y3>
<x4>394</x4>
<y4>187</y4>
</bndbox>
</object>
<object>
<name>text</name>
<bndbox>
<x1>249</x1>
<y1>192</y1>
<x2>311</x2>
<y2>190</y2>
<x3>311</x3>
<y3>214</y3>
<x4>249</x4>
<y4>215</y4>
</bndbox>
</object>
<object>
<name>text</name>
<bndbox>
<x1>1199</x1>
<y1>107</y1>
<x2>1232</x2>
<y2>96</y2>
<x3>1203</x3>
<y3>691</y3>
<x4>1153</x4>
<y4>696</y4>
</bndbox>
</object>
</annotation>