<?xml version="1.0" ?>
<annotation>
<folder>JPEGImages</folder>
<filename>img_467.xml</filename>
<path>xxxx</path>
<source>
<database>Unknown</database>
<annotation>xxx</annotation>
<image>xxx</image>
<flickrid>0</flickrid>
</source>
<size>
<width>1280</width>
<height>720</height>
<depth>3</depth>
</size>
<segmented>0</segmented>
<object>
<name>text</name>
<bndbox>
<x1>523</x1>
<y1>601</y1>
<x2>555</x2>
<y2>591</y2>
<x3>561</x3>
<y3>619</y3>
<x4>530</x4>
<y4>629</y4>
</bndbox>
</object>
<object>
<name>text</name>
<bndbox>
<x1>562</x1>
<y1>590</y1>
<x2>632</x2>
<y2>559</y2>
<x3>640</x3>
<y3>585</y3>
<x4>570</x4>
<y4>616</y4>
</bndbox>
</object>
<object>
<name>text</name>
<bndbox>
<x1>168</x1>
<y1>275</y1>
<x2>228</x2>
<y2>254</y2>
<x3>235</x3>
<y3>294</y3>
<x4>175</x4>
<y4>315</y4>
</bndbox>
</object>
<object>
<name>text</name>
<bndbox>
<x1>368</x1>
<y1>55</y1>
<x2>448</x2>
<y2>41</y2>
<x3>457</x3>
<y3>91</y3>
<x4>377</x4>
<y4>105</y4>
</bndbox>
</object>
<object>
<name>text</name>
<bndbox>
<x1>450</x1>
<y1>49</y1>
<x2>488</x2>
<y2>45</y2>
<x3>496</x3>
<y3>88</y3>
<x4>457</x4>
<y4>91</y4>
</bndbox>
</object>
<object>
<name>text</name>
<bndbox>
<x1>137</x1>
<y1>153</y1>
<x2>203</x2>
<y2>145</y2>
<x3>210</x3>
<y3>175</y3>
<x4>143</x4>
<y4>183</y4>
</bndbox>
</object>
<object>
<name>text</name>
<bndbox>
<x1>157</x1>
<y1>216</y1>
<x2>208</x2>
<y2>203</y2>
<x3>212</x3>
<y3>234</y3>
<x4>161</x4>
<y4>248</y4>
</bndbox>
</object>
<object>
<name>text</name>
<bndbox>
<x1>410</x1>
<y1>96</y1>
<x2>507</x2>
<y2>94</y2>
<x3>510</x3>
<y3>140</y3>
<x4>412</x4>
<y4>143</y4>
</bndbox>
</object>
<object>
<name>text</name>
<bndbox>
<x1>576</x1>
<y1>646</y1>
<x2>663</x2>
<y2>599</y2>
<x3>675</x3>
<y3>641</y3>
<x4>587</x4>
<y4>689</y4>
</bndbox>
</object>
<object>
<name>text</name>
<bndbox>
<x1>552</x1>
<y1>623</y1>
<x2>627</x2>
<y2>588</y2>
<x3>636</x3>
<y3>613</y3>
<x4>561</x4>
<y4>648</y4>
</bndbox>
</object>
<object>
<name>text</name>
<bndbox>
<x1>175</x1>
<y1>185</y1>
<x2>193</x2>
<y2>191</y2>
<x3>190</x3>
<y3>204</y3>
<x4>172</x4>
<y4>198</y4>
</bndbox>
</object>
<object>
<name>text</name>
<bndbox>
<x1>182</x1>
<y1>248</y1>
<x2>205</x2>
<y2>249</y2>
<x3>203</x3>
<y3>265</y3>
<x4>181</x4>
<y4>264</y4>
</bndbox>
</object>
<object>
<name>text</name>
<bndbox>
<x1>533</x1>
<y1>672</y1>
<x2>577</x2>
<y2>659</y2>
<x3>583</x3>
<y3>681</y3>
<x4>539</x4>
<y4>694</y4>
</bndbox>
</object>
<object>
<name>text</name>
<bndbox>
<x1>502</x1>
<y1>701</y1>
<x2>578</x2>
<y2>683</y2>
<x3>587</x3>
<y3>716</y3>
<x4>505</x4>
<y4>716</y4>
</bndbox>
</object>
<object>
<name>text</name>
<bndbox>
<x1>581</x1>
<y1>692</y1>
<x2>671</x2>
<y2>639</y2>
<x3>678</x3>
<y3>660</y3>
<x4>588</x4>
<y4>713</y4>
</bndbox>
</object>
<object>
<name>text</name>
<bndbox>
<x1>332</x1>
<y1>361</y1>
<x2>360</x2>
<y2>360</y2>
<x3>364</x3>
<y3>382</y3>
<x4>336</x4>
<y4>383</y4>
</bndbox>
</object>
<object>
<name>text</name>
<bndbox>
<x1>491</x1>
<y1>50</y1>
<x2>504</x2>
<y2>44</y2>
<x3>511</x3>
<y3>82</y3>
<x4>497</x4>
<y4>87</y4>
</bndbox>
</object>
<object>
<name>text</name>
<bndbox>
<x1>509</x1>
<y1>106</y1>
<x2>522</x2>
<y2>104</y2>
<x3>526</x3>
<y3>133</y3>
<x4>513</x4>
<y4>135</y4>
</bndbox>
</object>
</annotation>