<?xml version="1.0" ?>
<annotation>
<folder>JPEGImages</folder>
<filename>img_544.xml</filename>
<path>xxxx</path>
<source>
<database>Unknown</database>
<annotation>xxx</annotation>
<image>xxx</image>
<flickrid>0</flickrid>
</source>
<size>
<width>1280</width>
<height>720</height>
<depth>3</depth>
</size>
<segmented>0</segmented>
<object>
<name>text</name>
<bndbox>
<x1>627</x1>
<y1>148</y1>
<x2>695</x2>
<y2>148</y2>
<x3>695</x3>
<y3>169</y3>
<x4>627</x4>
<y4>169</y4>
</bndbox>
</object>
<object>
<name>text</name>
<bndbox>
<x1>1115</x1>
<y1>225</y1>
<x2>1242</x2>
<y2>221</y2>
<x3>1242</x3>
<y3>241</y3>
<x4>1115</x4>
<y4>245</y4>
</bndbox>
</object>
<object>
<name>text</name>
<bndbox>
<x1>1067</x1>
<y1>283</y1>
<x2>1090</x2>
<y2>279</y2>
<x3>1091</x3>
<y3>325</y3>
<x4>1068</x4>
<y4>329</y4>
</bndbox>
</object>
<object>
<name>text</name>
<bndbox>
<x1>315</x1>
<y1>188</y1>
<x2>365</x2>
<y2>198</y2>
<x3>362</x3>
<y3>238</y3>
<x4>312</x4>
<y4>228</y4>
</bndbox>
</object>
</annotation>