<?xml version="1.0" ?>
<annotation>
<folder>JPEGImages</folder>
<filename>img_476.xml</filename>
<path>xxxx</path>
<source>
<database>Unknown</database>
<annotation>xxx</annotation>
<image>xxx</image>
<flickrid>0</flickrid>
</source>
<size>
<width>1280</width>
<height>720</height>
<depth>3</depth>
</size>
<segmented>0</segmented>
<object>
<name>text</name>
<bndbox>
<x1>985</x1>
<y1>103</y1>
<x2>1127</x2>
<y2>86</y2>
<x3>1130</x3>
<y3>108</y3>
<x4>987</x4>
<y4>124</y4>
</bndbox>
</object>
<object>
<name>text</name>
<bndbox>
<x1>1017</x1>
<y1>165</y1>
<x2>1075</x2>
<y2>158</y2>
<x3>1076</x3>
<y3>171</y3>
<x4>1018</x4>
<y4>179</y4>
</bndbox>
</object>
<object>
<name>text</name>
<bndbox>
<x1>1015</x1>
<y1>178</y1>
<x2>1076</x2>
<y2>170</y2>
<x3>1077</x3>
<y3>183</y3>
<x4>1016</x4>
<y4>190</y4>
</bndbox>
</object>
<object>
<name>text</name>
<bndbox>
<x1>773</x1>
<y1>276</y1>
<x2>798</x2>
<y2>275</y2>
<x3>800</x3>
<y3>295</y3>
<x4>775</x4>
<y4>296</y4>
</bndbox>
</object>
<object>
<name>text</name>
<bndbox>
<x1>59</x1>
<y1>155</y1>
<x2>233</x2>
<y2>117</y2>
<x3>246</x3>
<y3>150</y3>
<x4>71</x4>
<y4>187</y4>
</bndbox>
</object>
<object>
<name>text</name>
<bndbox>
<x1>28</x1>
<y1>280</y1>
<x2>146</x2>
<y2>251</y2>
<x3>149</x3>
<y3>267</y3>
<x4>31</x4>
<y4>296</y4>
</bndbox>
</object>
<object>
<name>text</name>
<bndbox>
<x1>820</x1>
<y1>20</y1>
<x2>989</x2>
<y2>0</y2>
<x3>992</x3>
<y3>24</y3>
<x4>823</x4>
<y4>44</y4>
</bndbox>
</object>
<object>
<name>text</name>
<bndbox>
<x1>1013</x1>
<y1>117</y1>
<x2>1096</x2>
<y2>109</y2>
<x3>1097</x3>
<y3>122</y3>
<x4>1014</x4>
<y4>130</y4>
</bndbox>
</object>
<object>
<name>text</name>
<bndbox>
<x1>57</x1>
<y1>292</y1>
<x2>130</x2>
<y2>273</y2>
<x3>133</x3>
<y3>283</y3>
<x4>60</x4>
<y4>302</y4>
</bndbox>
</object>
</annotation>