<?xml version="1.0" ?>
<annotation>
<folder>JPEGImages</folder>
<filename>img_162.xml</filename>
<path>xxxx</path>
<source>
<database>Unknown</database>
<annotation>xxx</annotation>
<image>xxx</image>
<flickrid>0</flickrid>
</source>
<size>
<width>1280</width>
<height>720</height>
<depth>3</depth>
</size>
<segmented>0</segmented>
<object>
<name>text</name>
<bndbox>
<x1>197</x1>
<y1>490</y1>
<x2>293</x2>
<y2>433</y2>
<x3>310</x3>
<y3>482</y3>
<x4>213</x4>
<y4>539</y4>
</bndbox>
</object>
<object>
<name>text</name>
<bndbox>
<x1>297</x1>
<y1>434</y1>
<x2>383</x2>
<y2>393</y2>
<x3>398</x3>
<y3>449</y3>
<x4>313</x4>
<y4>490</y4>
</bndbox>
</object>
<object>
<name>text</name>
<bndbox>
<x1>450</x1>
<y1>146</y1>
<x2>496</x2>
<y2>136</y2>
<x3>498</x3>
<y3>154</y3>
<x4>452</x4>
<y4>164</y4>
</bndbox>
</object>
<object>
<name>text</name>
<bndbox>
<x1>423</x1>
<y1>48</y1>
<x2>471</x2>
<y2>38</y2>
<x3>475</x3>
<y3>55</y3>
<x4>427</x4>
<y4>65</y4>
</bndbox>
</object>
</annotation>