<?xml version="1.0" ?>
<annotation>
<folder>JPEGImages</folder>
<filename>img_480.xml</filename>
<path>xxxx</path>
<source>
<database>Unknown</database>
<annotation>xxx</annotation>
<image>xxx</image>
<flickrid>0</flickrid>
</source>
<size>
<width>1280</width>
<height>720</height>
<depth>3</depth>
</size>
<segmented>0</segmented>
<object>
<name>text</name>
<bndbox>
<x1>30</x1>
<y1>190</y1>
<x2>183</x2>
<y2>192</y2>
<x3>183</x3>
<y3>227</y3>
<x4>30</x4>
<y4>226</y4>
</bndbox>
</object>
<object>
<name>text</name>
<bndbox>
<x1>396</x1>
<y1>230</y1>
<x2>450</x2>
<y2>220</y2>
<x3>452</x3>
<y3>235</y3>
<x4>398</x4>
<y4>245</y4>
</bndbox>
</object>
<object>
<name>text</name>
<bndbox>
<x1>31</x1>
<y1>253</y1>
<x2>72</x2>
<y2>253</y2>
<x3>71</x3>
<y3>270</y3>
<x4>30</x4>
<y4>270</y4>
</bndbox>
</object>
<object>
<name>text</name>
<bndbox>
<x1>71</x1>
<y1>253</y1>
<x2>137</x2>
<y2>251</y2>
<x3>138</x3>
<y3>266</y3>
<x4>72</x4>
<y4>268</y4>
</bndbox>
</object>
<object>
<name>text</name>
<bndbox>
<x1>522</x1>
<y1>199</y1>
<x2>553</x2>
<y2>194</y2>
<x3>556</x3>
<y3>211</y3>
<x4>525</x4>
<y4>216</y4>
</bndbox>
</object>
<object>
<name>text</name>
<bndbox>
<x1>550</x1>
<y1>193</y1>
<x2>595</x2>
<y2>183</y2>
<x3>597</x3>
<y3>200</y3>
<x4>552</x4>
<y4>210</y4>
</bndbox>
</object>
<object>
<name>text</name>
<bndbox>
<x1>710</x1>
<y1>320</y1>
<x2>826</x2>
<y2>363</y2>
<x3>825</x3>
<y3>383</y3>
<x4>709</x4>
<y4>340</y4>
</bndbox>
</object>
<object>
<name>text</name>
<bndbox>
<x1>987</x1>
<y1>104</y1>
<x2>1041</x2>
<y2>112</y2>
<x3>1038</x3>
<y3>132</y3>
<x4>985</x4>
<y4>124</y4>
</bndbox>
</object>
<object>
<name>text</name>
<bndbox>
<x1>1016</x1>
<y1>87</y1>
<x2>1064</x2>
<y2>94</y2>
<x3>1064</x3>
<y3>117</y3>
<x4>1016</x4>
<y4>111</y4>
</bndbox>
</object>
</annotation>