<?xml version="1.0" ?>
<annotation>
<folder>JPEGImages</folder>
<filename>img_159.xml</filename>
<path>xxxx</path>
<source>
<database>Unknown</database>
<annotation>xxx</annotation>
<image>xxx</image>
<flickrid>0</flickrid>
</source>
<size>
<width>1280</width>
<height>720</height>
<depth>3</depth>
</size>
<segmented>0</segmented>
<object>
<name>text</name>
<bndbox>
<x1>523</x1>
<y1>549</y1>
<x2>550</x2>
<y2>539</y2>
<x3>554</x3>
<y3>552</y3>
<x4>527</x4>
<y4>563</y4>
</bndbox>
</object>
<object>
<name>text</name>
<bndbox>
<x1>582</x1>
<y1>479</y1>
<x2>605</x2>
<y2>470</y2>
<x3>612</x3>
<y3>493</y3>
<x4>590</x4>
<y4>502</y4>
</bndbox>
</object>
<object>
<name>text</name>
<bndbox>
<x1>340</x1>
<y1>253</y1>
<x2>360</x2>
<y2>247</y2>
<x3>365</x3>
<y3>260</y3>
<x4>345</x4>
<y4>266</y4>
</bndbox>
</object>
<object>
<name>text</name>
<bndbox>
<x1>360</x1>
<y1>245</y1>
<x2>389</x2>
<y2>237</y2>
<x3>392</x3>
<y3>253</y3>
<x4>364</x4>
<y4>261</y4>
</bndbox>
</object>
<object>
<name>text</name>
<bndbox>
<x1>389</x1>
<y1>236</y1>
<x2>459</x2>
<y2>217</y2>
<x3>460</x3>
<y3>233</y3>
<x4>391</x4>
<y4>252</y4>
</bndbox>
</object>
<object>
<name>text</name>
<bndbox>
<x1>319</x1>
<y1>259</y1>
<x2>341</x2>
<y2>251</y2>
<x3>346</x3>
<y3>264</y3>
<x4>323</x4>
<y4>271</y4>
</bndbox>
</object>
<object>
<name>text</name>
<bndbox>
<x1>452</x1>
<y1>217</y1>
<x2>487</x2>
<y2>206</y2>
<x3>494</x3>
<y3>221</y3>
<x4>459</x4>
<y4>232</y4>
</bndbox>
</object>
<object>
<name>text</name>
<bndbox>
<x1>283</x1>
<y1>270</y1>
<x2>321</x2>
<y2>259</y2>
<x3>324</x3>
<y3>272</y3>
<x4>286</x4>
<y4>283</y4>
</bndbox>
</object>
<object>
<name>text</name>
<bndbox>
<x1>488</x1>
<y1>203</y1>
<x2>601</x2>
<y2>170</y2>
<x3>610</x3>
<y3>189</y3>
<x4>497</x4>
<y4>222</y4>
</bndbox>
</object>
<object>
<name>text</name>
<bndbox>
<x1>604</x1>
<y1>173</y1>
<x2>638</x2>
<y2>163</y2>
<x3>640</x3>
<y3>177</y3>
<x4>610</x4>
<y4>186</y4>
</bndbox>
</object>
<object>
<name>text</name>
<bndbox>
<x1>636</x1>
<y1>161</y1>
<x2>713</x2>
<y2>140</y2>
<x3>719</x3>
<y3>155</y3>
<x4>637</x4>
<y4>179</y4>
</bndbox>
</object>
<object>
<name>text</name>
<bndbox>
<x1>357</x1>
<y1>297</y1>
<x2>427</x2>
<y2>271</y2>
<x3>434</x3>
<y3>290</y3>
<x4>364</x4>
<y4>316</y4>
</bndbox>
</object>
<object>
<name>text</name>
<bndbox>
<x1>429</x1>
<y1>270</y1>
<x2>493</x2>
<y2>250</y2>
<x3>500</x3>
<y3>270</y3>
<x4>437</x4>
<y4>290</y4>
</bndbox>
</object>
<object>
<name>text</name>
<bndbox>
<x1>610</x1>
<y1>205</y1>
<x2>663</x2>
<y2>190</y2>
<x3>664</x3>
<y3>205</y3>
<x4>610</x4>
<y4>219</y4>
</bndbox>
</object>
<object>
<name>text</name>
<bndbox>
<x1>474</x1>
<y1>309</y1>
<x2>508</x2>
<y2>299</y2>
<x3>512</x3>
<y3>313</y3>
<x4>479</x4>
<y4>323</y4>
</bndbox>
</object>
<object>
<name>text</name>
<bndbox>
<x1>664</x1>
<y1>192</y1>
<x2>715</x2>
<y2>174</y2>
<x3>716</x3>
<y3>188</y3>
<x4>666</x4>
<y4>202</y4>
</bndbox>
</object>
<object>
<name>text</name>
<bndbox>
<x1>542</x1>
<y1>285</y1>
<x2>586</x2>
<y2>270</y2>
<x3>591</x3>
<y3>285</y3>
<x4>548</x4>
<y4>300</y4>
</bndbox>
</object>
<object>
<name>text</name>
<bndbox>
<x1>438</x1>
<y1>320</y1>
<x2>475</x2>
<y2>310</y2>
<x3>479</x3>
<y3>325</y3>
<x4>442</x4>
<y4>335</y4>
</bndbox>
</object>
<object>
<name>text</name>
<bndbox>
<x1>506</x1>
<y1>297</y1>
<x2>547</x2>
<y2>285</y2>
<x3>550</x3>
<y3>299</y3>
<x4>509</x4>
<y4>310</y4>
</bndbox>
</object>
<object>
<name>text</name>
<bndbox>
<x1>583</x1>
<y1>267</y1>
<x2>598</x2>
<y2>263</y2>
<x3>604</x3>
<y3>279</y3>
<x4>590</x4>
<y4>282</y4>
</bndbox>
</object>
<object>
<name>text</name>
<bndbox>
<x1>596</x1>
<y1>263</y1>
<x2>645</x2>
<y2>249</y2>
<x3>652</x3>
<y3>265</y3>
<x4>603</x4>
<y4>280</y4>
</bndbox>
</object>
<object>
<name>text</name>
<bndbox>
<x1>644</x1>
<y1>248</y1>
<x2>684</x2>
<y2>235</y2>
<x3>690</x3>
<y3>252</y3>
<x4>650</x4>
<y4>265</y4>
</bndbox>
</object>
<object>
<name>text</name>
<bndbox>
<x1>438</x1>
<y1>339</y1>
<x2>509</x2>
<y2>315</y2>
<x3>522</x3>
<y3>343</y3>
<x4>450</x4>
<y4>367</y4>
</bndbox>
</object>
<object>
<name>text</name>
<bndbox>
<x1>520</x1>
<y1>307</y1>
<x2>590</x2>
<y2>285</y2>
<x3>599</x3>
<y3>314</y3>
<x4>528</x4>
<y4>336</y4>
</bndbox>
</object>
<object>
<name>text</name>
<bndbox>
<x1>593</x1>
<y1>281</y1>
<x2>693</x2>
<y2>249</y2>
<x3>700</x3>
<y3>279</y3>
<x4>600</x4>
<y4>310</y4>
</bndbox>
</object>
<object>
<name>text</name>
<bndbox>
<x1>483</x1>
<y1>352</y1>
<x2>513</x2>
<y2>344</y2>
<x3>520</x3>
<y3>367</y3>
<x4>490</x4>
<y4>375</y4>
</bndbox>
</object>
<object>
<name>text</name>
<bndbox>
<x1>515</x1>
<y1>342</y1>
<x2>610</x2>
<y2>310</y2>
<x3>618</x3>
<y3>330</y3>
<x4>523</x4>
<y4>362</y4>
</bndbox>
</object>
<object>
<name>text</name>
<bndbox>
<x1>612</x1>
<y1>305</y1>
<x2>677</x2>
<y2>283</y2>
<x3>683</x3>
<y3>307</y3>
<x4>619</x4>
<y4>329</y4>
</bndbox>
</object>
<object>
<name>text</name>
<bndbox>
<x1>389</x1>
<y1>562</y1>
<x2>408</x2>
<y2>555</y2>
<x3>415</x3>
<y3>576</y3>
<x4>396</x4>
<y4>583</y4>
</bndbox>
</object>
<object>
<name>text</name>
<bndbox>
<x1>408</x1>
<y1>557</y1>
<x2>490</x2>
<y2>526</y2>
<x3>497</x3>
<y3>546</y3>
<x4>414</x4>
<y4>577</y4>
</bndbox>
</object>
<object>
<name>text</name>
<bndbox>
<x1>534</x1>
<y1>499</y1>
<x2>577</x2>
<y2>482</y2>
<x3>586</x3>
<y3>508</y3>
<x4>543</x4>
<y4>524</y4>
</bndbox>
</object>
<object>
<name>text</name>
<bndbox>
<x1>605</x1>
<y1>471</y1>
<x2>632</x2>
<y2>458</y2>
<x3>641</x3>
<y3>479</y3>
<x4>614</x4>
<y4>492</y4>
</bndbox>
</object>
<object>
<name>text</name>
<bndbox>
<x1>633</x1>
<y1>459</y1>
<x2>721</x2>
<y2>424</y2>
<x3>728</x3>
<y3>441</y3>
<x4>640</x4>
<y4>476</y4>
</bndbox>
</object>
<object>
<name>text</name>
<bndbox>
<x1>719</x1>
<y1>422</y1>
<x2>749</x2>
<y2>412</y2>
<x3>759</x3>
<y3>429</y3>
<x4>729</x4>
<y4>439</y4>
</bndbox>
</object>
<object>
<name>text</name>
<bndbox>
<x1>751</x1>
<y1>406</y1>
<x2>796</x2>
<y2>389</y2>
<x3>803</x3>
<y3>409</y3>
<x4>759</x4>
<y4>427</y4>
</bndbox>
</object>
<object>
<name>text</name>
<bndbox>
<x1>795</x1>
<y1>387</y1>
<x2>826</x2>
<y2>376</y2>
<x3>833</x3>
<y3>394</y3>
<x4>802</x4>
<y4>405</y4>
</bndbox>
</object>
<object>
<name>text</name>
<bndbox>
<x1>186</x1>
<y1>384</y1>
<x2>297</x2>
<y2>399</y2>
<x3>318</x3>
<y3>473</y3>
<x4>230</x4>
<y4>542</y4>
</bndbox>
</object>
<object>
<name>text</name>
<bndbox>
<x1>253</x1>
<y1>593</y1>
<x2>273</x2>
<y2>576</y2>
<x3>284</x3>
<y3>610</y3>
<x4>264</x4>
<y4>627</y4>
</bndbox>
</object>
<object>
<name>text</name>
<bndbox>
<x1>275</x1>
<y1>573</y1>
<x2>301</x2>
<y2>538</y2>
<x3>311</x3>
<y3>568</y3>
<x4>285</x4>
<y4>603</y4>
</bndbox>
</object>
<object>
<name>text</name>
<bndbox>
<x1>302</x1>
<y1>535</y1>
<x2>336</x2>
<y2>489</y2>
<x3>345</x3>
<y3>517</y3>
<x4>311</x4>
<y4>563</y4>
</bndbox>
</object>
<object>
<name>text</name>
<bndbox>
<x1>459</x1>
<y1>578</y1>
<x2>523</x2>
<y2>551</y2>
<x3>527</x3>
<y3>565</y3>
<x4>463</x4>
<y4>592</y4>
</bndbox>
</object>
<object>
<name>text</name>
<bndbox>
<x1>489</x1>
<y1>521</y1>
<x2>532</x2>
<y2>505</y2>
<x3>540</x3>
<y3>525</y3>
<x4>496</x4>
<y4>541</y4>
</bndbox>
</object>
<object>
<name>text</name>
<bndbox>
<x1>463</x1>
<y1>592</y1>
<x2>524</x2>
<y2>564</y2>
<x3>527</x3>
<y3>577</y3>
<x4>466</x4>
<y4>605</y4>
</bndbox>
</object>
<object>
<name>text</name>
<bndbox>
<x1>634</x1>
<y1>502</y1>
<x2>719</x2>
<y2>468</y2>
<x3>721</x3>
<y3>478</y3>
<x4>636</x4>
<y4>511</y4>
</bndbox>
</object>
<object>
<name>text</name>
<bndbox>
<x1>636</x1>
<y1>514</y1>
<x2>668</x2>
<y2>501</y2>
<x3>671</x3>
<y3>511</y3>
<x4>639</x4>
<y4>524</y4>
</bndbox>
</object>
<object>
<name>text</name>
<bndbox>
<x1>670</x1>
<y1>498</y1>
<x2>718</x2>
<y2>478</y2>
<x3>720</x3>
<y3>490</y3>
<x4>673</x4>
<y4>509</y4>
</bndbox>
</object>
<object>
<name>text</name>
<bndbox>
<x1>786</x1>
<y1>432</y1>
<x2>809</x2>
<y2>424</y2>
<x3>811</x3>
<y3>435</y3>
<x4>789</x4>
<y4>443</y4>
</bndbox>
</object>
<object>
<name>text</name>
<bndbox>
<x1>810</x1>
<y1>422</y1>
<x2>836</x2>
<y2>413</y2>
<x3>838</x3>
<y3>424</y3>
<x4>812</x4>
<y4>432</y4>
</bndbox>
</object>
<object>
<name>text</name>
<bndbox>
<x1>789</x1>
<y1>443</y1>
<x2>842</x2>
<y2>422</y2>
<x3>845</x3>
<y3>432</y3>
<x4>793</x4>
<y4>453</y4>
</bndbox>
</object>
<object>
<name>text</name>
<bndbox>
<x1>472</x1>
<y1>630</y1>
<x2>561</x2>
<y2>591</y2>
<x3>565</x3>
<y3>600</y3>
<x4>476</x4>
<y4>639</y4>
</bndbox>
</object>
<object>
<name>text</name>
<bndbox>
<x1>483</x1>
<y1>651</y1>
<x2>540</x2>
<y2>624</y2>
<x3>543</x3>
<y3>636</y3>
<x4>486</x4>
<y4>663</y4>
</bndbox>
</object>
<object>
<name>text</name>
<bndbox>
<x1>648</x1>
<y1>549</y1>
<x2>679</x2>
<y2>536</y2>
<x3>684</x3>
<y3>545</y3>
<x4>652</x4>
<y4>558</y4>
</bndbox>
</object>
<object>
<name>text</name>
<bndbox>
<x1>679</x1>
<y1>533</y1>
<x2>719</x2>
<y2>516</y2>
<x3>724</x3>
<y3>525</y3>
<x4>684</x4>
<y4>543</y4>
</bndbox>
</object>
<object>
<name>text</name>
<bndbox>
<x1>653</x1>
<y1>558</y1>
<x2>687</x2>
<y2>543</y2>
<x3>690</x3>
<y3>551</y3>
<x4>656</x4>
<y4>566</y4>
</bndbox>
</object>
<object>
<name>text</name>
<bndbox>
<x1>657</x1>
<y1>578</y1>
<x2>716</x2>
<y2>552</y2>
<x3>722</x3>
<y3>561</y3>
<x4>663</x4>
<y4>587</y4>
</bndbox>
</object>
<object>
<name>text</name>
<bndbox>
<x1>799</x1>
<y1>475</y1>
<x2>873</x2>
<y2>443</y2>
<x3>879</x3>
<y3>452</y3>
<x4>805</x4>
<y4>484</y4>
</bndbox>
</object>
<object>
<name>text</name>
<bndbox>
<x1>807</x1>
<y1>494</y1>
<x2>866</x2>
<y2>470</y2>
<x3>870</x3>
<y3>479</y3>
<x4>811</x4>
<y4>504</y4>
</bndbox>
</object>
<object>
<name>text</name>
<bndbox>
<x1>812</x1>
<y1>504</y1>
<x2>839</x2>
<y2>491</y2>
<x3>844</x3>
<y3>501</y3>
<x4>818</x4>
<y4>514</y4>
</bndbox>
</object>
<object>
<name>text</name>
<bndbox>
<x1>28</x1>
<y1>483</y1>
<x2>97</x2>
<y2>465</y2>
<x3>103</x3>
<y3>494</y3>
<x4>34</x4>
<y4>512</y4>
</bndbox>
</object>
<object>
<name>text</name>
<bndbox>
<x1>1</x1>
<y1>323</y1>
<x2>92</x2>
<y2>339</y2>
<x3>109</x3>
<y3>393</y3>
<x4>1</x4>
<y4>386</y4>
</bndbox>
</object>
<object>
<name>text</name>
<bndbox>
<x1>796</x1>
<y1>109</y1>
<x2>986</x2>
<y2>46</y2>
<x3>995</x3>
<y3>64</y3>
<x4>802</x4>
<y4>129</y4>
</bndbox>
</object>
<object>
<name>text</name>
<bndbox>
<x1>618</x1>
<y1>216</y1>
<x2>719</x2>
<y2>186</y2>
<x3>729</x3>
<y3>210</y3>
<x4>628</x4>
<y4>244</y4>
</bndbox>
</object>
<object>
<name>text</name>
<bndbox>
<x1>379</x1>
<y1>306</y1>
<x2>481</x2>
<y2>279</y2>
<x3>484</x3>
<y3>289</y3>
<x4>384</x4>
<y4>319</y4>
</bndbox>
</object>
<object>
<name>text</name>
<bndbox>
<x1>515</x1>
<y1>461</y1>
<x2>579</x2>
<y2>438</y2>
<x3>588</x3>
<y3>462</y3>
<x4>523</x4>
<y4>487</y4>
</bndbox>
</object>
<object>
<name>text</name>
<bndbox>
<x1>665</x1>
<y1>407</y1>
<x2>721</x2>
<y2>387</y2>
<x3>728</x3>
<y3>404</y3>
<x4>671</x4>
<y4>427</y4>
</bndbox>
</object>
<object>
<name>text</name>
<bndbox>
<x1>517</x1>
<y1>407</y1>
<x2>537</x2>
<y2>402</y2>
<x3>542</x3>
<y3>416</y3>
<x4>521</x4>
<y4>422</y4>
</bndbox>
</object>
<object>
<name>text</name>
<bndbox>
<x1>450</x1>
<y1>563</y1>
<x2>492</x2>
<y2>549</y2>
<x3>495</x3>
<y3>560</y3>
<x4>455</x4>
<y4>576</y4>
</bndbox>
</object>
<object>
<name>text</name>
<bndbox>
<x1>625</x1>
<y1>486</y1>
<x2>653</x2>
<y2>478</y2>
<x3>659</x3>
<y3>493</y3>
<x4>629</x4>
<y4>503</y4>
</bndbox>
</object>
<object>
<name>text</name>
<bndbox>
<x1>779</x1>
<y1>420</y1>
<x2>811</x2>
<y2>409</y2>
<x3>813</x3>
<y3>418</y3>
<x4>784</x4>
<y4>429</y4>
</bndbox>
</object>
<object>
<name>text</name>
<bndbox>
<x1>466</x1>
<y1>602</y1>
<x2>537</x2>
<y2>573</y2>
<x3>543</x3>
<y3>583</y3>
<x4>468</x4>
<y4>614</y4>
</bndbox>
</object>
<object>
<name>text</name>
<bndbox>
<x1>639</x1>
<y1>522</y1>
<x2>710</x2>
<y2>493</y2>
<x3>713</x3>
<y3>503</y3>
<x4>644</x4>
<y4>536</y4>
</bndbox>
</object>
<object>
<name>text</name>
<bndbox>
<x1>790</x1>
<y1>452</y1>
<x2>850</x2>
<y2>431</y2>
<x3>853</x3>
<y3>438</y3>
<x4>796</x4>
<y4>463</y4>
</bndbox>
</object>
<object>
<name>text</name>
<bndbox>
<x1>468</x1>
<y1>612</y1>
<x2>505</x2>
<y2>601</y2>
<x3>509</x3>
<y3>612</y3>
<x4>475</x4>
<y4>627</y4>
</bndbox>
</object>
<object>
<name>text</name>
<bndbox>
<x1>477</x1>
<y1>642</y1>
<x2>509</x2>
<y2>629</y2>
<x3>513</x3>
<y3>638</y3>
<x4>479</x4>
<y4>650</y4>
</bndbox>
</object>
<object>
<name>text</name>
<bndbox>
<x1>643</x1>
<y1>536</y1>
<x2>669</x2>
<y2>525</y2>
<x3>671</x3>
<y3>537</y3>
<x4>649</x4>
<y4>546</y4>
</bndbox>
</object>
<object>
<name>text</name>
<bndbox>
<x1>652</x1>
<y1>565</y1>
<x2>677</x2>
<y2>555</y2>
<x3>684</x3>
<y3>567</y3>
<x4>659</x4>
<y4>578</y4>
</bndbox>
</object>
<object>
<name>text</name>
<bndbox>
<x1>794</x1>
<y1>463</y1>
<x2>826</x2>
<y2>452</y2>
<x3>832</x3>
<y3>457</y3>
<x4>796</x4>
<y4>474</y4>
</bndbox>
</object>
<object>
<name>text</name>
<bndbox>
<x1>803</x1>
<y1>483</y1>
<x2>823</x2>
<y2>478</y2>
<x3>828</x3>
<y3>483</y3>
<x4>805</x4>
<y4>491</y4>
</bndbox>
</object>
<object>
<name>text</name>
<bndbox>
<x1>1203</x1>
<y1>225</y1>
<x2>1275</x2>
<y2>211</y2>
<x3>1274</x3>
<y3>238</y3>
<x4>1219</x4>
<y4>252</y4>
</bndbox>
</object>
<object>
<name>text</name>
<bndbox>
<x1>1193</x1>
<y1>185</y1>
<x2>1216</x2>
<y2>180</y2>
<x3>1223</x3>
<y3>198</y3>
<x4>1202</x4>
<y4>209</y4>
</bndbox>
</object>
<object>
<name>text</name>
<bndbox>
<x1>866</x1>
<y1>214</y1>
<x2>911</x2>
<y2>192</y2>
<x3>938</x3>
<y3>256</y3>
<x4>890</x4>
<y4>274</y4>
</bndbox>
</object>
<object>
<name>text</name>
<bndbox>
<x1>954</x1>
<y1>189</y1>
<x2>984</x2>
<y2>180</y2>
<x3>1001</x3>
<y3>237</y3>
<x4>976</x4>
<y4>248</y4>
</bndbox>
</object>
<object>
<name>text</name>
<bndbox>
<x1>820</x1>
<y1>159</y1>
<x2>898</x2>
<y2>149</y2>
<x3>898</x3>
<y3>171</y3>
<x4>824</x4>
<y4>182</y4>
</bndbox>
</object>
</annotation>