<?xml version="1.0" ?>
<annotation>
<folder>JPEGImages</folder>
<filename>img_259.xml</filename>
<path>xxxx</path>
<source>
<database>Unknown</database>
<annotation>xxx</annotation>
<image>xxx</image>
<flickrid>0</flickrid>
</source>
<size>
<width>1280</width>
<height>720</height>
<depth>3</depth>
</size>
<segmented>0</segmented>
<object>
<name>text</name>
<bndbox>
<x1>676</x1>
<y1>46</y1>
<x2>709</x2>
<y2>37</y2>
<x3>713</x3>
<y3>54</y3>
<x4>679</x4>
<y4>62</y4>
</bndbox>
</object>
<object>
<name>text</name>
<bndbox>
<x1>280</x1>
<y1>51</y1>
<x2>303</x2>
<y2>49</y2>
<x3>303</x3>
<y3>62</y3>
<x4>281</x4>
<y4>64</y4>
</bndbox>
</object>
<object>
<name>text</name>
<bndbox>
<x1>569</x1>
<y1>70</y1>
<x2>599</x2>
<y2>63</y2>
<x3>604</x3>
<y3>80</y3>
<x4>574</x4>
<y4>87</y4>
</bndbox>
</object>
<object>
<name>text</name>
<bndbox>
<x1>496</x1>
<y1>87</y1>
<x2>565</x2>
<y2>71</y2>
<x3>570</x3>
<y3>88</y3>
<x4>501</x4>
<y4>104</y4>
</bndbox>
</object>
<object>
<name>text</name>
<bndbox>
<x1>298</x1>
<y1>3</y1>
<x2>335</x2>
<y2>0</y2>
<x3>336</x3>
<y3>10</y3>
<x4>299</x4>
<y4>13</y4>
</bndbox>
</object>
<object>
<name>text</name>
<bndbox>
<x1>604</x1>
<y1>61</y1>
<x2>618</x2>
<y2>58</y2>
<x3>623</x3>
<y3>75</y3>
<x4>609</x4>
<y4>78</y4>
</bndbox>
</object>
<object>
<name>text</name>
<bndbox>
<x1>294</x1>
<y1>15</y1>
<x2>338</x2>
<y2>13</y2>
<x3>339</x3>
<y3>26</y3>
<x4>295</x4>
<y4>28</y4>
</bndbox>
</object>
<object>
<name>text</name>
<bndbox>
<x1>308</x1>
<y1>48</y1>
<x2>329</x2>
<y2>46</y2>
<x3>330</x3>
<y3>59</y3>
<x4>309</x4>
<y4>61</y4>
</bndbox>
</object>
<object>
<name>text</name>
<bndbox>
<x1>335</x1>
<y1>46</y1>
<x2>357</x2>
<y2>44</y2>
<x3>358</x3>
<y3>57</y3>
<x4>336</x4>
<y4>59</y4>
</bndbox>
</object>
<object>
<name>text</name>
<bndbox>
<x1>281</x1>
<y1>66</y1>
<x2>303</x2>
<y2>63</y2>
<x3>304</x3>
<y3>76</y3>
<x4>281</x4>
<y4>79</y4>
</bndbox>
</object>
<object>
<name>text</name>
<bndbox>
<x1>307</x1>
<y1>64</y1>
<x2>330</x2>
<y2>61</y2>
<x3>330</x3>
<y3>73</y3>
<x4>307</x4>
<y4>76</y4>
</bndbox>
</object>
<object>
<name>text</name>
<bndbox>
<x1>335</x1>
<y1>60</y1>
<x2>357</x2>
<y2>59</y2>
<x3>357</x3>
<y3>73</y3>
<x4>335</x4>
<y4>73</y4>
</bndbox>
</object>
<object>
<name>text</name>
<bndbox>
<x1>381</x1>
<y1>44</y1>
<x2>407</x2>
<y2>41</y2>
<x3>408</x3>
<y3>53</y3>
<x4>382</x4>
<y4>55</y4>
</bndbox>
</object>
</annotation>