<?xml version="1.0" ?>
<annotation>
<folder>JPEGImages</folder>
<filename>img_466.xml</filename>
<path>xxxx</path>
<source>
<database>Unknown</database>
<annotation>xxx</annotation>
<image>xxx</image>
<flickrid>0</flickrid>
</source>
<size>
<width>1280</width>
<height>720</height>
<depth>3</depth>
</size>
<segmented>0</segmented>
<object>
<name>text</name>
<bndbox>
<x1>670</x1>
<y1>340</y1>
<x2>867</x2>
<y2>399</y2>
<x3>852</x3>
<y3>440</y3>
<x4>655</x4>
<y4>381</y4>
</bndbox>
</object>
<object>
<name>text</name>
<bndbox>
<x1>627</x1>
<y1>369</y1>
<x2>885</x2>
<y2>450</y2>
<x3>870</x3>
<y3>501</y3>
<x4>612</x4>
<y4>420</y4>
</bndbox>
</object>
<object>
<name>text</name>
<bndbox>
<x1>671</x1>
<y1>439</y1>
<x2>776</x2>
<y2>471</y2>
<x3>762</x3>
<y3>506</y3>
<x4>657</x4>
<y4>474</y4>
</bndbox>
</object>
<object>
<name>text</name>
<bndbox>
<x1>602</x1>
<y1>454</y1>
<x2>840</x2>
<y2>538</y2>
<x3>805</x3>
<y3>596</y3>
<x4>567</x4>
<y4>513</y4>
</bndbox>
</object>
<object>
<name>text</name>
<bndbox>
<x1>511</x1>
<y1>489</y1>
<x2>878</x2>
<y2>620</y2>
<x3>841</x3>
<y3>696</y3>
<x4>473</x4>
<y4>565</y4>
</bndbox>
</object>
</annotation>