<?xml version="1.0" ?>
<annotation>
<folder>JPEGImages</folder>
<filename>img_513.xml</filename>
<path>xxxx</path>
<source>
<database>Unknown</database>
<annotation>xxx</annotation>
<image>xxx</image>
<flickrid>0</flickrid>
</source>
<size>
<width>1280</width>
<height>720</height>
<depth>3</depth>
</size>
<segmented>0</segmented>
<object>
<name>text</name>
<bndbox>
<x1>632</x1>
<y1>549</y1>
<x2>732</x2>
<y2>464</y2>
<x3>742</x3>
<y3>479</y3>
<x4>642</x4>
<y4>564</y4>
</bndbox>
</object>
<object>
<name>text</name>
<bndbox>
<x1>632</x1>
<y1>440</y1>
<x2>692</x2>
<y2>399</y2>
<x3>706</x3>
<y3>420</y3>
<x4>646</x4>
<y4>461</y4>
</bndbox>
</object>
<object>
<name>text</name>
<bndbox>
<x1>687</x1>
<y1>448</y1>
<x2>730</x2>
<y2>421</y2>
<x3>737</x3>
<y3>461</y3>
<x4>695</x4>
<y4>488</y4>
</bndbox>
</object>
<object>
<name>text</name>
<bndbox>
<x1>632</x1>
<y1>525</y1>
<x2>693</x2>
<y2>476</y2>
<x3>701</x3>
<y3>494</y3>
<x4>640</x4>
<y4>543</y4>
</bndbox>
</object>
<object>
<name>text</name>
<bndbox>
<x1>568</x1>
<y1>533</y1>
<x2>631</x2>
<y2>486</y2>
<x3>636</x3>
<y3>508</y3>
<x4>573</x4>
<y4>554</y4>
</bndbox>
</object>
<object>
<name>text</name>
<bndbox>
<x1>533</x1>
<y1>390</y1>
<x2>568</x2>
<y2>374</y2>
<x3>572</x3>
<y3>389</y3>
<x4>537</x4>
<y4>405</y4>
</bndbox>
</object>
<object>
<name>text</name>
<bndbox>
<x1>565</x1>
<y1>228</y1>
<x2>643</x2>
<y2>225</y2>
<x3>643</x3>
<y3>240</y3>
<x4>565</x4>
<y4>243</y4>
</bndbox>
</object>
<object>
<name>text</name>
<bndbox>
<x1>1132</x1>
<y1>6</y1>
<x2>1173</x2>
<y2>2</y2>
<x3>1174</x3>
<y3>18</y3>
<x4>1133</x4>
<y4>23</y4>
</bndbox>
</object>
<object>
<name>text</name>
<bndbox>
<x1>253</x1>
<y1>654</y1>
<x2>353</x2>
<y2>600</y2>
<x3>353</x3>
<y3>634</y3>
<x4>253</x4>
<y4>688</y4>
</bndbox>
</object>
<object>
<name>text</name>
<bndbox>
<x1>136</x1>
<y1>224</y1>
<x2>166</x2>
<y2>221</y2>
<x3>166</x3>
<y3>234</y3>
<x4>136</x4>
<y4>237</y4>
</bndbox>
</object>
<object>
<name>text</name>
<bndbox>
<x1>363</x1>
<y1>666</y1>
<x2>450</x2>
<y2>611</y2>
<x3>462</x3>
<y3>669</y3>
<x4>373</x4>
<y4>719</y4>
</bndbox>
</object>
<object>
<name>text</name>
<bndbox>
<x1>449</x1>
<y1>676</y1>
<x2>462</x2>
<y2>669</y2>
<x3>467</x3>
<y3>688</y3>
<x4>455</x4>
<y4>694</y4>
</bndbox>
</object>
<object>
<name>text</name>
<bndbox>
<x1>535</x1>
<y1>405</y1>
<x2>573</x2>
<y2>388</y2>
<x3>588</x3>
<y3>439</y3>
<x4>551</x4>
<y4>458</y4>
</bndbox>
</object>
<object>
<name>text</name>
<bndbox>
<x1>527</x1>
<y1>371</y1>
<x2>557</x2>
<y2>359</y2>
<x3>565</x3>
<y3>373</y3>
<x4>531</x4>
<y4>385</y4>
</bndbox>
</object>
<object>
<name>text</name>
<bndbox>
<x1>391</x1>
<y1>331</y1>
<x2>416</x2>
<y2>323</y2>
<x3>418</x3>
<y3>340</y3>
<x4>392</x4>
<y4>349</y4>
</bndbox>
</object>
<object>
<name>text</name>
<bndbox>
<x1>396</x1>
<y1>379</y1>
<x2>414</x2>
<y2>375</y2>
<x3>406</x3>
<y3>399</y3>
<x4>399</x4>
<y4>401</y4>
</bndbox>
</object>
<object>
<name>text</name>
<bndbox>
<x1>647</x1>
<y1>690</y1>
<x2>742</x2>
<y2>584</y2>
<x3>757</x3>
<y3>645</y3>
<x4>690</x4>
<y4>718</y4>
</bndbox>
</object>
<object>
<name>text</name>
<bndbox>
<x1>667</x1>
<y1>339</y1>
<x2>703</x2>
<y2>338</y2>
<x3>701</x3>
<y3>361</y3>
<x4>665</x4>
<y4>358</y4>
</bndbox>
</object>
</annotation>