<?xml version="1.0" ?>
<annotation>
<folder>JPEGImages</folder>
<filename>img_479.xml</filename>
<path>xxxx</path>
<source>
<database>Unknown</database>
<annotation>xxx</annotation>
<image>xxx</image>
<flickrid>0</flickrid>
</source>
<size>
<width>1280</width>
<height>720</height>
<depth>3</depth>
</size>
<segmented>0</segmented>
<object>
<name>text</name>
<bndbox>
<x1>80</x1>
<y1>353</y1>
<x2>132</x2>
<y2>358</y2>
<x3>117</x3>
<y3>403</y3>
<x4>65</x4>
<y4>398</y4>
</bndbox>
</object>
<object>
<name>text</name>
<bndbox>
<x1>781</x1>
<y1>149</y1>
<x2>925</x2>
<y2>155</y2>
<x3>923</x3>
<y3>188</y3>
<x4>780</x4>
<y4>181</y4>
</bndbox>
</object>
<object>
<name>text</name>
<bndbox>
<x1>783</x1>
<y1>180</y1>
<x2>926</x2>
<y2>186</y2>
<x3>923</x3>
<y3>215</y3>
<x4>781</x4>
<y4>209</y4>
</bndbox>
</object>
<object>
<name>text</name>
<bndbox>
<x1>802</x1>
<y1>401</y1>
<x2>922</x2>
<y2>406</y2>
<x3>922</x3>
<y3>443</y3>
<x4>802</x4>
<y4>438</y4>
</bndbox>
</object>
<object>
<name>text</name>
<bndbox>
<x1>961</x1>
<y1>354</y1>
<x2>1022</x2>
<y2>359</y2>
<x3>1023</x3>
<y3>379</y3>
<x4>962</x4>
<y4>374</y4>
</bndbox>
</object>
<object>
<name>text</name>
<bndbox>
<x1>955</x1>
<y1>375</y1>
<x2>1057</x2>
<y2>378</y2>
<x3>1060</x3>
<y3>428</y3>
<x4>957</x4>
<y4>425</y4>
</bndbox>
</object>
<object>
<name>text</name>
<bndbox>
<x1>1026</x1>
<y1>358</y1>
<x2>1062</x2>
<y2>358</y2>
<x3>1061</x3>
<y3>375</y3>
<x4>1025</x4>
<y4>375</y4>
</bndbox>
</object>
<object>
<name>text</name>
<bndbox>
<x1>1056</x1>
<y1>39</y1>
<x2>1111</x2>
<y2>43</y2>
<x3>1111</x3>
<y3>59</y3>
<x4>1056</x4>
<y4>55</y4>
</bndbox>
</object>
</annotation>