<?xml version="1.0" ?>
<annotation>
<folder>JPEGImages</folder>
<filename>img_30.xml</filename>
<path>xxxx</path>
<source>
<database>Unknown</database>
<annotation>xxx</annotation>
<image>xxx</image>
<flickrid>0</flickrid>
</source>
<size>
<width>1280</width>
<height>720</height>
<depth>3</depth>
</size>
<segmented>0</segmented>
<object>
<name>text</name>
<bndbox>
<x1>711</x1>
<y1>204</y1>
<x2>828</x2>
<y2>190</y2>
<x3>832</x3>
<y3>219</y3>
<x4>714</x4>
<y4>236</y4>
</bndbox>
</object>
<object>
<name>text</name>
<bndbox>
<x1>837</x1>
<y1>184</y1>
<x2>938</x2>
<y2>170</y2>
<x3>944</x3>
<y3>203</y3>
<x4>840</x4>
<y4>218</y4>
</bndbox>
</object>
<object>
<name>text</name>
<bndbox>
<x1>798</x1>
<y1>227</y1>
<x2>827</x2>
<y2>223</y2>
<x3>828</x3>
<y3>234</y3>
<x4>799</x4>
<y4>238</y4>
</bndbox>
</object>
<object>
<name>text</name>
<bndbox>
<x1>828</x1>
<y1>223</y1>
<x2>855</x2>
<y2>219</y2>
<x3>856</x3>
<y3>230</y3>
<x4>831</x4>
<y4>234</y4>
</bndbox>
</object>
<object>
<name>text</name>
<bndbox>
<x1>762</x1>
<y1>246</y1>
<x2>809</x2>
<y2>241</y2>
<x3>810</x3>
<y3>256</y3>
<x4>762</x4>
<y4>262</y4>
</bndbox>
</object>
<object>
<name>text</name>
<bndbox>
<x1>811</x1>
<y1>240</y1>
<x2>848</x2>
<y2>236</y2>
<x3>850</x3>
<y3>249</y3>
<x4>812</x4>
<y4>253</y4>
</bndbox>
</object>
<object>
<name>text</name>
<bndbox>
<x1>852</x1>
<y1>235</y1>
<x2>884</x2>
<y2>232</y2>
<x3>886</x3>
<y3>246</y3>
<x4>852</x4>
<y4>249</y4>
</bndbox>
</object>
<object>
<name>text</name>
<bndbox>
<x1>736</x1>
<y1>289</y1>
<x2>823</x2>
<y2>279</y2>
<x3>825</x3>
<y3>297</y3>
<x4>738</x4>
<y4>306</y4>
</bndbox>
</object>
<object>
<name>text</name>
<bndbox>
<x1>831</x1>
<y1>277</y1>
<x2>896</x2>
<y2>270</y2>
<x3>898</x3>
<y3>288</y3>
<x4>833</x4>
<y4>296</y4>
</bndbox>
</object>
<object>
<name>text</name>
<bndbox>
<x1>904</x1>
<y1>268</y1>
<x2>967</x2>
<y2>262</y2>
<x3>969</x3>
<y3>281</y3>
<x4>906</x4>
<y4>287</y4>
</bndbox>
</object>
</annotation>