<?xml version="1.0" ?>
<annotation>
<folder>JPEGImages</folder>
<filename>img_192.xml</filename>
<path>xxxx</path>
<source>
<database>Unknown</database>
<annotation>xxx</annotation>
<image>xxx</image>
<flickrid>0</flickrid>
</source>
<size>
<width>1280</width>
<height>720</height>
<depth>3</depth>
</size>
<segmented>0</segmented>
<object>
<name>text</name>
<bndbox>
<x1>738</x1>
<y1>32</y1>
<x2>773</x2>
<y2>35</y2>
<x3>773</x3>
<y3>54</y3>
<x4>738</x4>
<y4>51</y4>
</bndbox>
</object>
<object>
<name>text</name>
<bndbox>
<x1>778</x1>
<y1>36</y1>
<x2>828</x2>
<y2>41</y2>
<x3>827</x3>
<y3>56</y3>
<x4>777</x4>
<y4>52</y4>
</bndbox>
</object>
<object>
<name>text</name>
<bndbox>
<x1>828</x1>
<y1>38</y1>
<x2>864</x2>
<y2>43</y2>
<x3>864</x3>
<y3>60</y3>
<x4>828</x4>
<y4>55</y4>
</bndbox>
</object>
<object>
<name>text</name>
<bndbox>
<x1>738</x1>
<y1>276</y1>
<x2>774</x2>
<y2>276</y2>
<x3>774</x3>
<y3>312</y3>
<x4>738</x4>
<y4>312</y4>
</bndbox>
</object>
</annotation>