<?xml version="1.0" ?>
<annotation>
<folder>JPEGImages</folder>
<filename>img_345.xml</filename>
<path>xxxx</path>
<source>
<database>Unknown</database>
<annotation>xxx</annotation>
<image>xxx</image>
<flickrid>0</flickrid>
</source>
<size>
<width>1280</width>
<height>720</height>
<depth>3</depth>
</size>
<segmented>0</segmented>
<object>
<name>text</name>
<bndbox>
<x1>719</x1>
<y1>215</y1>
<x2>743</x2>
<y2>213</y2>
<x3>746</x3>
<y3>237</y3>
<x4>721</x4>
<y4>239</y4>
</bndbox>
</object>
<object>
<name>text</name>
<bndbox>
<x1>735</x1>
<y1>212</y1>
<x2>766</x2>
<y2>208</y2>
<x3>769</x3>
<y3>253</y3>
<x4>738</x4>
<y4>257</y4>
</bndbox>
</object>
<object>
<name>text</name>
<bndbox>
<x1>491</x1>
<y1>286</y1>
<x2>544</x2>
<y2>279</y2>
<x3>544</x3>
<y3>294</y3>
<x4>492</x4>
<y4>302</y4>
</bndbox>
</object>
<object>
<name>text</name>
<bndbox>
<x1>508</x1>
<y1>298</y1>
<x2>530</x2>
<y2>296</y2>
<x3>530</x3>
<y3>302</y3>
<x4>508</x4>
<y4>305</y4>
</bndbox>
</object>
<object>
<name>text</name>
<bndbox>
<x1>492</x1>
<y1>306</y1>
<x2>547</x2>
<y2>299</y2>
<x3>547</x3>
<y3>311</y3>
<x4>492</x4>
<y4>318</y4>
</bndbox>
</object>
<object>
<name>text</name>
<bndbox>
<x1>510</x1>
<y1>320</y1>
<x2>536</x2>
<y2>316</y2>
<x3>536</x3>
<y3>327</y3>
<x4>510</x4>
<y4>331</y4>
</bndbox>
</object>
<object>
<name>text</name>
<bndbox>
<x1>1076</x1>
<y1>251</y1>
<x2>1109</x2>
<y2>258</y2>
<x3>1108</x3>
<y3>274</y3>
<x4>1075</x4>
<y4>267</y4>
</bndbox>
</object>
<object>
<name>text</name>
<bndbox>
<x1>1075</x1>
<y1>271</y1>
<x2>1109</x2>
<y2>281</y2>
<x3>1109</x3>
<y3>298</y3>
<x4>1075</x4>
<y4>289</y4>
</bndbox>
</object>
<object>
<name>text</name>
<bndbox>
<x1>1074</x1>
<y1>292</y1>
<x2>1109</x2>
<y2>303</y2>
<x3>1109</x3>
<y3>315</y3>
<x4>1074</x4>
<y4>304</y4>
</bndbox>
</object>
</annotation>