<?xml version="1.0" ?>
<annotation>
<folder>JPEGImages</folder>
<filename>img_405.xml</filename>
<path>xxxx</path>
<source>
<database>Unknown</database>
<annotation>xxx</annotation>
<image>xxx</image>
<flickrid>0</flickrid>
</source>
<size>
<width>1280</width>
<height>720</height>
<depth>3</depth>
</size>
<segmented>0</segmented>
<object>
<name>text</name>
<bndbox>
<x1>743</x1>
<y1>185</y1>
<x2>828</x2>
<y2>187</y2>
<x3>828</x3>
<y3>206</y3>
<x4>743</x4>
<y4>204</y4>
</bndbox>
</object>
<object>
<name>text</name>
<bndbox>
<x1>709</x1>
<y1>58</y1>
<x2>821</x2>
<y2>52</y2>
<x3>822</x3>
<y3>66</y3>
<x4>710</x4>
<y4>73</y4>
</bndbox>
</object>
<object>
<name>text</name>
<bndbox>
<x1>560</x1>
<y1>359</y1>
<x2>721</x2>
<y2>347</y2>
<x3>726</x3>
<y3>402</y3>
<x4>564</x4>
<y4>414</y4>
</bndbox>
</object>
<object>
<name>text</name>
<bndbox>
<x1>571</x1>
<y1>414</y1>
<x2>585</x2>
<y2>416</y2>
<x3>581</x3>
<y3>436</y3>
<x4>566</x4>
<y4>434</y4>
</bndbox>
</object>
<object>
<name>text</name>
<bndbox>
<x1>583</x1>
<y1>416</y1>
<x2>598</x2>
<y2>417</y2>
<x3>595</x3>
<y3>436</y3>
<x4>580</x4>
<y4>435</y4>
</bndbox>
</object>
<object>
<name>text</name>
<bndbox>
<x1>616</x1>
<y1>340</y1>
<x2>698</x2>
<y2>330</y2>
<x3>699</x3>
<y3>349</y3>
<x4>617</x4>
<y4>359</y4>
</bndbox>
</object>
<object>
<name>text</name>
<bndbox>
<x1>596</x1>
<y1>414</y1>
<x2>691</x2>
<y2>432</y2>
<x3>679</x3>
<y3>567</y3>
<x4>585</x4>
<y4>549</y4>
</bndbox>
</object>
<object>
<name>text</name>
<bndbox>
<x1>682</x1>
<y1>506</y1>
<x2>714</x2>
<y2>512</y2>
<x3>708</x3>
<y3>577</y3>
<x4>676</x4>
<y4>571</y4>
</bndbox>
</object>
<object>
<name>text</name>
<bndbox>
<x1>689</x1>
<y1>186</y1>
<x2>711</x2>
<y2>185</y2>
<x3>711</x3>
<y3>201</y3>
<x4>689</x4>
<y4>202</y4>
</bndbox>
</object>
<object>
<name>text</name>
<bndbox>
<x1>573</x1>
<y1>346</y1>
<x2>618</x2>
<y2>342</y2>
<x3>618</x3>
<y3>363</y3>
<x4>573</x4>
<y4>366</y4>
</bndbox>
</object>
<object>
<name>text</name>
<bndbox>
<x1>716</x1>
<y1>186</y1>
<x2>737</x2>
<y2>186</y2>
<x3>738</x3>
<y3>202</y3>
<x4>716</x4>
<y4>202</y4>
</bndbox>
</object>
<object>
<name>text</name>
<bndbox>
<x1>704</x1>
<y1>72</y1>
<x2>828</x2>
<y2>65</y2>
<x3>828</x3>
<y3>82</y3>
<x4>705</x4>
<y4>89</y4>
</bndbox>
</object>
<object>
<name>text</name>
<bndbox>
<x1>729</x1>
<y1>86</y1>
<x2>794</x2>
<y2>82</y2>
<x3>796</x3>
<y3>96</y3>
<x4>730</x4>
<y4>100</y4>
</bndbox>
</object>
<object>
<name>text</name>
<bndbox>
<x1>730</x1>
<y1>388</y1>
<x2>773</x2>
<y2>394</y2>
<x3>771</x3>
<y3>412</y3>
<x4>728</x4>
<y4>406</y4>
</bndbox>
</object>
<object>
<name>text</name>
<bndbox>
<x1>1014</x1>
<y1>523</y1>
<x2>1071</x2>
<y2>523</y2>
<x3>1072</x3>
<y3>543</y3>
<x4>1015</x4>
<y4>543</y4>
</bndbox>
</object>
<object>
<name>text</name>
<bndbox>
<x1>1168</x1>
<y1>521</y1>
<x2>1279</x2>
<y2>523</y2>
<x3>1279</x3>
<y3>550</y3>
<x4>1168</x4>
<y4>547</y4>
</bndbox>
</object>
<object>
<name>text</name>
<bndbox>
<x1>1186</x1>
<y1>477</y1>
<x2>1279</x2>
<y2>478</y2>
<x3>1279</x3>
<y3>500</y3>
<x4>1186</x4>
<y4>498</y4>
</bndbox>
</object>
<object>
<name>text</name>
<bndbox>
<x1>1012</x1>
<y1>481</y1>
<x2>1070</x2>
<y2>481</y2>
<x3>1070</x3>
<y3>497</y3>
<x4>1012</x4>
<y4>497</y4>
</bndbox>
</object>
<object>
<name>text</name>
<bndbox>
<x1>890</x1>
<y1>517</y1>
<x2>944</x2>
<y2>520</y2>
<x3>944</x3>
<y3>537</y3>
<x4>890</x4>
<y4>535</y4>
</bndbox>
</object>
<object>
<name>text</name>
<bndbox>
<x1>912</x1>
<y1>482</y1>
<x2>950</x2>
<y2>482</y2>
<x3>950</x3>
<y3>497</y3>
<x4>912</x4>
<y4>497</y4>
</bndbox>
</object>
<object>
<name>text</name>
<bndbox>
<x1>976</x1>
<y1>522</y1>
<x2>991</x2>
<y2>522</y2>
<x3>991</x3>
<y3>540</y3>
<x4>976</x4>
<y4>540</y4>
</bndbox>
</object>
</annotation>