<?xml version="1.0" ?>
<annotation>
<folder>JPEGImages</folder>
<filename>img_425.xml</filename>
<path>xxxx</path>
<source>
<database>Unknown</database>
<annotation>xxx</annotation>
<image>xxx</image>
<flickrid>0</flickrid>
</source>
<size>
<width>1280</width>
<height>720</height>
<depth>3</depth>
</size>
<segmented>0</segmented>
<object>
<name>text</name>
<bndbox>
<x1>1139</x1>
<y1>33</y1>
<x2>1261</x2>
<y2>22</y2>
<x3>1261</x3>
<y3>51</y3>
<x4>1139</x4>
<y4>63</y4>
</bndbox>
</object>
<object>
<name>text</name>
<bndbox>
<x1>825</x1>
<y1>91</y1>
<x2>877</x2>
<y2>85</y2>
<x3>880</x3>
<y3>111</y3>
<x4>827</x4>
<y4>117</y4>
</bndbox>
</object>
<object>
<name>text</name>
<bndbox>
<x1>836</x1>
<y1>184</y1>
<x2>883</x2>
<y2>184</y2>
<x3>884</x3>
<y3>207</y3>
<x4>837</x4>
<y4>207</y4>
</bndbox>
</object>
<object>
<name>text</name>
<bndbox>
<x1>653</x1>
<y1>107</y1>
<x2>724</x2>
<y2>98</y2>
<x3>729</x3>
<y3>140</y3>
<x4>657</x4>
<y4>148</y4>
</bndbox>
</object>
</annotation>