<?xml version="1.0" ?>
<annotation>
<folder>JPEGImages</folder>
<filename>img_199.xml</filename>
<path>xxxx</path>
<source>
<database>Unknown</database>
<annotation>xxx</annotation>
<image>xxx</image>
<flickrid>0</flickrid>
</source>
<size>
<width>1280</width>
<height>720</height>
<depth>3</depth>
</size>
<segmented>0</segmented>
<object>
<name>text</name>
<bndbox>
<x1>614</x1>
<y1>187</y1>
<x2>655</x2>
<y2>192</y2>
<x3>654</x3>
<y3>211</y3>
<x4>613</x4>
<y4>206</y4>
</bndbox>
</object>
<object>
<name>text</name>
<bndbox>
<x1>617</x1>
<y1>169</y1>
<x2>644</x2>
<y2>173</y2>
<x3>640</x3>
<y3>191</y3>
<x4>613</x4>
<y4>187</y4>
</bndbox>
</object>
<object>
<name>text</name>
<bndbox>
<x1>623</x1>
<y1>133</y1>
<x2>655</x2>
<y2>137</y2>
<x3>654</x3>
<y3>153</y3>
<x4>622</x4>
<y4>148</y4>
</bndbox>
</object>
<object>
<name>text</name>
<bndbox>
<x1>656</x1>
<y1>141</y1>
<x2>667</x2>
<y2>142</y2>
<x3>667</x3>
<y3>147</y3>
<x4>656</x4>
<y4>147</y4>
</bndbox>
</object>
<object>
<name>text</name>
<bndbox>
<x1>669</x1>
<y1>138</y1>
<x2>703</x2>
<y2>141</y2>
<x3>702</x3>
<y3>156</y3>
<x4>668</x4>
<y4>153</y4>
</bndbox>
</object>
<object>
<name>text</name>
<bndbox>
<x1>710</x1>
<y1>119</y1>
<x2>739</x2>
<y2>122</y2>
<x3>740</x3>
<y3>141</y3>
<x4>712</x4>
<y4>139</y4>
</bndbox>
</object>
<object>
<name>text</name>
<bndbox>
<x1>713</x1>
<y1>139</y1>
<x2>784</x2>
<y2>146</y2>
<x3>782</x3>
<y3>165</y3>
<x4>712</x4>
<y4>158</y4>
</bndbox>
</object>
<object>
<name>text</name>
<bndbox>
<x1>665</x1>
<y1>156</y1>
<x2>715</x2>
<y2>160</y2>
<x3>714</x3>
<y3>178</y3>
<x4>664</x4>
<y4>174</y4>
</bndbox>
</object>
<object>
<name>text</name>
<bndbox>
<x1>615</x1>
<y1>109</y1>
<x2>704</x2>
<y2>119</y2>
<x3>704</x3>
<y3>138</y3>
<x4>615</x4>
<y4>128</y4>
</bndbox>
</object>
<object>
<name>text</name>
<bndbox>
<x1>616</x1>
<y1>149</y1>
<x2>655</x2>
<y2>154</y2>
<x3>653</x3>
<y3>173</y3>
<x4>614</x4>
<y4>169</y4>
</bndbox>
</object>
<object>
<name>text</name>
<bndbox>
<x1>723</x1>
<y1>159</y1>
<x2>757</x2>
<y2>161</y2>
<x3>757</x3>
<y3>181</y3>
<x4>723</x4>
<y4>178</y4>
</bndbox>
</object>
<object>
<name>text</name>
<bndbox>
<x1>780</x1>
<y1>166</y1>
<x2>828</x2>
<y2>169</y2>
<x3>827</x3>
<y3>187</y3>
<x4>779</x4>
<y4>184</y4>
</bndbox>
</object>
<object>
<name>text</name>
<bndbox>
<x1>652</x1>
<y1>173</y1>
<x2>705</x2>
<y2>178</y2>
<x3>703</x3>
<y3>197</y3>
<x4>650</x4>
<y4>191</y4>
</bndbox>
</object>
<object>
<name>text</name>
<bndbox>
<x1>801</x1>
<y1>186</y1>
<x2>830</x2>
<y2>187</y2>
<x3>829</x3>
<y3>205</y3>
<x4>800</x4>
<y4>204</y4>
</bndbox>
</object>
<object>
<name>text</name>
<bndbox>
<x1>809</x1>
<y1>205</y1>
<x2>827</x2>
<y2>206</y2>
<x3>826</x3>
<y3>224</y3>
<x4>808</x4>
<y4>223</y4>
</bndbox>
</object>
<object>
<name>text</name>
<bndbox>
<x1>190</x1>
<y1>158</y1>
<x2>206</x2>
<y2>159</y2>
<x3>206</x3>
<y3>176</y3>
<x4>190</x4>
<y4>175</y4>
</bndbox>
</object>
<object>
<name>text</name>
<bndbox>
<x1>369</x1>
<y1>177</y1>
<x2>407</x2>
<y2>178</y2>
<x3>407</x3>
<y3>195</y3>
<x4>368</x4>
<y4>194</y4>
</bndbox>
</object>
<object>
<name>text</name>
<bndbox>
<x1>334</x1>
<y1>158</y1>
<x2>357</x2>
<y2>159</y2>
<x3>356</x3>
<y3>173</y3>
<x4>334</x4>
<y4>171</y4>
</bndbox>
</object>
<object>
<name>text</name>
<bndbox>
<x1>382</x1>
<y1>157</y1>
<x2>406</x2>
<y2>158</y2>
<x3>407</x3>
<y3>176</y3>
<x4>383</x4>
<y4>175</y4>
</bndbox>
</object>
<object>
<name>text</name>
<bndbox>
<x1>193</x1>
<y1>138</y1>
<x2>217</x2>
<y2>140</y2>
<x3>217</x3>
<y3>158</y3>
<x4>193</x4>
<y4>156</y4>
</bndbox>
</object>
<object>
<name>text</name>
<bndbox>
<x1>283</x1>
<y1>135</y1>
<x2>314</x2>
<y2>135</y2>
<x3>315</x3>
<y3>154</y3>
<x4>283</x4>
<y4>153</y4>
</bndbox>
</object>
<object>
<name>text</name>
<bndbox>
<x1>323</x1>
<y1>137</y1>
<x2>355</x2>
<y2>137</y2>
<x3>355</x3>
<y3>156</y3>
<x4>323</x4>
<y4>155</y4>
</bndbox>
</object>
<object>
<name>text</name>
<bndbox>
<x1>198</x1>
<y1>121</y1>
<x2>234</x2>
<y2>123</y2>
<x3>233</x3>
<y3>139</y3>
<x4>197</x4>
<y4>137</y4>
</bndbox>
</object>
<object>
<name>text</name>
<bndbox>
<x1>270</x1>
<y1>117</y1>
<x2>327</x2>
<y2>118</y2>
<x3>327</x3>
<y3>135</y3>
<x4>270</x4>
<y4>134</y4>
</bndbox>
</object>
<object>
<name>text</name>
<bndbox>
<x1>302</x1>
<y1>100</y1>
<x2>329</x2>
<y2>100</y2>
<x3>329</x3>
<y3>117</y3>
<x4>302</x4>
<y4>117</y4>
</bndbox>
</object>
</annotation>