<?xml version="1.0" ?>
<annotation>
<folder>JPEGImages</folder>
<filename>img_49.xml</filename>
<path>xxxx</path>
<source>
<database>Unknown</database>
<annotation>xxx</annotation>
<image>xxx</image>
<flickrid>0</flickrid>
</source>
<size>
<width>1280</width>
<height>720</height>
<depth>3</depth>
</size>
<segmented>0</segmented>
<object>
<name>text</name>
<bndbox>
<x1>817</x1>
<y1>30</y1>
<x2>840</x2>
<y2>32</y2>
<x3>837</x3>
<y3>50</y3>
<x4>814</x4>
<y4>47</y4>
</bndbox>
</object>
<object>
<name>text</name>
<bndbox>
<x1>734</x1>
<y1>20</y1>
<x2>765</x2>
<y2>25</y2>
<x3>762</x3>
<y3>44</y3>
<x4>730</x4>
<y4>40</y4>
</bndbox>
</object>
<object>
<name>text</name>
<bndbox>
<x1>186</x1>
<y1>407</y1>
<x2>234</x2>
<y2>372</y2>
<x3>234</x3>
<y3>431</y3>
<x4>186</x4>
<y4>469</y4>
</bndbox>
</object>
<object>
<name>text</name>
<bndbox>
<x1>242</x1>
<y1>367</y1>
<x2>284</x2>
<y2>335</y2>
<x3>284</x3>
<y3>385</y3>
<x4>240</x4>
<y4>424</y4>
</bndbox>
</object>
<object>
<name>text</name>
<bndbox>
<x1>290</x1>
<y1>332</y1>
<x2>338</x2>
<y2>300</y2>
<x3>336</x3>
<y3>342</y3>
<x4>287</x4>
<y4>383</y4>
</bndbox>
</object>
<object>
<name>text</name>
<bndbox>
<x1>195</x1>
<y1>259</y1>
<x2>347</x2>
<y2>204</y2>
<x3>341</x3>
<y3>290</y3>
<x4>191</x4>
<y4>384</y4>
</bndbox>
</object>
<object>
<name>text</name>
<bndbox>
<x1>204</x1>
<y1>64</y1>
<x2>276</x2>
<y2>70</y2>
<x3>274</x3>
<y3>112</y3>
<x4>202</x4>
<y4>112</y4>
</bndbox>
</object>
<object>
<name>text</name>
<bndbox>
<x1>201</x1>
<y1>127</y1>
<x2>383</x2>
<y2>114</y2>
<x3>379</x3>
<y3>183</y3>
<x4>196</x4>
<y4>243</y4>
</bndbox>
</object>
<object>
<name>text</name>
<bndbox>
<x1>276</x1>
<y1>72</y1>
<x2>306</x2>
<y2>73</y2>
<x3>304</x3>
<y3>109</y3>
<x4>273</x4>
<y4>110</y4>
</bndbox>
</object>
<object>
<name>text</name>
<bndbox>
<x1>772</x1>
<y1>23</y1>
<x2>810</x2>
<y2>27</y2>
<x3>806</x3>
<y3>48</y3>
<x4>769</x4>
<y4>45</y4>
</bndbox>
</object>
<object>
<name>text</name>
<bndbox>
<x1>852</x1>
<y1>0</y1>
<x2>876</x2>
<y2>3</y2>
<x3>872</x3>
<y3>19</y3>
<x4>849</x4>
<y4>16</y4>
</bndbox>
</object>
<object>
<name>text</name>
<bndbox>
<x1>1096</x1>
<y1>159</y1>
<x2>1154</x2>
<y2>169</y2>
<x3>1150</x3>
<y3>195</y3>
<x4>1093</x4>
<y4>185</y4>
</bndbox>
</object>
<object>
<name>text</name>
<bndbox>
<x1>1015</x1>
<y1>32</y1>
<x2>1261</x2>
<y2>2</y2>
<x3>1266</x3>
<y3>20</y3>
<x4>1020</x4>
<y4>50</y4>
</bndbox>
</object>
<object>
<name>text</name>
<bndbox>
<x1>1052</x1>
<y1>112</y1>
<x2>1100</x2>
<y2>115</y2>
<x3>1101</x3>
<y3>134</y3>
<x4>1053</x4>
<y4>131</y4>
</bndbox>
</object>
<object>
<name>text</name>
<bndbox>
<x1>1112</x1>
<y1>78</y1>
<x2>1175</x2>
<y2>75</y2>
<x3>1173</x3>
<y3>114</y3>
<x4>1110</x4>
<y4>117</y4>
</bndbox>
</object>
<object>
<name>text</name>
<bndbox>
<x1>749</x1>
<y1>0</y1>
<x2>846</x2>
<y2>3</y2>
<x3>846</x3>
<y3>22</y3>
<x4>730</x4>
<y4>5</y4>
</bndbox>
</object>
<object>
<name>text</name>
<bndbox>
<x1>170</x1>
<y1>608</y1>
<x2>229</x2>
<y2>535</y2>
<x3>235</x3>
<y3>568</y3>
<x4>176</x4>
<y4>641</y4>
</bndbox>
</object>
<object>
<name>text</name>
<bndbox>
<x1>1172</x1>
<y1>117</y1>
<x2>1199</x2>
<y2>120</y2>
<x3>1197</x3>
<y3>139</y3>
<x4>1170</x4>
<y4>136</y4>
</bndbox>
</object>
</annotation>