<?xml version="1.0" ?>
<annotation>
<folder>JPEGImages</folder>
<filename>img_382.xml</filename>
<path>xxxx</path>
<source>
<database>Unknown</database>
<annotation>xxx</annotation>
<image>xxx</image>
<flickrid>0</flickrid>
</source>
<size>
<width>1280</width>
<height>720</height>
<depth>3</depth>
</size>
<segmented>0</segmented>
<object>
<name>text</name>
<bndbox>
<x1>469</x1>
<y1>131</y1>
<x2>541</x2>
<y2>140</y2>
<x3>543</x3>
<y3>163</y3>
<x4>471</x4>
<y4>153</y4>
</bndbox>
</object>
<object>
<name>text</name>
<bndbox>
<x1>683</x1>
<y1>141</y1>
<x2>771</x2>
<y2>120</y2>
<x3>775</x3>
<y3>145</y3>
<x4>687</x4>
<y4>166</y4>
</bndbox>
</object>
<object>
<name>text</name>
<bndbox>
<x1>846</x1>
<y1>99</y1>
<x2>949</x2>
<y2>74</y2>
<x3>953</x3>
<y3>102</y3>
<x4>851</x4>
<y4>127</y4>
</bndbox>
</object>
<object>
<name>text</name>
<bndbox>
<x1>1043</x1>
<y1>46</y1>
<x2>1169</x2>
<y2>14</y2>
<x3>1177</x3>
<y3>47</y3>
<x4>1051</x4>
<y4>80</y4>
</bndbox>
</object>
<object>
<name>text</name>
<bndbox>
<x1>709</x1>
<y1>187</y1>
<x2>790</x2>
<y2>172</y2>
<x3>794</x3>
<y3>196</y3>
<x4>713</x4>
<y4>211</y4>
</bndbox>
</object>
<object>
<name>text</name>
<bndbox>
<x1>877</x1>
<y1>150</y1>
<x2>973</x2>
<y2>130</y2>
<x3>978</x3>
<y3>158</y3>
<x4>883</x4>
<y4>178</y4>
</bndbox>
</object>
<object>
<name>text</name>
<bndbox>
<x1>119</x1>
<y1>207</y1>
<x2>181</x2>
<y2>206</y2>
<x3>184</x3>
<y3>235</y3>
<x4>122</x4>
<y4>235</y4>
</bndbox>
</object>
</annotation>