<?xml version="1.0" ?>
<annotation>
<folder>JPEGImages</folder>
<filename>img_19.xml</filename>
<path>xxxx</path>
<source>
<database>Unknown</database>
<annotation>xxx</annotation>
<image>xxx</image>
<flickrid>0</flickrid>
</source>
<size>
<width>1280</width>
<height>720</height>
<depth>3</depth>
</size>
<segmented>0</segmented>
<object>
<name>text</name>
<bndbox>
<x1>1</x1>
<y1>358</y1>
<x2>149</x2>
<y2>312</y2>
<x3>149</x3>
<y3>418</y3>
<x4>1</x4>
<y4>464</y4>
</bndbox>
</object>
<object>
<name>text</name>
<bndbox>
<x1>193</x1>
<y1>319</y1>
<x2>363</x2>
<y2>262</y2>
<x3>354</x3>
<y3>353</y3>
<x4>184</x4>
<y4>411</y4>
</bndbox>
</object>
<object>
<name>text</name>
<bndbox>
<x1>70</x1>
<y1>102</y1>
<x2>276</x2>
<y2>89</y2>
<x3>254</x3>
<y3>227</y3>
<x4>47</x4>
<y4>241</y4>
</bndbox>
</object>
<object>
<name>text</name>
<bndbox>
<x1>287</x1>
<y1>142</y1>
<x2>432</x2>
<y2>143</y2>
<x3>418</x3>
<y3>227</y3>
<x4>273</x4>
<y4>226</y4>
</bndbox>
</object>
<object>
<name>text</name>
<bndbox>
<x1>433</x1>
<y1>155</y1>
<x2>502</x2>
<y2>154</y2>
<x3>490</x3>
<y3>225</y3>
<x4>421</x4>
<y4>226</y4>
</bndbox>
</object>
</annotation>