<?xml version="1.0" ?>
<annotation>
<folder>JPEGImages</folder>
<filename>img_198.xml</filename>
<path>xxxx</path>
<source>
<database>Unknown</database>
<annotation>xxx</annotation>
<image>xxx</image>
<flickrid>0</flickrid>
</source>
<size>
<width>1280</width>
<height>720</height>
<depth>3</depth>
</size>
<segmented>0</segmented>
<object>
<name>text</name>
<bndbox>
<x1>470</x1>
<y1>240</y1>
<x2>562</x2>
<y2>242</y2>
<x3>560</x3>
<y3>272</y3>
<x4>468</x4>
<y4>270</y4>
</bndbox>
</object>
<object>
<name>text</name>
<bndbox>
<x1>484</x1>
<y1>263</y1>
<x2>539</x2>
<y2>264</y2>
<x3>539</x3>
<y3>280</y3>
<x4>484</x4>
<y4>279</y4>
</bndbox>
</object>
<object>
<name>text</name>
<bndbox>
<x1>486</x1>
<y1>289</y1>
<x2>543</x2>
<y2>290</y2>
<x3>542</x3>
<y3>304</y3>
<x4>485</x4>
<y4>303</y4>
</bndbox>
</object>
<object>
<name>text</name>
<bndbox>
<x1>888</x1>
<y1>76</y1>
<x2>942</x2>
<y2>75</y2>
<x3>941</x3>
<y3>87</y3>
<x4>887</x4>
<y4>88</y4>
</bndbox>
</object>
<object>
<name>text</name>
<bndbox>
<x1>943</x1>
<y1>71</y1>
<x2>978</x2>
<y2>72</y2>
<x3>977</x3>
<y3>88</y3>
<x4>943</x4>
<y4>87</y4>
</bndbox>
</object>
<object>
<name>text</name>
<bndbox>
<x1>978</x1>
<y1>73</y1>
<x2>1017</x2>
<y2>71</y2>
<x3>1017</x3>
<y3>85</y3>
<x4>978</x4>
<y4>87</y4>
</bndbox>
</object>
<object>
<name>text</name>
<bndbox>
<x1>90</x1>
<y1>87</y1>
<x2>112</x2>
<y2>87</y2>
<x3>112</x3>
<y3>100</y3>
<x4>89</x4>
<y4>100</y4>
</bndbox>
</object>
<object>
<name>text</name>
<bndbox>
<x1>93</x1>
<y1>103</y1>
<x2>112</x2>
<y2>103</y2>
<x3>113</x3>
<y3>115</y3>
<x4>94</x4>
<y4>115</y4>
</bndbox>
</object>
<object>
<name>text</name>
<bndbox>
<x1>96</x1>
<y1>120</y1>
<x2>113</x2>
<y2>121</y2>
<x3>114</x3>
<y3>131</y3>
<x4>97</x4>
<y4>130</y4>
</bndbox>
</object>
<object>
<name>text</name>
<bndbox>
<x1>99</x1>
<y1>132</y1>
<x2>113</x2>
<y2>133</y2>
<x3>112</x3>
<y3>145</y3>
<x4>98</x4>
<y4>145</y4>
</bndbox>
</object>
</annotation>