<?xml version="1.0" ?>
<annotation>
<folder>JPEGImages</folder>
<filename>img_439.xml</filename>
<path>xxxx</path>
<source>
<database>Unknown</database>
<annotation>xxx</annotation>
<image>xxx</image>
<flickrid>0</flickrid>
</source>
<size>
<width>1280</width>
<height>720</height>
<depth>3</depth>
</size>
<segmented>0</segmented>
<object>
<name>text</name>
<bndbox>
<x1>261</x1>
<y1>366</y1>
<x2>335</x2>
<y2>363</y2>
<x3>335</x3>
<y3>380</y3>
<x4>261</x4>
<y4>383</y4>
</bndbox>
</object>
<object>
<name>text</name>
<bndbox>
<x1>257</x1>
<y1>385</y1>
<x2>337</x2>
<y2>380</y2>
<x3>338</x3>
<y3>390</y3>
<x4>258</x4>
<y4>395</y4>
</bndbox>
</object>
<object>
<name>text</name>
<bndbox>
<x1>620</x1>
<y1>325</y1>
<x2>658</x2>
<y2>313</y2>
<x3>658</x3>
<y3>327</y3>
<x4>620</x4>
<y4>340</y4>
</bndbox>
</object>
<object>
<name>text</name>
<bndbox>
<x1>618</x1>
<y1>342</y1>
<x2>672</x2>
<y2>321</y2>
<x3>675</x3>
<y3>333</y3>
<x4>620</x4>
<y4>354</y4>
</bndbox>
</object>
<object>
<name>text</name>
<bndbox>
<x1>619</x1>
<y1>154</y1>
<x2>639</x2>
<y2>153</y2>
<x3>638</x3>
<y3>170</y3>
<x4>619</x4>
<y4>171</y4>
</bndbox>
</object>
<object>
<name>text</name>
<bndbox>
<x1>621</x1>
<y1>353</y1>
<x2>671</x2>
<y2>349</y2>
<x3>671</x3>
<y3>363</y3>
<x4>621</x4>
<y4>367</y4>
</bndbox>
</object>
<object>
<name>text</name>
<bndbox>
<x1>273</x1>
<y1>12</y1>
<x2>374</x2>
<y2>23</y2>
<x3>374</x3>
<y3>43</y3>
<x4>272</x4>
<y4>20</y4>
</bndbox>
</object>
<object>
<name>text</name>
<bndbox>
<x1>839</x1>
<y1>352</y1>
<x2>861</x2>
<y2>358</y2>
<x3>858</x3>
<y3>371</y3>
<x4>835</x4>
<y4>365</y4>
</bndbox>
</object>
<object>
<name>text</name>
<bndbox>
<x1>285</x1>
<y1>0</y1>
<x2>381</x2>
<y2>5</y2>
<x3>385</x3>
<y3>20</y3>
<x4>284</x4>
<y4>9</y4>
</bndbox>
</object>
</annotation>