<?xml version="1.0" ?>
<annotation>
<folder>JPEGImages</folder>
<filename>img_289.xml</filename>
<path>xxxx</path>
<source>
<database>Unknown</database>
<annotation>xxx</annotation>
<image>xxx</image>
<flickrid>0</flickrid>
</source>
<size>
<width>1280</width>
<height>720</height>
<depth>3</depth>
</size>
<segmented>0</segmented>
<object>
<name>text</name>
<bndbox>
<x1>1007</x1>
<y1>51</y1>
<x2>1110</x2>
<y2>58</y2>
<x3>1103</x3>
<y3>86</y3>
<x4>1001</x4>
<y4>79</y4>
</bndbox>
</object>
<object>
<name>text</name>
<bndbox>
<x1>573</x1>
<y1>194</y1>
<x2>633</x2>
<y2>209</y2>
<x3>618</x3>
<y3>267</y3>
<x4>558</x4>
<y4>251</y4>
</bndbox>
</object>
<object>
<name>text</name>
<bndbox>
<x1>806</x1>
<y1>273</y1>
<x2>896</x2>
<y2>287</y2>
<x3>890</x3>
<y3>315</y3>
<x4>800</x4>
<y4>301</y4>
</bndbox>
</object>
<object>
<name>text</name>
<bndbox>
<x1>1137</x1>
<y1>330</y1>
<x2>1189</x2>
<y2>337</y2>
<x3>1186</x3>
<y3>354</y3>
<x4>1135</x4>
<y4>347</y4>
</bndbox>
</object>
<object>
<name>text</name>
<bndbox>
<x1>1221</x1>
<y1>345</y1>
<x2>1263</x2>
<y2>351</y2>
<x3>1261</x3>
<y3>365</y3>
<x4>1219</x4>
<y4>359</y4>
</bndbox>
</object>
<object>
<name>text</name>
<bndbox>
<x1>619</x1>
<y1>246</y1>
<x2>727</x2>
<y2>263</y2>
<x3>721</x3>
<y3>292</y3>
<x4>613</x4>
<y4>275</y4>
</bndbox>
</object>
<object>
<name>text</name>
<bndbox>
<x1>1101</x1>
<y1>230</y1>
<x2>1236</x2>
<y2>219</y2>
<x3>1238</x3>
<y3>239</y3>
<x4>1103</x4>
<y4>250</y4>
</bndbox>
</object>
<object>
<name>text</name>
<bndbox>
<x1>1100</x1>
<y1>125</y1>
<x2>1111</x2>
<y2>126</y2>
<x3>1105</x3>
<y3>145</y3>
<x4>1093</x4>
<y4>144</y4>
</bndbox>
</object>
<object>
<name>text</name>
<bndbox>
<x1>839</x1>
<y1>38</y1>
<x2>939</x2>
<y2>45</y2>
<x3>934</x3>
<y3>66</y3>
<x4>835</x4>
<y4>59</y4>
</bndbox>
</object>
<object>
<name>text</name>
<bndbox>
<x1>758</x1>
<y1>36</y1>
<x2>794</x2>
<y2>37</y2>
<x3>790</x3>
<y3>59</y3>
<x4>755</x4>
<y4>58</y4>
</bndbox>
</object>
<object>
<name>text</name>
<bndbox>
<x1>895</x1>
<y1>64</y1>
<x2>934</x2>
<y2>65</y2>
<x3>932</x3>
<y3>74</y3>
<x4>893</x4>
<y4>72</y4>
</bndbox>
</object>
<object>
<name>text</name>
<bndbox>
<x1>1023</x1>
<y1>77</y1>
<x2>1076</x2>
<y2>81</y2>
<x3>1076</x3>
<y3>89</y3>
<x4>1023</x4>
<y4>84</y4>
</bndbox>
</object>
<object>
<name>text</name>
<bndbox>
<x1>908</x1>
<y1>106</y1>
<x2>921</x2>
<y2>106</y2>
<x3>918</x3>
<y3>119</y3>
<x4>906</x4>
<y4>119</y4>
</bndbox>
</object>
<object>
<name>text</name>
<bndbox>
<x1>417</x1>
<y1>148</y1>
<x2>443</x2>
<y2>153</y2>
<x3>442</x3>
<y3>162</y3>
<x4>416</x4>
<y4>157</y4>
</bndbox>
</object>
</annotation>