<?xml version="1.0" ?>
<annotation>
<folder>JPEGImages</folder>
<filename>img_307.xml</filename>
<path>xxxx</path>
<source>
<database>Unknown</database>
<annotation>xxx</annotation>
<image>xxx</image>
<flickrid>0</flickrid>
</source>
<size>
<width>1280</width>
<height>720</height>
<depth>3</depth>
</size>
<segmented>0</segmented>
<object>
<name>text</name>
<bndbox>
<x1>151</x1>
<y1>501</y1>
<x2>239</x2>
<y2>474</y2>
<x3>248</x3>
<y3>499</y3>
<x4>160</x4>
<y4>526</y4>
</bndbox>
</object>
<object>
<name>text</name>
<bndbox>
<x1>442</x1>
<y1>75</y1>
<x2>500</x2>
<y2>68</y2>
<x3>500</x3>
<y3>81</y3>
<x4>442</x4>
<y4>88</y4>
</bndbox>
</object>
<object>
<name>text</name>
<bndbox>
<x1>470</x1>
<y1>82</y1>
<x2>497</x2>
<y2>79</y2>
<x3>498</x3>
<y3>92</y3>
<x4>471</x4>
<y4>95</y4>
</bndbox>
</object>
<object>
<name>text</name>
<bndbox>
<x1>1132</x1>
<y1>315</y1>
<x2>1184</x2>
<y2>307</y2>
<x3>1185</x3>
<y3>332</y3>
<x4>1133</x4>
<y4>340</y4>
</bndbox>
</object>
<object>
<name>text</name>
<bndbox>
<x1>374</x1>
<y1>228</y1>
<x2>388</x2>
<y2>228</y2>
<x3>389</x3>
<y3>247</y3>
<x4>375</x4>
<y4>247</y4>
</bndbox>
</object>
<object>
<name>text</name>
<bndbox>
<x1>367</x1>
<y1>248</y1>
<x2>389</x2>
<y2>245</y2>
<x3>392</x3>
<y3>264</y3>
<x4>369</x4>
<y4>267</y4>
</bndbox>
</object>
<object>
<name>text</name>
<bndbox>
<x1>374</x1>
<y1>266</y1>
<x2>394</x2>
<y2>262</y2>
<x3>394</x3>
<y3>281</y3>
<x4>375</x4>
<y4>285</y4>
</bndbox>
</object>
<object>
<name>text</name>
<bndbox>
<x1>805</x1>
<y1>164</y1>
<x2>823</x2>
<y2>158</y2>
<x3>824</x3>
<y3>169</y3>
<x4>806</x4>
<y4>175</y4>
</bndbox>
</object>
<object>
<name>text</name>
<bndbox>
<x1>844</x1>
<y1>152</y1>
<x2>881</x2>
<y2>142</y2>
<x3>882</x3>
<y3>157</y3>
<x4>846</x4>
<y4>167</y4>
</bndbox>
</object>
</annotation>