<?xml version="1.0" ?>
<annotation>
<folder>JPEGImages</folder>
<filename>img_260.xml</filename>
<path>xxxx</path>
<source>
<database>Unknown</database>
<annotation>xxx</annotation>
<image>xxx</image>
<flickrid>0</flickrid>
</source>
<size>
<width>1280</width>
<height>720</height>
<depth>3</depth>
</size>
<segmented>0</segmented>
<object>
<name>text</name>
<bndbox>
<x1>1089</x1>
<y1>421</y1>
<x2>1277</x2>
<y2>441</y2>
<x3>1278</x3>
<y3>480</y3>
<x4>1090</x4>
<y4>460</y4>
</bndbox>
</object>
<object>
<name>text</name>
<bndbox>
<x1>1070</x1>
<y1>378</y1>
<x2>1109</x2>
<y2>380</y2>
<x3>1110</x3>
<y3>408</y3>
<x4>1070</x4>
<y4>405</y4>
</bndbox>
</object>
<object>
<name>text</name>
<bndbox>
<x1>1027</x1>
<y1>314</y1>
<x2>1038</x2>
<y2>315</y2>
<x3>1038</x3>
<y3>340</y3>
<x4>1027</x4>
<y4>339</y4>
</bndbox>
</object>
<object>
<name>text</name>
<bndbox>
<x1>1036</x1>
<y1>313</y1>
<x2>1139</x2>
<y2>319</y2>
<x3>1140</x3>
<y3>346</y3>
<x4>1037</x4>
<y4>340</y4>
</bndbox>
</object>
<object>
<name>text</name>
<bndbox>
<x1>1142</x1>
<y1>320</y1>
<x2>1182</x2>
<y2>321</y2>
<x3>1182</x3>
<y3>347</y3>
<x4>1142</x4>
<y4>346</y4>
</bndbox>
</object>
<object>
<name>text</name>
<bndbox>
<x1>1030</x1>
<y1>237</y1>
<x2>1135</x2>
<y2>237</y2>
<x3>1134</x3>
<y3>247</y3>
<x4>1030</x4>
<y4>246</y4>
</bndbox>
</object>
<object>
<name>text</name>
<bndbox>
<x1>1183</x1>
<y1>320</y1>
<x2>1274</x2>
<y2>322</y2>
<x3>1274</x3>
<y3>349</y3>
<x4>1184</x4>
<y4>347</y4>
</bndbox>
</object>
<object>
<name>text</name>
<bndbox>
<x1>968</x1>
<y1>220</y1>
<x2>1141</x2>
<y2>218</y2>
<x3>1139</x3>
<y3>239</y3>
<x4>966</x4>
<y4>240</y4>
</bndbox>
</object>
<object>
<name>text</name>
<bndbox>
<x1>1027</x1>
<y1>347</y1>
<x2>1120</x2>
<y2>350</y2>
<x3>1119</x3>
<y3>369</y3>
<x4>1026</x4>
<y4>366</y4>
</bndbox>
</object>
<object>
<name>text</name>
<bndbox>
<x1>1121</x1>
<y1>346</y1>
<x2>1180</x2>
<y2>347</y2>
<x3>1180</x3>
<y3>372</y3>
<x4>1121</x4>
<y4>371</y4>
</bndbox>
</object>
<object>
<name>text</name>
<bndbox>
<x1>1179</x1>
<y1>346</y1>
<x2>1273</x2>
<y2>350</y2>
<x3>1277</x3>
<y3>378</y3>
<x4>1183</x4>
<y4>375</y4>
</bndbox>
</object>
<object>
<name>text</name>
<bndbox>
<x1>1028</x1>
<y1>373</y1>
<x2>1067</x2>
<y2>376</y2>
<x3>1067</x3>
<y3>399</y3>
<x4>1027</x4>
<y4>396</y4>
</bndbox>
</object>
<object>
<name>text</name>
<bndbox>
<x1>1112</x1>
<y1>375</y1>
<x2>1190</x2>
<y2>381</y2>
<x3>1190</x3>
<y3>411</y3>
<x4>1112</x4>
<y4>405</y4>
</bndbox>
</object>
<object>
<name>text</name>
<bndbox>
<x1>1090</x1>
<y1>461</y1>
<x2>1275</x2>
<y2>480</y2>
<x3>1274</x3>
<y3>502</y3>
<x4>1089</x4>
<y4>482</y4>
</bndbox>
</object>
<object>
<name>text</name>
<bndbox>
<x1>1090</x1>
<y1>483</y1>
<x2>1131</x2>
<y2>489</y2>
<x3>1131</x3>
<y3>500</y3>
<x4>1090</x4>
<y4>494</y4>
</bndbox>
</object>
<object>
<name>text</name>
<bndbox>
<x1>1133</x1>
<y1>487</y1>
<x2>1193</x2>
<y2>496</y2>
<x3>1190</x3>
<y3>507</y3>
<x4>1131</x4>
<y4>499</y4>
</bndbox>
</object>
<object>
<name>text</name>
<bndbox>
<x1>1189</x1>
<y1>493</y1>
<x2>1275</x2>
<y2>503</y2>
<x3>1274</x3>
<y3>515</y3>
<x4>1188</x4>
<y4>505</y4>
</bndbox>
</object>
<object>
<name>text</name>
<bndbox>
<x1>185</x1>
<y1>340</y1>
<x2>231</x2>
<y2>344</y2>
<x3>230</x3>
<y3>357</y3>
<x4>185</x4>
<y4>354</y4>
</bndbox>
</object>
<object>
<name>text</name>
<bndbox>
<x1>206</x1>
<y1>305</y1>
<x2>244</x2>
<y2>306</y2>
<x3>244</x3>
<y3>315</y3>
<x4>206</x4>
<y4>315</y4>
</bndbox>
</object>
<object>
<name>text</name>
<bndbox>
<x1>208</x1>
<y1>291</y1>
<x2>230</x2>
<y2>291</y2>
<x3>230</x3>
<y3>300</y3>
<x4>208</x4>
<y4>301</y4>
</bndbox>
</object>
<object>
<name>text</name>
<bndbox>
<x1>549</x1>
<y1>183</y1>
<x2>624</x2>
<y2>178</y2>
<x3>624</x3>
<y3>186</y3>
<x4>549</x4>
<y4>191</y4>
</bndbox>
</object>
<object>
<name>text</name>
<bndbox>
<x1>547</x1>
<y1>172</y1>
<x2>626</x2>
<y2>167</y2>
<x3>626</x3>
<y3>176</y3>
<x4>547</x4>
<y4>182</y4>
</bndbox>
</object>
<object>
<name>text</name>
<bndbox>
<x1>868</x1>
<y1>146</y1>
<x2>945</x2>
<y2>140</y2>
<x3>945</x3>
<y3>151</y3>
<x4>868</x4>
<y4>157</y4>
</bndbox>
</object>
<object>
<name>text</name>
<bndbox>
<x1>862</x1>
<y1>159</y1>
<x2>942</x2>
<y2>153</y2>
<x3>944</x3>
<y3>163</y3>
<x4>864</x4>
<y4>169</y4>
</bndbox>
</object>
</annotation>