<?xml version="1.0" ?>
<annotation>
<folder>JPEGImages</folder>
<filename>img_384.xml</filename>
<path>xxxx</path>
<source>
<database>Unknown</database>
<annotation>xxx</annotation>
<image>xxx</image>
<flickrid>0</flickrid>
</source>
<size>
<width>1280</width>
<height>720</height>
<depth>3</depth>
</size>
<segmented>0</segmented>
<object>
<name>text</name>
<bndbox>
<x1>446</x1>
<y1>347</y1>
<x2>483</x2>
<y2>342</y2>
<x3>485</x3>
<y3>358</y3>
<x4>447</x4>
<y4>364</y4>
</bndbox>
</object>
<object>
<name>text</name>
<bndbox>
<x1>261</x1>
<y1>252</y1>
<x2>315</x2>
<y2>250</y2>
<x3>316</x3>
<y3>276</y3>
<x4>262</x4>
<y4>278</y4>
</bndbox>
</object>
<object>
<name>text</name>
<bndbox>
<x1>460</x1>
<y1>305</y1>
<x2>512</x2>
<y2>300</y2>
<x3>513</x3>
<y3>316</y3>
<x4>461</x4>
<y4>320</y4>
</bndbox>
</object>
<object>
<name>text</name>
<bndbox>
<x1>709</x1>
<y1>241</y1>
<x2>755</x2>
<y2>239</y2>
<x3>756</x3>
<y3>262</y3>
<x4>710</x4>
<y4>264</y4>
</bndbox>
</object>
<object>
<name>text</name>
<bndbox>
<x1>606</x1>
<y1>28</y1>
<x2>650</x2>
<y2>39</y2>
<x3>650</x3>
<y3>60</y3>
<x4>606</x4>
<y4>49</y4>
</bndbox>
</object>
<object>
<name>text</name>
<bndbox>
<x1>651</x1>
<y1>41</y1>
<x2>705</x2>
<y2>56</y2>
<x3>705</x3>
<y3>76</y3>
<x4>651</x4>
<y4>61</y4>
</bndbox>
</object>
</annotation>