<?xml version="1.0" ?>
<annotation>
<folder>JPEGImages</folder>
<filename>img_183.xml</filename>
<path>xxxx</path>
<source>
<database>Unknown</database>
<annotation>xxx</annotation>
<image>xxx</image>
<flickrid>0</flickrid>
</source>
<size>
<width>1280</width>
<height>720</height>
<depth>3</depth>
</size>
<segmented>0</segmented>
<object>
<name>text</name>
<bndbox>
<x1>326</x1>
<y1>372</y1>
<x2>666</x2>
<y2>364</y2>
<x3>657</x3>
<y3>447</y3>
<x4>317</x4>
<y4>455</y4>
</bndbox>
</object>
<object>
<name>text</name>
<bndbox>
<x1>877</x1>
<y1>129</y1>
<x2>908</x2>
<y2>127</y2>
<x3>908</x3>
<y3>135</y3>
<x4>877</x4>
<y4>136</y4>
</bndbox>
</object>
<object>
<name>text</name>
<bndbox>
<x1>910</x1>
<y1>126</y1>
<x2>929</x2>
<y2>126</y2>
<x3>929</x3>
<y3>134</y3>
<x4>910</x4>
<y4>134</y4>
</bndbox>
</object>
</annotation>