<?xml version="1.0" ?>
<annotation>
<folder>JPEGImages</folder>
<filename>img_329.xml</filename>
<path>xxxx</path>
<source>
<database>Unknown</database>
<annotation>xxx</annotation>
<image>xxx</image>
<flickrid>0</flickrid>
</source>
<size>
<width>1280</width>
<height>720</height>
<depth>3</depth>
</size>
<segmented>0</segmented>
<object>
<name>text</name>
<bndbox>
<x1>731</x1>
<y1>63</y1>
<x2>885</x2>
<y2>55</y2>
<x3>884</x3>
<y3>104</y3>
<x4>730</x4>
<y4>112</y4>
</bndbox>
</object>
<object>
<name>text</name>
<bndbox>
<x1>748</x1>
<y1>109</y1>
<x2>859</x2>
<y2>106</y2>
<x3>859</x3>
<y3>121</y3>
<x4>748</x4>
<y4>125</y4>
</bndbox>
</object>
<object>
<name>text</name>
<bndbox>
<x1>491</x1>
<y1>168</y1>
<x2>515</x2>
<y2>168</y2>
<x3>514</x3>
<y3>181</y3>
<x4>490</x4>
<y4>180</y4>
</bndbox>
</object>
<object>
<name>text</name>
<bndbox>
<x1>339</x1>
<y1>270</y1>
<x2>376</x2>
<y2>269</y2>
<x3>375</x3>
<y3>294</y3>
<x4>339</x4>
<y4>296</y4>
</bndbox>
</object>
<object>
<name>text</name>
<bndbox>
<x1>931</x1>
<y1>281</y1>
<x2>963</x2>
<y2>281</y2>
<x3>963</x3>
<y3>293</y3>
<x4>931</x4>
<y4>293</y4>
</bndbox>
</object>
<object>
<name>text</name>
<bndbox>
<x1>813</x1>
<y1>222</y1>
<x2>857</x2>
<y2>221</y2>
<x3>857</x3>
<y3>234</y3>
<x4>813</x4>
<y4>235</y4>
</bndbox>
</object>
<object>
<name>text</name>
<bndbox>
<x1>552</x1>
<y1>206</y1>
<x2>599</x2>
<y2>206</y2>
<x3>599</x3>
<y3>223</y3>
<x4>552</x4>
<y4>223</y4>
</bndbox>
</object>
<object>
<name>text</name>
<bndbox>
<x1>0</x1>
<y1>109</y1>
<x2>95</x2>
<y2>104</y2>
<x3>100</x3>
<y3>139</y3>
<x4>2</x4>
<y4>143</y4>
</bndbox>
</object>
<object>
<name>text</name>
<bndbox>
<x1>514</x1>
<y1>0</y1>
<x2>536</x2>
<y2>15</y2>
<x3>535</x3>
<y3>32</y3>
<x4>489</x4>
<y4>2</y4>
</bndbox>
</object>
<object>
<name>text</name>
<bndbox>
<x1>339</x1>
<y1>212</y1>
<x2>358</x2>
<y2>213</y2>
<x3>356</x3>
<y3>349</y3>
<x4>334</x4>
<y4>354</y4>
</bndbox>
</object>
<object>
<name>text</name>
<bndbox>
<x1>1257</x1>
<y1>298</y1>
<x2>1276</x2>
<y2>298</y2>
<x3>1275</x3>
<y3>316</y3>
<x4>1257</x4>
<y4>318</y4>
</bndbox>
</object>
<object>
<name>text</name>
<bndbox>
<x1>644</x1>
<y1>275</y1>
<x2>671</x2>
<y2>277</y2>
<x3>670</x3>
<y3>287</y3>
<x4>644</x4>
<y4>286</y4>
</bndbox>
</object>
</annotation>