<?xml version="1.0" ?>
<annotation>
<folder>JPEGImages</folder>
<filename>img_169.xml</filename>
<path>xxxx</path>
<source>
<database>Unknown</database>
<annotation>xxx</annotation>
<image>xxx</image>
<flickrid>0</flickrid>
</source>
<size>
<width>1280</width>
<height>720</height>
<depth>3</depth>
</size>
<segmented>0</segmented>
<object>
<name>text</name>
<bndbox>
<x1>70</x1>
<y1>130</y1>
<x2>118</x2>
<y2>130</y2>
<x3>117</x3>
<y3>152</y3>
<x4>69</x4>
<y4>152</y4>
</bndbox>
</object>
<object>
<name>text</name>
<bndbox>
<x1>365</x1>
<y1>416</y1>
<x2>438</x2>
<y2>425</y2>
<x3>440</x3>
<y3>446</y3>
<x4>366</x4>
<y4>437</y4>
</bndbox>
</object>
<object>
<name>text</name>
<bndbox>
<x1>854</x1>
<y1>145</y1>
<x2>877</x2>
<y2>143</y2>
<x3>877</x3>
<y3>150</y3>
<x4>854</x4>
<y4>152</y4>
</bndbox>
</object>
<object>
<name>text</name>
<bndbox>
<x1>876</x1>
<y1>142</y1>
<x2>887</x2>
<y2>143</y2>
<x3>886</x3>
<y3>151</y3>
<x4>875</x4>
<y4>150</y4>
</bndbox>
</object>
<object>
<name>text</name>
<bndbox>
<x1>885</x1>
<y1>142</y1>
<x2>900</x2>
<y2>142</y2>
<x3>901</x3>
<y3>150</y3>
<x4>886</x4>
<y4>150</y4>
</bndbox>
</object>
<object>
<name>text</name>
<bndbox>
<x1>900</x1>
<y1>140</y1>
<x2>916</x2>
<y2>140</y2>
<x3>916</x3>
<y3>149</y3>
<x4>900</x4>
<y4>150</y4>
</bndbox>
</object>
<object>
<name>text</name>
<bndbox>
<x1>20</x1>
<y1>194</y1>
<x2>57</x2>
<y2>193</y2>
<x3>58</x3>
<y3>209</y3>
<x4>21</x4>
<y4>210</y4>
</bndbox>
</object>
</annotation>