<?xml version="1.0" ?>
<annotation>
<folder>JPEGImages</folder>
<filename>img_147.xml</filename>
<path>xxxx</path>
<source>
<database>Unknown</database>
<annotation>xxx</annotation>
<image>xxx</image>
<flickrid>0</flickrid>
</source>
<size>
<width>1280</width>
<height>720</height>
<depth>3</depth>
</size>
<segmented>0</segmented>
<object>
<name>text</name>
<bndbox>
<x1>737</x1>
<y1>150</y1>
<x2>765</x2>
<y2>152</y2>
<x3>765</x3>
<y3>164</y3>
<x4>737</x4>
<y4>162</y4>
</bndbox>
</object>
<object>
<name>text</name>
<bndbox>
<x1>604</x1>
<y1>139</y1>
<x2>685</x2>
<y2>144</y2>
<x3>684</x3>
<y3>158</y3>
<x4>603</x4>
<y4>153</y4>
</bndbox>
</object>
<object>
<name>text</name>
<bndbox>
<x1>1152</x1>
<y1>538</y1>
<x2>1210</x2>
<y2>543</y2>
<x3>1212</x3>
<y3>561</y3>
<x4>1154</x4>
<y4>556</y4>
</bndbox>
</object>
<object>
<name>text</name>
<bndbox>
<x1>1212</x1>
<y1>542</y1>
<x2>1241</x2>
<y2>543</y2>
<x3>1241</x3>
<y3>560</y3>
<x4>1212</x4>
<y4>558</y4>
</bndbox>
</object>
<object>
<name>text</name>
<bndbox>
<x1>1242</x1>
<y1>541</y1>
<x2>1277</x2>
<y2>543</y2>
<x3>1278</x3>
<y3>563</y3>
<x4>1243</x4>
<y4>561</y4>
</bndbox>
</object>
<object>
<name>text</name>
<bndbox>
<x1>247</x1>
<y1>381</y1>
<x2>317</x2>
<y2>386</y2>
<x3>316</x3>
<y3>405</y3>
<x4>246</x4>
<y4>400</y4>
</bndbox>
</object>
<object>
<name>text</name>
<bndbox>
<x1>1156</x1>
<y1>561</y1>
<x2>1279</x2>
<y2>565</y2>
<x3>1279</x3>
<y3>587</y3>
<x4>1156</x4>
<y4>583</y4>
</bndbox>
</object>
<object>
<name>text</name>
<bndbox>
<x1>158</x1>
<y1>376</y1>
<x2>246</x2>
<y2>382</y2>
<x3>246</x3>
<y3>398</y3>
<x4>158</x4>
<y4>393</y4>
</bndbox>
</object>
<object>
<name>text</name>
<bndbox>
<x1>1060</x1>
<y1>168</y1>
<x2>1179</x2>
<y2>176</y2>
<x3>1178</x3>
<y3>188</y3>
<x4>1060</x4>
<y4>180</y4>
</bndbox>
</object>
<object>
<name>text</name>
<bndbox>
<x1>1066</x1>
<y1>196</y1>
<x2>1167</x2>
<y2>202</y2>
<x3>1168</x3>
<y3>220</y3>
<x4>1067</x4>
<y4>214</y4>
</bndbox>
</object>
<object>
<name>text</name>
<bndbox>
<x1>498</x1>
<y1>93</y1>
<x2>550</x2>
<y2>96</y2>
<x3>550</x3>
<y3>110</y3>
<x4>498</x4>
<y4>107</y4>
</bndbox>
</object>
<object>
<name>text</name>
<bndbox>
<x1>551</x1>
<y1>96</y1>
<x2>600</x2>
<y2>99</y2>
<x3>601</x3>
<y3>113</y3>
<x4>552</x4>
<y4>110</y4>
</bndbox>
</object>
<object>
<name>text</name>
<bndbox>
<x1>601</x1>
<y1>100</y1>
<x2>649</x2>
<y2>103</y2>
<x3>649</x3>
<y3>117</y3>
<x4>601</x4>
<y4>113</y4>
</bndbox>
</object>
<object>
<name>text</name>
<bndbox>
<x1>650</x1>
<y1>103</y1>
<x2>676</x2>
<y2>104</y2>
<x3>675</x3>
<y3>119</y3>
<x4>650</x4>
<y4>117</y4>
</bndbox>
</object>
<object>
<name>text</name>
<bndbox>
<x1>678</x1>
<y1>106</y1>
<x2>719</x2>
<y2>109</y2>
<x3>718</x3>
<y3>122</y3>
<x4>677</x4>
<y4>119</y4>
</bndbox>
</object>
<object>
<name>text</name>
<bndbox>
<x1>745</x1>
<y1>110</y1>
<x2>781</x2>
<y2>113</y2>
<x3>780</x3>
<y3>126</y3>
<x4>745</x4>
<y4>123</y4>
</bndbox>
</object>
<object>
<name>text</name>
<bndbox>
<x1>782</x1>
<y1>111</y1>
<x2>828</x2>
<y2>115</y2>
<x3>829</x3>
<y3>129</y3>
<x4>782</x4>
<y4>125</y4>
</bndbox>
</object>
<object>
<name>text</name>
<bndbox>
<x1>829</x1>
<y1>115</y1>
<x2>843</x2>
<y2>116</y2>
<x3>843</x3>
<y3>130</y3>
<x4>829</x4>
<y4>128</y4>
</bndbox>
</object>
<object>
<name>text</name>
<bndbox>
<x1>845</x1>
<y1>115</y1>
<x2>879</x2>
<y2>118</y2>
<x3>879</x3>
<y3>132</y3>
<x4>845</x4>
<y4>129</y4>
</bndbox>
</object>
<object>
<name>text</name>
<bndbox>
<x1>881</x1>
<y1>118</y1>
<x2>893</x2>
<y2>119</y2>
<x3>893</x3>
<y3>134</y3>
<x4>881</x4>
<y4>133</y4>
</bndbox>
</object>
<object>
<name>text</name>
<bndbox>
<x1>894</x1>
<y1>120</y1>
<x2>920</x2>
<y2>121</y2>
<x3>921</x3>
<y3>135</y3>
<x4>895</x4>
<y4>134</y4>
</bndbox>
</object>
<object>
<name>text</name>
<bndbox>
<x1>923</x1>
<y1>122</y1>
<x2>937</x2>
<y2>122</y2>
<x3>936</x3>
<y3>135</y3>
<x4>922</x4>
<y4>135</y4>
</bndbox>
</object>
<object>
<name>text</name>
<bndbox>
<x1>937</x1>
<y1>122</y1>
<x2>987</x2>
<y2>125</y2>
<x3>987</x3>
<y3>139</y3>
<x4>937</x4>
<y4>136</y4>
</bndbox>
</object>
<object>
<name>text</name>
<bndbox>
<x1>499</x1>
<y1>111</y1>
<x2>547</x2>
<y2>115</y2>
<x3>547</x3>
<y3>130</y3>
<x4>499</x4>
<y4>125</y4>
</bndbox>
</object>
<object>
<name>text</name>
<bndbox>
<x1>549</x1>
<y1>115</y1>
<x2>590</x2>
<y2>119</y2>
<x3>589</x3>
<y3>133</y3>
<x4>548</x4>
<y4>130</y4>
</bndbox>
</object>
<object>
<name>text</name>
<bndbox>
<x1>592</x1>
<y1>120</y1>
<x2>616</x2>
<y2>121</y2>
<x3>615</x3>
<y3>134</y3>
<x4>591</x4>
<y4>133</y4>
</bndbox>
</object>
<object>
<name>text</name>
<bndbox>
<x1>617</x1>
<y1>120</y1>
<x2>660</x2>
<y2>123</y2>
<x3>660</x3>
<y3>137</y3>
<x4>618</x4>
<y4>135</y4>
</bndbox>
</object>
<object>
<name>text</name>
<bndbox>
<x1>660</x1>
<y1>125</y1>
<x2>675</x2>
<y2>124</y2>
<x3>676</x3>
<y3>136</y3>
<x4>661</x4>
<y4>137</y4>
</bndbox>
</object>
<object>
<name>text</name>
<bndbox>
<x1>677</x1>
<y1>123</y1>
<x2>714</x2>
<y2>126</y2>
<x3>714</x3>
<y3>141</y3>
<x4>677</x4>
<y4>138</y4>
</bndbox>
</object>
<object>
<name>text</name>
<bndbox>
<x1>753</x1>
<y1>128</y1>
<x2>805</x2>
<y2>132</y2>
<x3>804</x3>
<y3>147</y3>
<x4>752</x4>
<y4>144</y4>
</bndbox>
</object>
<object>
<name>text</name>
<bndbox>
<x1>806</x1>
<y1>132</y1>
<x2>861</x2>
<y2>136</y2>
<x3>861</x3>
<y3>150</y3>
<x4>806</x4>
<y4>147</y4>
</bndbox>
</object>
<object>
<name>text</name>
<bndbox>
<x1>863</x1>
<y1>135</y1>
<x2>895</x2>
<y2>136</y2>
<x3>895</x3>
<y3>152</y3>
<x4>863</x4>
<y4>151</y4>
</bndbox>
</object>
<object>
<name>text</name>
<bndbox>
<x1>897</x1>
<y1>138</y1>
<x2>934</x2>
<y2>141</y2>
<x3>933</x3>
<y3>156</y3>
<x4>895</x4>
<y4>153</y4>
</bndbox>
</object>
<object>
<name>text</name>
<bndbox>
<x1>935</x1>
<y1>140</y1>
<x2>957</x2>
<y2>142</y2>
<x3>956</x3>
<y3>157</y3>
<x4>935</x4>
<y4>155</y4>
</bndbox>
</object>
<object>
<name>text</name>
<bndbox>
<x1>959</x1>
<y1>144</y1>
<x2>1018</x2>
<y2>149</y2>
<x3>1017</x3>
<y3>162</y3>
<x4>958</x4>
<y4>157</y4>
</bndbox>
</object>
<object>
<name>text</name>
<bndbox>
<x1>499</x1>
<y1>131</y1>
<x2>559</x2>
<y2>136</y2>
<x3>559</x3>
<y3>150</y3>
<x4>499</x4>
<y4>146</y4>
</bndbox>
</object>
<object>
<name>text</name>
<bndbox>
<x1>559</x1>
<y1>138</y1>
<x2>603</x2>
<y2>140</y2>
<x3>603</x3>
<y3>152</y3>
<x4>559</x4>
<y4>150</y4>
</bndbox>
</object>
<object>
<name>text</name>
<bndbox>
<x1>686</x1>
<y1>144</y1>
<x2>703</x2>
<y2>146</y2>
<x3>702</x3>
<y3>160</y3>
<x4>685</x4>
<y4>158</y4>
</bndbox>
</object>
<object>
<name>text</name>
<bndbox>
<x1>765</x1>
<y1>150</y1>
<x2>781</x2>
<y2>152</y2>
<x3>780</x3>
<y3>164</y3>
<x4>765</x4>
<y4>163</y4>
</bndbox>
</object>
<object>
<name>text</name>
<bndbox>
<x1>782</x1>
<y1>150</y1>
<x2>799</x2>
<y2>152</y2>
<x3>799</x3>
<y3>165</y3>
<x4>781</x4>
<y4>164</y4>
</bndbox>
</object>
<object>
<name>text</name>
<bndbox>
<x1>801</x1>
<y1>154</y1>
<x2>811</x2>
<y2>154</y2>
<x3>808</x3>
<y3>166</y3>
<x4>799</x4>
<y4>166</y4>
</bndbox>
</object>
<object>
<name>text</name>
<bndbox>
<x1>811</x1>
<y1>153</y1>
<x2>840</x2>
<y2>154</y2>
<x3>840</x3>
<y3>168</y3>
<x4>811</x4>
<y4>167</y4>
</bndbox>
</object>
<object>
<name>text</name>
<bndbox>
<x1>842</x1>
<y1>154</y1>
<x2>879</x2>
<y2>157</y2>
<x3>877</x3>
<y3>171</y3>
<x4>840</x4>
<y4>168</y4>
</bndbox>
</object>
<object>
<name>text</name>
<bndbox>
<x1>881</x1>
<y1>158</y1>
<x2>895</x2>
<y2>160</y2>
<x3>893</x3>
<y3>172</y3>
<x4>879</x4>
<y4>170</y4>
</bndbox>
</object>
<object>
<name>text</name>
<bndbox>
<x1>895</x1>
<y1>158</y1>
<x2>923</x2>
<y2>160</y2>
<x3>921</x3>
<y3>174</y3>
<x4>893</x4>
<y4>172</y4>
</bndbox>
</object>
<object>
<name>text</name>
<bndbox>
<x1>924</x1>
<y1>160</y1>
<x2>934</x2>
<y2>161</y2>
<x3>934</x3>
<y3>174</y3>
<x4>923</x4>
<y4>173</y4>
</bndbox>
</object>
<object>
<name>text</name>
<bndbox>
<x1>932</x1>
<y1>162</y1>
<x2>975</x2>
<y2>164</y2>
<x3>977</x3>
<y3>176</y3>
<x4>934</x4>
<y4>174</y4>
</bndbox>
</object>
<object>
<name>text</name>
<bndbox>
<x1>500</x1>
<y1>150</y1>
<x2>558</x2>
<y2>153</y2>
<x3>556</x3>
<y3>169</y3>
<x4>498</x4>
<y4>165</y4>
</bndbox>
</object>
<object>
<name>text</name>
<bndbox>
<x1>557</x1>
<y1>154</y1>
<x2>603</x2>
<y2>156</y2>
<x3>603</x3>
<y3>172</y3>
<x4>557</x4>
<y4>169</y4>
</bndbox>
</object>
<object>
<name>text</name>
<bndbox>
<x1>603</x1>
<y1>161</y1>
<x2>621</x2>
<y2>161</y2>
<x3>622</x3>
<y3>173</y3>
<x4>604</x4>
<y4>173</y4>
</bndbox>
</object>
<object>
<name>text</name>
<bndbox>
<x1>624</x1>
<y1>160</y1>
<x2>645</x2>
<y2>161</y2>
<x3>644</x3>
<y3>175</y3>
<x4>623</x4>
<y4>174</y4>
</bndbox>
</object>
<object>
<name>text</name>
<bndbox>
<x1>647</x1>
<y1>161</y1>
<x2>668</x2>
<y2>163</y2>
<x3>668</x3>
<y3>176</y3>
<x4>647</x4>
<y4>174</y4>
</bndbox>
</object>
<object>
<name>text</name>
<bndbox>
<x1>670</x1>
<y1>164</y1>
<x2>685</x2>
<y2>164</y2>
<x3>685</x3>
<y3>177</y3>
<x4>669</x4>
<y4>177</y4>
</bndbox>
</object>
<object>
<name>text</name>
<bndbox>
<x1>685</x1>
<y1>164</y1>
<x2>700</x2>
<y2>166</y2>
<x3>701</x3>
<y3>178</y3>
<x4>686</x4>
<y4>177</y4>
</bndbox>
</object>
<object>
<name>text</name>
<bndbox>
<x1>742</x1>
<y1>168</y1>
<x2>786</x2>
<y2>170</y2>
<x3>787</x3>
<y3>184</y3>
<x4>743</x4>
<y4>182</y4>
</bndbox>
</object>
<object>
<name>text</name>
<bndbox>
<x1>788</x1>
<y1>171</y1>
<x2>804</x2>
<y2>171</y2>
<x3>805</x3>
<y3>185</y3>
<x4>790</x4>
<y4>184</y4>
</bndbox>
</object>
<object>
<name>text</name>
<bndbox>
<x1>805</x1>
<y1>171</y1>
<x2>836</x2>
<y2>173</y2>
<x3>835</x3>
<y3>187</y3>
<x4>804</x4>
<y4>185</y4>
</bndbox>
</object>
<object>
<name>text</name>
<bndbox>
<x1>838</x1>
<y1>175</y1>
<x2>871</x2>
<y2>178</y2>
<x3>870</x3>
<y3>190</y3>
<x4>837</x4>
<y4>187</y4>
</bndbox>
</object>
<object>
<name>text</name>
<bndbox>
<x1>872</x1>
<y1>177</y1>
<x2>901</x2>
<y2>178</y2>
<x3>901</x3>
<y3>191</y3>
<x4>872</x4>
<y4>190</y4>
</bndbox>
</object>
<object>
<name>text</name>
<bndbox>
<x1>903</x1>
<y1>178</y1>
<x2>938</x2>
<y2>180</y2>
<x3>936</x3>
<y3>193</y3>
<x4>902</x4>
<y4>192</y4>
</bndbox>
</object>
<object>
<name>text</name>
<bndbox>
<x1>936</x1>
<y1>180</y1>
<x2>995</x2>
<y2>184</y2>
<x3>996</x3>
<y3>197</y3>
<x4>937</x4>
<y4>193</y4>
</bndbox>
</object>
<object>
<name>text</name>
<bndbox>
<x1>499</x1>
<y1>171</y1>
<x2>531</x2>
<y2>173</y2>
<x3>531</x3>
<y3>186</y3>
<x4>498</x4>
<y4>184</y4>
</bndbox>
</object>
<object>
<name>text</name>
<bndbox>
<x1>532</x1>
<y1>172</y1>
<x2>547</x2>
<y2>172</y2>
<x3>547</x3>
<y3>186</y3>
<x4>532</x4>
<y4>186</y4>
</bndbox>
</object>
<object>
<name>text</name>
<bndbox>
<x1>546</x1>
<y1>175</y1>
<x2>576</x2>
<y2>177</y2>
<x3>576</x3>
<y3>188</y3>
<x4>547</x4>
<y4>186</y4>
</bndbox>
</object>
<object>
<name>text</name>
<bndbox>
<x1>578</x1>
<y1>176</y1>
<x2>599</x2>
<y2>177</y2>
<x3>598</x3>
<y3>190</y3>
<x4>577</x4>
<y4>188</y4>
</bndbox>
</object>
<object>
<name>text</name>
<bndbox>
<x1>600</x1>
<y1>177</y1>
<x2>636</x2>
<y2>180</y2>
<x3>636</x3>
<y3>194</y3>
<x4>600</x4>
<y4>191</y4>
</bndbox>
</object>
<object>
<name>text</name>
<bndbox>
<x1>636</x1>
<y1>181</y1>
<x2>685</x2>
<y2>184</y2>
<x3>685</x3>
<y3>197</y3>
<x4>636</x4>
<y4>194</y4>
</bndbox>
</object>
<object>
<name>text</name>
<bndbox>
<x1>688</x1>
<y1>185</y1>
<x2>701</x2>
<y2>185</y2>
<x3>699</x3>
<y3>197</y3>
<x4>686</x4>
<y4>197</y4>
</bndbox>
</object>
<object>
<name>text</name>
<bndbox>
<x1>731</x1>
<y1>188</y1>
<x2>762</x2>
<y2>190</y2>
<x3>762</x3>
<y3>200</y3>
<x4>731</x4>
<y4>198</y4>
</bndbox>
</object>
<object>
<name>text</name>
<bndbox>
<x1>763</x1>
<y1>188</y1>
<x2>806</x2>
<y2>191</y2>
<x3>806</x3>
<y3>203</y3>
<x4>763</x4>
<y4>200</y4>
</bndbox>
</object>
<object>
<name>text</name>
<bndbox>
<x1>810</x1>
<y1>191</y1>
<x2>850</x2>
<y2>193</y2>
<x3>849</x3>
<y3>206</y3>
<x4>808</x4>
<y4>204</y4>
</bndbox>
</object>
<object>
<name>text</name>
<bndbox>
<x1>851</x1>
<y1>193</y1>
<x2>873</x2>
<y2>194</y2>
<x3>874</x3>
<y3>208</y3>
<x4>851</x4>
<y4>207</y4>
</bndbox>
</object>
<object>
<name>text</name>
<bndbox>
<x1>873</x1>
<y1>195</y1>
<x2>902</x2>
<y2>197</y2>
<x3>903</x3>
<y3>209</y3>
<x4>874</x4>
<y4>207</y4>
</bndbox>
</object>
<object>
<name>text</name>
<bndbox>
<x1>904</x1>
<y1>196</y1>
<x2>942</x2>
<y2>198</y2>
<x3>942</x3>
<y3>212</y3>
<x4>904</x4>
<y4>209</y4>
</bndbox>
</object>
</annotation>