<?xml version="1.0" ?>
<annotation>
<folder>JPEGImages</folder>
<filename>img_364.xml</filename>
<path>xxxx</path>
<source>
<database>Unknown</database>
<annotation>xxx</annotation>
<image>xxx</image>
<flickrid>0</flickrid>
</source>
<size>
<width>1280</width>
<height>720</height>
<depth>3</depth>
</size>
<segmented>0</segmented>
<object>
<name>text</name>
<bndbox>
<x1>501</x1>
<y1>140</y1>
<x2>542</x2>
<y2>141</y2>
<x3>542</x3>
<y3>157</y3>
<x4>501</x4>
<y4>157</y4>
</bndbox>
</object>
<object>
<name>text</name>
<bndbox>
<x1>768</x1>
<y1>243</y1>
<x2>796</x2>
<y2>244</y2>
<x3>797</x3>
<y3>260</y3>
<x4>769</x4>
<y4>260</y4>
</bndbox>
</object>
<object>
<name>text</name>
<bndbox>
<x1>69</x1>
<y1>250</y1>
<x2>146</x2>
<y2>251</y2>
<x3>146</x3>
<y3>262</y3>
<x4>69</x4>
<y4>261</y4>
</bndbox>
</object>
<object>
<name>text</name>
<bndbox>
<x1>41</x1>
<y1>335</y1>
<x2>120</x2>
<y2>327</y2>
<x3>121</x3>
<y3>337</y3>
<x4>42</x4>
<y4>346</y4>
</bndbox>
</object>
<object>
<name>text</name>
<bndbox>
<x1>896</x1>
<y1>58</y1>
<x2>1016</x2>
<y2>3</y2>
<x3>1035</x3>
<y3>100</y3>
<x4>915</x4>
<y4>156</y4>
</bndbox>
</object>
<object>
<name>text</name>
<bndbox>
<x1>1027</x1>
<y1>3</y1>
<x2>1159</x2>
<y2>7</y2>
<x3>1036</x3>
<y3>76</y3>
<x4>1027</x4>
<y4>9</y4>
</bndbox>
</object>
<object>
<name>text</name>
<bndbox>
<x1>1</x1>
<y1>330</y1>
<x2>40</x2>
<y2>332</y2>
<x3>41</x3>
<y3>349</y3>
<x4>2</x4>
<y4>348</y4>
</bndbox>
</object>
<object>
<name>text</name>
<bndbox>
<x1>2</x1>
<y1>295</y1>
<x2>64</x2>
<y2>273</y2>
<x3>90</x3>
<y3>331</y3>
<x4>2</x4>
<y4>332</y4>
</bndbox>
</object>
</annotation>