<?xml version="1.0" ?>
<annotation>
<folder>JPEGImages</folder>
<filename>img_312.xml</filename>
<path>xxxx</path>
<source>
<database>Unknown</database>
<annotation>xxx</annotation>
<image>xxx</image>
<flickrid>0</flickrid>
</source>
<size>
<width>1280</width>
<height>720</height>
<depth>3</depth>
</size>
<segmented>0</segmented>
<object>
<name>text</name>
<bndbox>
<x1>570</x1>
<y1>170</y1>
<x2>781</x2>
<y2>168</y2>
<x3>776</x3>
<y3>278</y3>
<x4>564</x4>
<y4>259</y4>
</bndbox>
</object>
<object>
<name>text</name>
<bndbox>
<x1>567</x1>
<y1>274</y1>
<x2>648</x2>
<y2>284</y2>
<x3>640</x3>
<y3>368</y3>
<x4>562</x4>
<y4>355</y4>
</bndbox>
</object>
<object>
<name>text</name>
<bndbox>
<x1>659</x1>
<y1>284</y1>
<x2>778</x2>
<y2>296</y2>
<x3>770</x3>
<y3>392</y3>
<x4>652</x4>
<y4>373</y4>
</bndbox>
</object>
<object>
<name>text</name>
<bndbox>
<x1>565</x1>
<y1>356</y1>
<x2>663</x2>
<y2>378</y2>
<x3>655</x3>
<y3>434</y3>
<x4>565</x4>
<y4>408</y4>
</bndbox>
</object>
<object>
<name>text</name>
<bndbox>
<x1>665</x1>
<y1>378</y1>
<x2>773</x2>
<y2>400</y2>
<x3>764</x3>
<y3>462</y3>
<x4>660</x4>
<y4>436</y4>
</bndbox>
</object>
<object>
<name>text</name>
<bndbox>
<x1>564</x1>
<y1>409</y1>
<x2>652</x2>
<y2>436</y2>
<x3>650</x3>
<y3>465</y3>
<x4>560</x4>
<y4>441</y4>
</bndbox>
</object>
<object>
<name>text</name>
<bndbox>
<x1>650</x1>
<y1>435</y1>
<x2>769</x2>
<y2>470</y2>
<x3>764</x3>
<y3>501</y3>
<x4>648</x4>
<y4>463</y4>
</bndbox>
</object>
<object>
<name>text</name>
<bndbox>
<x1>565</x1>
<y1>439</y1>
<x2>613</x2>
<y2>456</y2>
<x3>610</x3>
<y3>490</y3>
<x4>554</x4>
<y4>468</y4>
</bndbox>
</object>
<object>
<name>text</name>
<bndbox>
<x1>612</x1>
<y1>454</y1>
<x2>770</x2>
<y2>502</y2>
<x3>766</x3>
<y3>541</y3>
<x4>608</x4>
<y4>492</y4>
</bndbox>
</object>
</annotation>