<?xml version="1.0" ?>
<annotation>
<folder>JPEGImages</folder>
<filename>img_50.xml</filename>
<path>xxxx</path>
<source>
<database>Unknown</database>
<annotation>xxx</annotation>
<image>xxx</image>
<flickrid>0</flickrid>
</source>
<size>
<width>1280</width>
<height>720</height>
<depth>3</depth>
</size>
<segmented>0</segmented>
<object>
<name>text</name>
<bndbox>
<x1>53</x1>
<y1>137</y1>
<x2>97</x2>
<y2>138</y2>
<x3>97</x3>
<y3>153</y3>
<x4>52</x4>
<y4>151</y4>
</bndbox>
</object>
<object>
<name>text</name>
<bndbox>
<x1>107</x1>
<y1>138</y1>
<x2>217</x2>
<y2>143</y2>
<x3>216</x3>
<y3>162</y3>
<x4>106</x4>
<y4>157</y4>
</bndbox>
</object>
</annotation>