<?xml version="1.0" ?>
<annotation>
<folder>JPEGImages</folder>
<filename>img_380.xml</filename>
<path>xxxx</path>
<source>
<database>Unknown</database>
<annotation>xxx</annotation>
<image>xxx</image>
<flickrid>0</flickrid>
</source>
<size>
<width>1280</width>
<height>720</height>
<depth>3</depth>
</size>
<segmented>0</segmented>
<object>
<name>text</name>
<bndbox>
<x1>538</x1>
<y1>400</y1>
<x2>589</x2>
<y2>401</y2>
<x3>589</x3>
<y3>429</y3>
<x4>538</x4>
<y4>428</y4>
</bndbox>
</object>
<object>
<name>text</name>
<bndbox>
<x1>554</x1>
<y1>430</y1>
<x2>603</x2>
<y2>430</y2>
<x3>603</x3>
<y3>459</y3>
<x4>553</x4>
<y4>458</y4>
</bndbox>
</object>
<object>
<name>text</name>
<bndbox>
<x1>906</x1>
<y1>285</y1>
<x2>983</x2>
<y2>284</y2>
<x3>984</x3>
<y3>302</y3>
<x4>906</x4>
<y4>303</y4>
</bndbox>
</object>
<object>
<name>text</name>
<bndbox>
<x1>987</x1>
<y1>283</y1>
<x2>1079</x2>
<y2>282</y2>
<x3>1076</x3>
<y3>302</y3>
<x4>984</x4>
<y4>304</y4>
</bndbox>
</object>
<object>
<name>text</name>
<bndbox>
<x1>957</x1>
<y1>419</y1>
<x2>1061</x2>
<y2>429</y2>
<x3>1060</x3>
<y3>450</y3>
<x4>956</x4>
<y4>440</y4>
</bndbox>
</object>
<object>
<name>text</name>
<bndbox>
<x1>860</x1>
<y1>185</y1>
<x2>916</x2>
<y2>185</y2>
<x3>918</x3>
<y3>232</y3>
<x4>862</x4>
<y4>232</y4>
</bndbox>
</object>
<object>
<name>text</name>
<bndbox>
<x1>805</x1>
<y1>234</y1>
<x2>1079</x2>
<y2>232</y2>
<x3>1081</x3>
<y3>280</y3>
<x4>808</x4>
<y4>282</y4>
</bndbox>
</object>
<object>
<name>text</name>
<bndbox>
<x1>521</x1>
<y1>385</y1>
<x2>555</x2>
<y2>385</y2>
<x3>555</x3>
<y3>397</y3>
<x4>521</x4>
<y4>396</y4>
</bndbox>
</object>
<object>
<name>text</name>
<bndbox>
<x1>557</x1>
<y1>385</y1>
<x2>615</x2>
<y2>387</y2>
<x3>616</x3>
<y3>399</y3>
<x4>558</x4>
<y4>397</y4>
</bndbox>
</object>
<object>
<name>text</name>
<bndbox>
<x1>1141</x1>
<y1>372</y1>
<x2>1217</x2>
<y2>373</y2>
<x3>1218</x3>
<y3>388</y3>
<x4>1142</x4>
<y4>387</y4>
</bndbox>
</object>
<object>
<name>text</name>
<bndbox>
<x1>1158</x1>
<y1>407</y1>
<x2>1201</x2>
<y2>407</y2>
<x3>1202</x3>
<y3>422</y3>
<x4>1159</x4>
<y4>421</y4>
</bndbox>
</object>
<object>
<name>text</name>
<bndbox>
<x1>1156</x1>
<y1>425</y1>
<x2>1202</x2>
<y2>425</y2>
<x3>1204</x3>
<y3>441</y3>
<x4>1157</x4>
<y4>440</y4>
</bndbox>
</object>
<object>
<name>text</name>
<bndbox>
<x1>1155</x1>
<y1>442</y1>
<x2>1205</x2>
<y2>443</y2>
<x3>1206</x3>
<y3>458</y3>
<x4>1156</x4>
<y4>458</y4>
</bndbox>
</object>
<object>
<name>text</name>
<bndbox>
<x1>521</x1>
<y1>399</y1>
<x2>536</x2>
<y2>399</y2>
<x3>536</x3>
<y3>411</y3>
<x4>521</x4>
<y4>411</y4>
</bndbox>
</object>
<object>
<name>text</name>
<bndbox>
<x1>526</x1>
<y1>428</y1>
<x2>549</x2>
<y2>429</y2>
<x3>549</x3>
<y3>442</y3>
<x4>526</x4>
<y4>441</y4>
</bndbox>
</object>
<object>
<name>text</name>
<bndbox>
<x1>589</x1>
<y1>418</y1>
<x2>603</x2>
<y2>418</y2>
<x3>603</x3>
<y3>430</y3>
<x4>589</x4>
<y4>429</y4>
</bndbox>
</object>
<object>
<name>text</name>
<bndbox>
<x1>603</x1>
<y1>449</y1>
<x2>617</x2>
<y2>449</y2>
<x3>616</x3>
<y3>461</y3>
<x4>602</x4>
<y4>461</y4>
</bndbox>
</object>
</annotation>