<?xml version="1.0" ?>
<annotation>
<folder>JPEGImages</folder>
<filename>img_417.xml</filename>
<path>xxxx</path>
<source>
<database>Unknown</database>
<annotation>xxx</annotation>
<image>xxx</image>
<flickrid>0</flickrid>
</source>
<size>
<width>1280</width>
<height>720</height>
<depth>3</depth>
</size>
<segmented>0</segmented>
<object>
<name>text</name>
<bndbox>
<x1>1142</x1>
<y1>646</y1>
<x2>1156</x2>
<y2>646</y2>
<x3>1156</x3>
<y3>669</y3>
<x4>1142</x4>
<y4>669</y4>
</bndbox>
</object>
<object>
<name>text</name>
<bndbox>
<x1>317</x1>
<y1>193</y1>
<x2>352</x2>
<y2>192</y2>
<x3>353</x3>
<y3>208</y3>
<x4>318</x4>
<y4>209</y4>
</bndbox>
</object>
<object>
<name>text</name>
<bndbox>
<x1>701</x1>
<y1>179</y1>
<x2>734</x2>
<y2>178</y2>
<x3>736</x3>
<y3>196</y3>
<x4>702</x4>
<y4>197</y4>
</bndbox>
</object>
<object>
<name>text</name>
<bndbox>
<x1>736</x1>
<y1>177</y1>
<x2>804</x2>
<y2>174</y2>
<x3>804</x3>
<y3>193</y3>
<x4>736</x4>
<y4>196</y4>
</bndbox>
</object>
<object>
<name>text</name>
<bndbox>
<x1>800</x1>
<y1>137</y1>
<x2>861</x2>
<y2>135</y2>
<x3>861</x3>
<y3>153</y3>
<x4>799</x4>
<y4>156</y4>
</bndbox>
</object>
<object>
<name>text</name>
<bndbox>
<x1>425</x1>
<y1>187</y1>
<x2>500</x2>
<y2>185</y2>
<x3>500</x3>
<y3>204</y3>
<x4>426</x4>
<y4>206</y4>
</bndbox>
</object>
<object>
<name>text</name>
<bndbox>
<x1>997</x1>
<y1>420</y1>
<x2>1018</x2>
<y2>420</y2>
<x3>1021</x3>
<y3>443</y3>
<x4>1000</x4>
<y4>443</y4>
</bndbox>
</object>
<object>
<name>text</name>
<bndbox>
<x1>386</x1>
<y1>187</y1>
<x2>423</x2>
<y2>187</y2>
<x3>424</x3>
<y3>206</y3>
<x4>387</x4>
<y4>207</y4>
</bndbox>
</object>
<object>
<name>text</name>
<bndbox>
<x1>1141</x1>
<y1>405</y1>
<x2>1154</x2>
<y2>404</y2>
<x3>1153</x3>
<y3>428</y3>
<x4>1140</x4>
<y4>429</y4>
</bndbox>
</object>
<object>
<name>text</name>
<bndbox>
<x1>1009</x1>
<y1>545</y1>
<x2>1020</x2>
<y2>544</y2>
<x3>1020</x3>
<y3>566</y3>
<x4>1008</x4>
<y4>567</y4>
</bndbox>
</object>
<object>
<name>text</name>
<bndbox>
<x1>1143</x1>
<y1>531</y1>
<x2>1157</x2>
<y2>531</y2>
<x3>1157</x3>
<y3>551</y3>
<x4>1143</x4>
<y4>551</y4>
</bndbox>
</object>
<object>
<name>text</name>
<bndbox>
<x1>1005</x1>
<y1>660</y1>
<x2>1021</x2>
<y2>657</y2>
<x3>1022</x3>
<y3>679</y3>
<x4>1006</x4>
<y4>681</y4>
</bndbox>
</object>
<object>
<name>text</name>
<bndbox>
<x1>996</x1>
<y1>131</y1>
<x2>1080</x2>
<y2>129</y2>
<x3>1081</x3>
<y3>143</y3>
<x4>998</x4>
<y4>146</y4>
</bndbox>
</object>
<object>
<name>text</name>
<bndbox>
<x1>924</x1>
<y1>286</y1>
<x2>970</x2>
<y2>286</y2>
<x3>971</x3>
<y3>309</y3>
<x4>924</x4>
<y4>309</y4>
</bndbox>
</object>
<object>
<name>text</name>
<bndbox>
<x1>972</x1>
<y1>284</y1>
<x2>1021</x2>
<y2>280</y2>
<x3>1021</x3>
<y3>305</y3>
<x4>972</x4>
<y4>309</y4>
</bndbox>
</object>
<object>
<name>text</name>
<bndbox>
<x1>901</x1>
<y1>127</y1>
<x2>963</x2>
<y2>127</y2>
<x3>963</x3>
<y3>148</y3>
<x4>901</x4>
<y4>148</y4>
</bndbox>
</object>
<object>
<name>text</name>
<bndbox>
<x1>915</x1>
<y1>24</y1>
<x2>956</x2>
<y2>4</y2>
<x3>957</x3>
<y3>23</y3>
<x4>916</x4>
<y4>43</y4>
</bndbox>
</object>
<object>
<name>text</name>
<bndbox>
<x1>1052</x1>
<y1>280</y1>
<x2>1096</x2>
<y2>275</y2>
<x3>1096</x3>
<y3>298</y3>
<x4>1052</x4>
<y4>303</y4>
</bndbox>
</object>
<object>
<name>text</name>
<bndbox>
<x1>1098</x1>
<y1>276</y1>
<x2>1146</x2>
<y2>274</y2>
<x3>1146</x3>
<y3>295</y3>
<x4>1098</x4>
<y4>297</y4>
</bndbox>
</object>
<object>
<name>text</name>
<bndbox>
<x1>1172</x1>
<y1>272</y1>
<x2>1213</x2>
<y2>268</y2>
<x3>1214</x3>
<y3>293</y3>
<x4>1173</x4>
<y4>296</y4>
</bndbox>
</object>
<object>
<name>text</name>
<bndbox>
<x1>1215</x1>
<y1>271</y1>
<x2>1257</x2>
<y2>268</y2>
<x3>1257</x3>
<y3>290</y3>
<x4>1215</x4>
<y4>292</y4>
</bndbox>
</object>
<object>
<name>text</name>
<bndbox>
<x1>691</x1>
<y1>142</y1>
<x2>734</x2>
<y2>142</y2>
<x3>735</x3>
<y3>154</y3>
<x4>692</x4>
<y4>154</y4>
</bndbox>
</object>
<object>
<name>text</name>
<bndbox>
<x1>736</x1>
<y1>141</y1>
<x2>792</x2>
<y2>140</y2>
<x3>791</x3>
<y3>154</y3>
<x4>735</x4>
<y4>155</y4>
</bndbox>
</object>
</annotation>