<?xml version="1.0" ?>
<annotation>
<folder>JPEGImages</folder>
<filename>img_471.xml</filename>
<path>xxxx</path>
<source>
<database>Unknown</database>
<annotation>xxx</annotation>
<image>xxx</image>
<flickrid>0</flickrid>
</source>
<size>
<width>1280</width>
<height>720</height>
<depth>3</depth>
</size>
<segmented>0</segmented>
<object>
<name>text</name>
<bndbox>
<x1>702</x1>
<y1>76</y1>
<x2>731</x2>
<y2>73</y2>
<x3>733</x3>
<y3>109</y3>
<x4>705</x4>
<y4>113</y4>
</bndbox>
</object>
<object>
<name>text</name>
<bndbox>
<x1>520</x1>
<y1>254</y1>
<x2>597</x2>
<y2>250</y2>
<x3>600</x3>
<y3>266</y3>
<x4>522</x4>
<y4>270</y4>
</bndbox>
</object>
<object>
<name>text</name>
<bndbox>
<x1>602</x1>
<y1>248</y1>
<x2>690</x2>
<y2>243</y2>
<x3>692</x3>
<y3>261</y3>
<x4>605</x4>
<y4>266</y4>
</bndbox>
</object>
<object>
<name>text</name>
<bndbox>
<x1>565</x1>
<y1>325</y1>
<x2>653</x2>
<y2>320</y2>
<x3>653</x3>
<y3>339</y3>
<x4>565</x4>
<y4>344</y4>
</bndbox>
</object>
<object>
<name>text</name>
<bndbox>
<x1>566</x1>
<y1>347</y1>
<x2>655</x2>
<y2>339</y2>
<x3>656</x3>
<y3>354</y3>
<x4>567</x4>
<y4>362</y4>
</bndbox>
</object>
<object>
<name>text</name>
<bndbox>
<x1>417</x1>
<y1>412</y1>
<x2>471</x2>
<y2>405</y2>
<x3>473</x3>
<y3>419</y3>
<x4>419</x4>
<y4>426</y4>
</bndbox>
</object>
</annotation>