<?xml version="1.0" ?>
<annotation>
<folder>JPEGImages</folder>
<filename>img_276.xml</filename>
<path>xxxx</path>
<source>
<database>Unknown</database>
<annotation>xxx</annotation>
<image>xxx</image>
<flickrid>0</flickrid>
</source>
<size>
<width>1280</width>
<height>720</height>
<depth>3</depth>
</size>
<segmented>0</segmented>
<object>
<name>text</name>
<bndbox>
<x1>474</x1>
<y1>189</y1>
<x2>511</x2>
<y2>188</y2>
<x3>510</x3>
<y3>203</y3>
<x4>473</x4>
<y4>205</y4>
</bndbox>
</object>
<object>
<name>text</name>
<bndbox>
<x1>620</x1>
<y1>165</y1>
<x2>679</x2>
<y2>165</y2>
<x3>680</x3>
<y3>186</y3>
<x4>620</x4>
<y4>185</y4>
</bndbox>
</object>
<object>
<name>text</name>
<bndbox>
<x1>262</x1>
<y1>197</y1>
<x2>321</x2>
<y2>196</y2>
<x3>322</x3>
<y3>209</y3>
<x4>263</x4>
<y4>210</y4>
</bndbox>
</object>
<object>
<name>text</name>
<bndbox>
<x1>324</x1>
<y1>196</y1>
<x2>386</x2>
<y2>192</y2>
<x3>387</x3>
<y3>207</y3>
<x4>325</x4>
<y4>210</y4>
</bndbox>
</object>
<object>
<name>text</name>
<bndbox>
<x1>386</x1>
<y1>193</y1>
<x2>400</x2>
<y2>193</y2>
<x3>400</x3>
<y3>206</y3>
<x4>387</x4>
<y4>206</y4>
</bndbox>
</object>
<object>
<name>text</name>
<bndbox>
<x1>228</x1>
<y1>198</y1>
<x2>263</x2>
<y2>198</y2>
<x3>264</x3>
<y3>214</y3>
<x4>229</x4>
<y4>213</y4>
</bndbox>
</object>
<object>
<name>text</name>
<bndbox>
<x1>400</x1>
<y1>192</y1>
<x2>449</x2>
<y2>190</y2>
<x3>449</x3>
<y3>205</y3>
<x4>401</x4>
<y4>207</y4>
</bndbox>
</object>
<object>
<name>text</name>
<bndbox>
<x1>213</x1>
<y1>201</y1>
<x2>229</x2>
<y2>200</y2>
<x3>230</x3>
<y3>212</y3>
<x4>214</x4>
<y4>213</y4>
</bndbox>
</object>
<object>
<name>text</name>
<bndbox>
<x1>449</x1>
<y1>191</y1>
<x2>473</x2>
<y2>190</y2>
<x3>473</x3>
<y3>202</y3>
<x4>448</x4>
<y4>203</y4>
</bndbox>
</object>
<object>
<name>text</name>
<bndbox>
<x1>589</x1>
<y1>192</y1>
<x2>645</x2>
<y2>190</y2>
<x3>646</x3>
<y3>211</y3>
<x4>590</x4>
<y4>213</y4>
</bndbox>
</object>
<object>
<name>text</name>
<bndbox>
<x1>664</x1>
<y1>189</y1>
<x2>707</x2>
<y2>188</y2>
<x3>707</x3>
<y3>208</y3>
<x4>664</x4>
<y4>210</y4>
</bndbox>
</object>
<object>
<name>text</name>
<bndbox>
<x1>620</x1>
<y1>217</y1>
<x2>651</x2>
<y2>216</y2>
<x3>653</x3>
<y3>239</y3>
<x4>623</x4>
<y4>240</y4>
</bndbox>
</object>
<object>
<name>text</name>
<bndbox>
<x1>649</x1>
<y1>217</y1>
<x2>677</x2>
<y2>216</y2>
<x3>677</x3>
<y3>237</y3>
<x4>649</x4>
<y4>237</y4>
</bndbox>
</object>
<object>
<name>text</name>
<bndbox>
<x1>646</x1>
<y1>188</y1>
<x2>662</x2>
<y2>187</y2>
<x3>661</x3>
<y3>210</y3>
<x4>646</x4>
<y4>210</y4>
</bndbox>
</object>
<object>
<name>text</name>
<bndbox>
<x1>1171</x1>
<y1>163</y1>
<x2>1186</x2>
<y2>161</y2>
<x3>1186</x3>
<y3>177</y3>
<x4>1172</x4>
<y4>178</y4>
</bndbox>
</object>
<object>
<name>text</name>
<bndbox>
<x1>683</x1>
<y1>562</y1>
<x2>804</x2>
<y2>522</y2>
<x3>811</x3>
<y3>553</y3>
<x4>690</x4>
<y4>593</y4>
</bndbox>
</object>
<object>
<name>text</name>
<bndbox>
<x1>1016</x1>
<y1>106</y1>
<x2>1133</x2>
<y2>106</y2>
<x3>1135</x3>
<y3>134</y3>
<x4>1018</x4>
<y4>134</y4>
</bndbox>
</object>
</annotation>