<?xml version="1.0" ?>
<annotation>
<folder>JPEGImages</folder>
<filename>img_313.xml</filename>
<path>xxxx</path>
<source>
<database>Unknown</database>
<annotation>xxx</annotation>
<image>xxx</image>
<flickrid>0</flickrid>
</source>
<size>
<width>1280</width>
<height>720</height>
<depth>3</depth>
</size>
<segmented>0</segmented>
<object>
<name>text</name>
<bndbox>
<x1>449</x1>
<y1>621</y1>
<x2>588</x2>
<y2>620</y2>
<x3>587</x3>
<y3>651</y3>
<x4>449</x4>
<y4>652</y4>
</bndbox>
</object>
<object>
<name>text</name>
<bndbox>
<x1>726</x1>
<y1>66</y1>
<x2>864</x2>
<y2>56</y2>
<x3>865</x3>
<y3>83</y3>
<x4>727</x4>
<y4>92</y4>
</bndbox>
</object>
<object>
<name>text</name>
<bndbox>
<x1>702</x1>
<y1>180</y1>
<x2>772</x2>
<y2>179</y2>
<x3>772</x3>
<y3>196</y3>
<x4>702</x4>
<y4>198</y4>
</bndbox>
</object>
<object>
<name>text</name>
<bndbox>
<x1>736</x1>
<y1>90</y1>
<x2>848</x2>
<y2>84</y2>
<x3>850</x3>
<y3>96</y3>
<x4>737</x4>
<y4>102</y4>
</bndbox>
</object>
<object>
<name>text</name>
<bndbox>
<x1>95</x1>
<y1>83</y1>
<x2>175</x2>
<y2>80</y2>
<x3>175</x3>
<y3>111</y3>
<x4>95</x4>
<y4>114</y4>
</bndbox>
</object>
<object>
<name>text</name>
<bndbox>
<x1>242</x1>
<y1>210</y1>
<x2>286</x2>
<y2>210</y2>
<x3>285</x3>
<y3>228</y3>
<x4>241</x4>
<y4>227</y4>
</bndbox>
</object>
<object>
<name>text</name>
<bndbox>
<x1>133</x1>
<y1>176</y1>
<x2>214</x2>
<y2>174</y2>
<x3>214</x3>
<y3>190</y3>
<x4>133</x4>
<y4>192</y4>
</bndbox>
</object>
<object>
<name>text</name>
<bndbox>
<x1>129</x1>
<y1>143</y1>
<x2>198</x2>
<y2>139</y2>
<x3>200</x3>
<y3>163</y3>
<x4>131</x4>
<y4>168</y4>
</bndbox>
</object>
<object>
<name>text</name>
<bndbox>
<x1>1227</x1>
<y1>34</y1>
<x2>1277</x2>
<y2>34</y2>
<x3>1278</x3>
<y3>64</y3>
<x4>1228</x4>
<y4>64</y4>
</bndbox>
</object>
</annotation>