<?xml version="1.0" ?>
<annotation>
<folder>JPEGImages</folder>
<filename>img_526.xml</filename>
<path>xxxx</path>
<source>
<database>Unknown</database>
<annotation>xxx</annotation>
<image>xxx</image>
<flickrid>0</flickrid>
</source>
<size>
<width>1280</width>
<height>720</height>
<depth>3</depth>
</size>
<segmented>0</segmented>
<object>
<name>text</name>
<bndbox>
<x1>727</x1>
<y1>386</y1>
<x2>823</x2>
<y2>381</y2>
<x3>825</x3>
<y3>404</y3>
<x4>728</x4>
<y4>409</y4>
</bndbox>
</object>
<object>
<name>text</name>
<bndbox>
<x1>658</x1>
<y1>448</y1>
<x2>815</x2>
<y2>438</y2>
<x3>816</x3>
<y3>464</y3>
<x4>660</x4>
<y4>474</y4>
</bndbox>
</object>
<object>
<name>text</name>
<bndbox>
<x1>992</x1>
<y1>53</y1>
<x2>1071</x2>
<y2>52</y2>
<x3>1073</x3>
<y3>72</y3>
<x4>994</x4>
<y4>73</y4>
</bndbox>
</object>
<object>
<name>text</name>
<bndbox>
<x1>1092</x1>
<y1>341</y1>
<x2>1128</x2>
<y2>334</y2>
<x3>1131</x3>
<y3>352</y3>
<x4>1094</x4>
<y4>358</y4>
</bndbox>
</object>
<object>
<name>text</name>
<bndbox>
<x1>692</x1>
<y1>228</y1>
<x2>730</x2>
<y2>243</y2>
<x3>727</x3>
<y3>261</y3>
<x4>690</x4>
<y4>246</y4>
</bndbox>
</object>
</annotation>