<?xml version="1.0" ?>
<annotation>
<folder>JPEGImages</folder>
<filename>img_115.xml</filename>
<path>xxxx</path>
<source>
<database>Unknown</database>
<annotation>xxx</annotation>
<image>xxx</image>
<flickrid>0</flickrid>
</source>
<size>
<width>1280</width>
<height>720</height>
<depth>3</depth>
</size>
<segmented>0</segmented>
<object>
<name>text</name>
<bndbox>
<x1>385</x1>
<y1>268</y1>
<x2>411</x2>
<y2>271</y2>
<x3>412</x3>
<y3>288</y3>
<x4>386</x4>
<y4>286</y4>
</bndbox>
</object>
<object>
<name>text</name>
<bndbox>
<x1>94</x1>
<y1>185</y1>
<x2>154</x2>
<y2>195</y2>
<x3>156</x3>
<y3>224</y3>
<x4>96</x4>
<y4>214</y4>
</bndbox>
</object>
<object>
<name>text</name>
<bndbox>
<x1>1161</x1>
<y1>32</y1>
<x2>1252</x2>
<y2>26</y2>
<x3>1256</x3>
<y3>63</y3>
<x4>1165</x4>
<y4>70</y4>
</bndbox>
</object>
<object>
<name>text</name>
<bndbox>
<x1>991</x1>
<y1>233</y1>
<x2>1037</x2>
<y2>230</y2>
<x3>1037</x3>
<y3>248</y3>
<x4>991</x4>
<y4>252</y4>
</bndbox>
</object>
<object>
<name>text</name>
<bndbox>
<x1>1039</x1>
<y1>227</y1>
<x2>1117</x2>
<y2>221</y2>
<x3>1115</x3>
<y3>246</y3>
<x4>1037</x4>
<y4>251</y4>
</bndbox>
</object>
<object>
<name>text</name>
<bndbox>
<x1>478</x1>
<y1>239</y1>
<x2>511</x2>
<y2>241</y2>
<x3>511</x3>
<y3>255</y3>
<x4>478</x4>
<y4>253</y4>
</bndbox>
</object>
<object>
<name>text</name>
<bndbox>
<x1>77</x1>
<y1>336</y1>
<x2>135</x2>
<y2>333</y2>
<x3>134</x3>
<y3>360</y3>
<x4>77</x4>
<y4>363</y4>
</bndbox>
</object>
<object>
<name>text</name>
<bndbox>
<x1>620</x1>
<y1>191</y1>
<x2>659</x2>
<y2>198</y2>
<x3>658</x3>
<y3>231</y3>
<x4>619</x4>
<y4>224</y4>
</bndbox>
</object>
<object>
<name>text</name>
<bndbox>
<x1>813</x1>
<y1>256</y1>
<x2>878</x2>
<y2>258</y2>
<x3>880</x3>
<y3>283</y3>
<x4>815</x4>
<y4>281</y4>
</bndbox>
</object>
<object>
<name>text</name>
<bndbox>
<x1>905</x1>
<y1>272</y1>
<x2>960</x2>
<y2>268</y2>
<x3>960</x3>
<y3>286</y3>
<x4>905</x4>
<y4>289</y4>
</bndbox>
</object>
<object>
<name>text</name>
<bndbox>
<x1>0</x1>
<y1>173</y1>
<x2>64</x2>
<y2>180</y2>
<x3>64</x3>
<y3>206</y3>
<x4>0</x4>
<y4>200</y4>
</bndbox>
</object>
<object>
<name>text</name>
<bndbox>
<x1>168</x1>
<y1>209</y1>
<x2>209</x2>
<y2>214</y2>
<x3>210</x3>
<y3>233</y3>
<x4>169</x4>
<y4>228</y4>
</bndbox>
</object>
<object>
<name>text</name>
<bndbox>
<x1>233</x1>
<y1>369</y1>
<x2>256</x2>
<y2>371</y2>
<x3>257</x3>
<y3>383</y3>
<x4>234</x4>
<y4>381</y4>
</bndbox>
</object>
<object>
<name>text</name>
<bndbox>
<x1>274</x1>
<y1>372</y1>
<x2>300</x2>
<y2>372</y2>
<x3>299</x3>
<y3>385</y3>
<x4>273</x4>
<y4>385</y4>
</bndbox>
</object>
<object>
<name>text</name>
<bndbox>
<x1>320</x1>
<y1>368</y1>
<x2>340</x2>
<y2>366</y2>
<x3>343</x3>
<y3>384</y3>
<x4>323</x4>
<y4>386</y4>
</bndbox>
</object>
<object>
<name>text</name>
<bndbox>
<x1>96</x1>
<y1>373</y1>
<x2>133</x2>
<y2>370</y2>
<x3>138</x3>
<y3>427</y3>
<x4>102</x4>
<y4>430</y4>
</bndbox>
</object>
<object>
<name>text</name>
<bndbox>
<x1>968</x1>
<y1>234</y1>
<x2>989</x2>
<y2>235</y2>
<x3>990</x3>
<y3>254</y3>
<x4>969</x4>
<y4>253</y4>
</bndbox>
</object>
<object>
<name>text</name>
<bndbox>
<x1>859</x1>
<y1>107</y1>
<x2>943</x2>
<y2>142</y2>
<x3>947</x3>
<y3>216</y3>
<x4>863</x4>
<y4>180</y4>
</bndbox>
</object>
<object>
<name>text</name>
<bndbox>
<x1>183</x1>
<y1>271</y1>
<x2>243</x2>
<y2>276</y2>
<x3>244</x3>
<y3>291</y3>
<x4>184</x4>
<y4>286</y4>
</bndbox>
</object>
<object>
<name>text</name>
<bndbox>
<x1>484</x1>
<y1>253</y1>
<x2>511</x2>
<y2>254</y2>
<x3>511</x3>
<y3>268</y3>
<x4>484</x4>
<y4>267</y4>
</bndbox>
</object>
<object>
<name>text</name>
<bndbox>
<x1>744</x1>
<y1>291</y1>
<x2>782</x2>
<y2>292</y2>
<x3>782</x3>
<y3>305</y3>
<x4>744</x4>
<y4>304</y4>
</bndbox>
</object>
<object>
<name>text</name>
<bndbox>
<x1>171</x1>
<y1>429</y1>
<x2>187</x2>
<y2>429</y2>
<x3>187</x3>
<y3>444</y3>
<x4>171</x4>
<y4>444</y4>
</bndbox>
</object>
</annotation>