<?xml version="1.0" ?>
<annotation>
<folder>JPEGImages</folder>
<filename>img_359.xml</filename>
<path>xxxx</path>
<source>
<database>Unknown</database>
<annotation>xxx</annotation>
<image>xxx</image>
<flickrid>0</flickrid>
</source>
<size>
<width>1280</width>
<height>720</height>
<depth>3</depth>
</size>
<segmented>0</segmented>
<object>
<name>text</name>
<bndbox>
<x1>222</x1>
<y1>197</y1>
<x2>329</x2>
<y2>191</y2>
<x3>331</x3>
<y3>221</y3>
<x4>225</x4>
<y4>228</y4>
</bndbox>
</object>
<object>
<name>text</name>
<bndbox>
<x1>326</x1>
<y1>190</y1>
<x2>427</x2>
<y2>186</y2>
<x3>427</x3>
<y3>218</y3>
<x4>326</x4>
<y4>222</y4>
</bndbox>
</object>
<object>
<name>text</name>
<bndbox>
<x1>469</x1>
<y1>186</y1>
<x2>530</x2>
<y2>183</y2>
<x3>530</x3>
<y3>197</y3>
<x4>470</x4>
<y4>201</y4>
</bndbox>
</object>
<object>
<name>text</name>
<bndbox>
<x1>528</x1>
<y1>182</y1>
<x2>584</x2>
<y2>180</y2>
<x3>584</x3>
<y3>197</y3>
<x4>528</x4>
<y4>199</y4>
</bndbox>
</object>
<object>
<name>text</name>
<bndbox>
<x1>587</x1>
<y1>220</y1>
<x2>604</x2>
<y2>219</y2>
<x3>607</x3>
<y3>294</y3>
<x4>589</x4>
<y4>295</y4>
</bndbox>
</object>
<object>
<name>text</name>
<bndbox>
<x1>531</x1>
<y1>284</y1>
<x2>585</x2>
<y2>283</y2>
<x3>586</x3>
<y3>300</y3>
<x4>531</x4>
<y4>301</y4>
</bndbox>
</object>
<object>
<name>text</name>
<bndbox>
<x1>453</x1>
<y1>393</y1>
<x2>497</x2>
<y2>393</y2>
<x3>497</x3>
<y3>410</y3>
<x4>453</x4>
<y4>410</y4>
</bndbox>
</object>
<object>
<name>text</name>
<bndbox>
<x1>506</x1>
<y1>427</y1>
<x2>538</x2>
<y2>428</y2>
<x3>537</x3>
<y3>446</y3>
<x4>504</x4>
<y4>446</y4>
</bndbox>
</object>
<object>
<name>text</name>
<bndbox>
<x1>572</x1>
<y1>355</y1>
<x2>594</x2>
<y2>355</y2>
<x3>597</x3>
<y3>445</y3>
<x4>575</x4>
<y4>445</y4>
</bndbox>
</object>
<object>
<name>text</name>
<bndbox>
<x1>142</x1>
<y1>256</y1>
<x2>157</x2>
<y2>256</y2>
<x3>157</x3>
<y3>310</y3>
<x4>142</x4>
<y4>310</y4>
</bndbox>
</object>
</annotation>