<?xml version="1.0" ?>
<annotation>
<folder>JPEGImages</folder>
<filename>img_29.xml</filename>
<path>xxxx</path>
<source>
<database>Unknown</database>
<annotation>xxx</annotation>
<image>xxx</image>
<flickrid>0</flickrid>
</source>
<size>
<width>1280</width>
<height>720</height>
<depth>3</depth>
</size>
<segmented>0</segmented>
<object>
<name>text</name>
<bndbox>
<x1>186</x1>
<y1>39</y1>
<x2>403</x2>
<y2>73</y2>
<x3>401</x3>
<y3>141</y3>
<x4>185</x4>
<y4>107</y4>
</bndbox>
</object>
<object>
<name>text</name>
<bndbox>
<x1>403</x1>
<y1>84</y1>
<x2>569</x2>
<y2>110</y2>
<x3>573</x3>
<y3>181</y3>
<x4>407</x4>
<y4>154</y4>
</bndbox>
</object>
<object>
<name>text</name>
<bndbox>
<x1>1093</x1>
<y1>178</y1>
<x2>1174</x2>
<y2>180</y2>
<x3>1174</x3>
<y3>216</y3>
<x4>1094</x4>
<y4>214</y4>
</bndbox>
</object>
<object>
<name>text</name>
<bndbox>
<x1>1167</x1>
<y1>182</y1>
<x2>1217</x2>
<y2>183</y2>
<x3>1218</x3>
<y3>209</y3>
<x4>1168</x4>
<y4>207</y4>
</bndbox>
</object>
<object>
<name>text</name>
<bndbox>
<x1>0</x1>
<y1>12</y1>
<x2>155</x2>
<y2>30</y2>
<x3>153</x3>
<y3>119</y3>
<x4>5</x4>
<y4>95</y4>
</bndbox>
</object>
<object>
<name>text</name>
<bndbox>
<x1>432</x1>
<y1>249</y1>
<x2>486</x2>
<y2>251</y2>
<x3>485</x3>
<y3>268</y3>
<x4>430</x4>
<y4>267</y4>
</bndbox>
</object>
<object>
<name>text</name>
<bndbox>
<x1>449</x1>
<y1>266</y1>
<x2>472</x2>
<y2>266</y2>
<x3>472</x3>
<y3>281</y3>
<x4>449</x4>
<y4>281</y4>
</bndbox>
</object>
<object>
<name>text</name>
<bndbox>
<x1>433</x1>
<y1>283</y1>
<x2>488</x2>
<y2>281</y2>
<x3>488</x3>
<y3>291</y3>
<x4>433</x4>
<y4>293</y4>
</bndbox>
</object>
</annotation>