<?xml version="1.0" ?>
<annotation>
<folder>JPEGImages</folder>
<filename>img_288.xml</filename>
<path>xxxx</path>
<source>
<database>Unknown</database>
<annotation>xxx</annotation>
<image>xxx</image>
<flickrid>0</flickrid>
</source>
<size>
<width>1280</width>
<height>720</height>
<depth>3</depth>
</size>
<segmented>0</segmented>
<object>
<name>text</name>
<bndbox>
<x1>639</x1>
<y1>524</y1>
<x2>654</x2>
<y2>521</y2>
<x3>655</x3>
<y3>538</y3>
<x4>641</x4>
<y4>541</y4>
</bndbox>
</object>
<object>
<name>text</name>
<bndbox>
<x1>630</x1>
<y1>544</y1>
<x2>665</x2>
<y2>536</y2>
<x3>666</x3>
<y3>544</y3>
<x4>630</x4>
<y4>551</y4>
</bndbox>
</object>
<object>
<name>text</name>
<bndbox>
<x1>341</x1>
<y1>390</y1>
<x2>398</x2>
<y2>387</y2>
<x3>398</x3>
<y3>442</y3>
<x4>341</x4>
<y4>445</y4>
</bndbox>
</object>
<object>
<name>text</name>
<bndbox>
<x1>395</x1>
<y1>405</y1>
<x2>412</x2>
<y2>404</y2>
<x3>412</x3>
<y3>423</y3>
<x4>396</x4>
<y4>424</y4>
</bndbox>
</object>
<object>
<name>text</name>
<bndbox>
<x1>573</x1>
<y1>669</y1>
<x2>592</x2>
<y2>665</y2>
<x3>597</x3>
<y3>702</y3>
<x4>578</x4>
<y4>706</y4>
</bndbox>
</object>
<object>
<name>text</name>
<bndbox>
<x1>330</x1>
<y1>343</y1>
<x2>414</x2>
<y2>339</y2>
<x3>415</x3>
<y3>356</y3>
<x4>331</x4>
<y4>360</y4>
</bndbox>
</object>
<object>
<name>text</name>
<bndbox>
<x1>527</x1>
<y1>663</y1>
<x2>572</x2>
<y2>652</y2>
<x3>580</x3>
<y3>718</y3>
<x4>525</x4>
<y4>718</y4>
</bndbox>
</object>
<object>
<name>text</name>
<bndbox>
<x1>174</x1>
<y1>191</y1>
<x2>215</x2>
<y2>191</y2>
<x3>214</x3>
<y3>228</y3>
<x4>173</x4>
<y4>227</y4>
</bndbox>
</object>
<object>
<name>text</name>
<bndbox>
<x1>687</x1>
<y1>661</y1>
<x2>767</x2>
<y2>638</y2>
<x3>768</x3>
<y3>658</y3>
<x4>688</x4>
<y4>680</y4>
</bndbox>
</object>
<object>
<name>text</name>
<bndbox>
<x1>711</x1>
<y1>614</y1>
<x2>739</x2>
<y2>607</y2>
<x3>741</x3>
<y3>641</y3>
<x4>713</x4>
<y4>648</y4>
</bndbox>
</object>
<object>
<name>text</name>
<bndbox>
<x1>646</x1>
<y1>419</y1>
<x2>674</x2>
<y2>416</y2>
<x3>674</x3>
<y3>445</y3>
<x4>646</x4>
<y4>449</y4>
</bndbox>
</object>
<object>
<name>text</name>
<bndbox>
<x1>673</x1>
<y1>423</y1>
<x2>713</x2>
<y2>419</y2>
<x3>712</x3>
<y3>431</y3>
<x4>672</x4>
<y4>435</y4>
</bndbox>
</object>
<object>
<name>text</name>
<bndbox>
<x1>806</x1>
<y1>397</y1>
<x2>844</x2>
<y2>399</y2>
<x3>843</x3>
<y3>417</y3>
<x4>806</x4>
<y4>415</y4>
</bndbox>
</object>
<object>
<name>text</name>
<bndbox>
<x1>1014</x1>
<y1>405</y1>
<x2>1078</x2>
<y2>407</y2>
<x3>1078</x3>
<y3>433</y3>
<x4>1014</x4>
<y4>431</y4>
</bndbox>
</object>
<object>
<name>text</name>
<bndbox>
<x1>1094</x1>
<y1>399</y1>
<x2>1127</x2>
<y2>401</y2>
<x3>1131</x3>
<y3>443</y3>
<x4>1098</x4>
<y4>441</y4>
</bndbox>
</object>
<object>
<name>text</name>
<bndbox>
<x1>1128</x1>
<y1>412</y1>
<x2>1142</x2>
<y2>411</y2>
<x3>1144</x3>
<y3>434</y3>
<x4>1129</x4>
<y4>435</y4>
</bndbox>
</object>
<object>
<name>text</name>
<bndbox>
<x1>1099</x1>
<y1>36</y1>
<x2>1226</x2>
<y2>0</y2>
<x3>1245</x3>
<y3>37</y3>
<x4>1118</x4>
<y4>73</y4>
</bndbox>
</object>
<object>
<name>text</name>
<bndbox>
<x1>898</x1>
<y1>103</y1>
<x2>1023</x2>
<y2>68</y2>
<x3>1028</x3>
<y3>103</y3>
<x4>903</x4>
<y4>138</y4>
</bndbox>
</object>
<object>
<name>text</name>
<bndbox>
<x1>718</x1>
<y1>161</y1>
<x2>815</x2>
<y2>134</y2>
<x3>819</x3>
<y3>165</y3>
<x4>722</x4>
<y4>192</y4>
</bndbox>
</object>
<object>
<name>text</name>
<bndbox>
<x1>1003</x1>
<y1>160</y1>
<x2>1022</x2>
<y2>156</y2>
<x3>1024</x3>
<y3>179</y3>
<x4>1005</x4>
<y4>182</y4>
</bndbox>
</object>
<object>
<name>text</name>
<bndbox>
<x1>797</x1>
<y1>198</y1>
<x2>817</x2>
<y2>194</y2>
<x3>818</x3>
<y3>214</y3>
<x4>798</x4>
<y4>218</y4>
</bndbox>
</object>
<object>
<name>text</name>
<bndbox>
<x1>883</x1>
<y1>397</y1>
<x2>961</x2>
<y2>392</y2>
<x3>963</x3>
<y3>411</y3>
<x4>885</x4>
<y4>416</y4>
</bndbox>
</object>
<object>
<name>text</name>
<bndbox>
<x1>0</x1>
<y1>191</y1>
<x2>160</x2>
<y2>197</y2>
<x3>160</x3>
<y3>226</y3>
<x4>2</x4>
<y4>219</y4>
</bndbox>
</object>
<object>
<name>text</name>
<bndbox>
<x1>610</x1>
<y1>206</y1>
<x2>653</x2>
<y2>195</y2>
<x3>656</x3>
<y3>216</y3>
<x4>610</x4>
<y4>228</y4>
</bndbox>
</object>
<object>
<name>text</name>
<bndbox>
<x1>327</x1>
<y1>361</y1>
<x2>416</x2>
<y2>356</y2>
<x3>420</x3>
<y3>373</y3>
<x4>326</x4>
<y4>380</y4>
</bndbox>
</object>
<object>
<name>text</name>
<bndbox>
<x1>520</x1>
<y1>622</y1>
<x2>599</x2>
<y2>603</y2>
<x3>603</x3>
<y3>636</y3>
<x4>522</x4>
<y4>651</y4>
</bndbox>
</object>
<object>
<name>text</name>
<bndbox>
<x1>8</x1>
<y1>418</y1>
<x2>110</x2>
<y2>416</y2>
<x3>111</x3>
<y3>430</y3>
<x4>8</x4>
<y4>438</y4>
</bndbox>
</object>
<object>
<name>text</name>
<bndbox>
<x1>1227</x1>
<y1>80</y1>
<x2>1267</x2>
<y2>72</y2>
<x3>1265</x3>
<y3>93</y3>
<x4>1226</x4>
<y4>97</y4>
</bndbox>
</object>
</annotation>