<?xml version="1.0" ?>
<annotation>
<folder>JPEGImages</folder>
<filename>img_26.xml</filename>
<path>xxxx</path>
<source>
<database>Unknown</database>
<annotation>xxx</annotation>
<image>xxx</image>
<flickrid>0</flickrid>
</source>
<size>
<width>1280</width>
<height>720</height>
<depth>3</depth>
</size>
<segmented>0</segmented>
<object>
<name>text</name>
<bndbox>
<x1>507</x1>
<y1>171</y1>
<x2>569</x2>
<y2>166</y2>
<x3>569</x3>
<y3>192</y3>
<x4>507</x4>
<y4>197</y4>
</bndbox>
</object>
<object>
<name>text</name>
<bndbox>
<x1>507</x1>
<y1>195</y1>
<x2>592</x2>
<y2>187</y2>
<x3>592</x3>
<y3>215</y3>
<x4>507</x4>
<y4>223</y4>
</bndbox>
</object>
<object>
<name>text</name>
<bndbox>
<x1>505</x1>
<y1>221</y1>
<x2>592</x2>
<y2>215</y2>
<x3>593</x3>
<y3>240</y3>
<x4>505</x4>
<y4>246</y4>
</bndbox>
</object>
<object>
<name>text</name>
<bndbox>
<x1>518</x1>
<y1>39</y1>
<x2>597</x2>
<y2>31</y2>
<x3>598</x3>
<y3>60</y3>
<x4>519</x4>
<y4>67</y4>
</bndbox>
</object>
</annotation>