<?xml version="1.0" ?>
<annotation>
<folder>JPEGImages</folder>
<filename>img_328.xml</filename>
<path>xxxx</path>
<source>
<database>Unknown</database>
<annotation>xxx</annotation>
<image>xxx</image>
<flickrid>0</flickrid>
</source>
<size>
<width>1280</width>
<height>720</height>
<depth>3</depth>
</size>
<segmented>0</segmented>
<object>
<name>text</name>
<bndbox>
<x1>262</x1>
<y1>147</y1>
<x2>357</x2>
<y2>144</y2>
<x3>357</x3>
<y3>176</y3>
<x4>262</x4>
<y4>179</y4>
</bndbox>
</object>
<object>
<name>text</name>
<bndbox>
<x1>275</x1>
<y1>177</y1>
<x2>343</x2>
<y2>176</y2>
<x3>343</x3>
<y3>188</y3>
<x4>275</x4>
<y4>190</y4>
</bndbox>
</object>
<object>
<name>text</name>
<bndbox>
<x1>840</x1>
<y1>94</y1>
<x2>940</x2>
<y2>92</y2>
<x3>943</x3>
<y3>154</y3>
<x4>843</x4>
<y4>155</y4>
</bndbox>
</object>
<object>
<name>text</name>
<bndbox>
<x1>439</x1>
<y1>300</y1>
<x2>465</x2>
<y2>299</y2>
<x3>465</x3>
<y3>309</y3>
<x4>440</x4>
<y4>310</y4>
</bndbox>
</object>
</annotation>