<?xml version="1.0" ?>
<annotation>
<folder>JPEGImages</folder>
<filename>img_373.xml</filename>
<path>xxxx</path>
<source>
<database>Unknown</database>
<annotation>xxx</annotation>
<image>xxx</image>
<flickrid>0</flickrid>
</source>
<size>
<width>1280</width>
<height>720</height>
<depth>3</depth>
</size>
<segmented>0</segmented>
<object>
<name>text</name>
<bndbox>
<x1>417</x1>
<y1>149</y1>
<x2>549</x2>
<y2>160</y2>
<x3>550</x3>
<y3>218</y3>
<x4>418</x4>
<y4>206</y4>
</bndbox>
</object>
<object>
<name>text</name>
<bndbox>
<x1>711</x1>
<y1>111</y1>
<x2>755</x2>
<y2>102</y2>
<x3>758</x3>
<y3>128</y3>
<x4>714</x4>
<y4>136</y4>
</bndbox>
</object>
<object>
<name>text</name>
<bndbox>
<x1>403</x1>
<y1>493</y1>
<x2>440</x2>
<y2>478</y2>
<x3>443</x3>
<y3>503</y3>
<x4>406</x4>
<y4>518</y4>
</bndbox>
</object>
</annotation>