<?xml version="1.0" ?>
<annotation>
<folder>JPEGImages</folder>
<filename>img_354.xml</filename>
<path>xxxx</path>
<source>
<database>Unknown</database>
<annotation>xxx</annotation>
<image>xxx</image>
<flickrid>0</flickrid>
</source>
<size>
<width>1280</width>
<height>720</height>
<depth>3</depth>
</size>
<segmented>0</segmented>
<object>
<name>text</name>
<bndbox>
<x1>477</x1>
<y1>343</y1>
<x2>502</x2>
<y2>342</y2>
<x3>513</x3>
<y3>454</y3>
<x4>488</x4>
<y4>455</y4>
</bndbox>
</object>
<object>
<name>text</name>
<bndbox>
<x1>509</x1>
<y1>378</y1>
<x2>529</x2>
<y2>372</y2>
<x3>536</x3>
<y3>446</y3>
<x4>516</x4>
<y4>452</y4>
</bndbox>
</object>
<object>
<name>text</name>
<bndbox>
<x1>2</x1>
<y1>148</y1>
<x2>85</x2>
<y2>153</y2>
<x3>86</x3>
<y3>170</y3>
<x4>3</x4>
<y4>164</y4>
</bndbox>
</object>
<object>
<name>text</name>
<bndbox>
<x1>86</x1>
<y1>155</y1>
<x2>139</x2>
<y2>159</y2>
<x3>139</x3>
<y3>174</y3>
<x4>86</x4>
<y4>170</y4>
</bndbox>
</object>
<object>
<name>text</name>
<bndbox>
<x1>6</x1>
<y1>165</y1>
<x2>99</x2>
<y2>168</y2>
<x3>99</x3>
<y3>189</y3>
<x4>6</x4>
<y4>186</y4>
</bndbox>
</object>
<object>
<name>text</name>
<bndbox>
<x1>25</x1>
<y1>120</y1>
<x2>72</x2>
<y2>123</y2>
<x3>72</x3>
<y3>154</y3>
<x4>24</x4>
<y4>151</y4>
</bndbox>
</object>
<object>
<name>text</name>
<bndbox>
<x1>76</x1>
<y1>126</y1>
<x2>116</x2>
<y2>130</y2>
<x3>116</x3>
<y3>158</y3>
<x4>76</x4>
<y4>153</y4>
</bndbox>
</object>
<object>
<name>text</name>
<bndbox>
<x1>239</x1>
<y1>16</y1>
<x2>277</x2>
<y2>13</y2>
<x3>278</x3>
<y3>29</y3>
<x4>240</x4>
<y4>33</y4>
</bndbox>
</object>
<object>
<name>text</name>
<bndbox>
<x1>281</x1>
<y1>9</y1>
<x2>292</x2>
<y2>9</y2>
<x3>292</x3>
<y3>28</y3>
<x4>282</x4>
<y4>29</y4>
</bndbox>
</object>
<object>
<name>text</name>
<bndbox>
<x1>356</x1>
<y1>8</y1>
<x2>366</x2>
<y2>11</y2>
<x3>365</x3>
<y3>30</y3>
<x4>355</x4>
<y4>26</y4>
</bndbox>
</object>
<object>
<name>text</name>
<bndbox>
<x1>343</x1>
<y1>5</y1>
<x2>358</x2>
<y2>9</y2>
<x3>356</x3>
<y3>25</y3>
<x4>341</x4>
<y4>21</y4>
</bndbox>
</object>
<object>
<name>text</name>
<bndbox>
<x1>321</x1>
<y1>0</y1>
<x2>344</x2>
<y2>5</y2>
<x3>341</x3>
<y3>19</y3>
<x4>317</x4>
<y4>13</y4>
</bndbox>
</object>
<object>
<name>text</name>
<bndbox>
<x1>201</x1>
<y1>139</y1>
<x2>228</x2>
<y2>138</y2>
<x3>229</x3>
<y3>154</y3>
<x4>202</x4>
<y4>155</y4>
</bndbox>
</object>
<object>
<name>text</name>
<bndbox>
<x1>206</x1>
<y1>159</y1>
<x2>228</x2>
<y2>157</y2>
<x3>228</x3>
<y3>189</y3>
<x4>206</x4>
<y4>191</y4>
</bndbox>
</object>
<object>
<name>text</name>
<bndbox>
<x1>366</x1>
<y1>160</y1>
<x2>391</x2>
<y2>160</y2>
<x3>392</x3>
<y3>180</y3>
<x4>367</x4>
<y4>180</y4>
</bndbox>
</object>
</annotation>