<?xml version="1.0" ?>
<annotation>
<folder>JPEGImages</folder>
<filename>img_144.xml</filename>
<path>xxxx</path>
<source>
<database>Unknown</database>
<annotation>xxx</annotation>
<image>xxx</image>
<flickrid>0</flickrid>
</source>
<size>
<width>1280</width>
<height>720</height>
<depth>3</depth>
</size>
<segmented>0</segmented>
<object>
<name>text</name>
<bndbox>
<x1>212</x1>
<y1>215</y1>
<x2>255</x2>
<y2>217</y2>
<x3>254</x3>
<y3>230</y3>
<x4>211</x4>
<y4>228</y4>
</bndbox>
</object>
<object>
<name>text</name>
<bndbox>
<x1>256</x1>
<y1>217</y1>
<x2>271</x2>
<y2>217</y2>
<x3>269</x3>
<y3>230</y3>
<x4>255</x4>
<y4>229</y4>
</bndbox>
</object>
<object>
<name>text</name>
<bndbox>
<x1>215</x1>
<y1>374</y1>
<x2>257</x2>
<y2>372</y2>
<x3>258</x3>
<y3>388</y3>
<x4>216</x4>
<y4>391</y4>
</bndbox>
</object>
<object>
<name>text</name>
<bndbox>
<x1>257</x1>
<y1>372</y1>
<x2>277</x2>
<y2>372</y2>
<x3>278</x3>
<y3>387</y3>
<x4>258</x4>
<y4>387</y4>
</bndbox>
</object>
</annotation>