<?xml version="1.0" ?>
<annotation>
<folder>JPEGImages</folder>
<filename>img_478.xml</filename>
<path>xxxx</path>
<source>
<database>Unknown</database>
<annotation>xxx</annotation>
<image>xxx</image>
<flickrid>0</flickrid>
</source>
<size>
<width>1280</width>
<height>720</height>
<depth>3</depth>
</size>
<segmented>0</segmented>
<object>
<name>text</name>
<bndbox>
<x1>68</x1>
<y1>99</y1>
<x2>225</x2>
<y2>35</y2>
<x3>236</x3>
<y3>81</y3>
<x4>80</x4>
<y4>145</y4>
</bndbox>
</object>
<object>
<name>text</name>
<bndbox>
<x1>488</x1>
<y1>90</y1>
<x2>603</x2>
<y2>60</y2>
<x3>615</x3>
<y3>105</y3>
<x4>500</x4>
<y4>135</y4>
</bndbox>
</object>
<object>
<name>text</name>
<bndbox>
<x1>421</x1>
<y1>201</y1>
<x2>456</x2>
<y2>193</y2>
<x3>460</x3>
<y3>217</y3>
<x4>424</x4>
<y4>224</y4>
</bndbox>
</object>
<object>
<name>text</name>
<bndbox>
<x1>570</x1>
<y1>176</y1>
<x2>620</x2>
<y2>165</y2>
<x3>624</x3>
<y3>180</y3>
<x4>574</x4>
<y4>191</y4>
</bndbox>
</object>
<object>
<name>text</name>
<bndbox>
<x1>618</x1>
<y1>213</y1>
<x2>644</x2>
<y2>211</y2>
<x3>644</x3>
<y3>229</y3>
<x4>618</x4>
<y4>230</y4>
</bndbox>
</object>
<object>
<name>text</name>
<bndbox>
<x1>81</x1>
<y1>234</y1>
<x2>188</x2>
<y2>211</y2>
<x3>194</x3>
<y3>242</y3>
<x4>87</x4>
<y4>265</y4>
</bndbox>
</object>
<object>
<name>text</name>
<bndbox>
<x1>158</x1>
<y1>247</y1>
<x2>203</x2>
<y2>236</y2>
<x3>210</x3>
<y3>255</y3>
<x4>165</x4>
<y4>266</y4>
</bndbox>
</object>
<object>
<name>text</name>
<bndbox>
<x1>127</x1>
<y1>421</y1>
<x2>188</x2>
<y2>400</y2>
<x3>192</x3>
<y3>419</y3>
<x4>131</x4>
<y4>440</y4>
</bndbox>
</object>
<object>
<name>text</name>
<bndbox>
<x1>190</x1>
<y1>401</y1>
<x2>235</x2>
<y2>386</y2>
<x3>238</x3>
<y3>402</y3>
<x4>193</x4>
<y4>417</y4>
</bndbox>
</object>
<object>
<name>text</name>
<bndbox>
<x1>158</x1>
<y1>604</y1>
<x2>255</x2>
<y2>556</y2>
<x3>262</x3>
<y3>593</y3>
<x4>165</x4>
<y4>641</y4>
</bndbox>
</object>
</annotation>