<?xml version="1.0" ?>
<annotation>
<folder>JPEGImages</folder>
<filename>img_111.xml</filename>
<path>xxxx</path>
<source>
<database>Unknown</database>
<annotation>xxx</annotation>
<image>xxx</image>
<flickrid>0</flickrid>
</source>
<size>
<width>1280</width>
<height>720</height>
<depth>3</depth>
</size>
<segmented>0</segmented>
<object>
<name>text</name>
<bndbox>
<x1>733</x1>
<y1>35</y1>
<x2>798</x2>
<y2>24</y2>
<x3>805</x3>
<y3>59</y3>
<x4>740</x4>
<y4>70</y4>
</bndbox>
</object>
</annotation>