<?xml version="1.0" ?>
<annotation>
<folder>JPEGImages</folder>
<filename>img_120.xml</filename>
<path>xxxx</path>
<source>
<database>Unknown</database>
<annotation>xxx</annotation>
<image>xxx</image>
<flickrid>0</flickrid>
</source>
<size>
<width>1280</width>
<height>720</height>
<depth>3</depth>
</size>
<segmented>0</segmented>
<object>
<name>text</name>
<bndbox>
<x1>217</x1>
<y1>482</y1>
<x2>258</x2>
<y2>477</y2>
<x3>256</x3>
<y3>499</y3>
<x4>216</x4>
<y4>503</y4>
</bndbox>
</object>
<object>
<name>text</name>
<bndbox>
<x1>117</x1>
<y1>553</y1>
<x2>185</x2>
<y2>548</y2>
<x3>185</x3>
<y3>563</y3>
<x4>117</x4>
<y4>568</y4>
</bndbox>
</object>
<object>
<name>text</name>
<bndbox>
<x1>163</x1>
<y1>402</y1>
<x2>214</x2>
<y2>396</y2>
<x3>214</x3>
<y3>411</y3>
<x4>162</x4>
<y4>417</y4>
</bndbox>
</object>
<object>
<name>text</name>
<bndbox>
<x1>216</x1>
<y1>395</y1>
<x2>255</x2>
<y2>390</y2>
<x3>255</x3>
<y3>407</y3>
<x4>216</x4>
<y4>412</y4>
</bndbox>
</object>
<object>
<name>text</name>
<bndbox>
<x1>108</x1>
<y1>430</y1>
<x2>136</x2>
<y2>427</y2>
<x3>137</x3>
<y3>442</y3>
<x4>109</x4>
<y4>445</y4>
</bndbox>
</object>
<object>
<name>text</name>
<bndbox>
<x1>104</x1>
<y1>407</y1>
<x2>160</x2>
<y2>400</y2>
<x3>161</x3>
<y3>417</y3>
<x4>105</x4>
<y4>424</y4>
</bndbox>
</object>
<object>
<name>text</name>
<bndbox>
<x1>139</x1>
<y1>426</y1>
<x2>175</x2>
<y2>422</y2>
<x3>175</x3>
<y3>437</y3>
<x4>140</x4>
<y4>440</y4>
</bndbox>
</object>
<object>
<name>text</name>
<bndbox>
<x1>209</x1>
<y1>289</y1>
<x2>307</x2>
<y2>275</y2>
<x3>309</x3>
<y3>298</y3>
<x4>212</x4>
<y4>312</y4>
</bndbox>
</object>
<object>
<name>text</name>
<bndbox>
<x1>109</x1>
<y1>450</y1>
<x2>151</x2>
<y2>445</y2>
<x3>152</x3>
<y3>462</y3>
<x4>110</x4>
<y4>467</y4>
</bndbox>
</object>
<object>
<name>text</name>
<bndbox>
<x1>156</x1>
<y1>446</y1>
<x2>221</x2>
<y2>440</y2>
<x3>220</x3>
<y3>455</y3>
<x4>155</x4>
<y4>461</y4>
</bndbox>
</object>
<object>
<name>text</name>
<bndbox>
<x1>112</x1>
<y1>472</y1>
<x2>160</x2>
<y2>467</y2>
<x3>161</x3>
<y3>483</y3>
<x4>113</x4>
<y4>488</y4>
</bndbox>
</object>
<object>
<name>text</name>
<bndbox>
<x1>161</x1>
<y1>467</y1>
<x2>204</x2>
<y2>463</y2>
<x3>204</x3>
<y3>483</y3>
<x4>162</x4>
<y4>487</y4>
</bndbox>
</object>
<object>
<name>text</name>
<bndbox>
<x1>112</x1>
<y1>494</y1>
<x2>168</x2>
<y2>489</y2>
<x3>168</x3>
<y3>505</y3>
<x4>112</x4>
<y4>510</y4>
</bndbox>
</object>
<object>
<name>text</name>
<bndbox>
<x1>172</x1>
<y1>487</y1>
<x2>216</x2>
<y2>483</y2>
<x3>216</x3>
<y3>504</y3>
<x4>171</x4>
<y4>509</y4>
</bndbox>
</object>
<object>
<name>text</name>
<bndbox>
<x1>205</x1>
<y1>546</y1>
<x2>237</x2>
<y2>545</y2>
<x3>237</x3>
<y3>561</y3>
<x4>205</x4>
<y4>562</y4>
</bndbox>
</object>
<object>
<name>text</name>
<bndbox>
<x1>240</x1>
<y1>542</y1>
<x2>275</x2>
<y2>539</y2>
<x3>276</x3>
<y3>557</y3>
<x4>241</x4>
<y4>559</y4>
</bndbox>
</object>
<object>
<name>text</name>
<bndbox>
<x1>120</x1>
<y1>574</y1>
<x2>169</x2>
<y2>571</y2>
<x3>169</x3>
<y3>587</y3>
<x4>120</x4>
<y4>590</y4>
</bndbox>
</object>
<object>
<name>text</name>
<bndbox>
<x1>170</x1>
<y1>571</y1>
<x2>213</x2>
<y2>568</y2>
<x3>214</x3>
<y3>583</y3>
<x4>170</x4>
<y4>586</y4>
</bndbox>
</object>
<object>
<name>text</name>
<bndbox>
<x1>217</x1>
<y1>568</y1>
<x2>244</x2>
<y2>566</y2>
<x3>244</x3>
<y3>582</y3>
<x4>217</x4>
<y4>584</y4>
</bndbox>
</object>
<object>
<name>text</name>
<bndbox>
<x1>259</x1>
<y1>565</y1>
<x2>294</x2>
<y2>563</y2>
<x3>295</x3>
<y3>578</y3>
<x4>259</x4>
<y4>580</y4>
</bndbox>
</object>
<object>
<name>text</name>
<bndbox>
<x1>297</x1>
<y1>561</y1>
<x2>332</x2>
<y2>559</y2>
<x3>332</x3>
<y3>576</y3>
<x4>297</x4>
<y4>577</y4>
</bndbox>
</object>
<object>
<name>text</name>
<bndbox>
<x1>123</x1>
<y1>625</y1>
<x2>181</x2>
<y2>622</y2>
<x3>181</x3>
<y3>638</y3>
<x4>123</x4>
<y4>642</y4>
</bndbox>
</object>
<object>
<name>text</name>
<bndbox>
<x1>183</x1>
<y1>622</y1>
<x2>218</x2>
<y2>620</y2>
<x3>218</x3>
<y3>639</y3>
<x4>183</x4>
<y4>641</y4>
</bndbox>
</object>
<object>
<name>text</name>
<bndbox>
<x1>128</x1>
<y1>700</y1>
<x2>181</x2>
<y2>696</y2>
<x3>182</x3>
<y3>712</y3>
<x4>129</x4>
<y4>716</y4>
</bndbox>
</object>
<object>
<name>text</name>
<bndbox>
<x1>183</x1>
<y1>696</y1>
<x2>223</x2>
<y2>695</y2>
<x3>223</x3>
<y3>710</y3>
<x4>184</x4>
<y4>712</y4>
</bndbox>
</object>
<object>
<name>text</name>
<bndbox>
<x1>227</x1>
<y1>695</y1>
<x2>233</x2>
<y2>695</y2>
<x3>233</x3>
<y3>711</y3>
<x4>227</x4>
<y4>711</y4>
</bndbox>
</object>
<object>
<name>text</name>
<bndbox>
<x1>234</x1>
<y1>693</y1>
<x2>276</x2>
<y2>692</y2>
<x3>277</x3>
<y3>710</y3>
<x4>236</x4>
<y4>712</y4>
</bndbox>
</object>
</annotation>