<?xml version="1.0" ?>
<annotation>
<folder>JPEGImages</folder>
<filename>img_2.xml</filename>
<path>xxxx</path>
<source>
<database>Unknown</database>
<annotation>xxx</annotation>
<image>xxx</image>
<flickrid>0</flickrid>
</source>
<size>
<width>1280</width>
<height>720</height>
<depth>3</depth>
</size>
<segmented>0</segmented>
<object>
<name>text</name>
<bndbox>
<x1>602</x1>
<y1>173</y1>
<x2>635</x2>
<y2>175</y2>
<x3>634</x3>
<y3>197</y3>
<x4>602</x4>
<y4>196</y4>
</bndbox>
</object>
<object>
<name>text</name>
<bndbox>
<x1>734</x1>
<y1>310</y1>
<x2>792</x2>
<y2>320</y2>
<x3>792</x3>
<y3>364</y3>
<x4>738</x4>
<y4>361</y4>
</bndbox>
</object>
</annotation>