<?xml version="1.0" ?>
<annotation>
<folder>JPEGImages</folder>
<filename>img_516.xml</filename>
<path>xxxx</path>
<source>
<database>Unknown</database>
<annotation>xxx</annotation>
<image>xxx</image>
<flickrid>0</flickrid>
</source>
<size>
<width>1280</width>
<height>720</height>
<depth>3</depth>
</size>
<segmented>0</segmented>
<object>
<name>text</name>
<bndbox>
<x1>591</x1>
<y1>143</y1>
<x2>660</x2>
<y2>129</y2>
<x3>662</x3>
<y3>166</y3>
<x4>593</x4>
<y4>180</y4>
</bndbox>
</object>
<object>
<name>text</name>
<bndbox>
<x1>657</x1>
<y1>125</y1>
<x2>765</x2>
<y2>103</y2>
<x3>768</x3>
<y3>139</y3>
<x4>661</x4>
<y4>161</y4>
</bndbox>
</object>
<object>
<name>text</name>
<bndbox>
<x1>269</x1>
<y1>250</y1>
<x2>330</x2>
<y2>251</y2>
<x3>330</x3>
<y3>261</y3>
<x4>270</x4>
<y4>261</y4>
</bndbox>
</object>
<object>
<name>text</name>
<bndbox>
<x1>395</x1>
<y1>231</y1>
<x2>423</x2>
<y2>233</y2>
<x3>423</x3>
<y3>258</y3>
<x4>395</x4>
<y4>258</y4>
</bndbox>
</object>
<object>
<name>text</name>
<bndbox>
<x1>945</x1>
<y1>296</y1>
<x2>965</x2>
<y2>289</y2>
<x3>967</x3>
<y3>316</y3>
<x4>947</x4>
<y4>322</y4>
</bndbox>
</object>
<object>
<name>text</name>
<bndbox>
<x1>1108</x1>
<y1>163</y1>
<x2>1132</x2>
<y2>163</y2>
<x3>1135</x3>
<y3>270</y3>
<x4>1115</x4>
<y4>270</y4>
</bndbox>
</object>
</annotation>