<?xml version="1.0" ?>
<annotation>
<folder>JPEGImages</folder>
<filename>img_369.xml</filename>
<path>xxxx</path>
<source>
<database>Unknown</database>
<annotation>xxx</annotation>
<image>xxx</image>
<flickrid>0</flickrid>
</source>
<size>
<width>1280</width>
<height>720</height>
<depth>3</depth>
</size>
<segmented>0</segmented>
<object>
<name>text</name>
<bndbox>
<x1>641</x1>
<y1>202</y1>
<x2>740</x2>
<y2>207</y2>
<x3>741</x3>
<y3>279</y3>
<x4>642</x4>
<y4>274</y4>
</bndbox>
</object>
<object>
<name>text</name>
<bndbox>
<x1>666</x1>
<y1>187</y1>
<x2>686</x2>
<y2>188</y2>
<x3>684</x3>
<y3>204</y3>
<x4>666</x4>
<y4>205</y4>
</bndbox>
</object>
<object>
<name>text</name>
<bndbox>
<x1>685</x1>
<y1>189</y1>
<x2>705</x2>
<y2>190</y2>
<x3>705</x3>
<y3>203</y3>
<x4>684</x4>
<y4>203</y4>
</bndbox>
</object>
<object>
<name>text</name>
<bndbox>
<x1>649</x1>
<y1>275</y1>
<x2>709</x2>
<y2>277</y2>
<x3>709</x3>
<y3>293</y3>
<x4>649</x4>
<y4>291</y4>
</bndbox>
</object>
<object>
<name>text</name>
<bndbox>
<x1>708</x1>
<y1>278</y1>
<x2>739</x2>
<y2>279</y2>
<x3>739</x3>
<y3>293</y3>
<x4>708</x4>
<y4>293</y4>
</bndbox>
</object>
<object>
<name>text</name>
<bndbox>
<x1>669</x1>
<y1>329</y1>
<x2>702</x2>
<y2>329</y2>
<x3>701</x3>
<y3>344</y3>
<x4>669</x4>
<y4>343</y4>
</bndbox>
</object>
<object>
<name>text</name>
<bndbox>
<x1>704</x1>
<y1>330</y1>
<x2>727</x2>
<y2>330</y2>
<x3>726</x3>
<y3>345</y3>
<x4>703</x4>
<y4>345</y4>
</bndbox>
</object>
<object>
<name>text</name>
<bndbox>
<x1>645</x1>
<y1>340</y1>
<x2>713</x2>
<y2>345</y2>
<x3>711</x3>
<y3>363</y3>
<x4>643</x4>
<y4>358</y4>
</bndbox>
</object>
<object>
<name>text</name>
<bndbox>
<x1>714</x1>
<y1>347</y1>
<x2>757</x2>
<y2>350</y2>
<x3>756</x3>
<y3>368</y3>
<x4>713</x4>
<y4>365</y4>
</bndbox>
</object>
</annotation>