<?xml version="1.0" ?>
<annotation>
<folder>JPEGImages</folder>
<filename>img_292.xml</filename>
<path>xxxx</path>
<source>
<database>Unknown</database>
<annotation>xxx</annotation>
<image>xxx</image>
<flickrid>0</flickrid>
</source>
<size>
<width>1280</width>
<height>720</height>
<depth>3</depth>
</size>
<segmented>0</segmented>
<object>
<name>text</name>
<bndbox>
<x1>100</x1>
<y1>393</y1>
<x2>254</x2>
<y2>413</y2>
<x3>247</x3>
<y3>454</y3>
<x4>93</x4>
<y4>434</y4>
</bndbox>
</object>
<object>
<name>text</name>
<bndbox>
<x1>780</x1>
<y1>133</y1>
<x2>851</x2>
<y2>106</y2>
<x3>846</x3>
<y3>151</y3>
<x4>775</x4>
<y4>179</y4>
</bndbox>
</object>
<object>
<name>text</name>
<bndbox>
<x1>851</x1>
<y1>89</y1>
<x2>944</x2>
<y2>55</y2>
<x3>939</x3>
<y3>112</y3>
<x4>846</x4>
<y4>147</y4>
</bndbox>
</object>
<object>
<name>text</name>
<bndbox>
<x1>1147</x1>
<y1>389</y1>
<x2>1274</x2>
<y2>404</y2>
<x3>1276</x3>
<y3>441</y3>
<x4>1149</x4>
<y4>427</y4>
</bndbox>
</object>
<object>
<name>text</name>
<bndbox>
<x1>839</x1>
<y1>287</y1>
<x2>886</x2>
<y2>296</y2>
<x3>883</x3>
<y3>311</y3>
<x4>837</x4>
<y4>302</y4>
</bndbox>
</object>
<object>
<name>text</name>
<bndbox>
<x1>945</x1>
<y1>309</y1>
<x2>985</x2>
<y2>316</y2>
<x3>983</x3>
<y3>332</y3>
<x4>943</x4>
<y4>326</y4>
</bndbox>
</object>
<object>
<name>text</name>
<bndbox>
<x1>989</x1>
<y1>316</y1>
<x2>1038</x2>
<y2>327</y2>
<x3>1038</x3>
<y3>346</y3>
<x4>989</x4>
<y4>335</y4>
</bndbox>
</object>
</annotation>