<?xml version="1.0" ?>
<annotation>
<folder>JPEGImages</folder>
<filename>img_546.xml</filename>
<path>xxxx</path>
<source>
<database>Unknown</database>
<annotation>xxx</annotation>
<image>xxx</image>
<flickrid>0</flickrid>
</source>
<size>
<width>1280</width>
<height>720</height>
<depth>3</depth>
</size>
<segmented>0</segmented>
<object>
<name>text</name>
<bndbox>
<x1>55</x1>
<y1>139</y1>
<x2>166</x2>
<y2>139</y2>
<x3>165</x3>
<y3>159</y3>
<x4>53</x4>
<y4>159</y4>
</bndbox>
</object>
<object>
<name>text</name>
<bndbox>
<x1>42</x1>
<y1>169</y1>
<x2>80</x2>
<y2>166</y2>
<x3>80</x3>
<y3>180</y3>
<x4>42</x4>
<y4>183</y4>
</bndbox>
</object>
<object>
<name>text</name>
<bndbox>
<x1>77</x1>
<y1>165</y1>
<x2>106</x2>
<y2>165</y2>
<x3>105</x3>
<y3>179</y3>
<x4>76</x4>
<y4>179</y4>
</bndbox>
</object>
<object>
<name>text</name>
<bndbox>
<x1>51</x1>
<y1>193</y1>
<x2>106</x2>
<y2>194</y2>
<x3>105</x3>
<y3>206</y3>
<x4>50</x4>
<y4>205</y4>
</bndbox>
</object>
<object>
<name>text</name>
<bndbox>
<x1>122</x1>
<y1>165</y1>
<x2>168</x2>
<y2>165</y2>
<x3>168</x3>
<y3>176</y3>
<x4>122</x4>
<y4>176</y4>
</bndbox>
</object>
<object>
<name>text</name>
<bndbox>
<x1>125</x1>
<y1>191</y1>
<x2>171</x2>
<y2>191</y2>
<x3>171</x3>
<y3>204</y3>
<x4>125</x4>
<y4>204</y4>
</bndbox>
</object>
<object>
<name>text</name>
<bndbox>
<x1>0</x1>
<y1>141</y1>
<x2>47</x2>
<y2>142</y2>
<x3>47</x3>
<y3>153</y3>
<x4>0</x4>
<y4>152</y4>
</bndbox>
</object>
<object>
<name>text</name>
<bndbox>
<x1>0</x1>
<y1>159</y1>
<x2>7</x2>
<y2>158</y2>
<x3>7</x3>
<y3>163</y3>
<x4>0</x4>
<y4>163</y4>
</bndbox>
</object>
<object>
<name>text</name>
<bndbox>
<x1>7</x1>
<y1>157</y1>
<x2>13</x2>
<y2>157</y2>
<x3>13</x3>
<y3>164</y3>
<x4>7</x4>
<y4>164</y4>
</bndbox>
</object>
<object>
<name>text</name>
<bndbox>
<x1>14</x1>
<y1>158</y1>
<x2>41</x2>
<y2>156</y2>
<x3>40</x3>
<y3>162</y3>
<x4>13</x4>
<y4>164</y4>
</bndbox>
</object>
</annotation>