<?xml version="1.0" ?>
<annotation>
<folder>JPEGImages</folder>
<filename>img_40.xml</filename>
<path>xxxx</path>
<source>
<database>Unknown</database>
<annotation>xxx</annotation>
<image>xxx</image>
<flickrid>0</flickrid>
</source>
<size>
<width>1280</width>
<height>720</height>
<depth>3</depth>
</size>
<segmented>0</segmented>
<object>
<name>text</name>
<bndbox>
<x1>73</x1>
<y1>337</y1>
<x2>229</x2>
<y2>335</y2>
<x3>238</x3>
<y3>407</y3>
<x4>79</x4>
<y4>434</y4>
</bndbox>
</object>
<object>
<name>text</name>
<bndbox>
<x1>260</x1>
<y1>324</y1>
<x2>351</x2>
<y2>324</y2>
<x3>359</x3>
<y3>378</y3>
<x4>269</x4>
<y4>394</y4>
</bndbox>
</object>
<object>
<name>text</name>
<bndbox>
<x1>210</x1>
<y1>408</y1>
<x2>354</x2>
<y2>386</y2>
<x3>348</x3>
<y3>443</y3>
<x4>202</x4>
<y4>476</y4>
</bndbox>
</object>
<object>
<name>text</name>
<bndbox>
<x1>227</x1>
<y1>328</y1>
<x2>263</x2>
<y2>330</y2>
<x3>272</x3>
<y3>395</y3>
<x4>233</x4>
<y4>397</y4>
</bndbox>
</object>
<object>
<name>text</name>
<bndbox>
<x1>394</x1>
<y1>373</y1>
<x2>498</x2>
<y2>379</y2>
<x3>500</x3>
<y3>403</y3>
<x4>393</x4>
<y4>404</y4>
</bndbox>
</object>
<object>
<name>text</name>
<bndbox>
<x1>403</x1>
<y1>406</y1>
<x2>444</x2>
<y2>406</y2>
<x3>442</x3>
<y3>419</y3>
<x4>404</x4>
<y4>421</y4>
</bndbox>
</object>
<object>
<name>text</name>
<bndbox>
<x1>448</x1>
<y1>406</y1>
<x2>498</x2>
<y2>406</y2>
<x3>497</x3>
<y3>417</y3>
<x4>447</x4>
<y4>419</y4>
</bndbox>
</object>
<object>
<name>text</name>
<bndbox>
<x1>929</x1>
<y1>267</y1>
<x2>987</x2>
<y2>261</y2>
<x3>981</x3>
<y3>290</y3>
<x4>930</x4>
<y4>293</y4>
</bndbox>
</object>
<object>
<name>text</name>
<bndbox>
<x1>377</x1>
<y1>314</y1>
<x2>427</x2>
<y2>325</y2>
<x3>424</x3>
<y3>343</y3>
<x4>373</x4>
<y4>335</y4>
</bndbox>
</object>
</annotation>