<?xml version="1.0" ?>
<annotation>
<folder>JPEGImages</folder>
<filename>img_421.xml</filename>
<path>xxxx</path>
<source>
<database>Unknown</database>
<annotation>xxx</annotation>
<image>xxx</image>
<flickrid>0</flickrid>
</source>
<size>
<width>1280</width>
<height>720</height>
<depth>3</depth>
</size>
<segmented>0</segmented>
<object>
<name>text</name>
<bndbox>
<x1>280</x1>
<y1>57</y1>
<x2>333</x2>
<y2>61</y2>
<x3>333</x3>
<y3>93</y3>
<x4>280</x4>
<y4>90</y4>
</bndbox>
</object>
<object>
<name>text</name>
<bndbox>
<x1>491</x1>
<y1>75</y1>
<x2>523</x2>
<y2>78</y2>
<x3>523</x3>
<y3>103</y3>
<x4>491</x4>
<y4>100</y4>
</bndbox>
</object>
<object>
<name>text</name>
<bndbox>
<x1>127</x1>
<y1>48</y1>
<x2>214</x2>
<y2>54</y2>
<x3>214</x3>
<y3>85</y3>
<x4>127</x4>
<y4>80</y4>
</bndbox>
</object>
<object>
<name>text</name>
<bndbox>
<x1>732</x1>
<y1>178</y1>
<x2>755</x2>
<y2>178</y2>
<x3>752</x3>
<y3>201</y3>
<x4>728</x4>
<y4>201</y4>
</bndbox>
</object>
<object>
<name>text</name>
<bndbox>
<x1>808</x1>
<y1>181</y1>
<x2>840</x2>
<y2>178</y2>
<x3>837</x3>
<y3>206</y3>
<x4>806</x4>
<y4>208</y4>
</bndbox>
</object>
<object>
<name>text</name>
<bndbox>
<x1>892</x1>
<y1>191</y1>
<x2>917</x2>
<y2>192</y2>
<x3>914</x3>
<y3>213</y3>
<x4>888</x4>
<y4>212</y4>
</bndbox>
</object>
</annotation>