<?xml version="1.0" ?>
<annotation>
<folder>JPEGImages</folder>
<filename>img_481.xml</filename>
<path>xxxx</path>
<source>
<database>Unknown</database>
<annotation>xxx</annotation>
<image>xxx</image>
<flickrid>0</flickrid>
</source>
<size>
<width>1280</width>
<height>720</height>
<depth>3</depth>
</size>
<segmented>0</segmented>
<object>
<name>text</name>
<bndbox>
<x1>320</x1>
<y1>63</y1>
<x2>372</x2>
<y2>53</y2>
<x3>375</x3>
<y3>69</y3>
<x4>323</x4>
<y4>78</y4>
</bndbox>
</object>
<object>
<name>text</name>
<bndbox>
<x1>843</x1>
<y1>197</y1>
<x2>894</x2>
<y2>190</y2>
<x3>903</x3>
<y3>233</y3>
<x4>853</x4>
<y4>240</y4>
</bndbox>
</object>
<object>
<name>text</name>
<bndbox>
<x1>503</x1>
<y1>133</y1>
<x2>565</x2>
<y2>123</y2>
<x3>567</x3>
<y3>143</y3>
<x4>506</x4>
<y4>153</y4>
</bndbox>
</object>
<object>
<name>text</name>
<bndbox>
<x1>767</x1>
<y1>91</y1>
<x2>844</x2>
<y2>77</y2>
<x3>849</x3>
<y3>91</y3>
<x4>772</x4>
<y4>105</y4>
</bndbox>
</object>
<object>
<name>text</name>
<bndbox>
<x1>842</x1>
<y1>77</y1>
<x2>885</x2>
<y2>70</y2>
<x3>887</x3>
<y3>84</y3>
<x4>844</x4>
<y4>91</y4>
</bndbox>
</object>
<object>
<name>text</name>
<bndbox>
<x1>1082</x1>
<y1>181</y1>
<x2>1117</x2>
<y2>178</y2>
<x3>1122</x3>
<y3>203</y3>
<x4>1087</x4>
<y4>206</y4>
</bndbox>
</object>
<object>
<name>text</name>
<bndbox>
<x1>417</x1>
<y1>41</y1>
<x2>454</x2>
<y2>33</y2>
<x3>456</x3>
<y3>51</y3>
<x4>419</x4>
<y4>59</y4>
</bndbox>
</object>
<object>
<name>text</name>
<bndbox>
<x1>705</x1>
<y1>95</y1>
<x2>771</x2>
<y2>85</y2>
<x3>778</x3>
<y3>106</y3>
<x4>712</x4>
<y4>116</y4>
</bndbox>
</object>
<object>
<name>text</name>
<bndbox>
<x1>504</x1>
<y1>22</y1>
<x2>548</x2>
<y2>15</y2>
<x3>549</x3>
<y3>29</y3>
<x4>505</x4>
<y4>36</y4>
</bndbox>
</object>
<object>
<name>text</name>
<bndbox>
<x1>379</x1>
<y1>51</y1>
<x2>422</x2>
<y2>41</y2>
<x3>422</x3>
<y3>58</y3>
<x4>379</x4>
<y4>67</y4>
</bndbox>
</object>
<object>
<name>text</name>
<bndbox>
<x1>369</x1>
<y1>51</y1>
<x2>380</x2>
<y2>47</y2>
<x3>382</x3>
<y3>65</y3>
<x4>372</x4>
<y4>69</y4>
</bndbox>
</object>
<object>
<name>text</name>
<bndbox>
<x1>542</x1>
<y1>13</y1>
<x2>582</x2>
<y2>5</y2>
<x3>586</x3>
<y3>21</y3>
<x4>545</x4>
<y4>28</y4>
</bndbox>
</object>
<object>
<name>text</name>
<bndbox>
<x1>928</x1>
<y1>199</y1>
<x2>974</x2>
<y2>192</y2>
<x3>979</x3>
<y3>203</y3>
<x4>932</x4>
<y4>210</y4>
</bndbox>
</object>
<object>
<name>text</name>
<bndbox>
<x1>1040</x1>
<y1>202</y1>
<x2>1087</x2>
<y2>198</y2>
<x3>1088</x3>
<y3>204</y3>
<x4>1041</x4>
<y4>208</y4>
</bndbox>
</object>
<object>
<name>text</name>
<bndbox>
<x1>1121</x1>
<y1>194</y1>
<x2>1147</x2>
<y2>191</y2>
<x3>1147</x3>
<y3>196</y3>
<x4>1122</x4>
<y4>199</y4>
</bndbox>
</object>
<object>
<name>text</name>
<bndbox>
<x1>1035</x1>
<y1>189</y1>
<x2>1083</x2>
<y2>185</y2>
<x3>1086</x3>
<y3>196</y3>
<x4>1039</x4>
<y4>199</y4>
</bndbox>
</object>
<object>
<name>text</name>
<bndbox>
<x1>1118</x1>
<y1>181</y1>
<x2>1147</x2>
<y2>178</y2>
<x3>1149</x3>
<y3>189</y3>
<x4>1119</x4>
<y4>192</y4>
</bndbox>
</object>
<object>
<name>text</name>
<bndbox>
<x1>311</x1>
<y1>171</y1>
<x2>415</x2>
<y2>152</y2>
<x3>418</x3>
<y3>169</y3>
<x4>315</x4>
<y4>188</y4>
</bndbox>
</object>
<object>
<name>text</name>
<bndbox>
<x1>417</x1>
<y1>150</y1>
<x2>467</x2>
<y2>144</y2>
<x3>471</x3>
<y3>164</y3>
<x4>421</x4>
<y4>170</y4>
</bndbox>
</object>
<object>
<name>text</name>
<bndbox>
<x1>740</x1>
<y1>264</y1>
<x2>781</x2>
<y2>258</y2>
<x3>782</x3>
<y3>262</y3>
<x4>742</x4>
<y4>267</y4>
</bndbox>
</object>
<object>
<name>text</name>
<bndbox>
<x1>928</x1>
<y1>213</y1>
<x2>996</x2>
<y2>204</y2>
<x3>999</x3>
<y3>216</y3>
<x4>931</x4>
<y4>226</y4>
</bndbox>
</object>
<object>
<name>text</name>
<bndbox>
<x1>467</x1>
<y1>34</y1>
<x2>504</x2>
<y2>26</y2>
<x3>504</x3>
<y3>34</y3>
<x4>467</x4>
<y4>43</y4>
</bndbox>
</object>
</annotation>