<?xml version="1.0" ?>
<annotation>
<folder>JPEGImages</folder>
<filename>img_249.xml</filename>
<path>xxxx</path>
<source>
<database>Unknown</database>
<annotation>xxx</annotation>
<image>xxx</image>
<flickrid>0</flickrid>
</source>
<size>
<width>1280</width>
<height>720</height>
<depth>3</depth>
</size>
<segmented>0</segmented>
<object>
<name>text</name>
<bndbox>
<x1>1054</x1>
<y1>75</y1>
<x2>1249</x2>
<y2>67</y2>
<x3>1251</x3>
<y3>117</y3>
<x4>1056</x4>
<y4>125</y4>
</bndbox>
</object>
<object>
<name>text</name>
<bndbox>
<x1>985</x1>
<y1>188</y1>
<x2>1009</x2>
<y2>188</y2>
<x3>1008</x3>
<y3>195</y3>
<x4>984</x4>
<y4>195</y4>
</bndbox>
</object>
</annotation>