<?xml version="1.0" ?>
<annotation>
<folder>JPEGImages</folder>
<filename>img_411.xml</filename>
<path>xxxx</path>
<source>
<database>Unknown</database>
<annotation>xxx</annotation>
<image>xxx</image>
<flickrid>0</flickrid>
</source>
<size>
<width>1280</width>
<height>720</height>
<depth>3</depth>
</size>
<segmented>0</segmented>
<object>
<name>text</name>
<bndbox>
<x1>119</x1>
<y1>58</y1>
<x2>335</x2>
<y2>78</y2>
<x3>346</x3>
<y3>144</y3>
<x4>129</x4>
<y4>134</y4>
</bndbox>
</object>
<object>
<name>text</name>
<bndbox>
<x1>122</x1>
<y1>259</y1>
<x2>145</x2>
<y2>252</y2>
<x3>148</x3>
<y3>267</y3>
<x4>125</x4>
<y4>274</y4>
</bndbox>
</object>
<object>
<name>text</name>
<bndbox>
<x1>154</x1>
<y1>250</y1>
<x2>187</x2>
<y2>242</y2>
<x3>190</x3>
<y3>258</y3>
<x4>157</x4>
<y4>266</y4>
</bndbox>
</object>
</annotation>