<?xml version="1.0" ?>
<annotation>
<folder>JPEGImages</folder>
<filename>img_310.xml</filename>
<path>xxxx</path>
<source>
<database>Unknown</database>
<annotation>xxx</annotation>
<image>xxx</image>
<flickrid>0</flickrid>
</source>
<size>
<width>1280</width>
<height>720</height>
<depth>3</depth>
</size>
<segmented>0</segmented>
<object>
<name>text</name>
<bndbox>
<x1>733</x1>
<y1>113</y1>
<x2>966</x2>
<y2>60</y2>
<x3>969</x3>
<y3>150</y3>
<x4>732</x4>
<y4>187</y4>
</bndbox>
</object>
<object>
<name>text</name>
<bndbox>
<x1>784</x1>
<y1>317</y1>
<x2>847</x2>
<y2>317</y2>
<x3>844</x3>
<y3>338</y3>
<x4>782</x4>
<y4>338</y4>
</bndbox>
</object>
<object>
<name>text</name>
<bndbox>
<x1>263</x1>
<y1>252</y1>
<x2>401</x2>
<y2>256</y2>
<x3>398</x3>
<y3>324</y3>
<x4>261</x4>
<y4>321</y4>
</bndbox>
</object>
<object>
<name>text</name>
<bndbox>
<x1>678</x1>
<y1>318</y1>
<x2>720</x2>
<y2>318</y2>
<x3>720</x3>
<y3>327</y3>
<x4>678</x4>
<y4>327</y4>
</bndbox>
</object>
<object>
<name>text</name>
<bndbox>
<x1>677</x1>
<y1>326</y1>
<x2>720</x2>
<y2>327</y2>
<x3>720</x3>
<y3>335</y3>
<x4>677</x4>
<y4>334</y4>
</bndbox>
</object>
</annotation>