<?xml version="1.0" ?>
<annotation>
<folder>JPEGImages</folder>
<filename>img_287.xml</filename>
<path>xxxx</path>
<source>
<database>Unknown</database>
<annotation>xxx</annotation>
<image>xxx</image>
<flickrid>0</flickrid>
</source>
<size>
<width>1280</width>
<height>720</height>
<depth>3</depth>
</size>
<segmented>0</segmented>
<object>
<name>text</name>
<bndbox>
<x1>695</x1>
<y1>259</y1>
<x2>720</x2>
<y2>256</y2>
<x3>724</x3>
<y3>288</y3>
<x4>698</x4>
<y4>290</y4>
</bndbox>
</object>
<object>
<name>text</name>
<bndbox>
<x1>794</x1>
<y1>243</y1>
<x2>814</x2>
<y2>240</y2>
<x3>816</x3>
<y3>258</y3>
<x4>796</x4>
<y4>260</y4>
</bndbox>
</object>
<object>
<name>text</name>
<bndbox>
<x1>635</x1>
<y1>148</y1>
<x2>669</x2>
<y2>144</y2>
<x3>673</x3>
<y3>180</y3>
<x4>638</x4>
<y4>183</y4>
</bndbox>
</object>
<object>
<name>text</name>
<bndbox>
<x1>670</x1>
<y1>156</y1>
<x2>677</x2>
<y2>155</y2>
<x3>677</x3>
<y3>167</y3>
<x4>670</x4>
<y4>168</y4>
</bndbox>
</object>
<object>
<name>text</name>
<bndbox>
<x1>623</x1>
<y1>117</y1>
<x2>673</x2>
<y2>112</y2>
<x3>674</x3>
<y3>124</y3>
<x4>623</x4>
<y4>129</y4>
</bndbox>
</object>
<object>
<name>text</name>
<bndbox>
<x1>525</x1>
<y1>11</y1>
<x2>552</x2>
<y2>9</y2>
<x3>555</x3>
<y3>37</y3>
<x4>527</x4>
<y4>40</y4>
</bndbox>
</object>
<object>
<name>text</name>
<bndbox>
<x1>622</x1>
<y1>130</y1>
<x2>677</x2>
<y2>122</y2>
<x3>678</x3>
<y3>134</y3>
<x4>624</x4>
<y4>142</y4>
</bndbox>
</object>
<object>
<name>text</name>
<bndbox>
<x1>368</x1>
<y1>32</y1>
<x2>515</x2>
<y2>18</y2>
<x3>517</x3>
<y3>40</y3>
<x4>370</x4>
<y4>55</y4>
</bndbox>
</object>
<object>
<name>text</name>
<bndbox>
<x1>783</x1>
<y1>264</y1>
<x2>831</x2>
<y2>257</y2>
<x3>832</x3>
<y3>267</y3>
<x4>784</x4>
<y4>274</y4>
</bndbox>
</object>
<object>
<name>text</name>
<bndbox>
<x1>720</x1>
<y1>263</y1>
<x2>732</x2>
<y2>261</y2>
<x3>733</x3>
<y3>277</y3>
<x4>721</x4>
<y4>279</y4>
</bndbox>
</object>
<object>
<name>text</name>
<bndbox>
<x1>1079</x1>
<y1>126</y1>
<x2>1118</x2>
<y2>126</y2>
<x3>1119</x3>
<y3>144</y3>
<x4>1080</x4>
<y4>145</y4>
</bndbox>
</object>
<object>
<name>text</name>
<bndbox>
<x1>864</x1>
<y1>157</y1>
<x2>888</x2>
<y2>156</y2>
<x3>889</x3>
<y3>176</y3>
<x4>865</x4>
<y4>176</y4>
</bndbox>
</object>
<object>
<name>text</name>
<bndbox>
<x1>1125</x1>
<y1>118</y1>
<x2>1147</x2>
<y2>118</y2>
<x3>1148</x3>
<y3>149</y3>
<x4>1125</x4>
<y4>149</y4>
</bndbox>
</object>
<object>
<name>text</name>
<bndbox>
<x1>964</x1>
<y1>131</y1>
<x2>988</x2>
<y2>130</y2>
<x3>987</x3>
<y3>145</y3>
<x4>964</x4>
<y4>146</y4>
</bndbox>
</object>
<object>
<name>text</name>
<bndbox>
<x1>699</x1>
<y1>293</y1>
<x2>737</x2>
<y2>286</y2>
<x3>738</x3>
<y3>293</y3>
<x4>700</x4>
<y4>300</y4>
</bndbox>
</object>
</annotation>