<?xml version="1.0" ?>
<annotation>
<folder>JPEGImages</folder>
<filename>img_532.xml</filename>
<path>xxxx</path>
<source>
<database>Unknown</database>
<annotation>xxx</annotation>
<image>xxx</image>
<flickrid>0</flickrid>
</source>
<size>
<width>1280</width>
<height>720</height>
<depth>3</depth>
</size>
<segmented>0</segmented>
<object>
<name>text</name>
<bndbox>
<x1>21</x1>
<y1>530</y1>
<x2>126</x2>
<y2>530</y2>
<x3>122</x3>
<y3>575</y3>
<x4>17</x4>
<y4>575</y4>
</bndbox>
</object>
<object>
<name>text</name>
<bndbox>
<x1>127</x1>
<y1>614</y1>
<x2>165</x2>
<y2>614</y2>
<x3>165</x3>
<y3>655</y3>
<x4>127</x4>
<y4>655</y4>
</bndbox>
</object>
<object>
<name>text</name>
<bndbox>
<x1>1</x1>
<y1>462</y1>
<x2>153</x2>
<y2>464</y2>
<x3>152</x3>
<y3>526</y3>
<x4>0</x4>
<y4>524</y4>
</bndbox>
</object>
<object>
<name>text</name>
<bndbox>
<x1>2</x1>
<y1>620</y1>
<x2>113</x2>
<y2>618</y2>
<x3>112</x3>
<y3>654</y3>
<x4>2</x4>
<y4>656</y4>
</bndbox>
</object>
</annotation>