<?xml version="1.0" ?>
<annotation>
<folder>JPEGImages</folder>
<filename>img_220.xml</filename>
<path>xxxx</path>
<source>
<database>Unknown</database>
<annotation>xxx</annotation>
<image>xxx</image>
<flickrid>0</flickrid>
</source>
<size>
<width>1280</width>
<height>720</height>
<depth>3</depth>
</size>
<segmented>0</segmented>
<object>
<name>text</name>
<bndbox>
<x1>688</x1>
<y1>198</y1>
<x2>701</x2>
<y2>199</y2>
<x3>701</x3>
<y3>212</y3>
<x4>687</x4>
<y4>211</y4>
</bndbox>
</object>
<object>
<name>text</name>
<bndbox>
<x1>702</x1>
<y1>194</y1>
<x2>725</x2>
<y2>195</y2>
<x3>725</x3>
<y3>209</y3>
<x4>701</x4>
<y4>208</y4>
</bndbox>
</object>
<object>
<name>text</name>
<bndbox>
<x1>648</x1>
<y1>237</y1>
<x2>664</x2>
<y2>236</y2>
<x3>665</x3>
<y3>248</y3>
<x4>650</x4>
<y4>250</y4>
</bndbox>
</object>
<object>
<name>text</name>
<bndbox>
<x1>664</x1>
<y1>236</y1>
<x2>678</x2>
<y2>236</y2>
<x3>679</x3>
<y3>250</y3>
<x4>665</x4>
<y4>250</y4>
</bndbox>
</object>
<object>
<name>text</name>
<bndbox>
<x1>678</x1>
<y1>231</y1>
<x2>708</x2>
<y2>228</y2>
<x3>708</x3>
<y3>241</y3>
<x4>678</x4>
<y4>244</y4>
</bndbox>
</object>
<object>
<name>text</name>
<bndbox>
<x1>674</x1>
<y1>280</y1>
<x2>726</x2>
<y2>270</y2>
<x3>726</x3>
<y3>281</y3>
<x4>674</x4>
<y4>291</y4>
</bndbox>
</object>
<object>
<name>text</name>
<bndbox>
<x1>648</x1>
<y1>200</y1>
<x2>655</x2>
<y2>200</y2>
<x3>654</x3>
<y3>214</y3>
<x4>648</x4>
<y4>215</y4>
</bndbox>
</object>
<object>
<name>text</name>
<bndbox>
<x1>673</x1>
<y1>260</y1>
<x2>730</x2>
<y2>249</y2>
<x3>731</x3>
<y3>269</y3>
<x4>673</x4>
<y4>280</y4>
</bndbox>
</object>
<object>
<name>text</name>
<bndbox>
<x1>654</x1>
<y1>199</y1>
<x2>688</x2>
<y2>198</y2>
<x3>687</x3>
<y3>214</y3>
<x4>653</x4>
<y4>215</y4>
</bndbox>
</object>
<object>
<name>text</name>
<bndbox>
<x1>725</x1>
<y1>193</y1>
<x2>736</x2>
<y2>193</y2>
<x3>736</x3>
<y3>206</y3>
<x4>725</x4>
<y4>206</y4>
</bndbox>
</object>
<object>
<name>text</name>
<bndbox>
<x1>647</x1>
<y1>221</y1>
<x2>682</x2>
<y2>216</y2>
<x3>683</x3>
<y3>227</y3>
<x4>648</x4>
<y4>233</y4>
</bndbox>
</object>
<object>
<name>text</name>
<bndbox>
<x1>682</x1>
<y1>214</y1>
<x2>701</x2>
<y2>212</y2>
<x3>701</x3>
<y3>226</y3>
<x4>683</x4>
<y4>228</y4>
</bndbox>
</object>
<object>
<name>text</name>
<bndbox>
<x1>700</x1>
<y1>211</y1>
<x2>727</x2>
<y2>208</y2>
<x3>726</x3>
<y3>222</y3>
<x4>700</x4>
<y4>225</y4>
</bndbox>
</object>
<object>
<name>text</name>
<bndbox>
<x1>725</x1>
<y1>209</y1>
<x2>752</x2>
<y2>206</y2>
<x3>753</x3>
<y3>220</y3>
<x4>726</x4>
<y4>222</y4>
</bndbox>
</object>
<object>
<name>text</name>
<bndbox>
<x1>643</x1>
<y1>599</y1>
<x2>680</x2>
<y2>579</y2>
<x3>681</x3>
<y3>589</y3>
<x4>645</x4>
<y4>609</y4>
</bndbox>
</object>
<object>
<name>text</name>
<bndbox>
<x1>518</x1>
<y1>211</y1>
<x2>534</x2>
<y2>210</y2>
<x3>534</x3>
<y3>231</y3>
<x4>518</x4>
<y4>232</y4>
</bndbox>
</object>
</annotation>