<?xml version="1.0" ?>
<annotation>
<folder>JPEGImages</folder>
<filename>img_510.xml</filename>
<path>xxxx</path>
<source>
<database>Unknown</database>
<annotation>xxx</annotation>
<image>xxx</image>
<flickrid>0</flickrid>
</source>
<size>
<width>1280</width>
<height>720</height>
<depth>3</depth>
</size>
<segmented>0</segmented>
<object>
<name>text</name>
<bndbox>
<x1>265</x1>
<y1>100</y1>
<x2>341</x2>
<y2>94</y2>
<x3>342</x3>
<y3>114</y3>
<x4>266</x4>
<y4>120</y4>
</bndbox>
</object>
<object>
<name>text</name>
<bndbox>
<x1>1087</x1>
<y1>336</y1>
<x2>1128</x2>
<y2>336</y2>
<x3>1130</x3>
<y3>353</y3>
<x4>1088</x4>
<y4>353</y4>
</bndbox>
</object>
<object>
<name>text</name>
<bndbox>
<x1>848</x1>
<y1>610</y1>
<x2>892</x2>
<y2>621</y2>
<x3>883</x3>
<y3>648</y3>
<x4>840</x4>
<y4>636</y4>
</bndbox>
</object>
<object>
<name>text</name>
<bndbox>
<x1>680</x1>
<y1>455</y1>
<x2>711</x2>
<y2>455</y2>
<x3>712</x3>
<y3>475</y3>
<x4>681</x4>
<y4>475</y4>
</bndbox>
</object>
<object>
<name>text</name>
<bndbox>
<x1>201</x1>
<y1>203</y1>
<x2>277</x2>
<y2>210</y2>
<x3>277</x3>
<y3>234</y3>
<x4>201</x4>
<y4>226</y4>
</bndbox>
</object>
<object>
<name>text</name>
<bndbox>
<x1>716</x1>
<y1>455</y1>
<x2>752</x2>
<y2>454</y2>
<x3>753</x3>
<y3>470</y3>
<x4>717</x4>
<y4>471</y4>
</bndbox>
</object>
<object>
<name>text</name>
<bndbox>
<x1>2</x1>
<y1>208</y1>
<x2>158</x2>
<y2>199</y2>
<x3>161</x3>
<y3>231</y3>
<x4>5</x4>
<y4>240</y4>
</bndbox>
</object>
<object>
<name>text</name>
<bndbox>
<x1>853</x1>
<y1>345</y1>
<x2>887</x2>
<y2>344</y2>
<x3>888</x3>
<y3>361</y3>
<x4>855</x4>
<y4>363</y4>
</bndbox>
</object>
<object>
<name>text</name>
<bndbox>
<x1>685</x1>
<y1>604</y1>
<x2>713</x2>
<y2>625</y2>
<x3>698</x3>
<y3>660</y3>
<x4>670</x4>
<y4>639</y4>
</bndbox>
</object>
<object>
<name>text</name>
<bndbox>
<x1>737</x1>
<y1>536</y1>
<x2>805</x2>
<y2>539</y2>
<x3>803</x3>
<y3>565</y3>
<x4>736</x4>
<y4>563</y4>
</bndbox>
</object>
<object>
<name>text</name>
<bndbox>
<x1>1046</x1>
<y1>336</y1>
<x2>1083</x2>
<y2>335</y2>
<x3>1085</x3>
<y3>353</y3>
<x4>1047</x4>
<y4>354</y4>
</bndbox>
</object>
<object>
<name>text</name>
<bndbox>
<x1>226</x1>
<y1>608</y1>
<x2>262</x2>
<y2>584</y2>
<x3>268</x3>
<y3>609</y3>
<x4>232</x4>
<y4>633</y4>
</bndbox>
</object>
<object>
<name>text</name>
<bndbox>
<x1>935</x1>
<y1>341</y1>
<x2>968</x2>
<y2>341</y2>
<x3>970</x3>
<y3>359</y3>
<x4>936</x4>
<y4>359</y4>
</bndbox>
</object>
<object>
<name>text</name>
<bndbox>
<x1>267</x1>
<y1>186</y1>
<x2>346</x2>
<y2>180</y2>
<x3>346</x3>
<y3>191</y3>
<x4>267</x4>
<y4>198</y4>
</bndbox>
</object>
<object>
<name>text</name>
<bndbox>
<x1>688</x1>
<y1>390</y1>
<x2>716</x2>
<y2>390</y2>
<x3>717</x3>
<y3>403</y3>
<x4>690</x4>
<y4>403</y4>
</bndbox>
</object>
<object>
<name>text</name>
<bndbox>
<x1>880</x1>
<y1>604</y1>
<x2>902</x2>
<y2>607</y2>
<x3>901</x3>
<y3>619</y3>
<x4>879</x4>
<y4>616</y4>
</bndbox>
</object>
<object>
<name>text</name>
<bndbox>
<x1>881</x1>
<y1>592</y1>
<x2>901</x2>
<y2>596</y2>
<x3>903</x3>
<y3>608</y3>
<x4>882</x4>
<y4>605</y4>
</bndbox>
</object>
<object>
<name>text</name>
<bndbox>
<x1>972</x1>
<y1>467</y1>
<x2>1011</x2>
<y2>466</y2>
<x3>1012</x3>
<y3>475</y3>
<x4>974</x4>
<y4>476</y4>
</bndbox>
</object>
<object>
<name>text</name>
<bndbox>
<x1>1080</x1>
<y1>460</y1>
<x2>1119</x2>
<y2>459</y2>
<x3>1120</x3>
<y3>468</y3>
<x4>1081</x4>
<y4>469</y4>
</bndbox>
</object>
<object>
<name>text</name>
<bndbox>
<x1>759</x1>
<y1>472</y1>
<x2>799</x2>
<y2>472</y2>
<x3>799</x3>
<y3>481</y3>
<x4>759</x4>
<y4>481</y4>
</bndbox>
</object>
<object>
<name>text</name>
<bndbox>
<x1>1040</x1>
<y1>625</y1>
<x2>1061</x2>
<y2>625</y2>
<x3>1064</x3>
<y3>644</y3>
<x4>1042</x4>
<y4>644</y4>
</bndbox>
</object>
<object>
<name>text</name>
<bndbox>
<x1>940</x1>
<y1>699</y1>
<x2>951</x2>
<y2>698</y2>
<x3>953</x3>
<y3>718</y3>
<x4>942</x4>
<y4>719</y4>
</bndbox>
</object>
<object>
<name>text</name>
<bndbox>
<x1>950</x1>
<y1>697</y1>
<x2>1022</x2>
<y2>694</y2>
<x3>1025</x3>
<y3>719</y3>
<x4>955</x4>
<y4>719</y4>
</bndbox>
</object>
<object>
<name>text</name>
<bndbox>
<x1>803</x1>
<y1>354</y1>
<x2>816</x2>
<y2>354</y2>
<x3>816</x3>
<y3>365</y3>
<x4>803</x4>
<y4>365</y4>
</bndbox>
</object>
</annotation>