<?xml version="1.0" ?>
<annotation>
<folder>JPEGImages</folder>
<filename>img_337.xml</filename>
<path>xxxx</path>
<source>
<database>Unknown</database>
<annotation>xxx</annotation>
<image>xxx</image>
<flickrid>0</flickrid>
</source>
<size>
<width>1280</width>
<height>720</height>
<depth>3</depth>
</size>
<segmented>0</segmented>
<object>
<name>text</name>
<bndbox>
<x1>231</x1>
<y1>140</y1>
<x2>292</x2>
<y2>108</y2>
<x3>295</x3>
<y3>150</y3>
<x4>235</x4>
<y4>177</y4>
</bndbox>
</object>
<object>
<name>text</name>
<bndbox>
<x1>300</x1>
<y1>30</y1>
<x2>332</x2>
<y2>30</y2>
<x3>335</x3>
<y3>126</y3>
<x4>303</x4>
<y4>125</y4>
</bndbox>
</object>
<object>
<name>text</name>
<bndbox>
<x1>110</x1>
<y1>145</y1>
<x2>135</x2>
<y2>146</y2>
<x3>135</x3>
<y3>160</y3>
<x4>110</x4>
<y4>158</y4>
</bndbox>
</object>
<object>
<name>text</name>
<bndbox>
<x1>260</x1>
<y1>306</y1>
<x2>307</x2>
<y2>305</y2>
<x3>308</x3>
<y3>323</y3>
<x4>261</x4>
<y4>324</y4>
</bndbox>
</object>
<object>
<name>text</name>
<bndbox>
<x1>516</x1>
<y1>25</y1>
<x2>546</x2>
<y2>13</y2>
<x3>548</x3>
<y3>28</y3>
<x4>518</x4>
<y4>41</y4>
</bndbox>
</object>
<object>
<name>text</name>
<bndbox>
<x1>546</x1>
<y1>12</y1>
<x2>567</x2>
<y2>1</y2>
<x3>570</x3>
<y3>15</y3>
<x4>548</x4>
<y4>27</y4>
</bndbox>
</object>
<object>
<name>text</name>
<bndbox>
<x1>546</x1>
<y1>366</y1>
<x2>562</x2>
<y2>367</y2>
<x3>562</x3>
<y3>382</y3>
<x4>546</x4>
<y4>381</y4>
</bndbox>
</object>
<object>
<name>text</name>
<bndbox>
<x1>583</x1>
<y1>362</y1>
<x2>601</x2>
<y2>363</y2>
<x3>600</x3>
<y3>379</y3>
<x4>582</x4>
<y4>378</y4>
</bndbox>
</object>
<object>
<name>text</name>
<bndbox>
<x1>481</x1>
<y1>0</y1>
<x2>575</x2>
<y2>1</y2>
<x3>489</x3>
<y3>28</y3>
<x4>481</x4>
<y4>6</y4>
</bndbox>
</object>
</annotation>