<?xml version="1.0" ?>
<annotation>
<folder>JPEGImages</folder>
<filename>img_41.xml</filename>
<path>xxxx</path>
<source>
<database>Unknown</database>
<annotation>xxx</annotation>
<image>xxx</image>
<flickrid>0</flickrid>
</source>
<size>
<width>1280</width>
<height>720</height>
<depth>3</depth>
</size>
<segmented>0</segmented>
<object>
<name>text</name>
<bndbox>
<x1>533</x1>
<y1>134</y1>
<x2>562</x2>
<y2>133</y2>
<x3>561</x3>
<y3>145</y3>
<x4>532</x4>
<y4>146</y4>
</bndbox>
</object>
<object>
<name>text</name>
<bndbox>
<x1>564</x1>
<y1>131</y1>
<x2>617</x2>
<y2>129</y2>
<x3>617</x3>
<y3>145</y3>
<x4>564</x4>
<y4>146</y4>
</bndbox>
</object>
<object>
<name>text</name>
<bndbox>
<x1>620</x1>
<y1>126</y1>
<x2>657</x2>
<y2>127</y2>
<x3>656</x3>
<y3>143</y3>
<x4>618</x4>
<y4>143</y4>
</bndbox>
</object>
<object>
<name>text</name>
<bndbox>
<x1>153</x1>
<y1>150</y1>
<x2>209</x2>
<y2>144</y2>
<x3>210</x3>
<y3>159</y3>
<x4>154</x4>
<y4>165</y4>
</bndbox>
</object>
</annotation>