<?xml version="1.0" ?>
<annotation>
<folder>JPEGImages</folder>
<filename>img_157.xml</filename>
<path>xxxx</path>
<source>
<database>Unknown</database>
<annotation>xxx</annotation>
<image>xxx</image>
<flickrid>0</flickrid>
</source>
<size>
<width>1280</width>
<height>720</height>
<depth>3</depth>
</size>
<segmented>0</segmented>
<object>
<name>text</name>
<bndbox>
<x1>736</x1>
<y1>362</y1>
<x2>743</x2>
<y2>362</y2>
<x3>743</x3>
<y3>370</y3>
<x4>735</x4>
<y4>370</y4>
</bndbox>
</object>
<object>
<name>text</name>
<bndbox>
<x1>714</x1>
<y1>364</y1>
<x2>728</x2>
<y2>364</y2>
<x3>727</x3>
<y3>370</y3>
<x4>714</x4>
<y4>371</y4>
</bndbox>
</object>
<object>
<name>text</name>
<bndbox>
<x1>728</x1>
<y1>376</y1>
<x2>753</x2>
<y2>376</y2>
<x3>753</x3>
<y3>385</y3>
<x4>728</x4>
<y4>385</y4>
</bndbox>
</object>
<object>
<name>text</name>
<bndbox>
<x1>682</x1>
<y1>343</y1>
<x2>722</x2>
<y2>343</y2>
<x3>721</x3>
<y3>351</y3>
<x4>680</x4>
<y4>352</y4>
</bndbox>
</object>
<object>
<name>text</name>
<bndbox>
<x1>712</x1>
<y1>439</y1>
<x2>758</x2>
<y2>437</y2>
<x3>758</x3>
<y3>451</y3>
<x4>712</x4>
<y4>453</y4>
</bndbox>
</object>
<object>
<name>text</name>
<bndbox>
<x1>707</x1>
<y1>378</y1>
<x2>722</x2>
<y2>378</y2>
<x3>722</x3>
<y3>387</y3>
<x4>708</x4>
<y4>387</y4>
</bndbox>
</object>
<object>
<name>text</name>
<bndbox>
<x1>683</x1>
<y1>357</y1>
<x2>696</x2>
<y2>357</y2>
<x3>695</x3>
<y3>365</y3>
<x4>682</x4>
<y4>364</y4>
</bndbox>
</object>
<object>
<name>text</name>
<bndbox>
<x1>412</x1>
<y1>300</y1>
<x2>446</x2>
<y2>302</y2>
<x3>443</x3>
<y3>339</y3>
<x4>409</x4>
<y4>336</y4>
</bndbox>
</object>
<object>
<name>text</name>
<bndbox>
<x1>697</x1>
<y1>357</y1>
<x2>721</x2>
<y2>357</y2>
<x3>721</x3>
<y3>364</y3>
<x4>697</x4>
<y4>364</y4>
</bndbox>
</object>
<object>
<name>text</name>
<bndbox>
<x1>723</x1>
<y1>355</y1>
<x2>754</x2>
<y2>355</y2>
<x3>754</x3>
<y3>363</y3>
<x4>723</x4>
<y4>363</y4>
</bndbox>
</object>
<object>
<name>text</name>
<bndbox>
<x1>680</x1>
<y1>365</y1>
<x2>714</x2>
<y2>364</y2>
<x3>713</x3>
<y3>373</y3>
<x4>680</x4>
<y4>373</y4>
</bndbox>
</object>
<object>
<name>text</name>
<bndbox>
<x1>728</x1>
<y1>363</y1>
<x2>735</x2>
<y2>363</y2>
<x3>735</x3>
<y3>369</y3>
<x4>728</x4>
<y4>369</y4>
</bndbox>
</object>
<object>
<name>text</name>
<bndbox>
<x1>744</x1>
<y1>362</y1>
<x2>757</x2>
<y2>362</y2>
<x3>757</x3>
<y3>369</y3>
<x4>744</x4>
<y4>368</y4>
</bndbox>
</object>
<object>
<name>text</name>
<bndbox>
<x1>692</x1>
<y1>379</y1>
<x2>706</x2>
<y2>379</y2>
<x3>705</x3>
<y3>387</y3>
<x4>692</x4>
<y4>387</y4>
</bndbox>
</object>
<object>
<name>text</name>
<bndbox>
<x1>727</x1>
<y1>513</y1>
<x2>764</x2>
<y2>510</y2>
<x3>764</x3>
<y3>516</y3>
<x4>727</x4>
<y4>519</y4>
</bndbox>
</object>
<object>
<name>text</name>
<bndbox>
<x1>723</x1>
<y1>526</y1>
<x2>730</x2>
<y2>525</y2>
<x3>730</x3>
<y3>529</y3>
<x4>723</x4>
<y4>530</y4>
</bndbox>
</object>
<object>
<name>text</name>
<bndbox>
<x1>743</x1>
<y1>521</y1>
<x2>772</x2>
<y2>519</y2>
<x3>773</x3>
<y3>526</y3>
<x4>743</x4>
<y4>528</y4>
</bndbox>
</object>
<object>
<name>text</name>
<bndbox>
<x1>762</x1>
<y1>527</y1>
<x2>773</x2>
<y2>527</y2>
<x3>773</x3>
<y3>532</y3>
<x4>762</x4>
<y4>532</y4>
</bndbox>
</object>
<object>
<name>text</name>
<bndbox>
<x1>723</x1>
<y1>530</y1>
<x2>738</x2>
<y2>529</y2>
<x3>738</x3>
<y3>536</y3>
<x4>723</x4>
<y4>537</y4>
</bndbox>
</object>
<object>
<name>text</name>
<bndbox>
<x1>724</x1>
<y1>540</y1>
<x2>737</x2>
<y2>540</y2>
<x3>738</x3>
<y3>549</y3>
<x4>725</x4>
<y4>549</y4>
</bndbox>
</object>
<object>
<name>text</name>
<bndbox>
<x1>747</x1>
<y1>539</y1>
<x2>775</x2>
<y2>537</y2>
<x3>775</x3>
<y3>543</y3>
<x4>747</x4>
<y4>545</y4>
</bndbox>
</object>
<object>
<name>text</name>
<bndbox>
<x1>405</x1>
<y1>232</y1>
<x2>438</x2>
<y2>233</y2>
<x3>442</x3>
<y3>267</y3>
<x4>410</x4>
<y4>266</y4>
</bndbox>
</object>
</annotation>