<?xml version="1.0" ?>
<annotation>
<folder>JPEGImages</folder>
<filename>img_161.xml</filename>
<path>xxxx</path>
<source>
<database>Unknown</database>
<annotation>xxx</annotation>
<image>xxx</image>
<flickrid>0</flickrid>
</source>
<size>
<width>1280</width>
<height>720</height>
<depth>3</depth>
</size>
<segmented>0</segmented>
<object>
<name>text</name>
<bndbox>
<x1>949</x1>
<y1>22</y1>
<x2>1032</x2>
<y2>0</y2>
<x3>1036</x3>
<y3>22</y3>
<x4>953</x4>
<y4>44</y4>
</bndbox>
</object>
<object>
<name>text</name>
<bndbox>
<x1>965</x1>
<y1>253</y1>
<x2>1051</x2>
<y2>256</y2>
<x3>1054</x3>
<y3>288</y3>
<x4>968</x4>
<y4>287</y4>
</bndbox>
</object>
<object>
<name>text</name>
<bndbox>
<x1>819</x1>
<y1>177</y1>
<x2>866</x2>
<y2>174</y2>
<x3>866</x3>
<y3>181</y3>
<x4>820</x4>
<y4>185</y4>
</bndbox>
</object>
<object>
<name>text</name>
<bndbox>
<x1>832</x1>
<y1>193</y1>
<x2>858</x2>
<y2>190</y2>
<x3>859</x3>
<y3>197</y3>
<x4>832</x4>
<y4>201</y4>
</bndbox>
</object>
<object>
<name>text</name>
<bndbox>
<x1>1072</x1>
<y1>23</y1>
<x2>1154</x2>
<y2>5</y2>
<x3>1157</x3>
<y3>18</y3>
<x4>1074</x4>
<y4>35</y4>
</bndbox>
</object>
<object>
<name>text</name>
<bndbox>
<x1>1038</x1>
<y1>1</y1>
<x2>1055</x2>
<y2>1</y2>
<x3>1058</x3>
<y3>14</y3>
<x4>1042</x4>
<y4>19</y4>
</bndbox>
</object>
</annotation>