<?xml version="1.0" ?>
<annotation>
<folder>JPEGImages</folder>
<filename>img_503.xml</filename>
<path>xxxx</path>
<source>
<database>Unknown</database>
<annotation>xxx</annotation>
<image>xxx</image>
<flickrid>0</flickrid>
</source>
<size>
<width>1280</width>
<height>720</height>
<depth>3</depth>
</size>
<segmented>0</segmented>
<object>
<name>text</name>
<bndbox>
<x1>622</x1>
<y1>451</y1>
<x2>722</x2>
<y2>441</y2>
<x3>722</x3>
<y3>470</y3>
<x4>622</x4>
<y4>480</y4>
</bndbox>
</object>
<object>
<name>text</name>
<bndbox>
<x1>558</x1>
<y1>564</y1>
<x2>728</x2>
<y2>541</y2>
<x3>737</x3>
<y3>571</y3>
<x4>567</x4>
<y4>594</y4>
</bndbox>
</object>
<object>
<name>text</name>
<bndbox>
<x1>690</x1>
<y1>168</y1>
<x2>721</x2>
<y2>166</y2>
<x3>723</x3>
<y3>216</y3>
<x4>692</x4>
<y4>218</y4>
</bndbox>
</object>
<object>
<name>text</name>
<bndbox>
<x1>491</x1>
<y1>236</y1>
<x2>610</x2>
<y2>228</y2>
<x3>612</x3>
<y3>260</y3>
<x4>493</x4>
<y4>269</y4>
</bndbox>
</object>
<object>
<name>text</name>
<bndbox>
<x1>548</x1>
<y1>458</y1>
<x2>617</x2>
<y2>450</y2>
<x3>621</x3>
<y3>484</y3>
<x4>552</x4>
<y4>491</y4>
</bndbox>
</object>
<object>
<name>text</name>
<bndbox>
<x1>223</x1>
<y1>260</y1>
<x2>250</x2>
<y2>260</y2>
<x3>248</x3>
<y3>272</y3>
<x4>222</x4>
<y4>273</y4>
</bndbox>
</object>
<object>
<name>text</name>
<bndbox>
<x1>16</x1>
<y1>239</y1>
<x2>105</x2>
<y2>240</y2>
<x3>107</x3>
<y3>274</y3>
<x4>18</x4>
<y4>273</y4>
</bndbox>
</object>
<object>
<name>text</name>
<bndbox>
<x1>915</x1>
<y1>202</y1>
<x2>965</x2>
<y2>194</y2>
<x3>967</x3>
<y3>217</y3>
<x4>917</x4>
<y4>225</y4>
</bndbox>
</object>
<object>
<name>text</name>
<bndbox>
<x1>964</x1>
<y1>191</y1>
<x2>1033</x2>
<y2>190</y2>
<x3>1035</x3>
<y3>216</y3>
<x4>967</x4>
<y4>216</y4>
</bndbox>
</object>
<object>
<name>text</name>
<bndbox>
<x1>362</x1>
<y1>233</y1>
<x2>377</x2>
<y2>234</y2>
<x3>378</x3>
<y3>257</y3>
<x4>364</x4>
<y4>257</y4>
</bndbox>
</object>
<object>
<name>text</name>
<bndbox>
<x1>215</x1>
<y1>613</y1>
<x2>261</x2>
<y2>553</y2>
<x3>271</x3>
<y3>585</y3>
<x4>226</x4>
<y4>644</y4>
</bndbox>
</object>
<object>
<name>text</name>
<bndbox>
<x1>775</x1>
<y1>333</y1>
<x2>786</x2>
<y2>334</y2>
<x3>786</x3>
<y3>343</y3>
<x4>775</x4>
<y4>342</y4>
</bndbox>
</object>
<object>
<name>text</name>
<bndbox>
<x1>1</x1>
<y1>240</y1>
<x2>15</x2>
<y2>241</y2>
<x3>16</x3>
<y3>274</y3>
<x4>0</x4>
<y4>273</y4>
</bndbox>
</object>
</annotation>