<?xml version="1.0" ?>
<annotation>
<folder>JPEGImages</folder>
<filename>img_261.xml</filename>
<path>xxxx</path>
<source>
<database>Unknown</database>
<annotation>xxx</annotation>
<image>xxx</image>
<flickrid>0</flickrid>
</source>
<size>
<width>1280</width>
<height>720</height>
<depth>3</depth>
</size>
<segmented>0</segmented>
<object>
<name>text</name>
<bndbox>
<x1>564</x1>
<y1>187</y1>
<x2>627</x2>
<y2>182</y2>
<x3>629</x3>
<y3>199</y3>
<x4>566</x4>
<y4>204</y4>
</bndbox>
</object>
<object>
<name>text</name>
<bndbox>
<x1>569</x1>
<y1>204</y1>
<x2>595</x2>
<y2>202</y2>
<x3>596</x3>
<y3>215</y3>
<x4>569</x4>
<y4>218</y4>
</bndbox>
</object>
<object>
<name>text</name>
<bndbox>
<x1>595</x1>
<y1>202</y1>
<x2>625</x2>
<y2>199</y2>
<x3>626</x3>
<y3>212</y3>
<x4>596</x4>
<y4>215</y4>
</bndbox>
</object>
<object>
<name>text</name>
<bndbox>
<x1>572</x1>
<y1>235</y1>
<x2>591</x2>
<y2>234</y2>
<x3>592</x3>
<y3>242</y3>
<x4>573</x4>
<y4>243</y4>
</bndbox>
</object>
</annotation>