<?xml version="1.0" ?>
<annotation>
<folder>JPEGImages</folder>
<filename>img_215.xml</filename>
<path>xxxx</path>
<source>
<database>Unknown</database>
<annotation>xxx</annotation>
<image>xxx</image>
<flickrid>0</flickrid>
</source>
<size>
<width>1280</width>
<height>720</height>
<depth>3</depth>
</size>
<segmented>0</segmented>
<object>
<name>text</name>
<bndbox>
<x1>144</x1>
<y1>179</y1>
<x2>170</x2>
<y2>177</y2>
<x3>172</x3>
<y3>194</y3>
<x4>146</x4>
<y4>196</y4>
</bndbox>
</object>
<object>
<name>text</name>
<bndbox>
<x1>49</x1>
<y1>139</y1>
<x2>73</x2>
<y2>135</y2>
<x3>74</x3>
<y3>151</y3>
<x4>50</x4>
<y4>155</y4>
</bndbox>
</object>
<object>
<name>text</name>
<bndbox>
<x1>82</x1>
<y1>33</y1>
<x2>103</x2>
<y2>29</y2>
<x3>102</x3>
<y3>47</y3>
<x4>81</x4>
<y4>51</y4>
</bndbox>
</object>
<object>
<name>text</name>
<bndbox>
<x1>102</x1>
<y1>26</y1>
<x2>115</x2>
<y2>26</y2>
<x3>114</x3>
<y3>45</y3>
<x4>102</x4>
<y4>45</y4>
</bndbox>
</object>
<object>
<name>text</name>
<bndbox>
<x1>8</x1>
<y1>155</y1>
<x2>27</x2>
<y2>154</y2>
<x3>27</x3>
<y3>174</y3>
<x4>8</x4>
<y4>175</y4>
</bndbox>
</object>
<object>
<name>text</name>
<bndbox>
<x1>221</x1>
<y1>4</y1>
<x2>243</x2>
<y2>0</y2>
<x3>245</x3>
<y3>22</y3>
<x4>224</x4>
<y4>26</y4>
</bndbox>
</object>
<object>
<name>text</name>
<bndbox>
<x1>26</x1>
<y1>153</y1>
<x2>37</x2>
<y2>153</y2>
<x3>39</x3>
<y3>172</y3>
<x4>28</x4>
<y4>172</y4>
</bndbox>
</object>
<object>
<name>text</name>
<bndbox>
<x1>499</x1>
<y1>97</y1>
<x2>536</x2>
<y2>94</y2>
<x3>539</x3>
<y3>120</y3>
<x4>501</x4>
<y4>123</y4>
</bndbox>
</object>
<object>
<name>text</name>
<bndbox>
<x1>171</x1>
<y1>14</y1>
<x2>220</x2>
<y2>5</y2>
<x3>221</x3>
<y3>27</y3>
<x4>172</x4>
<y4>36</y4>
</bndbox>
</object>
<object>
<name>text</name>
<bndbox>
<x1>512</x1>
<y1>144</y1>
<x2>557</x2>
<y2>143</y2>
<x3>556</x3>
<y3>163</y3>
<x4>512</x4>
<y4>164</y4>
</bndbox>
</object>
<object>
<name>text</name>
<bndbox>
<x1>538</x1>
<y1>94</y1>
<x2>559</x2>
<y2>92</y2>
<x3>558</x3>
<y3>118</y3>
<x4>537</x4>
<y4>120</y4>
</bndbox>
</object>
<object>
<name>text</name>
<bndbox>
<x1>582</x1>
<y1>89</y1>
<x2>628</x2>
<y2>84</y2>
<x3>631</x3>
<y3>103</y3>
<x4>584</x4>
<y4>107</y4>
</bndbox>
</object>
<object>
<name>text</name>
<bndbox>
<x1>48</x1>
<y1>476</y1>
<x2>227</x2>
<y2>478</y2>
<x3>223</x3>
<y3>524</y3>
<x4>44</x4>
<y4>523</y4>
</bndbox>
</object>
<object>
<name>text</name>
<bndbox>
<x1>687</x1>
<y1>583</y1>
<x2>728</x2>
<y2>589</y2>
<x3>727</x3>
<y3>597</y3>
<x4>687</x4>
<y4>592</y4>
</bndbox>
</object>
<object>
<name>text</name>
<bndbox>
<x1>696</x1>
<y1>593</y1>
<x2>718</x2>
<y2>596</y2>
<x3>717</x3>
<y3>604</y3>
<x4>695</x4>
<y4>601</y4>
</bndbox>
</object>
<object>
<name>text</name>
<bndbox>
<x1>675</x1>
<y1>599</y1>
<x2>743</x2>
<y2>606</y2>
<x3>742</x3>
<y3>615</y3>
<x4>675</x4>
<y4>607</y4>
</bndbox>
</object>
<object>
<name>text</name>
<bndbox>
<x1>830</x1>
<y1>594</y1>
<x2>874</x2>
<y2>599</y2>
<x3>874</x3>
<y3>605</y3>
<x4>830</x4>
<y4>600</y4>
</bndbox>
</object>
<object>
<name>text</name>
<bndbox>
<x1>825</x1>
<y1>600</y1>
<x2>883</x2>
<y2>606</y2>
<x3>883</x3>
<y3>614</y3>
<x4>824</x4>
<y4>608</y4>
</bndbox>
</object>
<object>
<name>text</name>
<bndbox>
<x1>836</x1>
<y1>609</y1>
<x2>872</x2>
<y2>613</y2>
<x3>871</x3>
<y3>620</y3>
<x4>835</x4>
<y4>616</y4>
</bndbox>
</object>
<object>
<name>text</name>
<bndbox>
<x1>817</x1>
<y1>615</y1>
<x2>892</x2>
<y2>622</y2>
<x3>891</x3>
<y3>631</y3>
<x4>816</x4>
<y4>624</y4>
</bndbox>
</object>
<object>
<name>text</name>
<bndbox>
<x1>167</x1>
<y1>38</y1>
<x2>473</x2>
<y2>0</y2>
<x3>491</x3>
<y3>166</y3>
<x4>179</x4>
<y4>191</y4>
</bndbox>
</object>
<object>
<name>text</name>
<bndbox>
<x1>247</x1>
<y1>0</y1>
<x2>309</x2>
<y2>0</y2>
<x3>309</x3>
<y3>8</y3>
<x4>249</x4>
<y4>21</y4>
</bndbox>
</object>
<object>
<name>text</name>
<bndbox>
<x1>554</x1>
<y1>113</y1>
<x2>633</x2>
<y2>104</y2>
<x3>636</x3>
<y3>150</y3>
<x4>559</x4>
<y4>155</y4>
</bndbox>
</object>
<object>
<name>text</name>
<bndbox>
<x1>119</x1>
<y1>35</y1>
<x2>158</x2>
<y2>30</y2>
<x3>158</x3>
<y3>59</y3>
<x4>119</x4>
<y4>65</y4>
</bndbox>
</object>
<object>
<name>text</name>
<bndbox>
<x1>27</x1>
<y1>174</y1>
<x2>76</x2>
<y2>172</y2>
<x3>79</x3>
<y3>198</y3>
<x4>31</x4>
<y4>205</y4>
</bndbox>
</object>
<object>
<name>text</name>
<bndbox>
<x1>638</x1>
<y1>701</y1>
<x2>665</x2>
<y2>682</y2>
<x3>715</x3>
<y3>719</y3>
<x4>659</x4>
<y4>719</y4>
</bndbox>
</object>
</annotation>