<?xml version="1.0" ?>
<annotation>
<folder>JPEGImages</folder>
<filename>img_127.xml</filename>
<path>xxxx</path>
<source>
<database>Unknown</database>
<annotation>xxx</annotation>
<image>xxx</image>
<flickrid>0</flickrid>
</source>
<size>
<width>1280</width>
<height>720</height>
<depth>3</depth>
</size>
<segmented>0</segmented>
<object>
<name>text</name>
<bndbox>
<x1>27</x1>
<y1>235</y1>
<x2>64</x2>
<y2>235</y2>
<x3>65</x3>
<y3>267</y3>
<x4>28</x4>
<y4>268</y4>
</bndbox>
</object>
<object>
<name>text</name>
<bndbox>
<x1>72</x1>
<y1>235</y1>
<x2>135</x2>
<y2>231</y2>
<x3>134</x3>
<y3>254</y3>
<x4>71</x4>
<y4>258</y4>
</bndbox>
</object>
<object>
<name>text</name>
<bndbox>
<x1>137</x1>
<y1>228</y1>
<x2>270</x2>
<y2>221</y2>
<x3>271</x3>
<y3>244</y3>
<x4>138</x4>
<y4>251</y4>
</bndbox>
</object>
<object>
<name>text</name>
<bndbox>
<x1>1146</x1>
<y1>266</y1>
<x2>1226</x2>
<y2>259</y2>
<x3>1230</x3>
<y3>306</y3>
<x4>1150</x4>
<y4>313</y4>
</bndbox>
</object>
<object>
<name>text</name>
<bndbox>
<x1>726</x1>
<y1>165</y1>
<x2>756</x2>
<y2>166</y2>
<x3>757</x3>
<y3>182</y3>
<x4>727</x4>
<y4>181</y4>
</bndbox>
</object>
<object>
<name>text</name>
<bndbox>
<x1>756</x1>
<y1>168</y1>
<x2>784</x2>
<y2>172</y2>
<x3>783</x3>
<y3>183</y3>
<x4>756</x4>
<y4>180</y4>
</bndbox>
</object>
<object>
<name>text</name>
<bndbox>
<x1>738</x1>
<y1>180</y1>
<x2>777</x2>
<y2>184</y2>
<x3>776</x3>
<y3>195</y3>
<x4>737</x4>
<y4>191</y4>
</bndbox>
</object>
<object>
<name>text</name>
<bndbox>
<x1>1036</x1>
<y1>210</y1>
<x2>1104</x2>
<y2>201</y2>
<x3>1106</x3>
<y3>211</y3>
<x4>1038</x4>
<y4>220</y4>
</bndbox>
</object>
<object>
<name>text</name>
<bndbox>
<x1>1222</x1>
<y1>273</y1>
<x2>1260</x2>
<y2>270</y2>
<x3>1260</x3>
<y3>278</y3>
<x4>1222</x4>
<y4>280</y4>
</bndbox>
</object>
<object>
<name>text</name>
<bndbox>
<x1>1224</x1>
<y1>282</y1>
<x2>1277</x2>
<y2>278</y2>
<x3>1277</x3>
<y3>285</y3>
<x4>1224</x4>
<y4>289</y4>
</bndbox>
</object>
</annotation>