<?xml version="1.0" ?>
<annotation>
<folder>JPEGImages</folder>
<filename>img_340.xml</filename>
<path>xxxx</path>
<source>
<database>Unknown</database>
<annotation>xxx</annotation>
<image>xxx</image>
<flickrid>0</flickrid>
</source>
<size>
<width>1280</width>
<height>720</height>
<depth>3</depth>
</size>
<segmented>0</segmented>
<object>
<name>text</name>
<bndbox>
<x1>327</x1>
<y1>109</y1>
<x2>399</x2>
<y2>146</y2>
<x3>402</x3>
<y3>191</y3>
<x4>330</x4>
<y4>154</y4>
</bndbox>
</object>
<object>
<name>text</name>
<bndbox>
<x1>265</x1>
<y1>3</y1>
<x2>440</x2>
<y2>127</y2>
<x3>448</x3>
<y3>184</y3>
<x4>239</x4>
<y4>59</y4>
</bndbox>
</object>
<object>
<name>text</name>
<bndbox>
<x1>574</x1>
<y1>215</y1>
<x2>609</x2>
<y2>209</y2>
<x3>614</x3>
<y3>248</y3>
<x4>580</x4>
<y4>254</y4>
</bndbox>
</object>
<object>
<name>text</name>
<bndbox>
<x1>1216</x1>
<y1>43</y1>
<x2>1247</x2>
<y2>140</y2>
<x3>1227</x3>
<y3>146</y3>
<x4>1196</x4>
<y4>50</y4>
</bndbox>
</object>
<object>
<name>text</name>
<bndbox>
<x1>520</x1>
<y1>229</y1>
<x2>555</x2>
<y2>223</y2>
<x3>559</x3>
<y3>255</y3>
<x4>524</x4>
<y4>261</y4>
</bndbox>
</object>
<object>
<name>text</name>
<bndbox>
<x1>705</x1>
<y1>318</y1>
<x2>725</x2>
<y2>315</y2>
<x3>724</x3>
<y3>332</y3>
<x4>705</x4>
<y4>336</y4>
</bndbox>
</object>
<object>
<name>text</name>
<bndbox>
<x1>678</x1>
<y1>324</y1>
<x2>697</x2>
<y2>321</y2>
<x3>699</x3>
<y3>337</y3>
<x4>680</x4>
<y4>340</y4>
</bndbox>
</object>
<object>
<name>text</name>
<bndbox>
<x1>1204</x1>
<y1>145</y1>
<x2>1236</x2>
<y2>134</y2>
<x3>1256</x3>
<y3>198</y3>
<x4>1224</x4>
<y4>208</y4>
</bndbox>
</object>
<object>
<name>text</name>
<bndbox>
<x1>1250</x1>
<y1>193</y1>
<x2>1279</x2>
<y2>272</y2>
<x3>1279</x3>
<y3>351</y3>
<x4>1227</x4>
<y4>206</y4>
</bndbox>
</object>
</annotation>