<?xml version="1.0" ?>
<annotation>
<folder>JPEGImages</folder>
<filename>img_495.xml</filename>
<path>xxxx</path>
<source>
<database>Unknown</database>
<annotation>xxx</annotation>
<image>xxx</image>
<flickrid>0</flickrid>
</source>
<size>
<width>1280</width>
<height>720</height>
<depth>3</depth>
</size>
<segmented>0</segmented>
<object>
<name>text</name>
<bndbox>
<x1>48</x1>
<y1>40</y1>
<x2>91</x2>
<y2>51</y2>
<x3>90</x3>
<y3>70</y3>
<x4>47</x4>
<y4>59</y4>
</bndbox>
</object>
<object>
<name>text</name>
<bndbox>
<x1>90</x1>
<y1>50</y1>
<x2>135</x2>
<y2>63</y2>
<x3>135</x3>
<y3>83</y3>
<x4>90</x4>
<y4>70</y4>
</bndbox>
</object>
<object>
<name>text</name>
<bndbox>
<x1>262</x1>
<y1>173</y1>
<x2>378</x2>
<y2>171</y2>
<x3>383</x3>
<y3>199</y3>
<x4>267</x4>
<y4>200</y4>
</bndbox>
</object>
<object>
<name>text</name>
<bndbox>
<x1>266</x1>
<y1>203</y1>
<x2>342</x2>
<y2>196</y2>
<x3>348</x3>
<y3>235</y3>
<x4>272</x4>
<y4>241</y4>
</bndbox>
</object>
<object>
<name>text</name>
<bndbox>
<x1>374</x1>
<y1>144</y1>
<x2>423</x2>
<y2>154</y2>
<x3>423</x3>
<y3>185</y3>
<x4>374</x4>
<y4>175</y4>
</bndbox>
</object>
<object>
<name>text</name>
<bndbox>
<x1>588</x1>
<y1>232</y1>
<x2>628</x2>
<y2>231</y2>
<x3>628</x3>
<y3>245</y3>
<x4>588</x4>
<y4>246</y4>
</bndbox>
</object>
<object>
<name>text</name>
<bndbox>
<x1>564</x1>
<y1>173</y1>
<x2>591</x2>
<y2>172</y2>
<x3>591</x3>
<y3>185</y3>
<x4>564</x4>
<y4>186</y4>
</bndbox>
</object>
<object>
<name>text</name>
<bndbox>
<x1>1</x1>
<y1>21</y1>
<x2>47</x2>
<y2>34</y2>
<x3>47</x3>
<y3>57</y3>
<x4>1</x4>
<y4>44</y4>
</bndbox>
</object>
</annotation>