<?xml version="1.0" ?>
<annotation>
<folder>JPEGImages</folder>
<filename>img_367.xml</filename>
<path>xxxx</path>
<source>
<database>Unknown</database>
<annotation>xxx</annotation>
<image>xxx</image>
<flickrid>0</flickrid>
</source>
<size>
<width>1280</width>
<height>720</height>
<depth>3</depth>
</size>
<segmented>0</segmented>
<object>
<name>text</name>
<bndbox>
<x1>110</x1>
<y1>233</y1>
<x2>181</x2>
<y2>234</y2>
<x3>181</x3>
<y3>261</y3>
<x4>109</x4>
<y4>259</y4>
</bndbox>
</object>
<object>
<name>text</name>
<bndbox>
<x1>219</x1>
<y1>186</y1>
<x2>292</x2>
<y2>187</y2>
<x3>294</x3>
<y3>218</y3>
<x4>220</x4>
<y4>217</y4>
</bndbox>
</object>
<object>
<name>text</name>
<bndbox>
<x1>497</x1>
<y1>233</y1>
<x2>558</x2>
<y2>224</y2>
<x3>563</x3>
<y3>243</y3>
<x4>501</x4>
<y4>251</y4>
</bndbox>
</object>
<object>
<name>text</name>
<bndbox>
<x1>520</x1>
<y1>244</y1>
<x2>599</x2>
<y2>243</y2>
<x3>599</x3>
<y3>266</y3>
<x4>521</x4>
<y4>266</y4>
</bndbox>
</object>
<object>
<name>text</name>
<bndbox>
<x1>803</x1>
<y1>153</y1>
<x2>871</x2>
<y2>155</y2>
<x3>867</x3>
<y3>187</y3>
<x4>799</x4>
<y4>185</y4>
</bndbox>
</object>
<object>
<name>text</name>
<bndbox>
<x1>1002</x1>
<y1>167</y1>
<x2>1084</x2>
<y2>168</y2>
<x3>1082</x3>
<y3>211</y3>
<x4>1000</x4>
<y4>210</y4>
</bndbox>
</object>
<object>
<name>text</name>
<bndbox>
<x1>1085</x1>
<y1>173</y1>
<x2>1192</x2>
<y2>175</y2>
<x3>1194</x3>
<y3>214</y3>
<x4>1087</x4>
<y4>213</y4>
</bndbox>
</object>
</annotation>