<?xml version="1.0" ?>
<annotation>
<folder>JPEGImages</folder>
<filename>img_341.xml</filename>
<path>xxxx</path>
<source>
<database>Unknown</database>
<annotation>xxx</annotation>
<image>xxx</image>
<flickrid>0</flickrid>
</source>
<size>
<width>1280</width>
<height>720</height>
<depth>3</depth>
</size>
<segmented>0</segmented>
<object>
<name>text</name>
<bndbox>
<x1>188</x1>
<y1>290</y1>
<x2>234</x2>
<y2>289</y2>
<x3>235</x3>
<y3>309</y3>
<x4>190</x4>
<y4>310</y4>
</bndbox>
</object>
<object>
<name>text</name>
<bndbox>
<x1>191</x1>
<y1>308</y1>
<x2>238</x2>
<y2>308</y2>
<x3>238</x3>
<y3>328</y3>
<x4>191</x4>
<y4>328</y4>
</bndbox>
</object>
<object>
<name>text</name>
<bndbox>
<x1>783</x1>
<y1>89</y1>
<x2>907</x2>
<y2>46</y2>
<x3>908</x3>
<y3>101</y3>
<x4>784</x4>
<y4>139</y4>
</bndbox>
</object>
</annotation>