<?xml version="1.0" ?>
<annotation>
<folder>JPEGImages</folder>
<filename>img_221.xml</filename>
<path>xxxx</path>
<source>
<database>Unknown</database>
<annotation>xxx</annotation>
<image>xxx</image>
<flickrid>0</flickrid>
</source>
<size>
<width>1280</width>
<height>720</height>
<depth>3</depth>
</size>
<segmented>0</segmented>
<object>
<name>text</name>
<bndbox>
<x1>370</x1>
<y1>305</y1>
<x2>400</x2>
<y2>308</y2>
<x3>398</x3>
<y3>320</y3>
<x4>368</x4>
<y4>316</y4>
</bndbox>
</object>
<object>
<name>text</name>
<bndbox>
<x1>422</x1>
<y1>395</y1>
<x2>559</x2>
<y2>397</y2>
<x3>557</x3>
<y3>433</y3>
<x4>419</x4>
<y4>430</y4>
</bndbox>
</object>
<object>
<name>text</name>
<bndbox>
<x1>355</x1>
<y1>352</y1>
<x2>565</x2>
<y2>354</y2>
<x3>565</x3>
<y3>394</y3>
<x4>354</x4>
<y4>392</y4>
</bndbox>
</object>
<object>
<name>text</name>
<bndbox>
<x1>1006</x1>
<y1>365</y1>
<x2>1187</x2>
<y2>413</y2>
<x3>1184</x3>
<y3>458</y3>
<x4>1003</x4>
<y4>411</y4>
</bndbox>
</object>
</annotation>