<?xml version="1.0" ?>
<annotation>
<folder>JPEGImages</folder>
<filename>img_457.xml</filename>
<path>xxxx</path>
<source>
<database>Unknown</database>
<annotation>xxx</annotation>
<image>xxx</image>
<flickrid>0</flickrid>
</source>
<size>
<width>1280</width>
<height>720</height>
<depth>3</depth>
</size>
<segmented>0</segmented>
<object>
<name>text</name>
<bndbox>
<x1>401</x1>
<y1>246</y1>
<x2>525</x2>
<y2>229</y2>
<x3>530</x3>
<y3>251</y3>
<x4>406</x4>
<y4>269</y4>
</bndbox>
</object>
</annotation>