<?xml version="1.0" ?>
<annotation>
<folder>JPEGImages</folder>
<filename>img_426.xml</filename>
<path>xxxx</path>
<source>
<database>Unknown</database>
<annotation>xxx</annotation>
<image>xxx</image>
<flickrid>0</flickrid>
</source>
<size>
<width>1280</width>
<height>720</height>
<depth>3</depth>
</size>
<segmented>0</segmented>
<object>
<name>text</name>
<bndbox>
<x1>537</x1>
<y1>140</y1>
<x2>615</x2>
<y2>143</y2>
<x3>613</x3>
<y3>171</y3>
<x4>535</x4>
<y4>167</y4>
</bndbox>
</object>
<object>
<name>text</name>
<bndbox>
<x1>572</x1>
<y1>165</y1>
<x2>642</x2>
<y2>168</y2>
<x3>643</x3>
<y3>188</y3>
<x4>573</x4>
<y4>185</y4>
</bndbox>
</object>
<object>
<name>text</name>
<bndbox>
<x1>675</x1>
<y1>212</y1>
<x2>716</x2>
<y2>213</y2>
<x3>717</x3>
<y3>231</y3>
<x4>676</x4>
<y4>230</y4>
</bndbox>
</object>
<object>
<name>text</name>
<bndbox>
<x1>691</x1>
<y1>246</y1>
<x2>702</x2>
<y2>246</y2>
<x3>703</x3>
<y3>260</y3>
<x4>691</x4>
<y4>260</y4>
</bndbox>
</object>
</annotation>