<?xml version="1.0" ?>
<annotation>
<folder>JPEGImages</folder>
<filename>img_533.xml</filename>
<path>xxxx</path>
<source>
<database>Unknown</database>
<annotation>xxx</annotation>
<image>xxx</image>
<flickrid>0</flickrid>
</source>
<size>
<width>1280</width>
<height>720</height>
<depth>3</depth>
</size>
<segmented>0</segmented>
<object>
<name>text</name>
<bndbox>
<x1>620</x1>
<y1>176</y1>
<x2>655</x2>
<y2>173</y2>
<x3>661</x3>
<y3>198</y3>
<x4>626</x4>
<y4>201</y4>
</bndbox>
</object>
<object>
<name>text</name>
<bndbox>
<x1>656</x1>
<y1>173</y1>
<x2>713</x2>
<y2>168</y2>
<x3>718</x3>
<y3>190</y3>
<x4>661</x4>
<y4>195</y4>
</bndbox>
</object>
<object>
<name>text</name>
<bndbox>
<x1>625</x1>
<y1>201</y1>
<x2>662</x2>
<y2>196</y2>
<x3>662</x3>
<y3>219</y3>
<x4>625</x4>
<y4>224</y4>
</bndbox>
</object>
<object>
<name>text</name>
<bndbox>
<x1>657</x1>
<y1>196</y1>
<x2>706</x2>
<y2>193</y2>
<x3>710</x3>
<y3>214</y3>
<x4>661</x4>
<y4>218</y4>
</bndbox>
</object>
<object>
<name>text</name>
<bndbox>
<x1>626</x1>
<y1>220</y1>
<x2>658</x2>
<y2>216</y2>
<x3>663</x3>
<y3>239</y3>
<x4>631</x4>
<y4>243</y4>
</bndbox>
</object>
<object>
<name>text</name>
<bndbox>
<x1>666</x1>
<y1>216</y1>
<x2>700</x2>
<y2>215</y2>
<x3>698</x3>
<y3>240</y3>
<x4>665</x4>
<y4>241</y4>
</bndbox>
</object>
<object>
<name>text</name>
<bndbox>
<x1>588</x1>
<y1>134</y1>
<x2>636</x2>
<y2>129</y2>
<x3>641</x3>
<y3>145</y3>
<x4>593</x4>
<y4>150</y4>
</bndbox>
</object>
<object>
<name>text</name>
<bndbox>
<x1>765</x1>
<y1>108</y1>
<x2>826</x2>
<y2>98</y2>
<x3>828</x3>
<y3>116</y3>
<x4>767</x4>
<y4>126</y4>
</bndbox>
</object>
<object>
<name>text</name>
<bndbox>
<x1>553</x1>
<y1>13</y1>
<x2>623</x2>
<y2>9</y2>
<x3>627</x3>
<y3>49</y3>
<x4>557</x4>
<y4>53</y4>
</bndbox>
</object>
<object>
<name>text</name>
<bndbox>
<x1>634</x1>
<y1>254</y1>
<x2>770</x2>
<y2>248</y2>
<x3>776</x3>
<y3>298</y3>
<x4>637</x4>
<y4>301</y4>
</bndbox>
</object>
<object>
<name>text</name>
<bndbox>
<x1>555</x1>
<y1>44</y1>
<x2>634</x2>
<y2>489</y2>
<x3>584</x3>
<y3>500</y3>
<x4>502</x4>
<y4>51</y4>
</bndbox>
</object>
<object>
<name>text</name>
<bndbox>
<x1>491</x1>
<y1>80</y1>
<x2>499</x2>
<y2>80</y2>
<x3>500</x3>
<y3>91</y3>
<x4>491</x4>
<y4>91</y4>
</bndbox>
</object>
<object>
<name>text</name>
<bndbox>
<x1>588</x1>
<y1>81</y1>
<x2>619</x2>
<y2>82</y2>
<x3>619</x3>
<y3>107</y3>
<x4>589</x4>
<y4>109</y4>
</bndbox>
</object>
</annotation>