<?xml version="1.0" ?>
<annotation>
<folder>JPEGImages</folder>
<filename>img_470.xml</filename>
<path>xxxx</path>
<source>
<database>Unknown</database>
<annotation>xxx</annotation>
<image>xxx</image>
<flickrid>0</flickrid>
</source>
<size>
<width>1280</width>
<height>720</height>
<depth>3</depth>
</size>
<segmented>0</segmented>
<object>
<name>text</name>
<bndbox>
<x1>505</x1>
<y1>70</y1>
<x2>541</x2>
<y2>73</y2>
<x3>541</x3>
<y3>94</y3>
<x4>505</x4>
<y4>91</y4>
</bndbox>
</object>
<object>
<name>text</name>
<bndbox>
<x1>612</x1>
<y1>104</y1>
<x2>647</x2>
<y2>108</y2>
<x3>658</x3>
<y3>323</y3>
<x4>623</x4>
<y4>319</y4>
</bndbox>
</object>
<object>
<name>text</name>
<bndbox>
<x1>646</x1>
<y1>114</y1>
<x2>658</x2>
<y2>113</y2>
<x3>660</x3>
<y3>214</y3>
<x4>647</x4>
<y4>215</y4>
</bndbox>
</object>
<object>
<name>text</name>
<bndbox>
<x1>421</x1>
<y1>119</y1>
<x2>443</x2>
<y2>121</y2>
<x3>447</x3>
<y3>144</y3>
<x4>425</x4>
<y4>141</y4>
</bndbox>
</object>
<object>
<name>text</name>
<bndbox>
<x1>1138</x1>
<y1>120</y1>
<x2>1225</x2>
<y2>119</y2>
<x3>1229</x3>
<y3>136</y3>
<x4>1142</x4>
<y4>138</y4>
</bndbox>
</object>
<object>
<name>text</name>
<bndbox>
<x1>856</x1>
<y1>144</y1>
<x2>888</x2>
<y2>143</y2>
<x3>890</x3>
<y3>165</y3>
<x4>857</x4>
<y4>166</y4>
</bndbox>
</object>
</annotation>