<?xml version="1.0" ?>
<annotation>
<folder>JPEGImages</folder>
<filename>img_372.xml</filename>
<path>xxxx</path>
<source>
<database>Unknown</database>
<annotation>xxx</annotation>
<image>xxx</image>
<flickrid>0</flickrid>
</source>
<size>
<width>1280</width>
<height>720</height>
<depth>3</depth>
</size>
<segmented>0</segmented>
<object>
<name>text</name>
<bndbox>
<x1>223</x1>
<y1>76</y1>
<x2>254</x2>
<y2>81</y2>
<x3>252</x3>
<y3>97</y3>
<x4>220</x4>
<y4>93</y4>
</bndbox>
</object>
<object>
<name>text</name>
<bndbox>
<x1>553</x1>
<y1>306</y1>
<x2>571</x2>
<y2>314</y2>
<x3>567</x3>
<y3>344</y3>
<x4>549</x4>
<y4>336</y4>
</bndbox>
</object>
<object>
<name>text</name>
<bndbox>
<x1>570</x1>
<y1>313</y1>
<x2>600</x2>
<y2>328</y2>
<x3>596</x3>
<y3>360</y3>
<x4>565</x4>
<y4>344</y4>
</bndbox>
</object>
<object>
<name>text</name>
<bndbox>
<x1>600</x1>
<y1>326</y1>
<x2>639</x2>
<y2>346</y2>
<x3>635</x3>
<y3>381</y3>
<x4>597</x4>
<y4>361</y4>
</bndbox>
</object>
<object>
<name>text</name>
<bndbox>
<x1>639</x1>
<y1>346</y1>
<x2>687</x2>
<y2>368</y2>
<x3>682</x3>
<y3>405</y3>
<x4>634</x4>
<y4>382</y4>
</bndbox>
</object>
<object>
<name>text</name>
<bndbox>
<x1>689</x1>
<y1>368</y1>
<x2>752</x2>
<y2>396</y2>
<x3>746</x3>
<y3>443</y3>
<x4>682</x4>
<y4>409</y4>
</bndbox>
</object>
</annotation>