<?xml version="1.0" ?>
<annotation>
<folder>JPEGImages</folder>
<filename>img_394.xml</filename>
<path>xxxx</path>
<source>
<database>Unknown</database>
<annotation>xxx</annotation>
<image>xxx</image>
<flickrid>0</flickrid>
</source>
<size>
<width>1280</width>
<height>720</height>
<depth>3</depth>
</size>
<segmented>0</segmented>
<object>
<name>text</name>
<bndbox>
<x1>147</x1>
<y1>50</y1>
<x2>321</x2>
<y2>49</y2>
<x3>323</x3>
<y3>86</y3>
<x4>149</x4>
<y4>87</y4>
</bndbox>
</object>
<object>
<name>text</name>
<bndbox>
<x1>495</x1>
<y1>48</y1>
<x2>636</x2>
<y2>45</y2>
<x3>638</x3>
<y3>83</y3>
<x4>497</x4>
<y4>85</y4>
</bndbox>
</object>
<object>
<name>text</name>
<bndbox>
<x1>715</x1>
<y1>387</y1>
<x2>794</x2>
<y2>354</y2>
<x3>797</x3>
<y3>378</y3>
<x4>718</x4>
<y4>410</y4>
</bndbox>
</object>
<object>
<name>text</name>
<bndbox>
<x1>549</x1>
<y1>183</y1>
<x2>607</x2>
<y2>175</y2>
<x3>608</x3>
<y3>188</y3>
<x4>551</x4>
<y4>195</y4>
</bndbox>
</object>
<object>
<name>text</name>
<bndbox>
<x1>546</x1>
<y1>197</y1>
<x2>614</x2>
<y2>187</y2>
<x3>614</x3>
<y3>200</y3>
<x4>547</x4>
<y4>210</y4>
</bndbox>
</object>
<object>
<name>text</name>
<bndbox>
<x1>327</x1>
<y1>240</y1>
<x2>337</x2>
<y2>240</y2>
<x3>337</x3>
<y3>251</y3>
<x4>327</x4>
<y4>251</y4>
</bndbox>
</object>
<object>
<name>text</name>
<bndbox>
<x1>526</x1>
<y1>197</y1>
<x2>551</x2>
<y2>194</y2>
<x3>554</x3>
<y3>240</y3>
<x4>529</x4>
<y4>242</y4>
</bndbox>
</object>
</annotation>