<?xml version="1.0" ?>
<annotation>
<folder>JPEGImages</folder>
<filename>img_322.xml</filename>
<path>xxxx</path>
<source>
<database>Unknown</database>
<annotation>xxx</annotation>
<image>xxx</image>
<flickrid>0</flickrid>
</source>
<size>
<width>1280</width>
<height>720</height>
<depth>3</depth>
</size>
<segmented>0</segmented>
<object>
<name>text</name>
<bndbox>
<x1>426</x1>
<y1>210</y1>
<x2>570</x2>
<y2>214</y2>
<x3>570</x3>
<y3>247</y3>
<x4>426</x4>
<y4>243</y4>
</bndbox>
</object>
<object>
<name>text</name>
<bndbox>
<x1>689</x1>
<y1>204</y1>
<x2>804</x2>
<y2>194</y2>
<x3>807</x3>
<y3>224</y3>
<x4>691</x4>
<y4>233</y4>
</bndbox>
</object>
<object>
<name>text</name>
<bndbox>
<x1>913</x1>
<y1>190</y1>
<x2>1016</x2>
<y2>179</y2>
<x3>1015</x3>
<y3>206</y3>
<x4>912</x4>
<y4>218</y4>
</bndbox>
</object>
<object>
<name>text</name>
<bndbox>
<x1>437</x1>
<y1>174</y1>
<x2>514</x2>
<y2>168</y2>
<x3>515</x3>
<y3>188</y3>
<x4>438</x4>
<y4>194</y4>
</bndbox>
</object>
<object>
<name>text</name>
<bndbox>
<x1>589</x1>
<y1>169</y1>
<x2>667</x2>
<y2>163</y2>
<x3>668</x3>
<y3>181</y3>
<x4>589</x4>
<y4>186</y4>
</bndbox>
</object>
<object>
<name>text</name>
<bndbox>
<x1>562</x1>
<y1>179</y1>
<x2>590</x2>
<y2>177</y2>
<x3>590</x3>
<y3>191</y3>
<x4>562</x4>
<y4>193</y4>
</bndbox>
</object>
</annotation>