<?xml version="1.0" ?>
<annotation>
<folder>JPEGImages</folder>
<filename>img_125.xml</filename>
<path>xxxx</path>
<source>
<database>Unknown</database>
<annotation>xxx</annotation>
<image>xxx</image>
<flickrid>0</flickrid>
</source>
<size>
<width>1280</width>
<height>720</height>
<depth>3</depth>
</size>
<segmented>0</segmented>
<object>
<name>text</name>
<bndbox>
<x1>1023</x1>
<y1>212</y1>
<x2>1250</x2>
<y2>233</y2>
<x3>1228</x3>
<y3>277</y3>
<x4>1001</x4>
<y4>256</y4>
</bndbox>
</object>
<object>
<name>text</name>
<bndbox>
<x1>1040</x1>
<y1>171</y1>
<x2>1164</x2>
<y2>181</y2>
<x3>1157</x3>
<y3>211</y3>
<x4>1032</x4>
<y4>200</y4>
</bndbox>
</object>
<object>
<name>text</name>
<bndbox>
<x1>1167</x1>
<y1>183</y1>
<x2>1261</x2>
<y2>196</y2>
<x3>1256</x3>
<y3>219</y3>
<x4>1161</x4>
<y4>206</y4>
</bndbox>
</object>
</annotation>