<?xml version="1.0" ?>
<annotation>
<folder>JPEGImages</folder>
<filename>img_160.xml</filename>
<path>xxxx</path>
<source>
<database>Unknown</database>
<annotation>xxx</annotation>
<image>xxx</image>
<flickrid>0</flickrid>
</source>
<size>
<width>1280</width>
<height>720</height>
<depth>3</depth>
</size>
<segmented>0</segmented>
<object>
<name>text</name>
<bndbox>
<x1>663</x1>
<y1>312</y1>
<x2>711</x2>
<y2>306</y2>
<x3>714</x3>
<y3>319</y3>
<x4>666</x4>
<y4>325</y4>
</bndbox>
</object>
<object>
<name>text</name>
<bndbox>
<x1>982</x1>
<y1>194</y1>
<x2>1061</x2>
<y2>183</y2>
<x3>1063</x3>
<y3>204</y3>
<x4>984</x4>
<y4>215</y4>
</bndbox>
</object>
<object>
<name>text</name>
<bndbox>
<x1>805</x1>
<y1>472</y1>
<x2>826</x2>
<y2>472</y2>
<x3>825</x3>
<y3>481</y3>
<x4>804</x4>
<y4>481</y4>
</bndbox>
</object>
<object>
<name>text</name>
<bndbox>
<x1>825</x1>
<y1>473</y1>
<x2>837</x2>
<y2>472</y2>
<x3>837</x3>
<y3>478</y3>
<x4>825</x4>
<y4>479</y4>
</bndbox>
</object>
<object>
<name>text</name>
<bndbox>
<x1>837</x1>
<y1>472</y1>
<x2>867</x2>
<y2>470</y2>
<x3>867</x3>
<y3>477</y3>
<x4>838</x4>
<y4>479</y4>
</bndbox>
</object>
<object>
<name>text</name>
<bndbox>
<x1>549</x1>
<y1>419</y1>
<x2>623</x2>
<y2>409</y2>
<x3>624</x3>
<y3>445</y3>
<x4>550</x4>
<y4>455</y4>
</bndbox>
</object>
<object>
<name>text</name>
<bndbox>
<x1>866</x1>
<y1>468</y1>
<x2>885</x2>
<y2>468</y2>
<x3>886</x3>
<y3>477</y3>
<x4>867</x4>
<y4>477</y4>
</bndbox>
</object>
<object>
<name>text</name>
<bndbox>
<x1>756</x1>
<y1>152</y1>
<x2>794</x2>
<y2>145</y2>
<x3>796</x3>
<y3>161</y3>
<x4>758</x4>
<y4>168</y4>
</bndbox>
</object>
<object>
<name>text</name>
<bndbox>
<x1>885</x1>
<y1>464</y1>
<x2>909</x2>
<y2>465</y2>
<x3>908</x3>
<y3>475</y3>
<x4>885</x4>
<y4>474</y4>
</bndbox>
</object>
<object>
<name>text</name>
<bndbox>
<x1>650</x1>
<y1>254</y1>
<x2>712</x2>
<y2>244</y2>
<x3>715</x3>
<y3>263</y3>
<x4>653</x4>
<y4>274</y4>
</bndbox>
</object>
<object>
<name>text</name>
<bndbox>
<x1>627</x1>
<y1>278</y1>
<x2>741</x2>
<y2>260</y2>
<x3>744</x3>
<y3>279</y3>
<x4>630</x4>
<y4>297</y4>
</bndbox>
</object>
<object>
<name>text</name>
<bndbox>
<x1>804</x1>
<y1>225</y1>
<x2>879</x2>
<y2>214</y2>
<x3>884</x3>
<y3>232</y3>
<x4>809</x4>
<y4>243</y4>
</bndbox>
</object>
<object>
<name>text</name>
<bndbox>
<x1>782</x1>
<y1>247</y1>
<x2>911</x2>
<y2>229</y2>
<x3>916</x3>
<y3>251</y3>
<x4>787</x4>
<y4>269</y4>
</bndbox>
</object>
<object>
<name>text</name>
<bndbox>
<x1>951</x1>
<y1>222</y1>
<x2>1096</x2>
<y2>202</y2>
<x3>1100</x3>
<y3>221</y3>
<x4>956</x4>
<y4>242</y4>
</bndbox>
</object>
<object>
<name>text</name>
<bndbox>
<x1>827</x1>
<y1>286</y1>
<x2>878</x2>
<y2>279</y2>
<x3>880</x3>
<y3>292</y3>
<x4>829</x4>
<y4>299</y4>
</bndbox>
</object>
<object>
<name>text</name>
<bndbox>
<x1>1001</x1>
<y1>261</y1>
<x2>1060</x2>
<y2>254</y2>
<x3>1061</x3>
<y3>268</y3>
<x4>1003</x4>
<y4>274</y4>
</bndbox>
</object>
<object>
<name>text</name>
<bndbox>
<x1>648</x1>
<y1>394</y1>
<x2>693</x2>
<y2>389</y2>
<x3>694</x3>
<y3>399</y3>
<x4>649</x4>
<y4>404</y4>
</bndbox>
</object>
<object>
<name>text</name>
<bndbox>
<x1>699</x1>
<y1>387</y1>
<x2>765</x2>
<y2>379</y2>
<x3>765</x3>
<y3>390</y3>
<x4>700</x4>
<y4>397</y4>
</bndbox>
</object>
<object>
<name>text</name>
<bndbox>
<x1>806</x1>
<y1>372</y1>
<x2>860</x2>
<y2>366</y2>
<x3>861</x3>
<y3>377</y3>
<x4>807</x4>
<y4>384</y4>
</bndbox>
</object>
<object>
<name>text</name>
<bndbox>
<x1>864</x1>
<y1>365</y1>
<x2>940</x2>
<y2>357</y2>
<x3>942</x3>
<y3>368</y3>
<x4>866</x4>
<y4>377</y4>
</bndbox>
</object>
<object>
<name>text</name>
<bndbox>
<x1>975</x1>
<y1>349</y1>
<x2>1034</x2>
<y2>345</y2>
<x3>1036</x3>
<y3>357</y3>
<x4>977</x4>
<y4>362</y4>
</bndbox>
</object>
<object>
<name>text</name>
<bndbox>
<x1>1040</x1>
<y1>344</y1>
<x2>1124</x2>
<y2>336</y2>
<x3>1126</x3>
<y3>348</y3>
<x4>1042</x4>
<y4>356</y4>
</bndbox>
</object>
<object>
<name>text</name>
<bndbox>
<x1>103</x1>
<y1>689</y1>
<x2>117</x2>
<y2>689</y2>
<x3>117</x3>
<y3>696</y3>
<x4>103</x4>
<y4>696</y4>
</bndbox>
</object>
<object>
<name>text</name>
<bndbox>
<x1>117</x1>
<y1>690</y1>
<x2>136</x2>
<y2>689</y2>
<x3>136</x3>
<y3>696</y3>
<x4>117</x4>
<y4>696</y4>
</bndbox>
</object>
<object>
<name>text</name>
<bndbox>
<x1>104</x1>
<y1>699</y1>
<x2>121</x2>
<y2>699</y2>
<x3>120</x3>
<y3>707</y3>
<x4>103</x4>
<y4>707</y4>
</bndbox>
</object>
<object>
<name>text</name>
<bndbox>
<x1>120</x1>
<y1>698</y1>
<x2>138</x2>
<y2>698</y2>
<x3>138</x3>
<y3>706</y3>
<x4>121</x4>
<y4>706</y4>
</bndbox>
</object>
</annotation>