<?xml version="1.0" ?>
<annotation>
<folder>JPEGImages</folder>
<filename>img_47.xml</filename>
<path>xxxx</path>
<source>
<database>Unknown</database>
<annotation>xxx</annotation>
<image>xxx</image>
<flickrid>0</flickrid>
</source>
<size>
<width>1280</width>
<height>720</height>
<depth>3</depth>
</size>
<segmented>0</segmented>
<object>
<name>text</name>
<bndbox>
<x1>318</x1>
<y1>103</y1>
<x2>353</x2>
<y2>94</y2>
<x3>353</x3>
<y3>141</y3>
<x4>318</x4>
<y4>148</y4>
</bndbox>
</object>
<object>
<name>text</name>
<bndbox>
<x1>356</x1>
<y1>99</y1>
<x2>382</x2>
<y2>91</y2>
<x3>383</x3>
<y3>134</y3>
<x4>356</x4>
<y4>139</y4>
</bndbox>
</object>
<object>
<name>text</name>
<bndbox>
<x1>324</x1>
<y1>154</y1>
<x2>373</x2>
<y2>148</y2>
<x3>374</x3>
<y3>193</y3>
<x4>325</x4>
<y4>199</y4>
</bndbox>
</object>
<object>
<name>text</name>
<bndbox>
<x1>321</x1>
<y1>241</y1>
<x2>374</x2>
<y2>241</y2>
<x3>374</x3>
<y3>256</y3>
<x4>321</x4>
<y4>256</y4>
</bndbox>
</object>
<object>
<name>text</name>
<bndbox>
<x1>314</x1>
<y1>268</y1>
<x2>331</x2>
<y2>269</y2>
<x3>332</x3>
<y3>288</y3>
<x4>315</x4>
<y4>287</y4>
</bndbox>
</object>
<object>
<name>text</name>
<bndbox>
<x1>334</x1>
<y1>268</y1>
<x2>364</x2>
<y2>266</y2>
<x3>364</x3>
<y3>287</y3>
<x4>334</x4>
<y4>289</y4>
</bndbox>
</object>
</annotation>