<?xml version="1.0" ?>
<annotation>
<folder>JPEGImages</folder>
<filename>img_242.xml</filename>
<path>xxxx</path>
<source>
<database>Unknown</database>
<annotation>xxx</annotation>
<image>xxx</image>
<flickrid>0</flickrid>
</source>
<size>
<width>1280</width>
<height>720</height>
<depth>3</depth>
</size>
<segmented>0</segmented>
<object>
<name>text</name>
<bndbox>
<x1>308</x1>
<y1>363</y1>
<x2>354</x2>
<y2>342</y2>
<x3>361</x3>
<y3>368</y3>
<x4>315</x4>
<y4>389</y4>
</bndbox>
</object>
<object>
<name>text</name>
<bndbox>
<x1>352</x1>
<y1>344</y1>
<x2>379</x2>
<y2>337</y2>
<x3>385</x3>
<y3>360</y3>
<x4>358</x4>
<y4>367</y4>
</bndbox>
</object>
<object>
<name>text</name>
<bndbox>
<x1>379</x1>
<y1>336</y1>
<x2>401</x2>
<y2>328</y2>
<x3>404</x3>
<y3>348</y3>
<x4>382</x4>
<y4>356</y4>
</bndbox>
</object>
<object>
<name>text</name>
<bndbox>
<x1>398</x1>
<y1>326</y1>
<x2>436</x2>
<y2>312</y2>
<x3>442</x3>
<y3>334</y3>
<x4>403</x4>
<y4>349</y4>
</bndbox>
</object>
<object>
<name>text</name>
<bndbox>
<x1>317</x1>
<y1>390</y1>
<x2>388</x2>
<y2>356</y2>
<x3>390</x3>
<y3>369</y3>
<x4>320</x4>
<y4>403</y4>
</bndbox>
</object>
<object>
<name>text</name>
<bndbox>
<x1>293</x1>
<y1>485</y1>
<x2>368</x2>
<y2>444</y2>
<x3>380</x3>
<y3>483</y3>
<x4>304</x4>
<y4>524</y4>
</bndbox>
</object>
<object>
<name>text</name>
<bndbox>
<x1>374</x1>
<y1>444</y1>
<x2>462</x2>
<y2>388</y2>
<x3>468</x3>
<y3>422</y3>
<x4>381</x4>
<y4>478</y4>
</bndbox>
</object>
<object>
<name>text</name>
<bndbox>
<x1>303</x1>
<y1>531</y1>
<x2>348</x2>
<y2>501</y2>
<x3>355</x3>
<y3>541</y3>
<x4>309</x4>
<y4>571</y4>
</bndbox>
</object>
<object>
<name>text</name>
<bndbox>
<x1>348</x1>
<y1>500</y1>
<x2>442</x2>
<y2>441</y2>
<x3>452</x3>
<y3>474</y3>
<x4>358</x4>
<y4>533</y4>
</bndbox>
</object>
<object>
<name>text</name>
<bndbox>
<x1>247</x1>
<y1>391</y1>
<x2>307</x2>
<y2>366</y2>
<x3>314</x3>
<y3>399</y3>
<x4>255</x4>
<y4>423</y4>
</bndbox>
</object>
</annotation>