<?xml version="1.0" ?>
<annotation>
<folder>JPEGImages</folder>
<filename>img_522.xml</filename>
<path>xxxx</path>
<source>
<database>Unknown</database>
<annotation>xxx</annotation>
<image>xxx</image>
<flickrid>0</flickrid>
</source>
<size>
<width>1280</width>
<height>720</height>
<depth>3</depth>
</size>
<segmented>0</segmented>
<object>
<name>text</name>
<bndbox>
<x1>391</x1>
<y1>61</y1>
<x2>502</x2>
<y2>61</y2>
<x3>501</x3>
<y3>84</y3>
<x4>390</x4>
<y4>84</y4>
</bndbox>
</object>
<object>
<name>text</name>
<bndbox>
<x1>153</x1>
<y1>339</y1>
<x2>252</x2>
<y2>338</y2>
<x3>256</x3>
<y3>354</y3>
<x4>157</x4>
<y4>355</y4>
</bndbox>
</object>
<object>
<name>text</name>
<bndbox>
<x1>583</x1>
<y1>35</y1>
<x2>652</x2>
<y2>38</y2>
<x3>655</x3>
<y3>63</y3>
<x4>586</x4>
<y4>60</y4>
</bndbox>
</object>
<object>
<name>text</name>
<bndbox>
<x1>661</x1>
<y1>40</y1>
<x2>711</x2>
<y2>41</y2>
<x3>710</x3>
<y3>63</y3>
<x4>660</x4>
<y4>61</y4>
</bndbox>
</object>
<object>
<name>text</name>
<bndbox>
<x1>720</x1>
<y1>36</y1>
<x2>756</x2>
<y2>39</y2>
<x3>752</x3>
<y3>63</y3>
<x4>716</x4>
<y4>60</y4>
</bndbox>
</object>
<object>
<name>text</name>
<bndbox>
<x1>760</x1>
<y1>41</y1>
<x2>815</x2>
<y2>41</y2>
<x3>813</x3>
<y3>66</y3>
<x4>758</x4>
<y4>66</y4>
</bndbox>
</object>
<object>
<name>text</name>
<bndbox>
<x1>823</x1>
<y1>41</y1>
<x2>940</x2>
<y2>44</y2>
<x3>938</x3>
<y3>70</y3>
<x4>822</x4>
<y4>68</y4>
</bndbox>
</object>
<object>
<name>text</name>
<bndbox>
<x1>612</x1>
<y1>180</y1>
<x2>672</x2>
<y2>181</y2>
<x3>672</x3>
<y3>196</y3>
<x4>612</x4>
<y4>195</y4>
</bndbox>
</object>
<object>
<name>text</name>
<bndbox>
<x1>584</x1>
<y1>181</y1>
<x2>611</x2>
<y2>182</y2>
<x3>611</x3>
<y3>193</y3>
<x4>584</x4>
<y4>192</y4>
</bndbox>
</object>
</annotation>