<?xml version="1.0" ?>
<annotation>
<folder>JPEGImages</folder>
<filename>img_245.xml</filename>
<path>xxxx</path>
<source>
<database>Unknown</database>
<annotation>xxx</annotation>
<image>xxx</image>
<flickrid>0</flickrid>
</source>
<size>
<width>1280</width>
<height>720</height>
<depth>3</depth>
</size>
<segmented>0</segmented>
<object>
<name>text</name>
<bndbox>
<x1>70</x1>
<y1>183</y1>
<x2>100</x2>
<y2>176</y2>
<x3>105</x3>
<y3>205</y3>
<x4>76</x4>
<y4>212</y4>
</bndbox>
</object>
<object>
<name>text</name>
<bndbox>
<x1>277</x1>
<y1>228</y1>
<x2>340</x2>
<y2>220</y2>
<x3>343</x3>
<y3>246</y3>
<x4>280</x4>
<y4>255</y4>
</bndbox>
</object>
<object>
<name>text</name>
<bndbox>
<x1>354</x1>
<y1>129</y1>
<x2>386</x2>
<y2>128</y2>
<x3>389</x3>
<y3>162</y3>
<x4>357</x4>
<y4>163</y4>
</bndbox>
</object>
<object>
<name>text</name>
<bndbox>
<x1>396</x1>
<y1>133</y1>
<x2>480</x2>
<y2>134</y2>
<x3>482</x3>
<y3>164</y3>
<x4>398</x4>
<y4>164</y4>
</bndbox>
</object>
<object>
<name>text</name>
<bndbox>
<x1>283</x1>
<y1>142</y1>
<x2>341</x2>
<y2>138</y2>
<x3>341</x3>
<y3>152</y3>
<x4>283</x4>
<y4>156</y4>
</bndbox>
</object>
<object>
<name>text</name>
<bndbox>
<x1>100</x1>
<y1>176</y1>
<x2>182</x2>
<y2>153</y2>
<x3>188</x3>
<y3>183</y3>
<x4>105</x4>
<y4>205</y4>
</bndbox>
</object>
<object>
<name>text</name>
<bndbox>
<x1>247</x1>
<y1>229</y1>
<x2>274</x2>
<y2>227</y2>
<x3>277</x3>
<y3>254</y3>
<x4>250</x4>
<y4>256</y4>
</bndbox>
</object>
<object>
<name>text</name>
<bndbox>
<x1>278</x1>
<y1>283</y1>
<x2>332</x2>
<y2>274</y2>
<x3>334</x3>
<y3>290</y3>
<x4>279</x4>
<y4>299</y4>
</bndbox>
</object>
<object>
<name>text</name>
<bndbox>
<x1>159</x1>
<y1>255</y1>
<x2>198</x2>
<y2>238</y2>
<x3>212</x3>
<y3>291</y3>
<x4>174</x4>
<y4>308</y4>
</bndbox>
</object>
<object>
<name>text</name>
<bndbox>
<x1>178</x1>
<y1>323</y1>
<x2>210</x2>
<y2>322</y2>
<x3>240</x3>
<y3>488</y3>
<x4>207</x4>
<y4>489</y4>
</bndbox>
</object>
<object>
<name>text</name>
<bndbox>
<x1>210</x1>
<y1>497</y1>
<x2>246</x2>
<y2>502</y2>
<x3>253</x3>
<y3>558</y3>
<x4>218</x4>
<y4>553</y4>
</bndbox>
</object>
<object>
<name>text</name>
<bndbox>
<x1>287</x1>
<y1>393</y1>
<x2>313</x2>
<y2>387</y2>
<x3>315</x3>
<y3>397</y3>
<x4>289</x4>
<y4>403</y4>
</bndbox>
</object>
<object>
<name>text</name>
<bndbox>
<x1>293</x1>
<y1>437</y1>
<x2>319</x2>
<y2>427</y2>
<x3>321</x3>
<y3>438</y3>
<x4>295</x4>
<y4>448</y4>
</bndbox>
</object>
</annotation>