<?xml version="1.0" ?>
<annotation>
<folder>JPEGImages</folder>
<filename>img_347.xml</filename>
<path>xxxx</path>
<source>
<database>Unknown</database>
<annotation>xxx</annotation>
<image>xxx</image>
<flickrid>0</flickrid>
</source>
<size>
<width>1280</width>
<height>720</height>
<depth>3</depth>
</size>
<segmented>0</segmented>
<object>
<name>text</name>
<bndbox>
<x1>217</x1>
<y1>532</y1>
<x2>246</x2>
<y2>529</y2>
<x3>247</x3>
<y3>538</y3>
<x4>218</x4>
<y4>542</y4>
</bndbox>
</object>
<object>
<name>text</name>
<bndbox>
<x1>196</x1>
<y1>519</y1>
<x2>263</x2>
<y2>514</y2>
<x3>264</x3>
<y3>528</y3>
<x4>197</x4>
<y4>533</y4>
</bndbox>
</object>
<object>
<name>text</name>
<bndbox>
<x1>607</x1>
<y1>519</y1>
<x2>643</x2>
<y2>516</y2>
<x3>644</x3>
<y3>531</y3>
<x4>608</x4>
<y4>534</y4>
</bndbox>
</object>
<object>
<name>text</name>
<bndbox>
<x1>606</x1>
<y1>484</y1>
<x2>637</x2>
<y2>484</y2>
<x3>638</x3>
<y3>494</y3>
<x4>607</x4>
<y4>495</y4>
</bndbox>
</object>
<object>
<name>text</name>
<bndbox>
<x1>585</x1>
<y1>476</y1>
<x2>655</x2>
<y2>468</y2>
<x3>656</x3>
<y3>484</y3>
<x4>586</x4>
<y4>492</y4>
</bndbox>
</object>
<object>
<name>text</name>
<bndbox>
<x1>587</x1>
<y1>497</y1>
<x2>660</x2>
<y2>489</y2>
<x3>661</x3>
<y3>506</y3>
<x4>587</x4>
<y4>515</y4>
</bndbox>
</object>
<object>
<name>text</name>
<bndbox>
<x1>2</x1>
<y1>276</y1>
<x2>85</x2>
<y2>278</y2>
<x3>81</x3>
<y3>326</y3>
<x4>0</x4>
<y4>324</y4>
</bndbox>
</object>
<object>
<name>text</name>
<bndbox>
<x1>195</x1>
<y1>543</y1>
<x2>264</x2>
<y2>534</y2>
<x3>264</x3>
<y3>551</y3>
<x4>196</x4>
<y4>560</y4>
</bndbox>
</object>
<object>
<name>text</name>
<bndbox>
<x1>858</x1>
<y1>226</y1>
<x2>887</x2>
<y2>216</y2>
<x3>890</x3>
<y3>237</y3>
<x4>861</x4>
<y4>244</y4>
</bndbox>
</object>
<object>
<name>text</name>
<bndbox>
<x1>1103</x1>
<y1>266</y1>
<x2>1122</x2>
<y2>264</y2>
<x3>1123</x3>
<y3>280</y3>
<x4>1105</x4>
<y4>281</y4>
</bndbox>
</object>
<object>
<name>text</name>
<bndbox>
<x1>1121</x1>
<y1>270</y1>
<x2>1132</x2>
<y2>268</y2>
<x3>1134</x3>
<y3>278</y3>
<x4>1123</x4>
<y4>279</y4>
</bndbox>
</object>
<object>
<name>text</name>
<bndbox>
<x1>180</x1>
<y1>253</y1>
<x2>229</x2>
<y2>260</y2>
<x3>227</x3>
<y3>276</y3>
<x4>179</x4>
<y4>269</y4>
</bndbox>
</object>
</annotation>