<?xml version="1.0" ?>
<annotation>
<folder>JPEGImages</folder>
<filename>img_153.xml</filename>
<path>xxxx</path>
<source>
<database>Unknown</database>
<annotation>xxx</annotation>
<image>xxx</image>
<flickrid>0</flickrid>
</source>
<size>
<width>1280</width>
<height>720</height>
<depth>3</depth>
</size>
<segmented>0</segmented>
<object>
<name>text</name>
<bndbox>
<x1>270</x1>
<y1>219</y1>
<x2>333</x2>
<y2>217</y2>
<x3>330</x3>
<y3>242</y3>
<x4>266</x4>
<y4>244</y4>
</bndbox>
</object>
<object>
<name>text</name>
<bndbox>
<x1>344</x1>
<y1>237</y1>
<x2>454</x2>
<y2>234</y2>
<x3>448</x3>
<y3>272</y3>
<x4>338</x4>
<y4>275</y4>
</bndbox>
</object>
<object>
<name>text</name>
<bndbox>
<x1>87</x1>
<y1>253</y1>
<x2>263</x2>
<y2>248</y2>
<x3>259</x3>
<y3>281</y3>
<x4>82</x4>
<y4>287</y4>
</bndbox>
</object>
<object>
<name>text</name>
<bndbox>
<x1>642</x1>
<y1>237</y1>
<x2>731</x2>
<y2>234</y2>
<x3>732</x3>
<y3>252</y3>
<x4>643</x4>
<y4>255</y4>
</bndbox>
</object>
<object>
<name>text</name>
<bndbox>
<x1>899</x1>
<y1>205</y1>
<x2>1251</x2>
<y2>192</y2>
<x3>1260</x3>
<y3>220</y3>
<x4>908</x4>
<y4>233</y4>
</bndbox>
</object>
<object>
<name>text</name>
<bndbox>
<x1>274</x1>
<y1>246</y1>
<x2>330</x2>
<y2>243</y2>
<x3>328</x3>
<y3>276</y3>
<x4>272</x4>
<y4>279</y4>
</bndbox>
</object>
<object>
<name>text</name>
<bndbox>
<x1>7</x1>
<y1>260</y1>
<x2>80</x2>
<y2>256</y2>
<x3>73</x3>
<y3>289</y3>
<x4>0</x4>
<y4>292</y4>
</bndbox>
</object>
<object>
<name>text</name>
<bndbox>
<x1>3</x1>
<y1>226</y1>
<x2>168</x2>
<y2>219</y2>
<x3>166</x3>
<y3>249</y3>
<x4>1</x4>
<y4>256</y4>
</bndbox>
</object>
<object>
<name>text</name>
<bndbox>
<x1>172</x1>
<y1>217</y1>
<x2>257</x2>
<y2>217</y2>
<x3>255</x3>
<y3>249</y3>
<x4>170</x4>
<y4>249</y4>
</bndbox>
</object>
<object>
<name>text</name>
<bndbox>
<x1>596</x1>
<y1>238</y1>
<x2>637</x2>
<y2>238</y2>
<x3>635</x3>
<y3>259</y3>
<x4>594</x4>
<y4>259</y4>
</bndbox>
</object>
<object>
<name>text</name>
<bndbox>
<x1>476</x1>
<y1>207</y1>
<x2>731</x2>
<y2>193</y2>
<x3>737</x3>
<y3>238</y3>
<x4>481</x4>
<y4>251</y4>
</bndbox>
</object>
</annotation>