<?xml version="1.0" ?>
<annotation>
<folder>JPEGImages</folder>
<filename>img_534.xml</filename>
<path>xxxx</path>
<source>
<database>Unknown</database>
<annotation>xxx</annotation>
<image>xxx</image>
<flickrid>0</flickrid>
</source>
<size>
<width>1280</width>
<height>720</height>
<depth>3</depth>
</size>
<segmented>0</segmented>
<object>
<name>text</name>
<bndbox>
<x1>477</x1>
<y1>636</y1>
<x2>519</x2>
<y2>636</y2>
<x3>520</x3>
<y3>651</y3>
<x4>478</x4>
<y4>650</y4>
</bndbox>
</object>
<object>
<name>text</name>
<bndbox>
<x1>481</x1>
<y1>618</y1>
<x2>527</x2>
<y2>620</y2>
<x3>528</x3>
<y3>637</y3>
<x4>483</x4>
<y4>635</y4>
</bndbox>
</object>
<object>
<name>text</name>
<bndbox>
<x1>1161</x1>
<y1>292</y1>
<x2>1169</x2>
<y2>291</y2>
<x3>1172</x3>
<y3>301</y3>
<x4>1164</x4>
<y4>301</y4>
</bndbox>
</object>
<object>
<name>text</name>
<bndbox>
<x1>475</x1>
<y1>601</y1>
<x2>518</x2>
<y2>600</y2>
<x3>518</x3>
<y3>620</y3>
<x4>475</x4>
<y4>621</y4>
</bndbox>
</object>
<object>
<name>text</name>
<bndbox>
<x1>612</x1>
<y1>31</y1>
<x2>797</x2>
<y2>130</y2>
<x3>788</x3>
<y3>176</y3>
<x4>603</x4>
<y4>78</y4>
</bndbox>
</object>
<object>
<name>text</name>
<bndbox>
<x1>1151</x1>
<y1>369</y1>
<x2>1168</x2>
<y2>369</y2>
<x3>1168</x3>
<y3>383</y3>
<x4>1152</x4>
<y4>384</y4>
</bndbox>
</object>
<object>
<name>text</name>
<bndbox>
<x1>577</x1>
<y1>604</y1>
<x2>613</x2>
<y2>589</y2>
<x3>613</x3>
<y3>606</y3>
<x4>577</x4>
<y4>621</y4>
</bndbox>
</object>
<object>
<name>text</name>
<bndbox>
<x1>579</x1>
<y1>619</y1>
<x2>617</x2>
<y2>605</y2>
<x3>620</x3>
<y3>620</y3>
<x4>582</x4>
<y4>635</y4>
</bndbox>
</object>
<object>
<name>text</name>
<bndbox>
<x1>581</x1>
<y1>636</y1>
<x2>608</x2>
<y2>624</y2>
<x3>614</x3>
<y3>641</y3>
<x4>586</x4>
<y4>652</y4>
</bndbox>
</object>
<object>
<name>text</name>
<bndbox>
<x1>862</x1>
<y1>340</y1>
<x2>921</x2>
<y2>332</y2>
<x3>922</x3>
<y3>340</y3>
<x4>863</x4>
<y4>348</y4>
</bndbox>
</object>
<object>
<name>text</name>
<bndbox>
<x1>534</x1>
<y1>0</y1>
<x2>592</x2>
<y2>0</y2>
<x3>595</x3>
<y3>63</y3>
<x4>488</x4>
<y4>2</y4>
</bndbox>
</object>
</annotation>