<?xml version="1.0" ?>
<annotation>
<folder>JPEGImages</folder>
<filename>img_214.xml</filename>
<path>xxxx</path>
<source>
<database>Unknown</database>
<annotation>xxx</annotation>
<image>xxx</image>
<flickrid>0</flickrid>
</source>
<size>
<width>1280</width>
<height>720</height>
<depth>3</depth>
</size>
<segmented>0</segmented>
<object>
<name>text</name>
<bndbox>
<x1>1035</x1>
<y1>189</y1>
<x2>1088</x2>
<y2>188</y2>
<x3>1089</x3>
<y3>198</y3>
<x4>1035</x4>
<y4>199</y4>
</bndbox>
</object>
<object>
<name>text</name>
<bndbox>
<x1>1031</x1>
<y1>201</y1>
<x2>1071</x2>
<y2>200</y2>
<x3>1071</x3>
<y3>209</y3>
<x4>1030</x4>
<y4>210</y4>
</bndbox>
</object>
<object>
<name>text</name>
<bndbox>
<x1>1073</x1>
<y1>198</y1>
<x2>1100</x2>
<y2>198</y2>
<x3>1100</x3>
<y3>208</y3>
<x4>1073</x4>
<y4>209</y4>
</bndbox>
</object>
<object>
<name>text</name>
<bndbox>
<x1>701</x1>
<y1>126</y1>
<x2>729</x2>
<y2>128</y2>
<x3>728</x3>
<y3>142</y3>
<x4>700</x4>
<y4>141</y4>
</bndbox>
</object>
<object>
<name>text</name>
<bndbox>
<x1>449</x1>
<y1>133</y1>
<x2>496</x2>
<y2>134</y2>
<x3>494</x3>
<y3>150</y3>
<x4>448</x4>
<y4>148</y4>
</bndbox>
</object>
<object>
<name>text</name>
<bndbox>
<x1>229</x1>
<y1>137</y1>
<x2>273</x2>
<y2>138</y2>
<x3>272</x3>
<y3>144</y3>
<x4>228</x4>
<y4>143</y4>
</bndbox>
</object>
<object>
<name>text</name>
<bndbox>
<x1>273</x1>
<y1>136</y1>
<x2>293</x2>
<y2>136</y2>
<x3>293</x3>
<y3>144</y3>
<x4>273</x4>
<y4>144</y4>
</bndbox>
</object>
<object>
<name>text</name>
<bndbox>
<x1>294</x1>
<y1>136</y1>
<x2>323</x2>
<y2>136</y2>
<x3>323</x3>
<y3>144</y3>
<x4>294</x4>
<y4>144</y4>
</bndbox>
</object>
<object>
<name>text</name>
<bndbox>
<x1>324</x1>
<y1>137</y1>
<x2>354</x2>
<y2>137</y2>
<x3>354</x3>
<y3>145</y3>
<x4>325</x4>
<y4>144</y4>
</bndbox>
</object>
</annotation>