<?xml version="1.0" ?>
<annotation>
<folder>JPEGImages</folder>
<filename>img_468.xml</filename>
<path>xxxx</path>
<source>
<database>Unknown</database>
<annotation>xxx</annotation>
<image>xxx</image>
<flickrid>0</flickrid>
</source>
<size>
<width>1280</width>
<height>720</height>
<depth>3</depth>
</size>
<segmented>0</segmented>
<object>
<name>text</name>
<bndbox>
<x1>111</x1>
<y1>274</y1>
<x2>167</x2>
<y2>265</y2>
<x3>167</x3>
<y3>286</y3>
<x4>111</x4>
<y4>295</y4>
</bndbox>
</object>
<object>
<name>text</name>
<bndbox>
<x1>62</x1>
<y1>135</y1>
<x2>116</x2>
<y2>123</y2>
<x3>118</x3>
<y3>157</y3>
<x4>64</x4>
<y4>170</y4>
</bndbox>
</object>
<object>
<name>text</name>
<bndbox>
<x1>1138</x1>
<y1>345</y1>
<x2>1171</x2>
<y2>345</y2>
<x3>1175</x3>
<y3>360</y3>
<x4>1142</x4>
<y4>360</y4>
</bndbox>
</object>
<object>
<name>text</name>
<bndbox>
<x1>530</x1>
<y1>286</y1>
<x2>565</x2>
<y2>285</y2>
<x3>566</x3>
<y3>303</y3>
<x4>531</x4>
<y4>304</y4>
</bndbox>
</object>
<object>
<name>text</name>
<bndbox>
<x1>966</x1>
<y1>284</y1>
<x2>1013</x2>
<y2>284</y2>
<x3>1011</x3>
<y3>299</y3>
<x4>963</x4>
<y4>299</y4>
</bndbox>
</object>
<object>
<name>text</name>
<bndbox>
<x1>1073</x1>
<y1>223</y1>
<x2>1126</x2>
<y2>220</y2>
<x3>1126</x3>
<y3>235</y3>
<x4>1073</x4>
<y4>238</y4>
</bndbox>
</object>
<object>
<name>text</name>
<bndbox>
<x1>1075</x1>
<y1>179</y1>
<x2>1116</x2>
<y2>174</y2>
<x3>1116</x3>
<y3>189</y3>
<x4>1075</x4>
<y4>193</y4>
</bndbox>
</object>
<object>
<name>text</name>
<bndbox>
<x1>956</x1>
<y1>255</y1>
<x2>1020</x2>
<y2>251</y2>
<x3>1018</x3>
<y3>276</y3>
<x4>955</x4>
<y4>280</y4>
</bndbox>
</object>
<object>
<name>text</name>
<bndbox>
<x1>64</x1>
<y1>171</y1>
<x2>117</x2>
<y2>160</y2>
<x3>121</x3>
<y3>185</y3>
<x4>67</x4>
<y4>196</y4>
</bndbox>
</object>
<object>
<name>text</name>
<bndbox>
<x1>841</x1>
<y1>249</y1>
<x2>883</x2>
<y2>249</y2>
<x3>883</x3>
<y3>257</y3>
<x4>841</x4>
<y4>257</y4>
</bndbox>
</object>
<object>
<name>text</name>
<bndbox>
<x1>990</x1>
<y1>441</y1>
<x2>1022</x2>
<y2>448</y2>
<x3>1019</x3>
<y3>472</y3>
<x4>987</x4>
<y4>465</y4>
</bndbox>
</object>
<object>
<name>text</name>
<bndbox>
<x1>582</x1>
<y1>239</y1>
<x2>613</x2>
<y2>237</y2>
<x3>614</x3>
<y3>275</y3>
<x4>583</x4>
<y4>277</y4>
</bndbox>
</object>
<object>
<name>text</name>
<bndbox>
<x1>83</x1>
<y1>256</y1>
<x2>149</x2>
<y2>256</y2>
<x3>150</x3>
<y3>269</y3>
<x4>84</x4>
<y4>269</y4>
</bndbox>
</object>
<object>
<name>text</name>
<bndbox>
<x1>834</x1>
<y1>230</y1>
<x2>883</x2>
<y2>230</y2>
<x3>885</x3>
<y3>246</y3>
<x4>836</x4>
<y4>246</y4>
</bndbox>
</object>
<object>
<name>text</name>
<bndbox>
<x1>850</x1>
<y1>261</y1>
<x2>874</x2>
<y2>258</y2>
<x3>874</x3>
<y3>271</y3>
<x4>850</x4>
<y4>274</y4>
</bndbox>
</object>
<object>
<name>text</name>
<bndbox>
<x1>967</x1>
<y1>242</y1>
<x2>1004</x2>
<y2>243</y2>
<x3>1004</x3>
<y3>253</y3>
<x4>967</x4>
<y4>252</y4>
</bndbox>
</object>
</annotation>