<?xml version="1.0" ?>
<annotation>
<folder>JPEGImages</folder>
<filename>img_138.xml</filename>
<path>xxxx</path>
<source>
<database>Unknown</database>
<annotation>xxx</annotation>
<image>xxx</image>
<flickrid>0</flickrid>
</source>
<size>
<width>1280</width>
<height>720</height>
<depth>3</depth>
</size>
<segmented>0</segmented>
<object>
<name>text</name>
<bndbox>
<x1>233</x1>
<y1>293</y1>
<x2>281</x2>
<y2>284</y2>
<x3>284</x3>
<y3>303</y3>
<x4>235</x4>
<y4>311</y4>
</bndbox>
</object>
<object>
<name>text</name>
<bndbox>
<x1>283</x1>
<y1>289</y1>
<x2>352</x2>
<y2>280</y2>
<x3>356</x3>
<y3>295</y3>
<x4>287</x4>
<y4>304</y4>
</bndbox>
</object>
<object>
<name>text</name>
<bndbox>
<x1>365</x1>
<y1>279</y1>
<x2>421</x2>
<y2>272</y2>
<x3>424</x3>
<y3>287</y3>
<x4>368</x4>
<y4>294</y4>
</bndbox>
</object>
<object>
<name>text</name>
<bndbox>
<x1>867</x1>
<y1>220</y1>
<x2>909</x2>
<y2>216</y2>
<x3>908</x3>
<y3>227</y3>
<x4>867</x4>
<y4>232</y4>
</bndbox>
</object>
<object>
<name>text</name>
<bndbox>
<x1>909</x1>
<y1>218</y1>
<x2>926</x2>
<y2>216</y2>
<x3>926</x3>
<y3>226</y3>
<x4>909</x4>
<y4>228</y4>
</bndbox>
</object>
<object>
<name>text</name>
<bndbox>
<x1>926</x1>
<y1>214</y1>
<x2>957</x2>
<y2>209</y2>
<x3>957</x3>
<y3>221</y3>
<x4>926</x4>
<y4>226</y4>
</bndbox>
</object>
<object>
<name>text</name>
<bndbox>
<x1>178</x1>
<y1>441</y1>
<x2>219</x2>
<y2>438</y2>
<x3>219</x3>
<y3>449</y3>
<x4>178</x4>
<y4>452</y4>
</bndbox>
</object>
<object>
<name>text</name>
<bndbox>
<x1>182</x1>
<y1>453</y1>
<x2>217</x2>
<y2>449</y2>
<x3>217</x3>
<y3>461</y3>
<x4>182</x4>
<y4>465</y4>
</bndbox>
</object>
<object>
<name>text</name>
<bndbox>
<x1>999</x1>
<y1>436</y1>
<x2>1046</x2>
<y2>432</y2>
<x3>1048</x3>
<y3>443</y3>
<x4>1001</x4>
<y4>447</y4>
</bndbox>
</object>
<object>
<name>text</name>
<bndbox>
<x1>1049</x1>
<y1>433</y1>
<x2>1066</x2>
<y2>431</y2>
<x3>1067</x3>
<y3>440</y3>
<x4>1050</x4>
<y4>442</y4>
</bndbox>
</object>
<object>
<name>text</name>
<bndbox>
<x1>1065</x1>
<y1>430</y1>
<x2>1106</x2>
<y2>425</y2>
<x3>1107</x3>
<y3>435</y3>
<x4>1066</x4>
<y4>439</y4>
</bndbox>
</object>
<object>
<name>text</name>
<bndbox>
<x1>1107</x1>
<y1>425</y1>
<x2>1143</x2>
<y2>421</y2>
<x3>1145</x3>
<y3>430</y3>
<x4>1108</x4>
<y4>435</y4>
</bndbox>
</object>
<object>
<name>text</name>
<bndbox>
<x1>1001</x1>
<y1>450</y1>
<x2>1034</x2>
<y2>447</y2>
<x3>1035</x3>
<y3>458</y3>
<x4>1002</x4>
<y4>461</y4>
</bndbox>
</object>
<object>
<name>text</name>
<bndbox>
<x1>1034</x1>
<y1>447</y1>
<x2>1074</x2>
<y2>442</y2>
<x3>1075</x3>
<y3>451</y3>
<x4>1036</x4>
<y4>457</y4>
</bndbox>
</object>
<object>
<name>text</name>
<bndbox>
<x1>1074</x1>
<y1>443</y1>
<x2>1111</x2>
<y2>438</y2>
<x3>1112</x3>
<y3>447</y3>
<x4>1075</x4>
<y4>452</y4>
</bndbox>
</object>
<object>
<name>text</name>
<bndbox>
<x1>1112</x1>
<y1>439</y1>
<x2>1150</x2>
<y2>433</y2>
<x3>1151</x3>
<y3>442</y3>
<x4>1113</x4>
<y4>448</y4>
</bndbox>
</object>
<object>
<name>text</name>
<bndbox>
<x1>1030</x1>
<y1>464</y1>
<x2>1127</x2>
<y2>451</y2>
<x3>1128</x3>
<y3>462</y3>
<x4>1031</x4>
<y4>476</y4>
</bndbox>
</object>
<object>
<name>text</name>
<bndbox>
<x1>87</x1>
<y1>440</y1>
<x2>120</x2>
<y2>437</y2>
<x3>121</x3>
<y3>467</y3>
<x4>88</x4>
<y4>470</y4>
</bndbox>
</object>
</annotation>