<?xml version="1.0" ?>
<annotation>
<folder>JPEGImages</folder>
<filename>img_521.xml</filename>
<path>xxxx</path>
<source>
<database>Unknown</database>
<annotation>xxx</annotation>
<image>xxx</image>
<flickrid>0</flickrid>
</source>
<size>
<width>1280</width>
<height>720</height>
<depth>3</depth>
</size>
<segmented>0</segmented>
<object>
<name>text</name>
<bndbox>
<x1>283</x1>
<y1>195</y1>
<x2>411</x2>
<y2>180</y2>
<x3>418</x3>
<y3>216</y3>
<x4>291</x4>
<y4>231</y4>
</bndbox>
</object>
<object>
<name>text</name>
<bndbox>
<x1>693</x1>
<y1>238</y1>
<x2>772</x2>
<y2>223</y2>
<x3>780</x3>
<y3>249</y3>
<x4>701</x4>
<y4>264</y4>
</bndbox>
</object>
<object>
<name>text</name>
<bndbox>
<x1>820</x1>
<y1>176</y1>
<x2>850</x2>
<y2>173</y2>
<x3>858</x3>
<y3>205</y3>
<x4>828</x4>
<y4>209</y4>
</bndbox>
</object>
<object>
<name>text</name>
<bndbox>
<x1>982</x1>
<y1>167</y1>
<x2>1056</x2>
<y2>152</y2>
<x3>1060</x3>
<y3>170</y3>
<x4>985</x4>
<y4>185</y4>
</bndbox>
</object>
<object>
<name>text</name>
<bndbox>
<x1>333</x1>
<y1>516</y1>
<x2>391</x2>
<y2>533</y2>
<x3>388</x3>
<y3>552</y3>
<x4>331</x4>
<y4>535</y4>
</bndbox>
</object>
</annotation>