<?xml version="1.0" ?>
<annotation>
<folder>JPEGImages</folder>
<filename>img_455.xml</filename>
<path>xxxx</path>
<source>
<database>Unknown</database>
<annotation>xxx</annotation>
<image>xxx</image>
<flickrid>0</flickrid>
</source>
<size>
<width>1280</width>
<height>720</height>
<depth>3</depth>
</size>
<segmented>0</segmented>
<object>
<name>text</name>
<bndbox>
<x1>460</x1>
<y1>40</y1>
<x2>503</x2>
<y2>40</y2>
<x3>503</x3>
<y3>65</y3>
<x4>460</x4>
<y4>65</y4>
</bndbox>
</object>
<object>
<name>text</name>
<bndbox>
<x1>603</x1>
<y1>530</y1>
<x2>767</x2>
<y2>517</y2>
<x3>768</x3>
<y3>551</y3>
<x4>605</x4>
<y4>563</y4>
</bndbox>
</object>
<object>
<name>text</name>
<bndbox>
<x1>648</x1>
<y1>487</y1>
<x2>708</x2>
<y2>484</y2>
<x3>710</x3>
<y3>501</y3>
<x4>650</x4>
<y4>504</y4>
</bndbox>
</object>
<object>
<name>text</name>
<bndbox>
<x1>629</x1>
<y1>460</y1>
<x2>731</x2>
<y2>460</y2>
<x3>732</x3>
<y3>486</y3>
<x4>630</x4>
<y4>486</y4>
</bndbox>
</object>
<object>
<name>text</name>
<bndbox>
<x1>659</x1>
<y1>568</y1>
<x2>715</x2>
<y2>567</y2>
<x3>716</x3>
<y3>586</y3>
<x4>660</x4>
<y4>587</y4>
</bndbox>
</object>
</annotation>