<?xml version="1.0" ?>
<annotation>
<folder>JPEGImages</folder>
<filename>img_334.xml</filename>
<path>xxxx</path>
<source>
<database>Unknown</database>
<annotation>xxx</annotation>
<image>xxx</image>
<flickrid>0</flickrid>
</source>
<size>
<width>1280</width>
<height>720</height>
<depth>3</depth>
</size>
<segmented>0</segmented>
<object>
<name>text</name>
<bndbox>
<x1>276</x1>
<y1>155</y1>
<x2>360</x2>
<y2>156</y2>
<x3>360</x3>
<y3>181</y3>
<x4>275</x4>
<y4>180</y4>
</bndbox>
</object>
<object>
<name>text</name>
<bndbox>
<x1>362</x1>
<y1>157</y1>
<x2>383</x2>
<y2>156</y2>
<x3>383</x3>
<y3>178</y3>
<x4>361</x4>
<y4>179</y4>
</bndbox>
</object>
<object>
<name>text</name>
<bndbox>
<x1>383</x1>
<y1>159</y1>
<x2>464</x2>
<y2>158</y2>
<x3>462</x3>
<y3>185</y3>
<x4>381</x4>
<y4>182</y4>
</bndbox>
</object>
<object>
<name>text</name>
<bndbox>
<x1>466</x1>
<y1>156</y1>
<x2>507</x2>
<y2>156</y2>
<x3>507</x3>
<y3>182</y3>
<x4>466</x4>
<y4>181</y4>
</bndbox>
</object>
</annotation>