<?xml version="1.0" ?>
<annotation>
<folder>JPEGImages</folder>
<filename>img_46.xml</filename>
<path>xxxx</path>
<source>
<database>Unknown</database>
<annotation>xxx</annotation>
<image>xxx</image>
<flickrid>0</flickrid>
</source>
<size>
<width>1280</width>
<height>720</height>
<depth>3</depth>
</size>
<segmented>0</segmented>
<object>
<name>text</name>
<bndbox>
<x1>1064</x1>
<y1>391</y1>
<x2>1215</x2>
<y2>405</y2>
<x3>1214</x3>
<y3>432</y3>
<x4>1063</x4>
<y4>417</y4>
</bndbox>
</object>
<object>
<name>text</name>
<bndbox>
<x1>1064</x1>
<y1>432</y1>
<x2>1216</x2>
<y2>450</y2>
<x3>1215</x3>
<y3>473</y3>
<x4>1064</x4>
<y4>455</y4>
</bndbox>
</object>
<object>
<name>text</name>
<bndbox>
<x1>1066</x1>
<y1>420</y1>
<x2>1216</x2>
<y2>434</y2>
<x3>1215</x3>
<y3>447</y3>
<x4>1066</x4>
<y4>432</y4>
</bndbox>
</object>
<object>
<name>text</name>
<bndbox>
<x1>816</x1>
<y1>294</y1>
<x2>872</x2>
<y2>293</y2>
<x3>872</x3>
<y3>302</y3>
<x4>816</x4>
<y4>302</y4>
</bndbox>
</object>
<object>
<name>text</name>
<bndbox>
<x1>610</x1>
<y1>446</y1>
<x2>672</x2>
<y2>447</y2>
<x3>671</x3>
<y3>464</y3>
<x4>609</x4>
<y4>463</y4>
</bndbox>
</object>
<object>
<name>text</name>
<bndbox>
<x1>620</x1>
<y1>467</y1>
<x2>659</x2>
<y2>467</y2>
<x3>658</x3>
<y3>478</y3>
<x4>621</x4>
<y4>478</y4>
</bndbox>
</object>
</annotation>