<?xml version="1.0" ?>
<annotation>
<folder>JPEGImages</folder>
<filename>img_103.xml</filename>
<path>xxxx</path>
<source>
<database>Unknown</database>
<annotation>xxx</annotation>
<image>xxx</image>
<flickrid>0</flickrid>
</source>
<size>
<width>1280</width>
<height>720</height>
<depth>3</depth>
</size>
<segmented>0</segmented>
<object>
<name>text</name>
<bndbox>
<x1>642</x1>
<y1>250</y1>
<x2>769</x2>
<y2>230</y2>
<x3>775</x3>
<y3>255</y3>
<x4>648</x4>
<y4>275</y4>
</bndbox>
</object>
</annotation>