<?xml version="1.0" ?>
<annotation>
<folder>JPEGImages</folder>
<filename>img_450.xml</filename>
<path>xxxx</path>
<source>
<database>Unknown</database>
<annotation>xxx</annotation>
<image>xxx</image>
<flickrid>0</flickrid>
</source>
<size>
<width>1280</width>
<height>720</height>
<depth>3</depth>
</size>
<segmented>0</segmented>
<object>
<name>text</name>
<bndbox>
<x1>498</x1>
<y1>136</y1>
<x2>521</x2>
<y2>133</y2>
<x3>538</x3>
<y3>235</y3>
<x4>515</x4>
<y4>238</y4>
</bndbox>
</object>
<object>
<name>text</name>
<bndbox>
<x1>889</x1>
<y1>103</y1>
<x2>959</x2>
<y2>82</y2>
<x3>965</x3>
<y3>111</y3>
<x4>895</x4>
<y4>132</y4>
</bndbox>
</object>
<object>
<name>text</name>
<bndbox>
<x1>1120</x1>
<y1>407</y1>
<x2>1207</x2>
<y2>417</y2>
<x3>1207</x3>
<y3>444</y3>
<x4>1120</x4>
<y4>434</y4>
</bndbox>
</object>
<object>
<name>text</name>
<bndbox>
<x1>1206</x1>
<y1>424</y1>
<x2>1271</x2>
<y2>432</y2>
<x3>1272</x3>
<y3>454</y3>
<x4>1207</x4>
<y4>446</y4>
</bndbox>
</object>
<object>
<name>text</name>
<bndbox>
<x1>738</x1>
<y1>96</y1>
<x2>858</x2>
<y2>36</y2>
<x3>866</x3>
<y3>67</y3>
<x4>746</x4>
<y4>127</y4>
</bndbox>
</object>
<object>
<name>text</name>
<bndbox>
<x1>588</x1>
<y1>155</y1>
<x2>608</x2>
<y2>268</y2>
<x3>596</x3>
<y3>271</y3>
<x4>576</x4>
<y4>157</y4>
</bndbox>
</object>
<object>
<name>text</name>
<bndbox>
<x1>529</x1>
<y1>236</y1>
<x2>552</x2>
<y2>371</y2>
<x3>540</x3>
<y3>373</y3>
<x4>517</x4>
<y4>238</y4>
</bndbox>
</object>
<object>
<name>text</name>
<bndbox>
<x1>1152</x1>
<y1>321</y1>
<x2>1275</x2>
<y2>326</y2>
<x3>1276</x3>
<y3>346</y3>
<x4>1153</x4>
<y4>341</y4>
</bndbox>
</object>
<object>
<name>text</name>
<bndbox>
<x1>1184</x1>
<y1>620</y1>
<x2>1269</x2>
<y2>659</y2>
<x3>1269</x3>
<y3>688</y3>
<x4>1184</x4>
<y4>653</y4>
</bndbox>
</object>
<object>
<name>text</name>
<bndbox>
<x1>536</x1>
<y1>235</y1>
<x2>552</x2>
<y2>325</y2>
<x3>544</x3>
<y3>327</y3>
<x4>529</x4>
<y4>236</y4>
</bndbox>
</object>
<object>
<name>text</name>
<bndbox>
<x1>563</x1>
<y1>92</y1>
<x2>593</x2>
<y2>275</y2>
<x3>584</x3>
<y3>278</y3>
<x4>553</x4>
<y4>93</y4>
</bndbox>
</object>
<object>
<name>text</name>
<bndbox>
<x1>533</x1>
<y1>428</y1>
<x2>587</x2>
<y2>425</y2>
<x3>587</x3>
<y3>436</y3>
<x4>533</x4>
<y4>436</y4>
</bndbox>
</object>
<object>
<name>text</name>
<bndbox>
<x1>659</x1>
<y1>147</y1>
<x2>705</x2>
<y2>123</y2>
<x3>708</x3>
<y3>140</y3>
<x4>663</x4>
<y4>162</y4>
</bndbox>
</object>
</annotation>