<?xml version="1.0" ?>
<annotation>
<folder>JPEGImages</folder>
<filename>img_165.xml</filename>
<path>xxxx</path>
<source>
<database>Unknown</database>
<annotation>xxx</annotation>
<image>xxx</image>
<flickrid>0</flickrid>
</source>
<size>
<width>1280</width>
<height>720</height>
<depth>3</depth>
</size>
<segmented>0</segmented>
<object>
<name>text</name>
<bndbox>
<x1>378</x1>
<y1>23</y1>
<x2>461</x2>
<y2>11</y2>
<x3>464</x3>
<y3>37</y3>
<x4>382</x4>
<y4>50</y4>
</bndbox>
</object>
<object>
<name>text</name>
<bndbox>
<x1>385</x1>
<y1>56</y1>
<x2>422</x2>
<y2>52</y2>
<x3>422</x3>
<y3>71</y3>
<x4>385</x4>
<y4>75</y4>
</bndbox>
</object>
<object>
<name>text</name>
<bndbox>
<x1>420</x1>
<y1>48</y1>
<x2>457</x2>
<y2>45</y2>
<x3>460</x3>
<y3>66</y3>
<x4>422</x4>
<y4>70</y4>
</bndbox>
</object>
<object>
<name>text</name>
<bndbox>
<x1>412</x1>
<y1>164</y1>
<x2>469</x2>
<y2>162</y2>
<x3>469</x3>
<y3>179</y3>
<x4>412</x4>
<y4>181</y4>
</bndbox>
</object>
<object>
<name>text</name>
<bndbox>
<x1>416</x1>
<y1>189</y1>
<x2>472</x2>
<y2>189</y2>
<x3>472</x3>
<y3>204</y3>
<x4>416</x4>
<y4>204</y4>
</bndbox>
</object>
<object>
<name>text</name>
<bndbox>
<x1>420</x1>
<y1>214</y1>
<x2>476</x2>
<y2>215</y2>
<x3>477</x3>
<y3>230</y3>
<x4>421</x4>
<y4>229</y4>
</bndbox>
</object>
<object>
<name>text</name>
<bndbox>
<x1>386</x1>
<y1>91</y1>
<x2>444</x2>
<y2>86</y2>
<x3>450</x3>
<y3>126</y3>
<x4>392</x4>
<y4>131</y4>
</bndbox>
</object>
</annotation>