<?xml version="1.0" ?>
<annotation>
<folder>JPEGImages</folder>
<filename>img_524.xml</filename>
<path>xxxx</path>
<source>
<database>Unknown</database>
<annotation>xxx</annotation>
<image>xxx</image>
<flickrid>0</flickrid>
</source>
<size>
<width>1280</width>
<height>720</height>
<depth>3</depth>
</size>
<segmented>0</segmented>
<object>
<name>text</name>
<bndbox>
<x1>461</x1>
<y1>100</y1>
<x2>498</x2>
<y2>100</y2>
<x3>497</x3>
<y3>134</y3>
<x4>460</x4>
<y4>134</y4>
</bndbox>
</object>
<object>
<name>text</name>
<bndbox>
<x1>1038</x1>
<y1>94</y1>
<x2>1193</x2>
<y2>89</y2>
<x3>1197</x3>
<y3>160</y3>
<x4>1042</x4>
<y4>165</y4>
</bndbox>
</object>
<object>
<name>text</name>
<bndbox>
<x1>270</x1>
<y1>138</y1>
<x2>397</x2>
<y2>129</y2>
<x3>398</x3>
<y3>180</y3>
<x4>271</x4>
<y4>189</y4>
</bndbox>
</object>
</annotation>