<?xml version="1.0" ?>
<annotation>
<folder>JPEGImages</folder>
<filename>img_342.xml</filename>
<path>xxxx</path>
<source>
<database>Unknown</database>
<annotation>xxx</annotation>
<image>xxx</image>
<flickrid>0</flickrid>
</source>
<size>
<width>1280</width>
<height>720</height>
<depth>3</depth>
</size>
<segmented>0</segmented>
<object>
<name>text</name>
<bndbox>
<x1>763</x1>
<y1>22</y1>
<x2>776</x2>
<y2>20</y2>
<x3>778</x3>
<y3>34</y3>
<x4>765</x4>
<y4>36</y4>
</bndbox>
</object>
<object>
<name>text</name>
<bndbox>
<x1>711</x1>
<y1>29</y1>
<x2>764</x2>
<y2>20</y2>
<x3>765</x3>
<y3>37</y3>
<x4>713</x4>
<y4>45</y4>
</bndbox>
</object>
<object>
<name>text</name>
<bndbox>
<x1>640</x1>
<y1>41</y1>
<x2>667</x2>
<y2>36</y2>
<x3>667</x3>
<y3>51</y3>
<x4>640</x4>
<y4>56</y4>
</bndbox>
</object>
<object>
<name>text</name>
<bndbox>
<x1>666</x1>
<y1>36</y1>
<x2>698</x2>
<y2>31</y2>
<x3>700</x3>
<y3>46</y3>
<x4>667</x4>
<y4>52</y4>
</bndbox>
</object>
<object>
<name>text</name>
<bndbox>
<x1>699</x1>
<y1>29</y1>
<x2>713</x2>
<y2>29</y2>
<x3>714</x3>
<y3>44</y3>
<x4>700</x4>
<y4>44</y4>
</bndbox>
</object>
<object>
<name>text</name>
<bndbox>
<x1>1109</x1>
<y1>80</y1>
<x2>1201</x2>
<y2>67</y2>
<x3>1205</x3>
<y3>89</y3>
<x4>1113</x4>
<y4>103</y4>
</bndbox>
</object>
<object>
<name>text</name>
<bndbox>
<x1>276</x1>
<y1>104</y1>
<x2>337</x2>
<y2>120</y2>
<x3>338</x3>
<y3>152</y3>
<x4>276</x4>
<y4>140</y4>
</bndbox>
</object>
<object>
<name>text</name>
<bndbox>
<x1>615</x1>
<y1>59</y1>
<x2>668</x2>
<y2>52</y2>
<x3>669</x3>
<y3>67</y3>
<x4>616</x4>
<y4>74</y4>
</bndbox>
</object>
<object>
<name>text</name>
<bndbox>
<x1>667</x1>
<y1>53</y1>
<x2>726</x2>
<y2>45</y2>
<x3>728</x3>
<y3>59</y3>
<x4>669</x4>
<y4>67</y4>
</bndbox>
</object>
<object>
<name>text</name>
<bndbox>
<x1>725</x1>
<y1>45</y1>
<x2>739</x2>
<y2>43</y2>
<x3>740</x3>
<y3>56</y3>
<x4>727</x4>
<y4>58</y4>
</bndbox>
</object>
<object>
<name>text</name>
<bndbox>
<x1>738</x1>
<y1>43</y1>
<x2>789</x2>
<y2>36</y2>
<x3>791</x3>
<y3>49</y3>
<x4>740</x4>
<y4>57</y4>
</bndbox>
</object>
<object>
<name>text</name>
<bndbox>
<x1>789</x1>
<y1>35</y1>
<x2>801</x2>
<y2>33</y2>
<x3>802</x3>
<y3>48</y3>
<x4>791</x4>
<y4>49</y4>
</bndbox>
</object>
</annotation>