<?xml version="1.0" ?>
<annotation>
<folder>JPEGImages</folder>
<filename>img_442.xml</filename>
<path>xxxx</path>
<source>
<database>Unknown</database>
<annotation>xxx</annotation>
<image>xxx</image>
<flickrid>0</flickrid>
</source>
<size>
<width>1280</width>
<height>720</height>
<depth>3</depth>
</size>
<segmented>0</segmented>
<object>
<name>text</name>
<bndbox>
<x1>367</x1>
<y1>217</y1>
<x2>387</x2>
<y2>217</y2>
<x3>387</x3>
<y3>229</y3>
<x4>367</x4>
<y4>229</y4>
</bndbox>
</object>
<object>
<name>text</name>
<bndbox>
<x1>608</x1>
<y1>173</y1>
<x2>622</x2>
<y2>174</y2>
<x3>622</x3>
<y3>189</y3>
<x4>607</x4>
<y4>188</y4>
</bndbox>
</object>
<object>
<name>text</name>
<bndbox>
<x1>163</x1>
<y1>177</y1>
<x2>256</x2>
<y2>178</y2>
<x3>256</x3>
<y3>196</y3>
<x4>163</x4>
<y4>195</y4>
</bndbox>
</object>
<object>
<name>text</name>
<bndbox>
<x1>681</x1>
<y1>183</y1>
<x2>727</x2>
<y2>185</y2>
<x3>727</x3>
<y3>200</y3>
<x4>681</x4>
<y4>197</y4>
</bndbox>
</object>
<object>
<name>text</name>
<bndbox>
<x1>680</x1>
<y1>217</y1>
<x2>729</x2>
<y2>216</y2>
<x3>731</x3>
<y3>224</y3>
<x4>682</x4>
<y4>225</y4>
</bndbox>
</object>
<object>
<name>text</name>
<bndbox>
<x1>478</x1>
<y1>174</y1>
<x2>523</x2>
<y2>168</y2>
<x3>524</x3>
<y3>189</y3>
<x4>479</x4>
<y4>196</y4>
</bndbox>
</object>
<object>
<name>text</name>
<bndbox>
<x1>857</x1>
<y1>151</y1>
<x2>979</x2>
<y2>141</y2>
<x3>980</x3>
<y3>170</y3>
<x4>858</x4>
<y4>180</y4>
</bndbox>
</object>
<object>
<name>text</name>
<bndbox>
<x1>1075</x1>
<y1>35</y1>
<x2>1156</x2>
<y2>5</y2>
<x3>1157</x3>
<y3>17</y3>
<x4>1076</x4>
<y4>47</y4>
</bndbox>
</object>
<object>
<name>text</name>
<bndbox>
<x1>668</x1>
<y1>207</y1>
<x2>742</x2>
<y2>207</y2>
<x3>742</x3>
<y3>217</y3>
<x4>668</x4>
<y4>217</y4>
</bndbox>
</object>
<object>
<name>text</name>
<bndbox>
<x1>334</x1>
<y1>205</y1>
<x2>343</x2>
<y2>205</y2>
<x3>343</x3>
<y3>215</y3>
<x4>334</x4>
<y4>215</y4>
</bndbox>
</object>
<object>
<name>text</name>
<bndbox>
<x1>342</x1>
<y1>206</y1>
<x2>350</x2>
<y2>206</y2>
<x3>350</x3>
<y3>216</y3>
<x4>343</x4>
<y4>216</y4>
</bndbox>
</object>
<object>
<name>text</name>
<bndbox>
<x1>583</x1>
<y1>173</y1>
<x2>606</x2>
<y2>173</y2>
<x3>606</x3>
<y3>184</y3>
<x4>583</x4>
<y4>184</y4>
</bndbox>
</object>
<object>
<name>text</name>
<bndbox>
<x1>1076</x1>
<y1>53</y1>
<x2>1151</x2>
<y2>32</y2>
<x3>1155</x3>
<y3>104</y3>
<x4>1078</x4>
<y4>126</y4>
</bndbox>
</object>
<object>
<name>text</name>
<bndbox>
<x1>916</x1>
<y1>414</y1>
<x2>936</x2>
<y2>426</y2>
<x3>936</x3>
<y3>432</y3>
<x4>916</x4>
<y4>420</y4>
</bndbox>
</object>
<object>
<name>text</name>
<bndbox>
<x1>1029</x1>
<y1>450</y1>
<x2>1041</x2>
<y2>449</y2>
<x3>1041</x3>
<y3>459</y3>
<x4>1029</x4>
<y4>461</y4>
</bndbox>
</object>
</annotation>