<?xml version="1.0" ?>
<annotation>
<folder>JPEGImages</folder>
<filename>img_464.xml</filename>
<path>xxxx</path>
<source>
<database>Unknown</database>
<annotation>xxx</annotation>
<image>xxx</image>
<flickrid>0</flickrid>
</source>
<size>
<width>1280</width>
<height>720</height>
<depth>3</depth>
</size>
<segmented>0</segmented>
<object>
<name>text</name>
<bndbox>
<x1>3</x1>
<y1>26</y1>
<x2>126</x2>
<y2>28</y2>
<x3>125</x3>
<y3>75</y3>
<x4>2</x4>
<y4>72</y4>
</bndbox>
</object>
<object>
<name>text</name>
<bndbox>
<x1>1046</x1>
<y1>151</y1>
<x2>1078</x2>
<y2>151</y2>
<x3>1080</x3>
<y3>163</y3>
<x4>1047</x4>
<y4>163</y4>
</bndbox>
</object>
<object>
<name>text</name>
<bndbox>
<x1>211</x1>
<y1>40</y1>
<x2>300</x2>
<y2>43</y2>
<x3>300</x3>
<y3>80</y3>
<x4>211</x4>
<y4>78</y4>
</bndbox>
</object>
<object>
<name>text</name>
<bndbox>
<x1>296</x1>
<y1>49</y1>
<x2>328</x2>
<y2>49</y2>
<x3>330</x3>
<y3>81</y3>
<x4>297</x4>
<y4>81</y4>
</bndbox>
</object>
<object>
<name>text</name>
<bndbox>
<x1>1152</x1>
<y1>263</y1>
<x2>1226</x2>
<y2>244</y2>
<x3>1230</x3>
<y3>320</y3>
<x4>1156</x4>
<y4>339</y4>
</bndbox>
</object>
<object>
<name>text</name>
<bndbox>
<x1>323</x1>
<y1>51</y1>
<x2>485</x2>
<y2>61</y2>
<x3>487</x3>
<y3>90</y3>
<x4>326</x4>
<y4>80</y4>
</bndbox>
</object>
<object>
<name>text</name>
<bndbox>
<x1>528</x1>
<y1>66</y1>
<x2>596</x2>
<y2>70</y2>
<x3>602</x3>
<y3>100</y3>
<x4>535</x4>
<y4>96</y4>
</bndbox>
</object>
<object>
<name>text</name>
<bndbox>
<x1>593</x1>
<y1>73</y1>
<x2>617</x2>
<y2>73</y2>
<x3>621</x3>
<y3>100</y3>
<x4>597</x4>
<y4>100</y4>
</bndbox>
</object>
<object>
<name>text</name>
<bndbox>
<x1>820</x1>
<y1>269</y1>
<x2>891</x2>
<y2>255</y2>
<x3>896</x3>
<y3>311</y3>
<x4>825</x4>
<y4>325</y4>
</bndbox>
</object>
<object>
<name>text</name>
<bndbox>
<x1>617</x1>
<y1>76</y1>
<x2>656</x2>
<y2>76</y2>
<x3>657</x3>
<y3>103</y3>
<x4>618</x4>
<y4>103</y4>
</bndbox>
</object>
<object>
<name>text</name>
<bndbox>
<x1>1036</x1>
<y1>17</y1>
<x2>1054</x2>
<y2>18</y2>
<x3>1054</x3>
<y3>30</y3>
<x4>1036</x4>
<y4>29</y4>
</bndbox>
</object>
<object>
<name>text</name>
<bndbox>
<x1>1040</x1>
<y1>89</y1>
<x2>1073</x2>
<y2>90</y2>
<x3>1073</x3>
<y3>101</y3>
<x4>1040</x4>
<y4>100</y4>
</bndbox>
</object>
<object>
<name>text</name>
<bndbox>
<x1>1045</x1>
<y1>121</y1>
<x2>1078</x2>
<y2>124</y2>
<x3>1080</x3>
<y3>135</y3>
<x4>1046</x4>
<y4>133</y4>
</bndbox>
</object>
<object>
<name>text</name>
<bndbox>
<x1>1050</x1>
<y1>161</y1>
<x2>1069</x2>
<y2>161</y2>
<x3>1069</x3>
<y3>174</y3>
<x4>1050</x4>
<y4>174</y4>
</bndbox>
</object>
<object>
<name>text</name>
<bndbox>
<x1>813</x1>
<y1>16</y1>
<x2>836</x2>
<y2>17</y2>
<x3>836</x3>
<y3>30</y3>
<x4>813</x4>
<y4>30</y4>
</bndbox>
</object>
<object>
<name>text</name>
<bndbox>
<x1>812</x1>
<y1>32</y1>
<x2>833</x2>
<y2>32</y2>
<x3>833</x3>
<y3>44</y3>
<x4>812</x4>
<y4>43</y4>
</bndbox>
</object>
<object>
<name>text</name>
<bndbox>
<x1>1038</x1>
<y1>27</y1>
<x2>1060</x2>
<y2>27</y2>
<x3>1060</x3>
<y3>37</y3>
<x4>1038</x4>
<y4>37</y4>
</bndbox>
</object>
<object>
<name>text</name>
<bndbox>
<x1>1039</x1>
<y1>37</y1>
<x2>1056</x2>
<y2>37</y2>
<x3>1056</x3>
<y3>45</y3>
<x4>1038</x4>
<y4>45</y4>
</bndbox>
</object>
<object>
<name>text</name>
<bndbox>
<x1>1041</x1>
<y1>56</y1>
<x2>1068</x2>
<y2>56</y2>
<x3>1069</x3>
<y3>66</y3>
<x4>1042</x4>
<y4>66</y4>
</bndbox>
</object>
<object>
<name>text</name>
<bndbox>
<x1>1041</x1>
<y1>65</y1>
<x2>1059</x2>
<y2>65</y2>
<x3>1059</x3>
<y3>73</y3>
<x4>1041</x4>
<y4>73</y4>
</bndbox>
</object>
<object>
<name>text</name>
<bndbox>
<x1>1046</x1>
<y1>100</y1>
<x2>1068</x2>
<y2>100</y2>
<x3>1068</x3>
<y3>107</y3>
<x4>1046</x4>
<y4>107</y4>
</bndbox>
</object>
<object>
<name>text</name>
<bndbox>
<x1>1048</x1>
<y1>133</y1>
<x2>1066</x2>
<y2>133</y2>
<x3>1066</x3>
<y3>141</y3>
<x4>1048</x4>
<y4>142</y4>
</bndbox>
</object>
<object>
<name>text</name>
<bndbox>
<x1>1053</x1>
<y1>172</y1>
<x2>1069</x2>
<y2>172</y2>
<x3>1070</x3>
<y3>181</y3>
<x4>1054</x4>
<y4>182</y4>
</bndbox>
</object>
<object>
<name>text</name>
<bndbox>
<x1>1053</x1>
<y1>17</y1>
<x2>1067</x2>
<y2>20</y2>
<x3>1067</x3>
<y3>30</y3>
<x4>1053</x4>
<y4>28</y4>
</bndbox>
</object>
<object>
<name>text</name>
<bndbox>
<x1>1068</x1>
<y1>162</y1>
<x2>1082</x2>
<y2>163</y2>
<x3>1082</x3>
<y3>172</y3>
<x4>1068</x4>
<y4>171</y4>
</bndbox>
</object>
<object>
<name>text</name>
<bndbox>
<x1>1050</x1>
<y1>173</y1>
<x2>1072</x2>
<y2>172</y2>
<x3>1074</x3>
<y3>181</y3>
<x4>1051</x4>
<y4>182</y4>
</bndbox>
</object>
<object>
<name>text</name>
<bndbox>
<x1>811</x1>
<y1>0</y1>
<x2>839</x2>
<y2>3</y2>
<x3>835</x3>
<y3>12</y3>
<x4>810</x4>
<y4>4</y4>
</bndbox>
</object>
<object>
<name>text</name>
<bndbox>
<x1>249</x1>
<y1>653</y1>
<x2>323</x2>
<y2>631</y2>
<x3>329</x3>
<y3>658</y3>
<x4>255</x4>
<y4>680</y4>
</bndbox>
</object>
<object>
<name>text</name>
<bndbox>
<x1>4</x1>
<y1>213</y1>
<x2>92</x2>
<y2>214</y2>
<x3>91</x3>
<y3>235</y3>
<x4>3</x4>
<y4>234</y4>
</bndbox>
</object>
</annotation>