<?xml version="1.0" ?>
<annotation>
<folder>JPEGImages</folder>
<filename>img_107.xml</filename>
<path>xxxx</path>
<source>
<database>Unknown</database>
<annotation>xxx</annotation>
<image>xxx</image>
<flickrid>0</flickrid>
</source>
<size>
<width>1280</width>
<height>720</height>
<depth>3</depth>
</size>
<segmented>0</segmented>
<object>
<name>text</name>
<bndbox>
<x1>765</x1>
<y1>468</y1>
<x2>819</x2>
<y2>452</y2>
<x3>824</x3>
<y3>464</y3>
<x4>770</x4>
<y4>481</y4>
</bndbox>
</object>
<object>
<name>text</name>
<bndbox>
<x1>878</x1>
<y1>447</y1>
<x2>953</x2>
<y2>425</y2>
<x3>956</x3>
<y3>463</y3>
<x4>882</x4>
<y4>485</y4>
</bndbox>
</object>
<object>
<name>text</name>
<bndbox>
<x1>955</x1>
<y1>425</y1>
<x2>997</x2>
<y2>414</y2>
<x3>1001</x3>
<y3>449</y3>
<x4>959</x4>
<y4>461</y4>
</bndbox>
</object>
<object>
<name>text</name>
<bndbox>
<x1>161</x1>
<y1>372</y1>
<x2>201</x2>
<y2>366</y2>
<x3>204</x3>
<y3>378</y3>
<x4>164</x4>
<y4>384</y4>
</bndbox>
</object>
<object>
<name>text</name>
<bndbox>
<x1>206</x1>
<y1>366</y1>
<x2>221</x2>
<y2>363</y2>
<x3>223</x3>
<y3>372</y3>
<x4>208</x4>
<y4>374</y4>
</bndbox>
</object>
<object>
<name>text</name>
<bndbox>
<x1>225</x1>
<y1>361</y1>
<x2>231</x2>
<y2>360</y2>
<x3>232</x3>
<y3>370</y3>
<x4>226</x4>
<y4>372</y4>
</bndbox>
</object>
<object>
<name>text</name>
<bndbox>
<x1>152</x1>
<y1>386</y1>
<x2>198</x2>
<y2>378</y2>
<x3>201</x3>
<y3>390</y3>
<x4>155</x4>
<y4>397</y4>
</bndbox>
</object>
<object>
<name>text</name>
<bndbox>
<x1>202</x1>
<y1>379</y1>
<x2>217</x2>
<y2>377</y2>
<x3>219</x3>
<y3>386</y3>
<x4>204</x4>
<y4>388</y4>
</bndbox>
</object>
<object>
<name>text</name>
<bndbox>
<x1>221</x1>
<y1>375</y1>
<x2>241</x2>
<y2>371</y2>
<x3>242</x3>
<y3>382</y3>
<x4>222</x4>
<y4>385</y4>
</bndbox>
</object>
<object>
<name>text</name>
<bndbox>
<x1>867</x1>
<y1>422</y1>
<x2>995</x2>
<y2>383</y2>
<x3>999</x3>
<y3>391</y3>
<x4>871</x4>
<y4>430</y4>
</bndbox>
</object>
<object>
<name>text</name>
<bndbox>
<x1>886</x1>
<y1>492</y1>
<x2>997</x2>
<y2>458</y2>
<x3>1001</x3>
<y3>466</y3>
<x4>889</x4>
<y4>500</y4>
</bndbox>
</object>
<object>
<name>text</name>
<bndbox>
<x1>1120</x1>
<y1>358</y1>
<x2>1147</x2>
<y2>351</y2>
<x3>1150</x3>
<y3>362</y3>
<x4>1123</x4>
<y4>369</y4>
</bndbox>
</object>
<object>
<name>text</name>
<bndbox>
<x1>1118</x1>
<y1>373</y1>
<x2>1151</x2>
<y2>364</y2>
<x3>1155</x3>
<y3>374</y3>
<x4>1121</x4>
<y4>384</y4>
</bndbox>
</object>
</annotation>