<?xml version="1.0" ?>
<annotation>
<folder>JPEGImages</folder>
<filename>img_235.xml</filename>
<path>xxxx</path>
<source>
<database>Unknown</database>
<annotation>xxx</annotation>
<image>xxx</image>
<flickrid>0</flickrid>
</source>
<size>
<width>1280</width>
<height>720</height>
<depth>3</depth>
</size>
<segmented>0</segmented>
<object>
<name>text</name>
<bndbox>
<x1>988</x1>
<y1>75</y1>
<x2>1013</x2>
<y2>77</y2>
<x3>1012</x3>
<y3>83</y3>
<x4>986</x4>
<y4>81</y4>
</bndbox>
</object>
<object>
<name>text</name>
<bndbox>
<x1>555</x1>
<y1>322</y1>
<x2>600</x2>
<y2>324</y2>
<x3>599</x3>
<y3>339</y3>
<x4>554</x4>
<y4>337</y4>
</bndbox>
</object>
<object>
<name>text</name>
<bndbox>
<x1>343</x1>
<y1>416</y1>
<x2>402</x2>
<y2>423</y2>
<x3>400</x3>
<y3>440</y3>
<x4>341</x4>
<y4>433</y4>
</bndbox>
</object>
<object>
<name>text</name>
<bndbox>
<x1>518</x1>
<y1>301</y1>
<x2>557</x2>
<y2>303</y2>
<x3>555</x3>
<y3>322</y3>
<x4>515</x4>
<y4>320</y4>
</bndbox>
</object>
<object>
<name>text</name>
<bndbox>
<x1>561</x1>
<y1>302</y1>
<x2>633</x2>
<y2>306</y2>
<x3>631</x3>
<y3>326</y3>
<x4>559</x4>
<y4>322</y4>
</bndbox>
</object>
<object>
<name>text</name>
<bndbox>
<x1>280</x1>
<y1>409</y1>
<x2>344</x2>
<y2>415</y2>
<x3>341</x3>
<y3>432</y3>
<x4>278</x4>
<y4>426</y4>
</bndbox>
</object>
<object>
<name>text</name>
<bndbox>
<x1>516</x1>
<y1>319</y1>
<x2>541</x2>
<y2>321</y2>
<x3>540</x3>
<y3>335</y3>
<x4>514</x4>
<y4>333</y4>
</bndbox>
</object>
<object>
<name>text</name>
<bndbox>
<x1>798</x1>
<y1>459</y1>
<x2>838</x2>
<y2>463</y2>
<x3>837</x3>
<y3>472</y3>
<x4>797</x4>
<y4>467</y4>
</bndbox>
</object>
<object>
<name>text</name>
<bndbox>
<x1>544</x1>
<y1>323</y1>
<x2>556</x2>
<y2>323</y2>
<x3>554</x3>
<y3>335</y3>
<x4>543</x4>
<y4>335</y4>
</bndbox>
</object>
<object>
<name>text</name>
<bndbox>
<x1>758</x1>
<y1>208</y1>
<x2>798</x2>
<y2>210</y2>
<x3>795</x3>
<y3>224</y3>
<x4>756</x4>
<y4>222</y4>
</bndbox>
</object>
<object>
<name>text</name>
<bndbox>
<x1>806</x1>
<y1>209</y1>
<x2>858</x2>
<y2>213</y2>
<x3>857</x3>
<y3>227</y3>
<x4>805</x4>
<y4>224</y4>
</bndbox>
</object>
<object>
<name>text</name>
<bndbox>
<x1>870</x1>
<y1>213</y1>
<x2>892</x2>
<y2>214</y2>
<x3>891</x3>
<y3>229</y3>
<x4>869</x4>
<y4>227</y4>
</bndbox>
</object>
<object>
<name>text</name>
<bndbox>
<x1>900</x1>
<y1>213</y1>
<x2>963</x2>
<y2>216</y2>
<x3>962</x3>
<y3>230</y3>
<x4>899</x4>
<y4>228</y4>
</bndbox>
</object>
<object>
<name>text</name>
<bndbox>
<x1>64</x1>
<y1>418</y1>
<x2>129</x2>
<y2>429</y2>
<x3>128</x3>
<y3>440</y3>
<x4>63</x4>
<y4>429</y4>
</bndbox>
</object>
<object>
<name>text</name>
<bndbox>
<x1>64</x1>
<y1>428</y1>
<x2>129</x2>
<y2>438</y2>
<x3>127</x3>
<y3>449</y3>
<x4>62</x4>
<y4>439</y4>
</bndbox>
</object>
<object>
<name>text</name>
<bndbox>
<x1>50</x1>
<y1>436</y1>
<x2>141</x2>
<y2>451</y2>
<x3>138</x3>
<y3>462</y3>
<x4>47</x4>
<y4>447</y4>
</bndbox>
</object>
<object>
<name>text</name>
<bndbox>
<x1>1240</x1>
<y1>226</y1>
<x2>1279</x2>
<y2>228</y2>
<x3>1278</x3>
<y3>246</y3>
<x4>1238</x4>
<y4>244</y4>
</bndbox>
</object>
<object>
<name>text</name>
<bndbox>
<x1>67</x1>
<y1>454</y1>
<x2>123</x2>
<y2>462</y2>
<x3>122</x3>
<y3>472</y3>
<x4>66</x4>
<y4>464</y4>
</bndbox>
</object>
<object>
<name>text</name>
<bndbox>
<x1>73</x1>
<y1>475</y1>
<x2>114</x2>
<y2>480</y2>
<x3>112</x3>
<y3>489</y3>
<x4>71</x4>
<y4>484</y4>
</bndbox>
</object>
<object>
<name>text</name>
<bndbox>
<x1>64</x1>
<y1>489</y1>
<x2>127</x2>
<y2>498</y2>
<x3>124</x3>
<y3>507</y3>
<x4>61</x4>
<y4>499</y4>
</bndbox>
</object>
<object>
<name>text</name>
<bndbox>
<x1>596</x1>
<y1>439</y1>
<x2>624</x2>
<y2>439</y2>
<x3>622</x3>
<y3>449</y3>
<x4>594</x4>
<y4>449</y4>
</bndbox>
</object>
<object>
<name>text</name>
<bndbox>
<x1>986</x1>
<y1>216</y1>
<x2>1173</x2>
<y2>228</y2>
<x3>1173</x3>
<y3>240</y3>
<x4>989</x4>
<y4>230</y4>
</bndbox>
</object>
<object>
<name>text</name>
<bndbox>
<x1>835</x1>
<y1>145</y1>
<x2>861</x2>
<y2>145</y2>
<x3>861</x3>
<y3>150</y3>
<x4>835</x4>
<y4>150</y4>
</bndbox>
</object>
<object>
<name>text</name>
<bndbox>
<x1>862</x1>
<y1>175</y1>
<x2>885</x2>
<y2>175</y2>
<x3>885</x3>
<y3>181</y3>
<x4>862</x4>
<y4>181</y4>
</bndbox>
</object>
<object>
<name>text</name>
<bndbox>
<x1>891</x1>
<y1>144</y1>
<x2>916</x2>
<y2>145</y2>
<x3>916</x3>
<y3>152</y3>
<x4>891</x4>
<y4>151</y4>
</bndbox>
</object>
<object>
<name>text</name>
<bndbox>
<x1>915</x1>
<y1>175</y1>
<x2>941</x2>
<y2>176</y2>
<x3>940</x3>
<y3>184</y3>
<x4>914</x4>
<y4>184</y4>
</bndbox>
</object>
<object>
<name>text</name>
<bndbox>
<x1>945</x1>
<y1>176</y1>
<x2>968</x2>
<y2>177</y2>
<x3>968</x3>
<y3>183</y3>
<x4>945</x4>
<y4>181</y4>
</bndbox>
</object>
<object>
<name>text</name>
<bndbox>
<x1>946</x1>
<y1>181</y1>
<x2>966</x2>
<y2>181</y2>
<x3>966</x3>
<y3>188</y3>
<x4>945</x4>
<y4>189</y4>
</bndbox>
</object>
<object>
<name>text</name>
<bndbox>
<x1>973</x1>
<y1>177</y1>
<x2>997</x2>
<y2>178</y2>
<x3>997</x3>
<y3>184</y3>
<x4>973</x4>
<y4>184</y4>
</bndbox>
</object>
<object>
<name>text</name>
<bndbox>
<x1>977</x1>
<y1>184</y1>
<x2>991</x2>
<y2>184</y2>
<x3>990</x3>
<y3>190</y3>
<x4>976</x4>
<y4>190</y4>
</bndbox>
</object>
<object>
<name>text</name>
<bndbox>
<x1>924</x1>
<y1>138</y1>
<x2>956</x2>
<y2>139</y2>
<x3>955</x3>
<y3>147</y3>
<x4>923</x4>
<y4>146</y4>
</bndbox>
</object>
<object>
<name>text</name>
<bndbox>
<x1>919</x1>
<y1>124</y1>
<x2>958</x2>
<y2>124</y2>
<x3>957</x3>
<y3>132</y3>
<x4>917</x4>
<y4>132</y4>
</bndbox>
</object>
<object>
<name>text</name>
<bndbox>
<x1>919</x1>
<y1>107</y1>
<x2>960</x2>
<y2>109</y2>
<x3>960</x3>
<y3>114</y3>
<x4>919</x4>
<y4>113</y4>
</bndbox>
</object>
<object>
<name>text</name>
<bndbox>
<x1>601</x1>
<y1>325</y1>
<x2>632</x2>
<y2>327</y2>
<x3>631</x3>
<y3>341</y3>
<x4>599</x4>
<y4>339</y4>
</bndbox>
</object>
<object>
<name>text</name>
<bndbox>
<x1>1006</x1>
<y1>108</y1>
<x2>1029</x2>
<y2>109</y2>
<x3>1029</x3>
<y3>117</y3>
<x4>1006</x4>
<y4>117</y4>
</bndbox>
</object>
<object>
<name>text</name>
<bndbox>
<x1>1034</x1>
<y1>77</y1>
<x2>1063</x2>
<y2>77</y2>
<x3>1062</x3>
<y3>85</y3>
<x4>1033</x4>
<y4>84</y4>
</bndbox>
</object>
<object>
<name>text</name>
<bndbox>
<x1>1047</x1>
<y1>109</y1>
<x2>1083</x2>
<y2>111</y2>
<x3>1082</x3>
<y3>119</y3>
<x4>1046</x4>
<y4>117</y4>
</bndbox>
</object>
<object>
<name>text</name>
<bndbox>
<x1>1080</x1>
<y1>78</y1>
<x2>1113</x2>
<y2>77</y2>
<x3>1113</x3>
<y3>85</y3>
<x4>1080</x4>
<y4>85</y4>
</bndbox>
</object>
<object>
<name>text</name>
<bndbox>
<x1>1094</x1>
<y1>112</y1>
<x2>1131</x2>
<y2>112</y2>
<x3>1131</x3>
<y3>120</y3>
<x4>1094</x4>
<y4>120</y4>
</bndbox>
</object>
<object>
<name>text</name>
<bndbox>
<x1>1133</x1>
<y1>78</y1>
<x2>1156</x2>
<y2>79</y2>
<x3>1156</x3>
<y3>86</y3>
<x4>1133</x4>
<y4>85</y4>
</bndbox>
</object>
<object>
<name>text</name>
<bndbox>
<x1>1171</x1>
<y1>79</y1>
<x2>1214</x2>
<y2>81</y2>
<x3>1214</x3>
<y3>88</y3>
<x4>1171</x4>
<y4>87</y4>
</bndbox>
</object>
<object>
<name>text</name>
<bndbox>
<x1>1150</x1>
<y1>112</y1>
<x2>1173</x2>
<y2>113</y2>
<x3>1173</x3>
<y3>120</y3>
<x4>1150</x4>
<y4>118</y4>
</bndbox>
</object>
<object>
<name>text</name>
<bndbox>
<x1>1010</x1>
<y1>149</y1>
<x2>1035</x2>
<y2>150</y2>
<x3>1035</x3>
<y3>155</y3>
<x4>1009</x4>
<y4>155</y4>
</bndbox>
</object>
<object>
<name>text</name>
<bndbox>
<x1>1032</x1>
<y1>180</y1>
<x2>1051</x2>
<y2>180</y2>
<x3>1050</x3>
<y3>188</y3>
<x4>1031</x4>
<y4>188</y4>
</bndbox>
</object>
<object>
<name>text</name>
<bndbox>
<x1>1058</x1>
<y1>148</y1>
<x2>1093</x2>
<y2>150</y2>
<x3>1093</x3>
<y3>157</y3>
<x4>1058</x4>
<y4>155</y4>
</bndbox>
</object>
<object>
<name>text</name>
<bndbox>
<x1>1119</x1>
<y1>152</y1>
<x2>1154</x2>
<y2>152</y2>
<x3>1154</x3>
<y3>159</y3>
<x4>1119</x4>
<y4>160</y4>
</bndbox>
</object>
<object>
<name>text</name>
<bndbox>
<x1>1190</x1>
<y1>149</y1>
<x2>1208</x2>
<y2>150</y2>
<x3>1206</x3>
<y3>155</y3>
<x4>1189</x4>
<y4>154</y4>
</bndbox>
</object>
<object>
<name>text</name>
<bndbox>
<x1>1187</x1>
<y1>154</y1>
<x2>1207</x2>
<y2>155</y2>
<x3>1206</x3>
<y3>161</y3>
<x4>1186</x4>
<y4>160</y4>
</bndbox>
</object>
<object>
<name>text</name>
<bndbox>
<x1>1216</x1>
<y1>149</y1>
<x2>1240</x2>
<y2>150</y2>
<x3>1239</x3>
<y3>157</y3>
<x4>1216</x4>
<y4>155</y4>
</bndbox>
</object>
<object>
<name>text</name>
<bndbox>
<x1>1192</x1>
<y1>113</y1>
<x2>1226</x2>
<y2>115</y2>
<x3>1226</x3>
<y3>121</y3>
<x4>1191</x4>
<y4>119</y4>
</bndbox>
</object>
<object>
<name>text</name>
<bndbox>
<x1>1230</x1>
<y1>80</y1>
<x2>1256</x2>
<y2>82</y2>
<x3>1256</x3>
<y3>89</y3>
<x4>1230</x4>
<y4>88</y4>
</bndbox>
</object>
<object>
<name>text</name>
<bndbox>
<x1>1244</x1>
<y1>116</y1>
<x2>1273</x2>
<y2>117</y2>
<x3>1272</x3>
<y3>123</y3>
<x4>1243</x4>
<y4>122</y4>
</bndbox>
</object>
<object>
<name>text</name>
<bndbox>
<x1>1218</x1>
<y1>154</y1>
<x2>1234</x2>
<y2>154</y2>
<x3>1234</x3>
<y3>161</y3>
<x4>1217</x4>
<y4>161</y4>
</bndbox>
</object>
<object>
<name>text</name>
<bndbox>
<x1>1243</x1>
<y1>150</y1>
<x2>1273</x2>
<y2>150</y2>
<x3>1273</x3>
<y3>159</y3>
<x4>1244</x4>
<y4>158</y4>
</bndbox>
</object>
<object>
<name>text</name>
<bndbox>
<x1>1246</x1>
<y1>155</y1>
<x2>1267</x2>
<y2>155</y2>
<x3>1267</x3>
<y3>164</y3>
<x4>1246</x4>
<y4>164</y4>
</bndbox>
</object>
<object>
<name>text</name>
<bndbox>
<x1>1078</x1>
<y1>180</y1>
<x2>1122</x2>
<y2>181</y2>
<x3>1123</x3>
<y3>189</y3>
<x4>1079</x4>
<y4>188</y4>
</bndbox>
</object>
<object>
<name>text</name>
<bndbox>
<x1>1148</x1>
<y1>184</y1>
<x2>1172</x2>
<y2>184</y2>
<x3>1171</x3>
<y3>190</y3>
<x4>1147</x4>
<y4>190</y4>
</bndbox>
</object>
<object>
<name>text</name>
<bndbox>
<x1>1201</x1>
<y1>206</y1>
<x2>1223</x2>
<y2>207</y2>
<x3>1223</x3>
<y3>213</y3>
<x4>1201</x4>
<y4>211</y4>
</bndbox>
</object>
<object>
<name>text</name>
<bndbox>
<x1>1197</x1>
<y1>211</y1>
<x2>1228</x2>
<y2>213</y2>
<x3>1226</x3>
<y3>220</y3>
<x4>1195</x4>
<y4>218</y4>
</bndbox>
</object>
<object>
<name>text</name>
<bndbox>
<x1>1233</x1>
<y1>208</y1>
<x2>1255</x2>
<y2>209</y2>
<x3>1253</x3>
<y3>215</y3>
<x4>1231</x4>
<y4>214</y4>
</bndbox>
</object>
<object>
<name>text</name>
<bndbox>
<x1>1235</x1>
<y1>214</y1>
<x2>1249</x2>
<y2>215</y2>
<x3>1247</x3>
<y3>219</y3>
<x4>1233</x4>
<y4>218</y4>
</bndbox>
</object>
<object>
<name>text</name>
<bndbox>
<x1>1217</x1>
<y1>627</y1>
<x2>1261</x2>
<y2>633</y2>
<x3>1261</x3>
<y3>649</y3>
<x4>1216</x4>
<y4>643</y4>
</bndbox>
</object>
<object>
<name>text</name>
<bndbox>
<x1>208</x1>
<y1>369</y1>
<x2>254</x2>
<y2>374</y2>
<x3>252</x3>
<y3>395</y3>
<x4>206</x4>
<y4>390</y4>
</bndbox>
</object>
<object>
<name>text</name>
<bndbox>
<x1>862</x1>
<y1>355</y1>
<x2>899</x2>
<y2>359</y2>
<x3>898</x3>
<y3>370</y3>
<x4>862</x4>
<y4>366</y4>
</bndbox>
</object>
<object>
<name>text</name>
<bndbox>
<x1>900</x1>
<y1>357</y1>
<x2>929</x2>
<y2>359</y2>
<x3>928</x3>
<y3>371</y3>
<x4>898</x4>
<y4>369</y4>
</bndbox>
</object>
<object>
<name>text</name>
<bndbox>
<x1>929</x1>
<y1>359</y1>
<x2>950</x2>
<y2>361</y2>
<x3>948</x3>
<y3>375</y3>
<x4>928</x4>
<y4>372</y4>
</bndbox>
</object>
</annotation>