<?xml version="1.0" ?>
<annotation>
<folder>JPEGImages</folder>
<filename>img_176.xml</filename>
<path>xxxx</path>
<source>
<database>Unknown</database>
<annotation>xxx</annotation>
<image>xxx</image>
<flickrid>0</flickrid>
</source>
<size>
<width>1280</width>
<height>720</height>
<depth>3</depth>
</size>
<segmented>0</segmented>
<object>
<name>text</name>
<bndbox>
<x1>251</x1>
<y1>0</y1>
<x2>275</x2>
<y2>0</y2>
<x3>274</x3>
<y3>12</y3>
<x4>250</x4>
<y4>12</y4>
</bndbox>
</object>
<object>
<name>text</name>
<bndbox>
<x1>310</x1>
<y1>29</y1>
<x2>340</x2>
<y2>30</y2>
<x3>341</x3>
<y3>48</y3>
<x4>312</x4>
<y4>47</y4>
</bndbox>
</object>
<object>
<name>text</name>
<bndbox>
<x1>1011</x1>
<y1>8</y1>
<x2>1035</x2>
<y2>8</y2>
<x3>1034</x3>
<y3>21</y3>
<x4>1010</x4>
<y4>21</y4>
</bndbox>
</object>
<object>
<name>text</name>
<bndbox>
<x1>945</x1>
<y1>37</y1>
<x2>974</x2>
<y2>38</y2>
<x3>974</x3>
<y3>55</y3>
<x4>945</x4>
<y4>54</y4>
</bndbox>
</object>
</annotation>