<?xml version="1.0" ?>
<annotation>
<folder>JPEGImages</folder>
<filename>img_189.xml</filename>
<path>xxxx</path>
<source>
<database>Unknown</database>
<annotation>xxx</annotation>
<image>xxx</image>
<flickrid>0</flickrid>
</source>
<size>
<width>1280</width>
<height>720</height>
<depth>3</depth>
</size>
<segmented>0</segmented>
<object>
<name>text</name>
<bndbox>
<x1>1142</x1>
<y1>283</y1>
<x2>1167</x2>
<y2>282</y2>
<x3>1169</x3>
<y3>292</y3>
<x4>1144</x4>
<y4>293</y4>
</bndbox>
</object>
<object>
<name>text</name>
<bndbox>
<x1>0</x1>
<y1>373</y1>
<x2>30</x2>
<y2>373</y2>
<x3>30</x3>
<y3>385</y3>
<x4>0</x4>
<y4>385</y4>
</bndbox>
</object>
<object>
<name>text</name>
<bndbox>
<x1>528</x1>
<y1>445</y1>
<x2>545</x2>
<y2>443</y2>
<x3>546</x3>
<y3>455</y3>
<x4>530</x4>
<y4>458</y4>
</bndbox>
</object>
<object>
<name>text</name>
<bndbox>
<x1>1119</x1>
<y1>230</y1>
<x2>1148</x2>
<y2>228</y2>
<x3>1156</x3>
<y3>253</y3>
<x4>1127</x4>
<y4>255</y4>
</bndbox>
</object>
<object>
<name>text</name>
<bndbox>
<x1>1157</x1>
<y1>330</y1>
<x2>1197</x2>
<y2>326</y2>
<x3>1199</x3>
<y3>338</y3>
<x4>1159</x4>
<y4>342</y4>
</bndbox>
</object>
<object>
<name>text</name>
<bndbox>
<x1>491</x1>
<y1>467</y1>
<x2>534</x2>
<y2>460</y2>
<x3>534</x3>
<y3>472</y3>
<x4>492</x4>
<y4>478</y4>
</bndbox>
</object>
<object>
<name>text</name>
<bndbox>
<x1>42</x1>
<y1>443</y1>
<x2>171</x2>
<y2>435</y2>
<x3>171</x3>
<y3>465</y3>
<x4>42</x4>
<y4>472</y4>
</bndbox>
</object>
<object>
<name>text</name>
<bndbox>
<x1>1145</x1>
<y1>294</y1>
<x2>1170</x2>
<y2>293</y2>
<x3>1171</x3>
<y3>303</y3>
<x4>1146</x4>
<y4>303</y4>
</bndbox>
</object>
<object>
<name>text</name>
<bndbox>
<x1>1162</x1>
<y1>311</y1>
<x2>1176</x2>
<y2>310</y2>
<x3>1178</x3>
<y3>319</y3>
<x4>1164</x4>
<y4>320</y4>
</bndbox>
</object>
<object>
<name>text</name>
<bndbox>
<x1>533</x1>
<y1>459</y1>
<x2>559</x2>
<y2>456</y2>
<x3>560</x3>
<y3>467</y3>
<x4>534</x4>
<y4>471</y4>
</bndbox>
</object>
<object>
<name>text</name>
<bndbox>
<x1>2</x1>
<y1>385</y1>
<x2>51</x2>
<y2>384</y2>
<x3>50</x3>
<y3>397</y3>
<x4>1</x4>
<y4>398</y4>
</bndbox>
</object>
<object>
<name>text</name>
<bndbox>
<x1>1</x1>
<y1>397</y1>
<x2>49</x2>
<y2>396</y2>
<x3>48</x3>
<y3>411</y3>
<x4>1</x4>
<y4>411</y4>
</bndbox>
</object>
</annotation>