<?xml version="1.0" ?>
<annotation>
<folder>JPEGImages</folder>
<filename>img_218.xml</filename>
<path>xxxx</path>
<source>
<database>Unknown</database>
<annotation>xxx</annotation>
<image>xxx</image>
<flickrid>0</flickrid>
</source>
<size>
<width>1280</width>
<height>720</height>
<depth>3</depth>
</size>
<segmented>0</segmented>
<object>
<name>text</name>
<bndbox>
<x1>665</x1>
<y1>80</y1>
<x2>702</x2>
<y2>80</y2>
<x3>704</x3>
<y3>143</y3>
<x4>667</x4>
<y4>144</y4>
</bndbox>
</object>
<object>
<name>text</name>
<bndbox>
<x1>663</x1>
<y1>280</y1>
<x2>731</x2>
<y2>278</y2>
<x3>730</x3>
<y3>291</y3>
<x4>663</x4>
<y4>293</y4>
</bndbox>
</object>
<object>
<name>text</name>
<bndbox>
<x1>654</x1>
<y1>299</y1>
<x2>674</x2>
<y2>298</y2>
<x3>674</x3>
<y3>308</y3>
<x4>654</x4>
<y4>309</y4>
</bndbox>
</object>
<object>
<name>text</name>
<bndbox>
<x1>655</x1>
<y1>315</y1>
<x2>665</x2>
<y2>312</y2>
<x3>666</x3>
<y3>321</y3>
<x4>655</x4>
<y4>324</y4>
</bndbox>
</object>
<object>
<name>text</name>
<bndbox>
<x1>656</x1>
<y1>326</y1>
<x2>681</x2>
<y2>325</y2>
<x3>680</x3>
<y3>336</y3>
<x4>655</x4>
<y4>337</y4>
</bndbox>
</object>
<object>
<name>text</name>
<bndbox>
<x1>685</x1>
<y1>298</y1>
<x2>738</x2>
<y2>293</y2>
<x3>738</x3>
<y3>302</y3>
<x4>685</x4>
<y4>307</y4>
</bndbox>
</object>
<object>
<name>text</name>
<bndbox>
<x1>696</x1>
<y1>310</y1>
<x2>738</x2>
<y2>309</y2>
<x3>738</x3>
<y3>319</y3>
<x4>696</x4>
<y4>320</y4>
</bndbox>
</object>
<object>
<name>text</name>
<bndbox>
<x1>705</x1>
<y1>322</y1>
<x2>740</x2>
<y2>320</y2>
<x3>740</x3>
<y3>332</y3>
<x4>705</x4>
<y4>334</y4>
</bndbox>
</object>
<object>
<name>text</name>
<bndbox>
<x1>668</x1>
<y1>338</y1>
<x2>726</x2>
<y2>335</y2>
<x3>726</x3>
<y3>346</y3>
<x4>668</x4>
<y4>350</y4>
</bndbox>
</object>
</annotation>