<?xml version="1.0" ?>
<annotation>
<folder>JPEGImages</folder>
<filename>img_31.xml</filename>
<path>xxxx</path>
<source>
<database>Unknown</database>
<annotation>xxx</annotation>
<image>xxx</image>
<flickrid>0</flickrid>
</source>
<size>
<width>1280</width>
<height>720</height>
<depth>3</depth>
</size>
<segmented>0</segmented>
<object>
<name>text</name>
<bndbox>
<x1>740</x1>
<y1>111</y1>
<x2>884</x2>
<y2>102</y2>
<x3>880</x3>
<y3>156</y3>
<x4>737</x4>
<y4>155</y4>
</bndbox>
</object>
<object>
<name>text</name>
<bndbox>
<x1>690</x1>
<y1>124</y1>
<x2>727</x2>
<y2>124</y2>
<x3>717</x3>
<y3>156</y3>
<x4>684</x4>
<y4>155</y4>
</bndbox>
</object>
<object>
<name>text</name>
<bndbox>
<x1>777</x1>
<y1>502</y1>
<x2>825</x2>
<y2>530</y2>
<x3>824</x3>
<y3>543</y3>
<x4>774</x4>
<y4>517</y4>
</bndbox>
</object>
<object>
<name>text</name>
<bndbox>
<x1>908</x1>
<y1>554</y1>
<x2>948</x2>
<y2>575</y2>
<x3>943</x3>
<y3>589</y3>
<x4>902</x4>
<y4>565</y4>
</bndbox>
</object>
</annotation>