<?xml version="1.0" ?>
<annotation>
<folder>JPEGImages</folder>
<filename>img_211.xml</filename>
<path>xxxx</path>
<source>
<database>Unknown</database>
<annotation>xxx</annotation>
<image>xxx</image>
<flickrid>0</flickrid>
</source>
<size>
<width>1280</width>
<height>720</height>
<depth>3</depth>
</size>
<segmented>0</segmented>
<object>
<name>text</name>
<bndbox>
<x1>419</x1>
<y1>99</y1>
<x2>500</x2>
<y2>115</y2>
<x3>494</x3>
<y3>155</y3>
<x4>413</x4>
<y4>138</y4>
</bndbox>
</object>
</annotation>