<?xml version="1.0" ?>
<annotation>
<folder>JPEGImages</folder>
<filename>img_316.xml</filename>
<path>xxxx</path>
<source>
<database>Unknown</database>
<annotation>xxx</annotation>
<image>xxx</image>
<flickrid>0</flickrid>
</source>
<size>
<width>1280</width>
<height>720</height>
<depth>3</depth>
</size>
<segmented>0</segmented>
<object>
<name>text</name>
<bndbox>
<x1>458</x1>
<y1>97</y1>
<x2>491</x2>
<y2>88</y2>
<x3>492</x3>
<y3>112</y3>
<x4>460</x4>
<y4>120</y4>
</bndbox>
</object>
<object>
<name>text</name>
<bndbox>
<x1>489</x1>
<y1>90</y1>
<x2>514</x2>
<y2>84</y2>
<x3>516</x3>
<y3>110</y3>
<x4>491</x4>
<y4>116</y4>
</bndbox>
</object>
<object>
<name>text</name>
<bndbox>
<x1>516</x1>
<y1>82</y1>
<x2>558</x2>
<y2>74</y2>
<x3>559</x3>
<y3>101</y3>
<x4>517</x4>
<y4>110</y4>
</bndbox>
</object>
<object>
<name>text</name>
<bndbox>
<x1>558</x1>
<y1>73</y1>
<x2>658</x2>
<y2>51</y2>
<x3>659</x3>
<y3>80</y3>
<x4>559</x4>
<y4>102</y4>
</bndbox>
</object>
<object>
<name>text</name>
<bndbox>
<x1>660</x1>
<y1>50</y1>
<x2>684</x2>
<y2>44</y2>
<x3>688</x3>
<y3>72</y3>
<x4>664</x4>
<y4>78</y4>
</bndbox>
</object>
<object>
<name>text</name>
<bndbox>
<x1>447</x1>
<y1>36</y1>
<x2>560</x2>
<y2>2</y2>
<x3>572</x3>
<y3>61</y3>
<x4>455</x4>
<y4>91</y4>
</bndbox>
</object>
<object>
<name>text</name>
<bndbox>
<x1>778</x1>
<y1>95</y1>
<x2>885</x2>
<y2>82</y2>
<x3>887</x3>
<y3>115</y3>
<x4>781</x4>
<y4>128</y4>
</bndbox>
</object>
<object>
<name>text</name>
<bndbox>
<x1>806</x1>
<y1>42</y1>
<x2>882</x2>
<y2>31</y2>
<x3>888</x3>
<y3>70</y3>
<x4>813</x4>
<y4>81</y4>
</bndbox>
</object>
<object>
<name>text</name>
<bndbox>
<x1>0</x1>
<y1>83</y1>
<x2>63</x2>
<y2>37</y2>
<x3>72</x3>
<y3>76</y3>
<x4>1</x4>
<y4>118</y4>
</bndbox>
</object>
<object>
<name>text</name>
<bndbox>
<x1>0</x1>
<y1>247</y1>
<x2>37</x2>
<y2>234</y2>
<x3>47</x3>
<y3>297</y3>
<x4>1</x4>
<y4>306</y4>
</bndbox>
</object>
<object>
<name>text</name>
<bndbox>
<x1>241</x1>
<y1>72</y1>
<x2>286</x2>
<y2>60</y2>
<x3>297</x3>
<y3>146</y3>
<x4>250</x4>
<y4>157</y4>
</bndbox>
</object>
<object>
<name>text</name>
<bndbox>
<x1>444</x1>
<y1>0</y1>
<x2>563</x2>
<y2>0</y2>
<x3>563</x3>
<y3>2</y3>
<x4>448</x4>
<y4>33</y4>
</bndbox>
</object>
<object>
<name>text</name>
<bndbox>
<x1>573</x1>
<y1>0</y1>
<x2>699</x2>
<y2>0</y2>
<x3>706</x3>
<y3>31</y3>
<x4>582</x4>
<y4>61</y4>
</bndbox>
</object>
<object>
<name>text</name>
<bndbox>
<x1>714</x1>
<y1>1</y1>
<x2>809</x2>
<y2>1</y2>
<x3>810</x3>
<y3>9</y3>
<x4>718</x4>
<y4>23</y4>
</bndbox>
</object>
<object>
<name>text</name>
<bndbox>
<x1>764</x1>
<y1>33</y1>
<x2>833</x2>
<y2>19</y2>
<x3>837</x3>
<y3>43</y3>
<x4>768</x4>
<y4>57</y4>
</bndbox>
</object>
<object>
<name>text</name>
<bndbox>
<x1>888</x1>
<y1>40</y1>
<x2>951</x2>
<y2>30</y2>
<x3>954</x3>
<y3>56</y3>
<x4>892</x4>
<y4>66</y4>
</bndbox>
</object>
<object>
<name>text</name>
<bndbox>
<x1>673</x1>
<y1>191</y1>
<x2>718</x2>
<y2>186</y2>
<x3>719</x3>
<y3>222</y3>
<x4>673</x4>
<y4>223</y4>
</bndbox>
</object>
<object>
<name>text</name>
<bndbox>
<x1>691</x1>
<y1>345</y1>
<x2>754</x2>
<y2>348</y2>
<x3>752</x3>
<y3>371</y3>
<x4>690</x4>
<y4>365</y4>
</bndbox>
</object>
<object>
<name>text</name>
<bndbox>
<x1>886</x1>
<y1>369</y1>
<x2>931</x2>
<y2>373</y2>
<x3>931</x3>
<y3>385</y3>
<x4>886</x4>
<y4>382</y4>
</bndbox>
</object>
<object>
<name>text</name>
<bndbox>
<x1>991</x1>
<y1>422</y1>
<x2>1101</x2>
<y2>435</y2>
<x3>1101</x3>
<y3>455</y3>
<x4>991</x4>
<y4>439</y4>
</bndbox>
</object>
<object>
<name>text</name>
<bndbox>
<x1>1210</x1>
<y1>410</y1>
<x2>1271</x2>
<y2>421</y2>
<x3>1270</x3>
<y3>430</y3>
<x4>1209</x4>
<y4>422</y4>
</bndbox>
</object>
<object>
<name>text</name>
<bndbox>
<x1>1214</x1>
<y1>466</y1>
<x2>1260</x2>
<y2>473</y2>
<x3>1259</x3>
<y3>482</y3>
<x4>1214</x4>
<y4>477</y4>
</bndbox>
</object>
<object>
<name>text</name>
<bndbox>
<x1>236</x1>
<y1>353</y1>
<x2>274</x2>
<y2>357</y2>
<x3>276</x3>
<y3>391</y3>
<x4>239</x4>
<y4>384</y4>
</bndbox>
</object>
</annotation>