<?xml version="1.0" ?>
<annotation>
<folder>JPEGImages</folder>
<filename>img_248.xml</filename>
<path>xxxx</path>
<source>
<database>Unknown</database>
<annotation>xxx</annotation>
<image>xxx</image>
<flickrid>0</flickrid>
</source>
<size>
<width>1280</width>
<height>720</height>
<depth>3</depth>
</size>
<segmented>0</segmented>
<object>
<name>text</name>
<bndbox>
<x1>311</x1>
<y1>83</y1>
<x2>358</x2>
<y2>82</y2>
<x3>358</x3>
<y3>96</y3>
<x4>312</x4>
<y4>97</y4>
</bndbox>
</object>
<object>
<name>text</name>
<bndbox>
<x1>311</x1>
<y1>97</y1>
<x2>364</x2>
<y2>97</y2>
<x3>365</x3>
<y3>113</y3>
<x4>311</x4>
<y4>113</y4>
</bndbox>
</object>
<object>
<name>text</name>
<bndbox>
<x1>311</x1>
<y1>111</y1>
<x2>376</x2>
<y2>112</y2>
<x3>376</x3>
<y3>125</y3>
<x4>311</x4>
<y4>125</y4>
</bndbox>
</object>
<object>
<name>text</name>
<bndbox>
<x1>313</x1>
<y1>126</y1>
<x2>334</x2>
<y2>126</y2>
<x3>335</x3>
<y3>140</y3>
<x4>314</x4>
<y4>140</y4>
</bndbox>
</object>
<object>
<name>text</name>
<bndbox>
<x1>337</x1>
<y1>125</y1>
<x2>364</x2>
<y2>124</y2>
<x3>364</x3>
<y3>139</y3>
<x4>337</x4>
<y4>140</y4>
</bndbox>
</object>
<object>
<name>text</name>
<bndbox>
<x1>390</x1>
<y1>98</y1>
<x2>409</x2>
<y2>98</y2>
<x3>410</x3>
<y3>122</y3>
<x4>391</x4>
<y4>121</y4>
</bndbox>
</object>
<object>
<name>text</name>
<bndbox>
<x1>410</x1>
<y1>184</y1>
<x2>445</x2>
<y2>182</y2>
<x3>445</x3>
<y3>193</y3>
<x4>411</x4>
<y4>195</y4>
</bndbox>
</object>
<object>
<name>text</name>
<bndbox>
<x1>508</x1>
<y1>185</y1>
<x2>533</x2>
<y2>184</y2>
<x3>533</x3>
<y3>192</y3>
<x4>508</x4>
<y4>194</y4>
</bndbox>
</object>
</annotation>