<?xml version="1.0" ?>
<annotation>
<folder>JPEGImages</folder>
<filename>img_489.xml</filename>
<path>xxxx</path>
<source>
<database>Unknown</database>
<annotation>xxx</annotation>
<image>xxx</image>
<flickrid>0</flickrid>
</source>
<size>
<width>1280</width>
<height>720</height>
<depth>3</depth>
</size>
<segmented>0</segmented>
<object>
<name>text</name>
<bndbox>
<x1>915</x1>
<y1>501</y1>
<x2>953</x2>
<y2>523</y2>
<x3>948</x3>
<y3>554</y3>
<x4>910</x4>
<y4>533</y4>
</bndbox>
</object>
<object>
<name>text</name>
<bndbox>
<x1>870</x1>
<y1>491</y1>
<x2>1025</x2>
<y2>583</y2>
<x3>1010</x3>
<y3>635</y3>
<x4>855</x4>
<y4>544</y4>
</bndbox>
</object>
</annotation>