<?xml version="1.0" ?>
<annotation>
<folder>JPEGImages</folder>
<filename>img_258.xml</filename>
<path>xxxx</path>
<source>
<database>Unknown</database>
<annotation>xxx</annotation>
<image>xxx</image>
<flickrid>0</flickrid>
</source>
<size>
<width>1280</width>
<height>720</height>
<depth>3</depth>
</size>
<segmented>0</segmented>
<object>
<name>text</name>
<bndbox>
<x1>896</x1>
<y1>339</y1>
<x2>929</x2>
<y2>334</y2>
<x3>930</x3>
<y3>344</y3>
<x4>897</x4>
<y4>350</y4>
</bndbox>
</object>
<object>
<name>text</name>
<bndbox>
<x1>858</x1>
<y1>322</y1>
<x2>921</x2>
<y2>310</y2>
<x3>927</x3>
<y3>335</y3>
<x4>864</x4>
<y4>348</y4>
</bndbox>
</object>
</annotation>