<?xml version="1.0" ?>
<annotation>
<folder>JPEGImages</folder>
<filename>img_240.xml</filename>
<path>xxxx</path>
<source>
<database>Unknown</database>
<annotation>xxx</annotation>
<image>xxx</image>
<flickrid>0</flickrid>
</source>
<size>
<width>1280</width>
<height>720</height>
<depth>3</depth>
</size>
<segmented>0</segmented>
<object>
<name>text</name>
<bndbox>
<x1>298</x1>
<y1>266</y1>
<x2>404</x2>
<y2>264</y2>
<x3>404</x3>
<y3>274</y3>
<x4>298</x4>
<y4>276</y4>
</bndbox>
</object>
<object>
<name>text</name>
<bndbox>
<x1>216</x1>
<y1>276</y1>
<x2>276</x2>
<y2>275</y2>
<x3>276</x3>
<y3>284</y3>
<x4>217</x4>
<y4>285</y4>
</bndbox>
</object>
<object>
<name>text</name>
<bndbox>
<x1>142</x1>
<y1>9</y1>
<x2>150</x2>
<y2>10</y2>
<x3>150</x3>
<y3>20</y3>
<x4>142</x4>
<y4>19</y4>
</bndbox>
</object>
<object>
<name>text</name>
<bndbox>
<x1>151</x1>
<y1>7</y1>
<x2>215</x2>
<y2>12</y2>
<x3>213</x3>
<y3>25</y3>
<x4>150</x4>
<y4>20</y4>
</bndbox>
</object>
<object>
<name>text</name>
<bndbox>
<x1>76</x1>
<y1>16</y1>
<x2>128</x2>
<y2>21</y2>
<x3>126</x3>
<y3>36</y3>
<x4>74</x4>
<y4>31</y4>
</bndbox>
</object>
<object>
<name>text</name>
<bndbox>
<x1>122</x1>
<y1>6</y1>
<x2>138</x2>
<y2>7</y2>
<x3>138</x3>
<y3>20</y3>
<x4>122</x4>
<y4>18</y4>
</bndbox>
</object>
<object>
<name>text</name>
<bndbox>
<x1>127</x1>
<y1>20</y1>
<x2>166</x2>
<y2>24</y2>
<x3>165</x3>
<y3>36</y3>
<x4>126</x4>
<y4>32</y4>
</bndbox>
</object>
<object>
<name>text</name>
<bndbox>
<x1>77</x1>
<y1>0</y1>
<x2>121</x2>
<y2>4</y2>
<x3>120</x3>
<y3>20</y3>
<x4>76</x4>
<y4>16</y4>
</bndbox>
</object>
<object>
<name>text</name>
<bndbox>
<x1>84</x1>
<y1>32</y1>
<x2>106</x2>
<y2>34</y2>
<x3>105</x3>
<y3>54</y3>
<x4>83</x4>
<y4>52</y4>
</bndbox>
</object>
<object>
<name>text</name>
<bndbox>
<x1>107</x1>
<y1>36</y1>
<x2>129</x2>
<y2>34</y2>
<x3>128</x3>
<y3>60</y3>
<x4>106</x4>
<y4>61</y4>
</bndbox>
</object>
<object>
<name>text</name>
<bndbox>
<x1>133</x1>
<y1>34</y1>
<x2>162</x2>
<y2>36</y2>
<x3>161</x3>
<y3>56</y3>
<x4>132</x4>
<y4>54</y4>
</bndbox>
</object>
<object>
<name>text</name>
<bndbox>
<x1>175</x1>
<y1>60</y1>
<x2>184</x2>
<y2>61</y2>
<x3>184</x3>
<y3>72</y3>
<x4>174</x4>
<y4>71</y4>
</bndbox>
</object>
<object>
<name>text</name>
<bndbox>
<x1>371</x1>
<y1>10</y1>
<x2>394</x2>
<y2>10</y2>
<x3>393</x3>
<y3>21</y3>
<x4>370</x4>
<y4>21</y4>
</bndbox>
</object>
<object>
<name>text</name>
<bndbox>
<x1>185</x1>
<y1>60</y1>
<x2>222</x2>
<y2>64</y2>
<x3>221</x3>
<y3>76</y3>
<x4>184</x4>
<y4>72</y4>
</bndbox>
</object>
<object>
<name>text</name>
<bndbox>
<x1>357</x1>
<y1>6</y1>
<x2>370</x2>
<y2>7</y2>
<x3>370</x3>
<y3>18</y3>
<x4>356</x4>
<y4>18</y4>
</bndbox>
</object>
<object>
<name>text</name>
<bndbox>
<x1>395</x1>
<y1>11</y1>
<x2>422</x2>
<y2>11</y2>
<x3>421</x3>
<y3>23</y3>
<x4>394</x4>
<y4>22</y4>
</bndbox>
</object>
<object>
<name>text</name>
<bndbox>
<x1>421</x1>
<y1>12</y1>
<x2>436</x2>
<y2>14</y2>
<x3>436</x3>
<y3>25</y3>
<x4>420</x4>
<y4>24</y4>
</bndbox>
</object>
<object>
<name>text</name>
<bndbox>
<x1>436</x1>
<y1>12</y1>
<x2>445</x2>
<y2>13</y2>
<x3>444</x3>
<y3>26</y3>
<x4>435</x4>
<y4>24</y4>
</bndbox>
</object>
<object>
<name>text</name>
<bndbox>
<x1>444</x1>
<y1>14</y1>
<x2>492</x2>
<y2>18</y2>
<x3>492</x3>
<y3>30</y3>
<x4>444</x4>
<y4>26</y4>
</bndbox>
</object>
<object>
<name>text</name>
<bndbox>
<x1>360</x1>
<y1>18</y1>
<x2>388</x2>
<y2>22</y2>
<x3>387</x3>
<y3>33</y3>
<x4>358</x4>
<y4>30</y4>
</bndbox>
</object>
<object>
<name>text</name>
<bndbox>
<x1>389</x1>
<y1>21</y1>
<x2>409</x2>
<y2>22</y2>
<x3>405</x3>
<y3>35</y3>
<x4>385</x4>
<y4>34</y4>
</bndbox>
</object>
<object>
<name>text</name>
<bndbox>
<x1>407</x1>
<y1>23</y1>
<x2>446</x2>
<y2>26</y2>
<x3>445</x3>
<y3>37</y3>
<x4>406</x4>
<y4>34</y4>
</bndbox>
</object>
<object>
<name>text</name>
<bndbox>
<x1>445</x1>
<y1>26</y1>
<x2>492</x2>
<y2>30</y2>
<x3>490</x3>
<y3>41</y3>
<x4>444</x4>
<y4>38</y4>
</bndbox>
</object>
<object>
<name>text</name>
<bndbox>
<x1>353</x1>
<y1>40</y1>
<x2>371</x2>
<y2>45</y2>
<x3>369</x3>
<y3>63</y3>
<x4>351</x4>
<y4>58</y4>
</bndbox>
</object>
<object>
<name>text</name>
<bndbox>
<x1>369</x1>
<y1>42</y1>
<x2>391</x2>
<y2>42</y2>
<x3>390</x3>
<y3>67</y3>
<x4>368</x4>
<y4>66</y4>
</bndbox>
</object>
<object>
<name>text</name>
<bndbox>
<x1>392</x1>
<y1>44</y1>
<x2>419</x2>
<y2>45</y2>
<x3>419</x3>
<y3>64</y3>
<x4>392</x4>
<y4>62</y4>
</bndbox>
</object>
<object>
<name>text</name>
<bndbox>
<x1>435</x1>
<y1>66</y1>
<x2>475</x2>
<y2>69</y2>
<x3>474</x3>
<y3>79</y3>
<x4>433</x4>
<y4>76</y4>
</bndbox>
</object>
<object>
<name>text</name>
<bndbox>
<x1>790</x1>
<y1>0</y1>
<x2>843</x2>
<y2>8</y2>
<x3>842</x3>
<y3>29</y3>
<x4>790</x4>
<y4>20</y4>
</bndbox>
</object>
<object>
<name>text</name>
<bndbox>
<x1>782</x1>
<y1>20</y1>
<x2>855</x2>
<y2>27</y2>
<x3>854</x3>
<y3>50</y3>
<x4>782</x4>
<y4>44</y4>
</bndbox>
</object>
<object>
<name>text</name>
<bndbox>
<x1>772</x1>
<y1>47</y1>
<x2>870</x2>
<y2>55</y2>
<x3>868</x3>
<y3>65</y3>
<x4>770</x4>
<y4>57</y4>
</bndbox>
</object>
<object>
<name>text</name>
<bndbox>
<x1>801</x1>
<y1>84</y1>
<x2>814</x2>
<y2>84</y2>
<x3>813</x3>
<y3>100</y3>
<x4>800</x4>
<y4>100</y4>
</bndbox>
</object>
<object>
<name>text</name>
<bndbox>
<x1>812</x1>
<y1>85</y1>
<x2>827</x2>
<y2>85</y2>
<x3>827</x3>
<y3>105</y3>
<x4>813</x4>
<y4>106</y4>
</bndbox>
</object>
<object>
<name>text</name>
<bndbox>
<x1>773</x1>
<y1>59</y1>
<x2>873</x2>
<y2>66</y2>
<x3>873</x3>
<y3>76</y3>
<x4>773</x4>
<y4>69</y4>
</bndbox>
</object>
<object>
<name>text</name>
<bndbox>
<x1>826</x1>
<y1>86</y1>
<x2>845</x2>
<y2>86</y2>
<x3>847</x3>
<y3>100</y3>
<x4>827</x4>
<y4>101</y4>
</bndbox>
</object>
<object>
<name>text</name>
<bndbox>
<x1>932</x1>
<y1>35</y1>
<x2>973</x2>
<y2>38</y2>
<x3>972</x3>
<y3>56</y3>
<x4>931</x4>
<y4>53</y4>
</bndbox>
</object>
<object>
<name>text</name>
<bndbox>
<x1>972</x1>
<y1>38</y1>
<x2>1012</x2>
<y2>41</y2>
<x3>1012</x3>
<y3>59</y3>
<x4>972</x4>
<y4>56</y4>
</bndbox>
</object>
<object>
<name>text</name>
<bndbox>
<x1>968</x1>
<y1>89</y1>
<x2>984</x2>
<y2>89</y2>
<x3>984</x3>
<y3>105</y3>
<x4>968</x4>
<y4>106</y4>
</bndbox>
</object>
<object>
<name>text</name>
<bndbox>
<x1>944</x1>
<y1>89</y1>
<x2>957</x2>
<y2>89</y2>
<x3>957</x3>
<y3>105</y3>
<x4>944</x4>
<y4>104</y4>
</bndbox>
</object>
<object>
<name>text</name>
<bndbox>
<x1>956</x1>
<y1>90</y1>
<x2>967</x2>
<y2>90</y2>
<x3>968</x3>
<y3>109</y3>
<x4>957</x4>
<y4>109</y4>
</bndbox>
</object>
<object>
<name>text</name>
<bndbox>
<x1>613</x1>
<y1>156</y1>
<x2>709</x2>
<y2>158</y2>
<x3>709</x3>
<y3>171</y3>
<x4>614</x4>
<y4>169</y4>
</bndbox>
</object>
<object>
<name>text</name>
<bndbox>
<x1>0</x1>
<y1>283</y1>
<x2>120</x2>
<y2>279</y2>
<x3>121</x3>
<y3>296</y3>
<x4>2</x4>
<y4>299</y4>
</bndbox>
</object>
<object>
<name>text</name>
<bndbox>
<x1>628</x1>
<y1>168</y1>
<x2>697</x2>
<y2>169</y2>
<x3>696</x3>
<y3>178</y3>
<x4>627</x4>
<y4>177</y4>
</bndbox>
</object>
<object>
<name>text</name>
<bndbox>
<x1>618</x1>
<y1>230</y1>
<x2>743</x2>
<y2>228</y2>
<x3>743</x3>
<y3>241</y3>
<x4>618</x4>
<y4>242</y4>
</bndbox>
</object>
<object>
<name>text</name>
<bndbox>
<x1>26</x1>
<y1>354</y1>
<x2>68</x2>
<y2>353</y2>
<x3>68</x3>
<y3>363</y3>
<x4>26</x4>
<y4>364</y4>
</bndbox>
</object>
<object>
<name>text</name>
<bndbox>
<x1>96</x1>
<y1>371</y1>
<x2>123</x2>
<y2>369</y2>
<x3>123</x3>
<y3>381</y3>
<x4>96</x4>
<y4>383</y4>
</bndbox>
</object>
<object>
<name>text</name>
<bndbox>
<x1>95</x1>
<y1>401</y1>
<x2>123</x2>
<y2>400</y2>
<x3>123</x3>
<y3>412</y3>
<x4>95</x4>
<y4>413</y4>
</bndbox>
</object>
<object>
<name>text</name>
<bndbox>
<x1>280</x1>
<y1>476</y1>
<x2>294</x2>
<y2>471</y2>
<x3>301</x3>
<y3>487</y3>
<x4>289</x4>
<y4>491</y4>
</bndbox>
</object>
<object>
<name>text</name>
<bndbox>
<x1>296</x1>
<y1>465</y1>
<x2>357</x2>
<y2>459</y2>
<x3>361</x3>
<y3>479</y3>
<x4>302</x4>
<y4>486</y4>
</bndbox>
</object>
<object>
<name>text</name>
<bndbox>
<x1>366</x1>
<y1>460</y1>
<x2>383</x2>
<y2>464</y2>
<x3>376</x3>
<y3>482</y3>
<x4>358</x4>
<y4>478</y4>
</bndbox>
</object>
<object>
<name>text</name>
<bndbox>
<x1>289</x1>
<y1>492</y1>
<x2>330</x2>
<y2>479</y2>
<x3>332</x3>
<y3>493</y3>
<x4>291</x4>
<y4>506</y4>
</bndbox>
</object>
<object>
<name>text</name>
<bndbox>
<x1>330</x1>
<y1>482</y1>
<x2>352</x2>
<y2>480</y2>
<x3>352</x3>
<y3>493</y3>
<x4>331</x4>
<y4>494</y4>
</bndbox>
</object>
<object>
<name>text</name>
<bndbox>
<x1>357</x1>
<y1>476</y1>
<x2>380</x2>
<y2>483</y2>
<x3>372</x3>
<y3>497</y3>
<x4>349</x4>
<y4>491</y4>
</bndbox>
</object>
<object>
<name>text</name>
<bndbox>
<x1>413</x1>
<y1>463</y1>
<x2>479</x2>
<y2>455</y2>
<x3>481</x3>
<y3>466</y3>
<x4>415</x4>
<y4>474</y4>
</bndbox>
</object>
<object>
<name>text</name>
<bndbox>
<x1>586</x1>
<y1>27</y1>
<x2>644</x2>
<y2>25</y2>
<x3>647</x3>
<y3>53</y3>
<x4>589</x4>
<y4>54</y4>
</bndbox>
</object>
<object>
<name>text</name>
<bndbox>
<x1>648</x1>
<y1>22</y1>
<x2>710</x2>
<y2>38</y2>
<x3>709</x3>
<y3>63</y3>
<x4>647</x4>
<y4>48</y4>
</bndbox>
</object>
<object>
<name>text</name>
<bndbox>
<x1>508</x1>
<y1>17</y1>
<x2>568</x2>
<y2>0</y2>
<x3>583</x3>
<y3>26</y3>
<x4>522</x4>
<y4>43</y4>
</bndbox>
</object>
<object>
<name>text</name>
<bndbox>
<x1>586</x1>
<y1>0</y1>
<x2>657</x2>
<y2>0</y2>
<x3>657</x3>
<y3>23</y3>
<x4>586</x4>
<y4>22</y4>
</bndbox>
</object>
<object>
<name>text</name>
<bndbox>
<x1>664</x1>
<y1>10</y1>
<x2>710</x2>
<y2>22</y2>
<x3>706</x3>
<y3>39</y3>
<x4>659</x4>
<y4>26</y4>
</bndbox>
</object>
<object>
<name>text</name>
<bndbox>
<x1>720</x1>
<y1>14</y1>
<x2>764</x2>
<y2>42</y2>
<x3>750</x3>
<y3>63</y3>
<x4>706</x4>
<y4>35</y4>
</bndbox>
</object>
<object>
<name>text</name>
<bndbox>
<x1>327</x1>
<y1>286</y1>
<x2>383</x2>
<y2>281</y2>
<x3>388</x3>
<y3>346</y3>
<x4>332</x4>
<y4>351</y4>
</bndbox>
</object>
<object>
<name>text</name>
<bndbox>
<x1>631</x1>
<y1>72</y1>
<x2>677</x2>
<y2>69</y2>
<x3>685</x3>
<y3>148</y3>
<x4>640</x4>
<y4>151</y4>
</bndbox>
</object>
<object>
<name>text</name>
<bndbox>
<x1>0</x1>
<y1>385</y1>
<x2>36</x2>
<y2>383</y2>
<x3>36</x3>
<y3>395</y3>
<x4>0</x4>
<y4>396</y4>
</bndbox>
</object>
<object>
<name>text</name>
<bndbox>
<x1>604</x1>
<y1>228</y1>
<x2>614</x2>
<y2>227</y2>
<x3>615</x3>
<y3>241</y3>
<x4>605</x4>
<y4>242</y4>
</bndbox>
</object>
<object>
<name>text</name>
<bndbox>
<x1>175</x1>
<y1>275</y1>
<x2>213</x2>
<y2>273</y2>
<x3>211</x3>
<y3>298</y3>
<x4>173</x4>
<y4>299</y4>
</bndbox>
</object>
<object>
<name>text</name>
<bndbox>
<x1>1089</x1>
<y1>575</y1>
<x2>1178</x2>
<y2>551</y2>
<x3>1185</x3>
<y3>593</y3>
<x4>1096</x4>
<y4>616</y4>
</bndbox>
</object>
<object>
<name>text</name>
<bndbox>
<x1>1073</x1>
<y1>621</y1>
<x2>1183</x2>
<y2>593</y2>
<x3>1185</x3>
<y3>616</y3>
<x4>1074</x4>
<y4>644</y4>
</bndbox>
</object>
<object>
<name>text</name>
<bndbox>
<x1>303</x1>
<y1>619</y1>
<x2>359</x2>
<y2>609</y2>
<x3>364</x3>
<y3>642</y3>
<x4>308</x4>
<y4>652</y4>
</bndbox>
</object>
<object>
<name>text</name>
<bndbox>
<x1>0</x1>
<y1>357</y1>
<x2>23</x2>
<y2>356</y2>
<x3>24</x3>
<y3>365</y3>
<x4>0</x4>
<y4>365</y4>
</bndbox>
</object>
<object>
<name>text</name>
<bndbox>
<x1>214</x1>
<y1>289</y1>
<x2>255</x2>
<y2>289</y2>
<x3>257</x3>
<y3>308</y3>
<x4>216</x4>
<y4>308</y4>
</bndbox>
</object>
<object>
<name>text</name>
<bndbox>
<x1>6</x1>
<y1>368</y1>
<x2>90</x2>
<y2>363</y2>
<x3>86</x3>
<y3>372</y3>
<x4>2</x4>
<y4>377</y4>
</bndbox>
</object>
<object>
<name>text</name>
<bndbox>
<x1>4</x1>
<y1>397</y1>
<x2>90</x2>
<y2>391</y2>
<x3>90</x3>
<y3>408</y3>
<x4>4</x4>
<y4>414</y4>
</bndbox>
</object>
<object>
<name>text</name>
<bndbox>
<x1>35</x1>
<y1>426</y1>
<x2>126</x2>
<y2>419</y2>
<x3>124</x3>
<y3>436</y3>
<x4>33</x4>
<y4>443</y4>
</bndbox>
</object>
<object>
<name>text</name>
<bndbox>
<x1>156</x1>
<y1>417</y1>
<x2>278</x2>
<y2>407</y2>
<x3>279</x3>
<y3>456</y3>
<x4>157</x4>
<y4>466</y4>
</bndbox>
</object>
<object>
<name>text</name>
<bndbox>
<x1>158</x1>
<y1>467</y1>
<x2>248</x2>
<y2>459</y2>
<x3>249</x3>
<y3>478</y3>
<x4>160</x4>
<y4>487</y4>
</bndbox>
</object>
<object>
<name>text</name>
<bndbox>
<x1>936</x1>
<y1>54</y1>
<x2>1006</x2>
<y2>64</y2>
<x3>1003</x3>
<y3>96</y3>
<x4>933</x4>
<y4>86</y4>
</bndbox>
</object>
<object>
<name>text</name>
<bndbox>
<x1>438</x1>
<y1>469</y1>
<x2>466</x2>
<y2>467</y2>
<x3>463</x3>
<y3>480</y3>
<x4>435</x4>
<y4>482</y4>
</bndbox>
</object>
<object>
<name>text</name>
<bndbox>
<x1>449</x1>
<y1>485</y1>
<x2>481</x2>
<y2>481</y2>
<x3>477</x3>
<y3>502</y3>
<x4>446</x4>
<y4>506</y4>
</bndbox>
</object>
<object>
<name>text</name>
<bndbox>
<x1>453</x1>
<y1>557</y1>
<x2>494</x2>
<y2>553</y2>
<x3>495</x3>
<y3>578</y3>
<x4>454</x4>
<y4>582</y4>
</bndbox>
</object>
<object>
<name>text</name>
<bndbox>
<x1>363</x1>
<y1>575</y1>
<x2>405</x2>
<y2>567</y2>
<x3>406</x3>
<y3>593</y3>
<x4>364</x4>
<y4>601</y4>
</bndbox>
</object>
<object>
<name>text</name>
<bndbox>
<x1>271</x1>
<y1>593</y1>
<x2>311</x2>
<y2>589</y2>
<x3>309</x3>
<y3>617</y3>
<x4>269</x4>
<y4>621</y4>
</bndbox>
</object>
<object>
<name>text</name>
<bndbox>
<x1>146</x1>
<y1>318</y1>
<x2>201</x2>
<y2>316</y2>
<x3>201</x3>
<y3>344</y3>
<x4>149</x4>
<y4>345</y4>
</bndbox>
</object>
<object>
<name>text</name>
<bndbox>
<x1>208</x1>
<y1>316</y1>
<x2>256</x2>
<y2>316</y2>
<x3>259</x3>
<y3>344</y3>
<x4>211</x4>
<y4>344</y4>
</bndbox>
</object>
<object>
<name>text</name>
<bndbox>
<x1>301</x1>
<y1>356</y1>
<x2>336</x2>
<y2>353</y2>
<x3>334</x3>
<y3>377</y3>
<x4>299</x4>
<y4>380</y4>
</bndbox>
</object>
<object>
<name>text</name>
<bndbox>
<x1>984</x1>
<y1>94</y1>
<x2>1026</x2>
<y2>96</y2>
<x3>1024</x3>
<y3>105</y3>
<x4>982</x4>
<y4>103</y4>
</bndbox>
</object>
<object>
<name>text</name>
<bndbox>
<x1>407</x1>
<y1>561</y1>
<x2>440</x2>
<y2>558</y2>
<x3>446</x3>
<y3>589</y3>
<x4>413</x4>
<y4>591</y4>
</bndbox>
</object>
</annotation>