<?xml version="1.0" ?>
<annotation>
<folder>JPEGImages</folder>
<filename>img_456.xml</filename>
<path>xxxx</path>
<source>
<database>Unknown</database>
<annotation>xxx</annotation>
<image>xxx</image>
<flickrid>0</flickrid>
</source>
<size>
<width>1280</width>
<height>720</height>
<depth>3</depth>
</size>
<segmented>0</segmented>
<object>
<name>text</name>
<bndbox>
<x1>143</x1>
<y1>56</y1>
<x2>263</x2>
<y2>62</y2>
<x3>265</x3>
<y3>105</y3>
<x4>145</x4>
<y4>100</y4>
</bndbox>
</object>
<object>
<name>text</name>
<bndbox>
<x1>180</x1>
<y1>80</y1>
<x2>290</x2>
<y2>85</y2>
<x3>287</x3>
<y3>124</y3>
<x4>177</x4>
<y4>118</y4>
</bndbox>
</object>
<object>
<name>text</name>
<bndbox>
<x1>336</x1>
<y1>4</y1>
<x2>428</x2>
<y2>0</y2>
<x3>428</x3>
<y3>27</y3>
<x4>336</x4>
<y4>32</y4>
</bndbox>
</object>
<object>
<name>text</name>
<bndbox>
<x1>358</x1>
<y1>21</y1>
<x2>445</x2>
<y2>14</y2>
<x3>445</x3>
<y3>37</y3>
<x4>358</x4>
<y4>44</y4>
</bndbox>
</object>
<object>
<name>text</name>
<bndbox>
<x1>663</x1>
<y1>97</y1>
<x2>741</x2>
<y2>58</y2>
<x3>741</x3>
<y3>103</y3>
<x4>663</x4>
<y4>142</y4>
</bndbox>
</object>
<object>
<name>text</name>
<bndbox>
<x1>370</x1>
<y1>425</y1>
<x2>474</x2>
<y2>414</y2>
<x3>479</x3>
<y3>440</y3>
<x4>375</x4>
<y4>451</y4>
</bndbox>
</object>
<object>
<name>text</name>
<bndbox>
<x1>403</x1>
<y1>404</y1>
<x2>442</x2>
<y2>400</y2>
<x3>443</x3>
<y3>404</y3>
<x4>404</x4>
<y4>408</y4>
</bndbox>
</object>
<object>
<name>text</name>
<bndbox>
<x1>412</x1>
<y1>453</y1>
<x2>441</x2>
<y2>449</y2>
<x3>441</x3>
<y3>458</y3>
<x4>412</x4>
<y4>462</y4>
</bndbox>
</object>
<object>
<name>text</name>
<bndbox>
<x1>54</x1>
<y1>534</y1>
<x2>80</x2>
<y2>519</y2>
<x3>83</x3>
<y3>530</y3>
<x4>57</x4>
<y4>545</y4>
</bndbox>
</object>
<object>
<name>text</name>
<bndbox>
<x1>1204</x1>
<y1>236</y1>
<x2>1222</x2>
<y2>244</y2>
<x3>1223</x3>
<y3>257</y3>
<x4>1205</x4>
<y4>250</y4>
</bndbox>
</object>
</annotation>