<?xml version="1.0" ?>
<annotation>
<folder>JPEGImages</folder>
<filename>img_152.xml</filename>
<path>xxxx</path>
<source>
<database>Unknown</database>
<annotation>xxx</annotation>
<image>xxx</image>
<flickrid>0</flickrid>
</source>
<size>
<width>1280</width>
<height>720</height>
<depth>3</depth>
</size>
<segmented>0</segmented>
<object>
<name>text</name>
<bndbox>
<x1>139</x1>
<y1>364</y1>
<x2>152</x2>
<y2>363</y2>
<x3>152</x3>
<y3>372</y3>
<x4>140</x4>
<y4>372</y4>
</bndbox>
</object>
<object>
<name>text</name>
<bndbox>
<x1>153</x1>
<y1>362</y1>
<x2>172</x2>
<y2>362</y2>
<x3>172</x3>
<y3>371</y3>
<x4>153</x4>
<y4>371</y4>
</bndbox>
</object>
<object>
<name>text</name>
<bndbox>
<x1>150</x1>
<y1>340</y1>
<x2>165</x2>
<y2>340</y2>
<x3>165</x3>
<y3>359</y3>
<x4>150</x4>
<y4>359</y4>
</bndbox>
</object>
<object>
<name>text</name>
<bndbox>
<x1>167</x1>
<y1>336</y1>
<x2>220</x2>
<y2>333</y2>
<x3>221</x3>
<y3>355</y3>
<x4>168</x4>
<y4>358</y4>
</bndbox>
</object>
<object>
<name>text</name>
<bndbox>
<x1>267</x1>
<y1>299</y1>
<x2>294</x2>
<y2>299</y2>
<x3>294</x3>
<y3>310</y3>
<x4>267</x4>
<y4>310</y4>
</bndbox>
</object>
<object>
<name>text</name>
<bndbox>
<x1>101</x1>
<y1>342</y1>
<x2>148</x2>
<y2>341</y2>
<x3>147</x3>
<y3>360</y3>
<x4>100</x4>
<y4>361</y4>
</bndbox>
</object>
<object>
<name>text</name>
<bndbox>
<x1>42</x1>
<y1>369</y1>
<x2>67</x2>
<y2>368</y2>
<x3>67</x3>
<y3>378</y3>
<x4>43</x4>
<y4>380</y4>
</bndbox>
</object>
<object>
<name>text</name>
<bndbox>
<x1>40</x1>
<y1>346</y1>
<x2>98</x2>
<y2>342</y2>
<x3>99</x3>
<y3>364</y3>
<x4>40</x4>
<y4>368</y4>
</bndbox>
</object>
<object>
<name>text</name>
<bndbox>
<x1>67</x1>
<y1>368</y1>
<x2>77</x2>
<y2>369</y2>
<x3>77</x3>
<y3>377</y3>
<x4>67</x4>
<y4>377</y4>
</bndbox>
</object>
<object>
<name>text</name>
<bndbox>
<x1>78</x1>
<y1>369</y1>
<x2>98</x2>
<y2>368</y2>
<x3>98</x3>
<y3>376</y3>
<x4>78</x4>
<y4>377</y4>
</bndbox>
</object>
<object>
<name>text</name>
<bndbox>
<x1>99</x1>
<y1>365</y1>
<x2>139</x2>
<y2>363</y2>
<x3>138</x3>
<y3>374</y3>
<x4>98</x4>
<y4>376</y4>
</bndbox>
</object>
<object>
<name>text</name>
<bndbox>
<x1>173</x1>
<y1>360</y1>
<x2>190</x2>
<y2>360</y2>
<x3>190</x3>
<y3>370</y3>
<x4>172</x4>
<y4>370</y4>
</bndbox>
</object>
<object>
<name>text</name>
<bndbox>
<x1>192</x1>
<y1>359</y1>
<x2>222</x2>
<y2>358</y2>
<x3>221</x3>
<y3>368</y3>
<x4>191</x4>
<y4>369</y4>
</bndbox>
</object>
<object>
<name>text</name>
<bndbox>
<x1>236</x1>
<y1>447</y1>
<x2>301</x2>
<y2>442</y2>
<x3>300</x3>
<y3>454</y3>
<x4>235</x4>
<y4>459</y4>
</bndbox>
</object>
<object>
<name>text</name>
<bndbox>
<x1>775</x1>
<y1>373</y1>
<x2>811</x2>
<y2>370</y2>
<x3>811</x3>
<y3>379</y3>
<x4>775</x4>
<y4>382</y4>
</bndbox>
</object>
<object>
<name>text</name>
<bndbox>
<x1>761</x1>
<y1>367</y1>
<x2>781</x2>
<y2>365</y2>
<x3>781</x3>
<y3>373</y3>
<x4>761</x4>
<y4>374</y4>
</bndbox>
</object>
<object>
<name>text</name>
<bndbox>
<x1>783</x1>
<y1>364</y1>
<x2>819</x2>
<y2>361</y2>
<x3>820</x3>
<y3>369</y3>
<x4>783</x4>
<y4>372</y4>
</bndbox>
</object>
<object>
<name>text</name>
<bndbox>
<x1>827</x1>
<y1>305</y1>
<x2>845</x2>
<y2>306</y2>
<x3>846</x3>
<y3>315</y3>
<x4>829</x4>
<y4>315</y4>
</bndbox>
</object>
<object>
<name>text</name>
<bndbox>
<x1>847</x1>
<y1>305</y1>
<x2>865</x2>
<y2>305</y2>
<x3>865</x3>
<y3>314</y3>
<x4>847</x4>
<y4>314</y4>
</bndbox>
</object>
<object>
<name>text</name>
<bndbox>
<x1>865</x1>
<y1>304</y1>
<x2>896</x2>
<y2>302</y2>
<x3>897</x3>
<y3>311</y3>
<x4>865</x4>
<y4>312</y4>
</bndbox>
</object>
<object>
<name>text</name>
<bndbox>
<x1>896</x1>
<y1>301</y1>
<x2>914</x2>
<y2>301</y2>
<x3>914</x3>
<y3>310</y3>
<x4>897</x4>
<y4>310</y4>
</bndbox>
</object>
</annotation>