<?xml version="1.0" ?>
<annotation>
<folder>JPEGImages</folder>
<filename>img_511.xml</filename>
<path>xxxx</path>
<source>
<database>Unknown</database>
<annotation>xxx</annotation>
<image>xxx</image>
<flickrid>0</flickrid>
</source>
<size>
<width>1280</width>
<height>720</height>
<depth>3</depth>
</size>
<segmented>0</segmented>
<object>
<name>text</name>
<bndbox>
<x1>961</x1>
<y1>371</y1>
<x2>988</x2>
<y2>379</y2>
<x3>983</x3>
<y3>398</y3>
<x4>956</x4>
<y4>390</y4>
</bndbox>
</object>
<object>
<name>text</name>
<bndbox>
<x1>1106</x1>
<y1>148</y1>
<x2>1148</x2>
<y2>150</y2>
<x3>1146</x3>
<y3>166</y3>
<x4>1103</x4>
<y4>164</y4>
</bndbox>
</object>
<object>
<name>text</name>
<bndbox>
<x1>573</x1>
<y1>101</y1>
<x2>606</x2>
<y2>104</y2>
<x3>606</x3>
<y3>125</y3>
<x4>573</x4>
<y4>123</y4>
</bndbox>
</object>
<object>
<name>text</name>
<bndbox>
<x1>645</x1>
<y1>108</y1>
<x2>683</x2>
<y2>108</y2>
<x3>683</x3>
<y3>129</y3>
<x4>645</x4>
<y4>129</y4>
</bndbox>
</object>
<object>
<name>text</name>
<bndbox>
<x1>792</x1>
<y1>106</y1>
<x2>841</x2>
<y2>108</y2>
<x3>840</x3>
<y3>133</y3>
<x4>791</x4>
<y4>131</y4>
</bndbox>
</object>
<object>
<name>text</name>
<bndbox>
<x1>216</x1>
<y1>191</y1>
<x2>241</x2>
<y2>183</y2>
<x3>248</x3>
<y3>201</y3>
<x4>223</x4>
<y4>210</y4>
</bndbox>
</object>
<object>
<name>text</name>
<bndbox>
<x1>862</x1>
<y1>110</y1>
<x2>908</x2>
<y2>116</y2>
<x3>902</x3>
<y3>136</y3>
<x4>856</x4>
<y4>130</y4>
</bndbox>
</object>
<object>
<name>text</name>
<bndbox>
<x1>88</x1>
<y1>224</y1>
<x2>126</x2>
<y2>218</y2>
<x3>127</x3>
<y3>234</y3>
<x4>90</x4>
<y4>240</y4>
</bndbox>
</object>
<object>
<name>text</name>
<bndbox>
<x1>1106</x1>
<y1>195</y1>
<x2>1177</x2>
<y2>198</y2>
<x3>1182</x3>
<y3>226</y3>
<x4>1111</x4>
<y4>224</y4>
</bndbox>
</object>
<object>
<name>text</name>
<bndbox>
<x1>762</x1>
<y1>320</y1>
<x2>781</x2>
<y2>326</y2>
<x3>775</x3>
<y3>346</y3>
<x4>756</x4>
<y4>340</y4>
</bndbox>
</object>
<object>
<name>text</name>
<bndbox>
<x1>565</x1>
<y1>285</y1>
<x2>613</x2>
<y2>296</y2>
<x3>606</x3>
<y3>310</y3>
<x4>557</x4>
<y4>299</y4>
</bndbox>
</object>
<object>
<name>text</name>
<bndbox>
<x1>697</x1>
<y1>306</y1>
<x2>752</x2>
<y2>319</y2>
<x3>743</x3>
<y3>339</y3>
<x4>688</x4>
<y4>326</y4>
</bndbox>
</object>
<object>
<name>text</name>
<bndbox>
<x1>871</x1>
<y1>348</y1>
<x2>945</x2>
<y2>368</y2>
<x3>935</x3>
<y3>391</y3>
<x4>861</x4>
<y4>371</y4>
</bndbox>
</object>
<object>
<name>text</name>
<bndbox>
<x1>478</x1>
<y1>259</y1>
<x2>515</x2>
<y2>268</y2>
<x3>507</x3>
<y3>284</y3>
<x4>471</x4>
<y4>275</y4>
</bndbox>
</object>
<object>
<name>text</name>
<bndbox>
<x1>405</x1>
<y1>246</y1>
<x2>436</x2>
<y2>254</y2>
<x3>428</x3>
<y3>266</y3>
<x4>397</x4>
<y4>259</y4>
</bndbox>
</object>
<object>
<name>text</name>
<bndbox>
<x1>410</x1>
<y1>216</y1>
<x2>438</x2>
<y2>223</y2>
<x3>435</x3>
<y3>243</y3>
<x4>406</x4>
<y4>236</y4>
</bndbox>
</object>
</annotation>