<?xml version="1.0" ?>
<annotation>
<folder>JPEGImages</folder>
<filename>img_271.xml</filename>
<path>xxxx</path>
<source>
<database>Unknown</database>
<annotation>xxx</annotation>
<image>xxx</image>
<flickrid>0</flickrid>
</source>
<size>
<width>1280</width>
<height>720</height>
<depth>3</depth>
</size>
<segmented>0</segmented>
<object>
<name>text</name>
<bndbox>
<x1>1035</x1>
<y1>118</y1>
<x2>1152</x2>
<y2>64</y2>
<x3>1153</x3>
<y3>109</y3>
<x4>1036</x4>
<y4>158</y4>
</bndbox>
</object>
<object>
<name>text</name>
<bndbox>
<x1>895</x1>
<y1>189</y1>
<x2>977</x2>
<y2>198</y2>
<x3>977</x3>
<y3>208</y3>
<x4>895</x4>
<y4>199</y4>
</bndbox>
</object>
<object>
<name>text</name>
<bndbox>
<x1>782</x1>
<y1>182</y1>
<x2>847</x2>
<y2>184</y2>
<x3>847</x3>
<y3>195</y3>
<x4>782</x4>
<y4>193</y4>
</bndbox>
</object>
</annotation>