<?xml version="1.0" ?>
<annotation>
<folder>JPEGImages</folder>
<filename>img_545.xml</filename>
<path>xxxx</path>
<source>
<database>Unknown</database>
<annotation>xxx</annotation>
<image>xxx</image>
<flickrid>0</flickrid>
</source>
<size>
<width>1280</width>
<height>720</height>
<depth>3</depth>
</size>
<segmented>0</segmented>
<object>
<name>text</name>
<bndbox>
<x1>125</x1>
<y1>89</y1>
<x2>193</x2>
<y2>106</y2>
<x3>193</x3>
<y3>144</y3>
<x4>125</x4>
<y4>126</y4>
</bndbox>
</object>
<object>
<name>text</name>
<bndbox>
<x1>697</x1>
<y1>231</y1>
<x2>756</x2>
<y2>223</y2>
<x3>760</x3>
<y3>239</y3>
<x4>701</x4>
<y4>248</y4>
</bndbox>
</object>
<object>
<name>text</name>
<bndbox>
<x1>257</x1>
<y1>138</y1>
<x2>321</x2>
<y2>156</y2>
<x3>318</x3>
<y3>183</y3>
<x4>255</x4>
<y4>164</y4>
</bndbox>
</object>
<object>
<name>text</name>
<bndbox>
<x1>321</x1>
<y1>161</y1>
<x2>345</x2>
<y2>169</y2>
<x3>342</x3>
<y3>189</y3>
<x4>318</x4>
<y4>181</y4>
</bndbox>
</object>
<object>
<name>text</name>
<bndbox>
<x1>343</x1>
<y1>171</y1>
<x2>381</x2>
<y2>185</y2>
<x3>378</x3>
<y3>201</y3>
<x4>341</x4>
<y4>188</y4>
</bndbox>
</object>
<object>
<name>text</name>
<bndbox>
<x1>201</x1>
<y1>115</y1>
<x2>252</x2>
<y2>131</y2>
<x3>250</x3>
<y3>161</y3>
<x4>198</x4>
<y4>145</y4>
</bndbox>
</object>
<object>
<name>text</name>
<bndbox>
<x1>432</x1>
<y1>191</y1>
<x2>511</x2>
<y2>211</y2>
<x3>506</x3>
<y3>248</y3>
<x4>427</x4>
<y4>228</y4>
</bndbox>
</object>
<object>
<name>text</name>
<bndbox>
<x1>755</x1>
<y1>223</y1>
<x2>773</x2>
<y2>219</y2>
<x3>777</x3>
<y3>233</y3>
<x4>758</x4>
<y4>236</y4>
</bndbox>
</object>
<object>
<name>text</name>
<bndbox>
<x1>776</x1>
<y1>206</y1>
<x2>880</x2>
<y2>190</y2>
<x3>883</x3>
<y3>216</y3>
<x4>780</x4>
<y4>233</y4>
</bndbox>
</object>
<object>
<name>text</name>
<bndbox>
<x1>882</x1>
<y1>200</y1>
<x2>923</x2>
<y2>196</y2>
<x3>925</x3>
<y3>211</y3>
<x4>883</x4>
<y4>215</y4>
</bndbox>
</object>
<object>
<name>text</name>
<bndbox>
<x1>1087</x1>
<y1>278</y1>
<x2>1112</x2>
<y2>275</y2>
<x3>1116</x3>
<y3>301</y3>
<x4>1091</x4>
<y4>304</y4>
</bndbox>
</object>
<object>
<name>text</name>
<bndbox>
<x1>820</x1>
<y1>270</y1>
<x2>856</x2>
<y2>269</y2>
<x3>857</x3>
<y3>284</y3>
<x4>820</x4>
<y4>284</y4>
</bndbox>
</object>
<object>
<name>text</name>
<bndbox>
<x1>1111</x1>
<y1>280</y1>
<x2>1122</x2>
<y2>278</y2>
<x3>1124</x3>
<y3>290</y3>
<x4>1114</x4>
<y4>292</y4>
</bndbox>
</object>
<object>
<name>text</name>
<bndbox>
<x1>520</x1>
<y1>448</y1>
<x2>579</x2>
<y2>446</y2>
<x3>580</x3>
<y3>459</y3>
<x4>521</x4>
<y4>461</y4>
</bndbox>
</object>
<object>
<name>text</name>
<bndbox>
<x1>520</x1>
<y1>426</y1>
<x2>569</x2>
<y2>429</y2>
<x3>569</x3>
<y3>445</y3>
<x4>522</x4>
<y4>445</y4>
</bndbox>
</object>
<object>
<name>text</name>
<bndbox>
<x1>1210</x1>
<y1>108</y1>
<x2>1279</x2>
<y2>88</y2>
<x3>1278</x3>
<y3>124</y3>
<x4>1217</x4>
<y4>138</y4>
</bndbox>
</object>
<object>
<name>text</name>
<bndbox>
<x1>506</x1>
<y1>156</y1>
<x2>546</x2>
<y2>158</y2>
<x3>549</x3>
<y3>205</y3>
<x4>509</x4>
<y4>205</y4>
</bndbox>
</object>
</annotation>