<?xml version="1.0" ?>
<annotation>
<folder>JPEGImages</folder>
<filename>img_270.xml</filename>
<path>xxxx</path>
<source>
<database>Unknown</database>
<annotation>xxx</annotation>
<image>xxx</image>
<flickrid>0</flickrid>
</source>
<size>
<width>1280</width>
<height>720</height>
<depth>3</depth>
</size>
<segmented>0</segmented>
<object>
<name>text</name>
<bndbox>
<x1>830</x1>
<y1>95</y1>
<x2>878</x2>
<y2>74</y2>
<x3>886</x3>
<y3>130</y3>
<x4>838</x4>
<y4>152</y4>
</bndbox>
</object>
<object>
<name>text</name>
<bndbox>
<x1>931</x1>
<y1>314</y1>
<x2>969</x2>
<y2>318</y2>
<x3>969</x3>
<y3>325</y3>
<x4>931</x4>
<y4>322</y4>
</bndbox>
</object>
<object>
<name>text</name>
<bndbox>
<x1>858</x1>
<y1>349</y1>
<x2>889</x2>
<y2>352</y2>
<x3>889</x3>
<y3>368</y3>
<x4>859</x4>
<y4>365</y4>
</bndbox>
</object>
<object>
<name>text</name>
<bndbox>
<x1>855</x1>
<y1>273</y1>
<x2>896</x2>
<y2>272</y2>
<x3>896</x3>
<y3>281</y3>
<x4>856</x4>
<y4>283</y4>
</bndbox>
</object>
<object>
<name>text</name>
<bndbox>
<x1>854</x1>
<y1>243</y1>
<x2>892</x2>
<y2>241</y2>
<x3>893</x3>
<y3>252</y3>
<x4>855</x4>
<y4>254</y4>
</bndbox>
</object>
<object>
<name>text</name>
<bndbox>
<x1>881</x1>
<y1>67</y1>
<x2>985</x2>
<y2>1</y2>
<x3>1023</x3>
<y3>63</y3>
<x4>890</x4>
<y4>128</y4>
</bndbox>
</object>
<object>
<name>text</name>
<bndbox>
<x1>944</x1>
<y1>298</y1>
<x2>985</x2>
<y2>298</y2>
<x3>985</x3>
<y3>308</y3>
<x4>944</x4>
<y4>308</y4>
</bndbox>
</object>
<object>
<name>text</name>
<bndbox>
<x1>935</x1>
<y1>323</y1>
<x2>1021</x2>
<y2>333</y2>
<x3>1022</x3>
<y3>341</y3>
<x4>935</x4>
<y4>332</y4>
</bndbox>
</object>
<object>
<name>text</name>
<bndbox>
<x1>938</x1>
<y1>333</y1>
<x2>965</x2>
<y2>338</y2>
<x3>965</x3>
<y3>346</y3>
<x4>937</x4>
<y4>341</y4>
</bndbox>
</object>
<object>
<name>text</name>
<bndbox>
<x1>584</x1>
<y1>183</y1>
<x2>679</x2>
<y2>158</y2>
<x3>686</x3>
<y3>193</y3>
<x4>591</x4>
<y4>218</y4>
</bndbox>
</object>
<object>
<name>text</name>
<bndbox>
<x1>321</x1>
<y1>248</y1>
<x2>393</x2>
<y2>245</y2>
<x3>394</x3>
<y3>264</y3>
<x4>323</x4>
<y4>268</y4>
</bndbox>
</object>
<object>
<name>text</name>
<bndbox>
<x1>402</x1>
<y1>246</y1>
<x2>441</x2>
<y2>245</y2>
<x3>440</x3>
<y3>263</y3>
<x4>401</x4>
<y4>264</y4>
</bndbox>
</object>
<object>
<name>text</name>
<bndbox>
<x1>381</x1>
<y1>263</y1>
<x2>443</x2>
<y2>261</y2>
<x3>442</x3>
<y3>268</y3>
<x4>380</x4>
<y4>270</y4>
</bndbox>
</object>
</annotation>