<?xml version="1.0" ?>
<annotation>
<folder>JPEGImages</folder>
<filename>img_48.xml</filename>
<path>xxxx</path>
<source>
<database>Unknown</database>
<annotation>xxx</annotation>
<image>xxx</image>
<flickrid>0</flickrid>
</source>
<size>
<width>1280</width>
<height>720</height>
<depth>3</depth>
</size>
<segmented>0</segmented>
<object>
<name>text</name>
<bndbox>
<x1>740</x1>
<y1>483</y1>
<x2>767</x2>
<y2>486</y2>
<x3>767</x3>
<y3>501</y3>
<x4>739</x4>
<y4>499</y4>
</bndbox>
</object>
<object>
<name>text</name>
<bndbox>
<x1>768</x1>
<y1>489</y1>
<x2>809</x2>
<y2>491</y2>
<x3>808</x3>
<y3>503</y3>
<x4>768</x4>
<y4>502</y4>
</bndbox>
</object>
<object>
<name>text</name>
<bndbox>
<x1>742</x1>
<y1>504</y1>
<x2>790</x2>
<y2>506</y2>
<x3>789</x3>
<y3>521</y3>
<x4>741</x4>
<y4>520</y4>
</bndbox>
</object>
<object>
<name>text</name>
<bndbox>
<x1>790</x1>
<y1>504</y1>
<x2>850</x2>
<y2>507</y2>
<x3>848</x3>
<y3>524</y3>
<x4>789</x4>
<y4>521</y4>
</bndbox>
</object>
<object>
<name>text</name>
<bndbox>
<x1>740</x1>
<y1>520</y1>
<x2>795</x2>
<y2>523</y2>
<x3>796</x3>
<y3>538</y3>
<x4>741</x4>
<y4>535</y4>
</bndbox>
</object>
<object>
<name>text</name>
<bndbox>
<x1>746</x1>
<y1>658</y1>
<x2>774</x2>
<y2>663</y2>
<x3>774</x3>
<y3>677</y3>
<x4>745</x4>
<y4>673</y4>
</bndbox>
</object>
<object>
<name>text</name>
<bndbox>
<x1>773</x1>
<y1>665</y1>
<x2>817</x2>
<y2>673</y2>
<x3>818</x3>
<y3>684</y3>
<x4>774</x4>
<y4>676</y4>
</bndbox>
</object>
<object>
<name>text</name>
<bndbox>
<x1>747</x1>
<y1>676</y1>
<x2>846</x2>
<y2>694</y2>
<x3>846</x3>
<y3>710</y3>
<x4>747</x4>
<y4>693</y4>
</bndbox>
</object>
<object>
<name>text</name>
<bndbox>
<x1>749</x1>
<y1>693</y1>
<x2>808</x2>
<y2>701</y2>
<x3>808</x3>
<y3>716</y3>
<x4>749</x4>
<y4>708</y4>
</bndbox>
</object>
</annotation>