<?xml version="1.0" ?>
<annotation>
<folder>JPEGImages</folder>
<filename>img_485.xml</filename>
<path>xxxx</path>
<source>
<database>Unknown</database>
<annotation>xxx</annotation>
<image>xxx</image>
<flickrid>0</flickrid>
</source>
<size>
<width>1280</width>
<height>720</height>
<depth>3</depth>
</size>
<segmented>0</segmented>
<object>
<name>text</name>
<bndbox>
<x1>447</x1>
<y1>196</y1>
<x2>459</x2>
<y2>195</y2>
<x3>461</x3>
<y3>208</y3>
<x4>449</x4>
<y4>209</y4>
</bndbox>
</object>
<object>
<name>text</name>
<bndbox>
<x1>463</x1>
<y1>195</y1>
<x2>476</x2>
<y2>194</y2>
<x3>477</x3>
<y3>206</y3>
<x4>464</x4>
<y4>207</y4>
</bndbox>
</object>
<object>
<name>text</name>
<bndbox>
<x1>555</x1>
<y1>156</y1>
<x2>590</x2>
<y2>154</y2>
<x3>592</x3>
<y3>175</y3>
<x4>557</x4>
<y4>178</y4>
</bndbox>
</object>
<object>
<name>text</name>
<bndbox>
<x1>530</x1>
<y1>332</y1>
<x2>555</x2>
<y2>331</y2>
<x3>555</x3>
<y3>359</y3>
<x4>531</x4>
<y4>357</y4>
</bndbox>
</object>
<object>
<name>text</name>
<bndbox>
<x1>600</x1>
<y1>320</y1>
<x2>621</x2>
<y2>318</y2>
<x3>622</x3>
<y3>343</y3>
<x4>601</x4>
<y4>343</y4>
</bndbox>
</object>
<object>
<name>text</name>
<bndbox>
<x1>498</x1>
<y1>161</y1>
<x2>525</x2>
<y2>160</y2>
<x3>526</x3>
<y3>183</y3>
<x4>500</x4>
<y4>184</y4>
</bndbox>
</object>
<object>
<name>text</name>
<bndbox>
<x1>665</x1>
<y1>306</y1>
<x2>686</x2>
<y2>305</y2>
<x3>686</x3>
<y3>331</y3>
<x4>665</x4>
<y4>333</y4>
</bndbox>
</object>
<object>
<name>text</name>
<bndbox>
<x1>420</x1>
<y1>168</y1>
<x2>465</x2>
<y2>163</y2>
<x3>467</x3>
<y3>186</y3>
<x4>422</x4>
<y4>191</y4>
</bndbox>
</object>
<object>
<name>text</name>
<bndbox>
<x1>479</x1>
<y1>152</y1>
<x2>525</x2>
<y2>151</y2>
<x3>525</x3>
<y3>160</y3>
<x4>479</x4>
<y4>161</y4>
</bndbox>
</object>
<object>
<name>text</name>
<bndbox>
<x1>526</x1>
<y1>149</y1>
<x2>538</x2>
<y2>149</y2>
<x3>539</x3>
<y3>158</y3>
<x4>527</x4>
<y4>159</y4>
</bndbox>
</object>
<object>
<name>text</name>
<bndbox>
<x1>412</x1>
<y1>203</y1>
<x2>426</x2>
<y2>202</y2>
<x3>428</x3>
<y3>211</y3>
<x4>413</x4>
<y4>212</y4>
</bndbox>
</object>
<object>
<name>text</name>
<bndbox>
<x1>426</x1>
<y1>189</y1>
<x2>464</x2>
<y2>186</y2>
<x3>463</x3>
<y3>194</y3>
<x4>424</x4>
<y4>197</y4>
</bndbox>
</object>
<object>
<name>text</name>
<bndbox>
<x1>562</x1>
<y1>177</y1>
<x2>594</x2>
<y2>176</y2>
<x3>594</x3>
<y3>185</y3>
<x4>562</x4>
<y4>186</y4>
</bndbox>
</object>
<object>
<name>text</name>
<bndbox>
<x1>429</x1>
<y1>197</y1>
<x2>444</x2>
<y2>197</y2>
<x3>446</x3>
<y3>209</y3>
<x4>431</x4>
<y4>209</y4>
</bndbox>
</object>
<object>
<name>text</name>
<bndbox>
<x1>507</x1>
<y1>182</y1>
<x2>521</x2>
<y2>182</y2>
<x3>523</x3>
<y3>189</y3>
<x4>508</x4>
<y4>190</y4>
</bndbox>
</object>
<object>
<name>text</name>
<bndbox>
<x1>485</x1>
<y1>197</y1>
<x2>499</x2>
<y2>196</y2>
<x3>499</x3>
<y3>204</y3>
<x4>486</x4>
<y4>204</y4>
</bndbox>
</object>
<object>
<name>text</name>
<bndbox>
<x1>501</x1>
<y1>191</y1>
<x2>513</x2>
<y2>191</y2>
<x3>514</x3>
<y3>202</y3>
<x4>501</x4>
<y4>203</y4>
</bndbox>
</object>
<object>
<name>text</name>
<bndbox>
<x1>516</x1>
<y1>190</y1>
<x2>527</x2>
<y2>189</y2>
<x3>530</x3>
<y3>201</y3>
<x4>518</x4>
<y4>202</y4>
</bndbox>
</object>
<object>
<name>text</name>
<bndbox>
<x1>530</x1>
<y1>189</y1>
<x2>542</x2>
<y2>188</y2>
<x3>543</x3>
<y3>199</y3>
<x4>531</x4>
<y4>199</y4>
</bndbox>
</object>
<object>
<name>text</name>
<bndbox>
<x1>550</x1>
<y1>191</y1>
<x2>563</x2>
<y2>191</y2>
<x3>564</x3>
<y3>199</y3>
<x4>551</x4>
<y4>198</y4>
</bndbox>
</object>
<object>
<name>text</name>
<bndbox>
<x1>565</x1>
<y1>187</y1>
<x2>576</x2>
<y2>185</y2>
<x3>578</x3>
<y3>197</y3>
<x4>567</x4>
<y4>199</y4>
</bndbox>
</object>
<object>
<name>text</name>
<bndbox>
<x1>577</x1>
<y1>185</y1>
<x2>591</x2>
<y2>185</y2>
<x3>593</x3>
<y3>196</y3>
<x4>579</x4>
<y4>196</y4>
</bndbox>
</object>
<object>
<name>text</name>
<bndbox>
<x1>593</x1>
<y1>183</y1>
<x2>603</x2>
<y2>183</y2>
<x3>603</x3>
<y3>194</y3>
<x4>593</x4>
<y4>194</y4>
</bndbox>
</object>
<object>
<name>text</name>
<bndbox>
<x1>730</x1>
<y1>237</y1>
<x2>760</x2>
<y2>233</y2>
<x3>761</x3>
<y3>241</y3>
<x4>731</x4>
<y4>245</y4>
</bndbox>
</object>
<object>
<name>text</name>
<bndbox>
<x1>544</x1>
<y1>223</y1>
<x2>583</x2>
<y2>215</y2>
<x3>586</x3>
<y3>224</y3>
<x4>547</x4>
<y4>232</y4>
</bndbox>
</object>
<object>
<name>text</name>
<bndbox>
<x1>1081</x1>
<y1>200</y1>
<x2>1184</x2>
<y2>188</y2>
<x3>1186</x3>
<y3>204</y3>
<x4>1083</x4>
<y4>217</y4>
</bndbox>
</object>
<object>
<name>text</name>
<bndbox>
<x1>60</x1>
<y1>253</y1>
<x2>83</x2>
<y2>252</y2>
<x3>83</x3>
<y3>260</y3>
<x4>60</x4>
<y4>262</y4>
</bndbox>
</object>
<object>
<name>text</name>
<bndbox>
<x1>134</x1>
<y1>255</y1>
<x2>181</x2>
<y2>250</y2>
<x3>183</x3>
<y3>256</y3>
<x4>136</x4>
<y4>261</y4>
</bndbox>
</object>
<object>
<name>text</name>
<bndbox>
<x1>135</x1>
<y1>245</y1>
<x2>182</x2>
<y2>239</y2>
<x3>182</x3>
<y3>248</y3>
<x4>135</x4>
<y4>253</y4>
</bndbox>
</object>
</annotation>