<?xml version="1.0" ?>
<annotation>
<folder>JPEGImages</folder>
<filename>img_185.xml</filename>
<path>xxxx</path>
<source>
<database>Unknown</database>
<annotation>xxx</annotation>
<image>xxx</image>
<flickrid>0</flickrid>
</source>
<size>
<width>1280</width>
<height>720</height>
<depth>3</depth>
</size>
<segmented>0</segmented>
<object>
<name>text</name>
<bndbox>
<x1>63</x1>
<y1>230</y1>
<x2>117</x2>
<y2>226</y2>
<x3>119</x3>
<y3>240</y3>
<x4>65</x4>
<y4>244</y4>
</bndbox>
</object>
<object>
<name>text</name>
<bndbox>
<x1>116</x1>
<y1>226</y1>
<x2>167</x2>
<y2>222</y2>
<x3>170</x3>
<y3>236</y3>
<x4>119</x4>
<y4>240</y4>
</bndbox>
</object>
<object>
<name>text</name>
<bndbox>
<x1>168</x1>
<y1>220</y1>
<x2>223</x2>
<y2>217</y2>
<x3>225</x3>
<y3>233</y3>
<x4>170</x4>
<y4>236</y4>
</bndbox>
</object>
<object>
<name>text</name>
<bndbox>
<x1>223</x1>
<y1>217</y1>
<x2>274</x2>
<y2>212</y2>
<x3>274</x3>
<y3>229</y3>
<x4>223</x4>
<y4>234</y4>
</bndbox>
</object>
<object>
<name>text</name>
<bndbox>
<x1>275</x1>
<y1>211</y1>
<x2>304</x2>
<y2>210</y2>
<x3>304</x3>
<y3>225</y3>
<x4>275</x4>
<y4>226</y4>
</bndbox>
</object>
<object>
<name>text</name>
<bndbox>
<x1>305</x1>
<y1>209</y1>
<x2>338</x2>
<y2>207</y2>
<x3>339</x3>
<y3>224</y3>
<x4>306</x4>
<y4>226</y4>
</bndbox>
</object>
</annotation>