<?xml version="1.0" ?>
<annotation>
<folder>JPEGImages</folder>
<filename>img_504.xml</filename>
<path>xxxx</path>
<source>
<database>Unknown</database>
<annotation>xxx</annotation>
<image>xxx</image>
<flickrid>0</flickrid>
</source>
<size>
<width>1280</width>
<height>720</height>
<depth>3</depth>
</size>
<segmented>0</segmented>
<object>
<name>text</name>
<bndbox>
<x1>351</x1>
<y1>108</y1>
<x2>483</x2>
<y2>108</y2>
<x3>486</x3>
<y3>174</y3>
<x4>353</x4>
<y4>174</y4>
</bndbox>
</object>
<object>
<name>text</name>
<bndbox>
<x1>167</x1>
<y1>220</y1>
<x2>250</x2>
<y2>219</y2>
<x3>251</x3>
<y3>243</y3>
<x4>168</x4>
<y4>244</y4>
</bndbox>
</object>
<object>
<name>text</name>
<bndbox>
<x1>519</x1>
<y1>284</y1>
<x2>539</x2>
<y2>284</y2>
<x3>539</x3>
<y3>298</y3>
<x4>519</x4>
<y4>298</y4>
</bndbox>
</object>
<object>
<name>text</name>
<bndbox>
<x1>544</x1>
<y1>122</y1>
<x2>601</x2>
<y2>121</y2>
<x3>606</x3>
<y3>208</y3>
<x4>544</x4>
<y4>206</y4>
</bndbox>
</object>
<object>
<name>text</name>
<bndbox>
<x1>744</x1>
<y1>272</y1>
<x2>784</x2>
<y2>272</y2>
<x3>786</x3>
<y3>293</y3>
<x4>744</x4>
<y4>293</y4>
</bndbox>
</object>
<object>
<name>text</name>
<bndbox>
<x1>1072</x1>
<y1>214</y1>
<x2>1107</x2>
<y2>214</y2>
<x3>1107</x3>
<y3>226</y3>
<x4>1072</x4>
<y4>226</y4>
</bndbox>
</object>
</annotation>