<?xml version="1.0" ?>
<annotation>
<folder>JPEGImages</folder>
<filename>img_465.xml</filename>
<path>xxxx</path>
<source>
<database>Unknown</database>
<annotation>xxx</annotation>
<image>xxx</image>
<flickrid>0</flickrid>
</source>
<size>
<width>1280</width>
<height>720</height>
<depth>3</depth>
</size>
<segmented>0</segmented>
<object>
<name>text</name>
<bndbox>
<x1>545</x1>
<y1>308</y1>
<x2>593</x2>
<y2>288</y2>
<x3>596</x3>
<y3>310</y3>
<x4>547</x4>
<y4>330</y4>
</bndbox>
</object>
<object>
<name>text</name>
<bndbox>
<x1>209</x1>
<y1>37</y1>
<x2>277</x2>
<y2>26</y2>
<x3>287</x3>
<y3>66</y3>
<x4>218</x4>
<y4>80</y4>
</bndbox>
</object>
<object>
<name>text</name>
<bndbox>
<x1>32</x1>
<y1>120</y1>
<x2>155</x2>
<y2>104</y2>
<x3>163</x3>
<y3>170</y3>
<x4>41</x4>
<y4>185</y4>
</bndbox>
</object>
<object>
<name>text</name>
<bndbox>
<x1>257</x1>
<y1>157</y1>
<x2>280</x2>
<y2>150</y2>
<x3>286</x3>
<y3>179</y3>
<x4>262</x4>
<y4>186</y4>
</bndbox>
</object>
<object>
<name>text</name>
<bndbox>
<x1>721</x1>
<y1>73</y1>
<x2>743</x2>
<y2>69</y2>
<x3>745</x3>
<y3>89</y3>
<x4>722</x4>
<y4>93</y4>
</bndbox>
</object>
<object>
<name>text</name>
<bndbox>
<x1>169</x1>
<y1>174</y1>
<x2>186</x2>
<y2>170</y2>
<x3>190</x3>
<y3>188</y3>
<x4>173</x4>
<y4>191</y4>
</bndbox>
</object>
<object>
<name>text</name>
<bndbox>
<x1>631</x1>
<y1>86</y1>
<x2>663</x2>
<y2>80</y2>
<x3>670</x3>
<y3>114</y3>
<x4>637</x4>
<y4>120</y4>
</bndbox>
</object>
<object>
<name>text</name>
<bndbox>
<x1>850</x1>
<y1>1</y1>
<x2>994</x2>
<y2>0</y2>
<x3>995</x3>
<y3>29</y3>
<x4>855</x4>
<y4>41</y4>
</bndbox>
</object>
<object>
<name>text</name>
<bndbox>
<x1>1227</x1>
<y1>62</y1>
<x2>1266</x2>
<y2>65</y2>
<x3>1267</x3>
<y3>90</y3>
<x4>1224</x4>
<y4>88</y4>
</bndbox>
</object>
<object>
<name>text</name>
<bndbox>
<x1>797</x1>
<y1>146</y1>
<x2>817</x2>
<y2>142</y2>
<x3>819</x3>
<y3>163</y3>
<x4>800</x4>
<y4>175</y4>
</bndbox>
</object>
<object>
<name>text</name>
<bndbox>
<x1>329</x1>
<y1>682</y1>
<x2>381</x2>
<y2>496</y2>
<x3>412</x3>
<y3>532</y3>
<x4>363</x4>
<y4>709</y4>
</bndbox>
</object>
<object>
<name>text</name>
<bndbox>
<x1>425</x1>
<y1>552</y1>
<x2>470</x2>
<y2>687</y2>
<x3>447</x3>
<y3>694</y3>
<x4>414</x4>
<y4>569</y4>
</bndbox>
</object>
</annotation>