<?xml version="1.0" ?>
<annotation>
<folder>JPEGImages</folder>
<filename>img_265.xml</filename>
<path>xxxx</path>
<source>
<database>Unknown</database>
<annotation>xxx</annotation>
<image>xxx</image>
<flickrid>0</flickrid>
</source>
<size>
<width>1280</width>
<height>720</height>
<depth>3</depth>
</size>
<segmented>0</segmented>
<object>
<name>text</name>
<bndbox>
<x1>780</x1>
<y1>331</y1>
<x2>810</x2>
<y2>328</y2>
<x3>810</x3>
<y3>336</y3>
<x4>780</x4>
<y4>338</y4>
</bndbox>
</object>
<object>
<name>text</name>
<bndbox>
<x1>811</x1>
<y1>325</y1>
<x2>861</x2>
<y2>322</y2>
<x3>862</x3>
<y3>333</y3>
<x4>812</x4>
<y4>336</y4>
</bndbox>
</object>
<object>
<name>text</name>
<bndbox>
<x1>828</x1>
<y1>365</y1>
<x2>874</x2>
<y2>362</y2>
<x3>874</x3>
<y3>373</y3>
<x4>828</x4>
<y4>376</y4>
</bndbox>
</object>
<object>
<name>text</name>
<bndbox>
<x1>718</x1>
<y1>562</y1>
<x2>772</x2>
<y2>558</y2>
<x3>773</x3>
<y3>578</y3>
<x4>719</x4>
<y4>582</y4>
</bndbox>
</object>
<object>
<name>text</name>
<bndbox>
<x1>771</x1>
<y1>557</y1>
<x2>808</x2>
<y2>554</y2>
<x3>811</x3>
<y3>572</y3>
<x4>773</x4>
<y4>576</y4>
</bndbox>
</object>
<object>
<name>text</name>
<bndbox>
<x1>814</x1>
<y1>555</y1>
<x2>847</x2>
<y2>552</y2>
<x3>847</x3>
<y3>570</y3>
<x4>814</x4>
<y4>574</y4>
</bndbox>
</object>
</annotation>