<?xml version="1.0" ?>
<annotation>
<folder>JPEGImages</folder>
<filename>img_274.xml</filename>
<path>xxxx</path>
<source>
<database>Unknown</database>
<annotation>xxx</annotation>
<image>xxx</image>
<flickrid>0</flickrid>
</source>
<size>
<width>1280</width>
<height>720</height>
<depth>3</depth>
</size>
<segmented>0</segmented>
<object>
<name>text</name>
<bndbox>
<x1>41</x1>
<y1>680</y1>
<x2>100</x2>
<y2>661</y2>
<x3>103</x3>
<y3>679</y3>
<x4>44</x4>
<y4>698</y4>
</bndbox>
</object>
<object>
<name>text</name>
<bndbox>
<x1>570</x1>
<y1>637</y1>
<x2>639</x2>
<y2>615</y2>
<x3>644</x3>
<y3>635</y3>
<x4>575</x4>
<y4>657</y4>
</bndbox>
</object>
<object>
<name>text</name>
<bndbox>
<x1>559</x1>
<y1>547</y1>
<x2>649</x2>
<y2>521</y2>
<x3>653</x3>
<y3>541</y3>
<x4>563</x4>
<y4>567</y4>
</bndbox>
</object>
<object>
<name>text</name>
<bndbox>
<x1>951</x1>
<y1>703</y1>
<x2>1024</x2>
<y2>666</y2>
<x3>1031</x3>
<y3>699</y3>
<x4>988</x4>
<y4>718</y4>
</bndbox>
</object>
<object>
<name>text</name>
<bndbox>
<x1>624</x1>
<y1>45</y1>
<x2>645</x2>
<y2>42</y2>
<x3>652</x3>
<y3>135</y3>
<x4>631</x4>
<y4>137</y4>
</bndbox>
</object>
<object>
<name>text</name>
<bndbox>
<x1>42</x1>
<y1>646</y1>
<x2>160</x2>
<y2>614</y2>
<x3>163</x3>
<y3>650</y3>
<x4>45</x4>
<y4>681</y4>
</bndbox>
</object>
<object>
<name>text</name>
<bndbox>
<x1>168</x1>
<y1>610</y1>
<x2>231</x2>
<y2>595</y2>
<x3>236</x3>
<y3>627</y3>
<x4>172</x4>
<y4>642</y4>
</bndbox>
</object>
<object>
<name>text</name>
<bndbox>
<x1>631</x1>
<y1>145</y1>
<x2>651</x2>
<y2>144</y2>
<x3>660</x3>
<y3>252</y3>
<x4>640</x4>
<y4>253</y4>
</bndbox>
</object>
<object>
<name>text</name>
<bndbox>
<x1>565</x1>
<y1>586</y1>
<x2>626</x2>
<y2>567</y2>
<x3>634</x3>
<y3>617</y3>
<x4>573</x4>
<y4>636</y4>
</bndbox>
</object>
<object>
<name>text</name>
<bndbox>
<x1>302</x1>
<y1>695</y1>
<x2>410</x2>
<y2>660</y2>
<x3>415</x3>
<y3>682</y3>
<x4>307</x4>
<y4>717</y4>
</bndbox>
</object>
<object>
<name>text</name>
<bndbox>
<x1>105</x1>
<y1>661</y1>
<x2>234</x2>
<y2>624</y2>
<x3>235</x3>
<y3>640</y3>
<x4>107</x4>
<y4>677</y4>
</bndbox>
</object>
<object>
<name>text</name>
<bndbox>
<x1>256</x1>
<y1>514</y1>
<x2>355</x2>
<y2>490</y2>
<x3>360</x3>
<y3>500</y3>
<x4>260</x4>
<y4>524</y4>
</bndbox>
</object>
<object>
<name>text</name>
<bndbox>
<x1>395</x1>
<y1>502</y1>
<x2>478</x2>
<y2>477</y2>
<x3>484</x3>
<y3>496</y3>
<x4>401</x4>
<y4>521</y4>
</bndbox>
</object>
<object>
<name>text</name>
<bndbox>
<x1>681</x1>
<y1>513</y1>
<x2>750</x2>
<y2>495</y2>
<x3>751</x3>
<y3>513</y3>
<x4>683</x4>
<y4>531</y4>
</bndbox>
</object>
<object>
<name>text</name>
<bndbox>
<x1>535</x1>
<y1>453</y1>
<x2>575</x2>
<y2>503</y2>
<x3>544</x3>
<y3>512</y3>
<x4>504</x4>
<y4>462</y4>
</bndbox>
</object>
<object>
<name>text</name>
<bndbox>
<x1>92</x1>
<y1>525</y1>
<x2>195</x2>
<y2>504</y2>
<x3>195</x3>
<y3>515</y3>
<x4>91</x4>
<y4>536</y4>
</bndbox>
</object>
<object>
<name>text</name>
<bndbox>
<x1>764</x1>
<y1>39</y1>
<x2>778</x2>
<y2>38</y2>
<x3>778</x3>
<y3>89</y3>
<x4>764</x4>
<y4>90</y4>
</bndbox>
</object>
<object>
<name>text</name>
<bndbox>
<x1>780</x1>
<y1>2</y1>
<x2>796</x2>
<y2>1</y2>
<x3>796</x3>
<y3>92</y3>
<x4>780</x4>
<y4>93</y4>
</bndbox>
</object>
<object>
<name>text</name>
<bndbox>
<x1>568</x1>
<y1>478</y1>
<x2>616</x2>
<y2>459</y2>
<x3>641</x3>
<y3>486</y3>
<x4>593</x4>
<y4>505</y4>
</bndbox>
</object>
<object>
<name>text</name>
<bndbox>
<x1>681</x1>
<y1>382</y1>
<x2>778</x2>
<y2>442</y2>
<x3>774</x3>
<y3>457</y3>
<x4>677</x4>
<y4>397</y4>
</bndbox>
</object>
<object>
<name>text</name>
<bndbox>
<x1>2</x1>
<y1>687</y1>
<x2>46</x2>
<y2>674</y2>
<x3>42</x3>
<y3>695</y3>
<x4>0</x4>
<y4>708</y4>
</bndbox>
</object>
<object>
<name>text</name>
<bndbox>
<x1>1</x1>
<y1>667</y1>
<x2>19</x2>
<y2>660</y2>
<x3>12</x3>
<y3>685</y3>
<x4>0</x4>
<y4>690</y4>
</bndbox>
</object>
<object>
<name>text</name>
<bndbox>
<x1>362</x1>
<y1>467</y1>
<x2>475</x2>
<y2>439</y2>
<x3>477</x3>
<y3>449</y3>
<x4>368</x4>
<y4>476</y4>
</bndbox>
</object>
<object>
<name>text</name>
<bndbox>
<x1>634</x1>
<y1>451</y1>
<x2>664</x2>
<y2>481</y2>
<x3>647</x3>
<y3>487</y3>
<x4>617</x4>
<y4>457</y4>
</bndbox>
</object>
<object>
<name>text</name>
<bndbox>
<x1>658</x1>
<y1>450</y1>
<x2>691</x2>
<y2>478</y2>
<x3>668</x3>
<y3>481</y3>
<x4>635</x4>
<y4>453</y4>
</bndbox>
</object>
<object>
<name>text</name>
<bndbox>
<x1>649</x1>
<y1>429</y1>
<x2>706</x2>
<y2>472</y2>
<x3>688</x3>
<y3>476</y3>
<x4>631</x4>
<y4>432</y4>
</bndbox>
</object>
<object>
<name>text</name>
<bndbox>
<x1>679</x1>
<y1>431</y1>
<x2>733</x2>
<y2>468</y2>
<x3>720</x3>
<y3>472</y3>
<x4>666</x4>
<y4>434</y4>
</bndbox>
</object>
<object>
<name>text</name>
<bndbox>
<x1>767</x1>
<y1>104</y1>
<x2>783</x2>
<y2>104</y2>
<x3>788</x3>
<y3>136</y3>
<x4>772</x4>
<y4>136</y4>
</bndbox>
</object>
<object>
<name>text</name>
<bndbox>
<x1>844</x1>
<y1>459</y1>
<x2>880</x2>
<y2>454</y2>
<x3>880</x3>
<y3>473</y3>
<x4>844</x4>
<y4>478</y4>
</bndbox>
</object>
<object>
<name>text</name>
<bndbox>
<x1>761</x1>
<y1>0</y1>
<x2>777</x2>
<y2>0</y2>
<x3>777</x3>
<y3>33</y3>
<x4>761</x4>
<y4>33</y4>
</bndbox>
</object>
<object>
<name>text</name>
<bndbox>
<x1>619</x1>
<y1>1</y1>
<x2>633</x2>
<y2>1</y2>
<x3>635</x3>
<y3>30</y3>
<x4>621</x4>
<y4>29</y4>
</bndbox>
</object>
<object>
<name>text</name>
<bndbox>
<x1>627</x1>
<y1>48</y1>
<x2>640</x2>
<y2>245</y2>
<x3>630</x3>
<y3>248</y3>
<x4>617</x4>
<y4>51</y4>
</bndbox>
</object>
<object>
<name>text</name>
<bndbox>
<x1>511</x1>
<y1>502</y1>
<x2>541</x2>
<y2>542</y2>
<x3>539</x3>
<y3>556</y3>
<x4>508</x4>
<y4>515</y4>
</bndbox>
</object>
</annotation>