<?xml version="1.0" ?>
<annotation>
<folder>JPEGImages</folder>
<filename>img_352.xml</filename>
<path>xxxx</path>
<source>
<database>Unknown</database>
<annotation>xxx</annotation>
<image>xxx</image>
<flickrid>0</flickrid>
</source>
<size>
<width>1280</width>
<height>720</height>
<depth>3</depth>
</size>
<segmented>0</segmented>
<object>
<name>text</name>
<bndbox>
<x1>1115</x1>
<y1>363</y1>
<x2>1195</x2>
<y2>388</y2>
<x3>1185</x3>
<y3>410</y3>
<x4>1106</x4>
<y4>385</y4>
</bndbox>
</object>
<object>
<name>text</name>
<bndbox>
<x1>1192</x1>
<y1>389</y1>
<x2>1221</x2>
<y2>399</y2>
<x3>1212</x3>
<y3>418</y3>
<x4>1184</x4>
<y4>408</y4>
</bndbox>
</object>
</annotation>