<?xml version="1.0" ?>
<annotation>
<folder>JPEGImages</folder>
<filename>img_27.xml</filename>
<path>xxxx</path>
<source>
<database>Unknown</database>
<annotation>xxx</annotation>
<image>xxx</image>
<flickrid>0</flickrid>
</source>
<size>
<width>1280</width>
<height>720</height>
<depth>3</depth>
</size>
<segmented>0</segmented>
<object>
<name>text</name>
<bndbox>
<x1>12</x1>
<y1>6</y1>
<x2>101</x2>
<y2>4</y2>
<x3>106</x3>
<y3>36</y3>
<x4>17</x4>
<y4>39</y4>
</bndbox>
</object>
<object>
<name>text</name>
<bndbox>
<x1>157</x1>
<y1>171</y1>
<x2>301</x2>
<y2>166</y2>
<x3>302</x3>
<y3>176</y3>
<x4>158</x4>
<y4>181</y4>
</bndbox>
</object>
<object>
<name>text</name>
<bndbox>
<x1>157</x1>
<y1>181</y1>
<x2>249</x2>
<y2>179</y2>
<x3>250</x3>
<y3>187</y3>
<x4>157</x4>
<y4>189</y4>
</bndbox>
</object>
<object>
<name>text</name>
<bndbox>
<x1>161</x1>
<y1>202</y1>
<x2>318</x2>
<y2>194</y2>
<x3>320</x3>
<y3>204</y3>
<x4>163</x4>
<y4>211</y4>
</bndbox>
</object>
<object>
<name>text</name>
<bndbox>
<x1>0</x1>
<y1>186</y1>
<x2>123</x2>
<y2>179</y2>
<x3>126</x3>
<y3>187</y3>
<x4>2</x4>
<y4>195</y4>
</bndbox>
</object>
<object>
<name>text</name>
<bndbox>
<x1>11</x1>
<y1>210</y1>
<x2>129</x2>
<y2>203</y2>
<x3>132</x3>
<y3>213</y3>
<x4>14</x4>
<y4>220</y4>
</bndbox>
</object>
<object>
<name>text</name>
<bndbox>
<x1>1185</x1>
<y1>17</y1>
<x2>1276</x2>
<y2>15</y2>
<x3>1276</x3>
<y3>26</y3>
<x4>1186</x4>
<y4>28</y4>
</bndbox>
</object>
</annotation>