<?xml version="1.0" ?>
<annotation>
<folder>JPEGImages</folder>
<filename>img_436.xml</filename>
<path>xxxx</path>
<source>
<database>Unknown</database>
<annotation>xxx</annotation>
<image>xxx</image>
<flickrid>0</flickrid>
</source>
<size>
<width>1280</width>
<height>720</height>
<depth>3</depth>
</size>
<segmented>0</segmented>
<object>
<name>text</name>
<bndbox>
<x1>298</x1>
<y1>137</y1>
<x2>363</x2>
<y2>125</y2>
<x3>371</x3>
<y3>155</y3>
<x4>306</x4>
<y4>167</y4>
</bndbox>
</object>
<object>
<name>text</name>
<bndbox>
<x1>288</x1>
<y1>192</y1>
<x2>388</x2>
<y2>163</y2>
<x3>395</x3>
<y3>195</y3>
<x4>295</x4>
<y4>224</y4>
</bndbox>
</object>
<object>
<name>text</name>
<bndbox>
<x1>392</x1>
<y1>161</y1>
<x2>500</x2>
<y2>150</y2>
<x3>502</x3>
<y3>183</y3>
<x4>395</x4>
<y4>194</y4>
</bndbox>
</object>
<object>
<name>text</name>
<bndbox>
<x1>328</x1>
<y1>221</y1>
<x2>450</x2>
<y2>191</y2>
<x3>453</x3>
<y3>215</y3>
<x4>331</x4>
<y4>245</y4>
</bndbox>
</object>
<object>
<name>text</name>
<bndbox>
<x1>298</x1>
<y1>252</y1>
<x2>335</x2>
<y2>243</y2>
<x3>343</x3>
<y3>272</y3>
<x4>307</x4>
<y4>281</y4>
</bndbox>
</object>
<object>
<name>text</name>
<bndbox>
<x1>347</x1>
<y1>246</y1>
<x2>418</x2>
<y2>223</y2>
<x3>423</x3>
<y3>244</y3>
<x4>352</x4>
<y4>267</y4>
</bndbox>
</object>
<object>
<name>text</name>
<bndbox>
<x1>425</x1>
<y1>221</y1>
<x2>481</x2>
<y2>206</y2>
<x3>488</x3>
<y3>230</y3>
<x4>431</x4>
<y4>244</y4>
</bndbox>
</object>
<object>
<name>text</name>
<bndbox>
<x1>310</x1>
<y1>285</y1>
<x2>363</x2>
<y2>263</y2>
<x3>370</x3>
<y3>282</y3>
<x4>317</x4>
<y4>304</y4>
</bndbox>
</object>
<object>
<name>text</name>
<bndbox>
<x1>366</x1>
<y1>268</y1>
<x2>423</x2>
<y2>245</y2>
<x3>429</x3>
<y3>264</y3>
<x4>371</x4>
<y4>287</y4>
</bndbox>
</object>
<object>
<name>text</name>
<bndbox>
<x1>429</x1>
<y1>248</y1>
<x2>490</x2>
<y2>230</y2>
<x3>491</x3>
<y3>250</y3>
<x4>430</x4>
<y4>268</y4>
</bndbox>
</object>
<object>
<name>text</name>
<bndbox>
<x1>295</x1>
<y1>490</y1>
<x2>343</x2>
<y2>455</y2>
<x3>351</x3>
<y3>470</y3>
<x4>302</x4>
<y4>504</y4>
</bndbox>
</object>
<object>
<name>text</name>
<bndbox>
<x1>347</x1>
<y1>454</y1>
<x2>396</x2>
<y2>431</y2>
<x3>400</x3>
<y3>445</y3>
<x4>351</x4>
<y4>468</y4>
</bndbox>
</object>
<object>
<name>text</name>
<bndbox>
<x1>401</x1>
<y1>426</y1>
<x2>447</x2>
<y2>403</y2>
<x3>452</x3>
<y3>421</y3>
<x4>407</x4>
<y4>444</y4>
</bndbox>
</object>
<object>
<name>text</name>
<bndbox>
<x1>450</x1>
<y1>403</y1>
<x2>495</x2>
<y2>392</y2>
<x3>498</x3>
<y3>408</y3>
<x4>453</x4>
<y4>420</y4>
</bndbox>
</object>
<object>
<name>text</name>
<bndbox>
<x1>452</x1>
<y1>521</y1>
<x2>511</x2>
<y2>504</y2>
<x3>512</x3>
<y3>512</y3>
<x4>453</x4>
<y4>528</y4>
</bndbox>
</object>
<object>
<name>text</name>
<bndbox>
<x1>338</x1>
<y1>595</y1>
<x2>425</x2>
<y2>578</y2>
<x3>426</x3>
<y3>591</y3>
<x4>339</x4>
<y4>608</y4>
</bndbox>
</object>
<object>
<name>text</name>
<bndbox>
<x1>386</x1>
<y1>598</y1>
<x2>491</x2>
<y2>581</y2>
<x3>491</x3>
<y3>594</y3>
<x4>386</x4>
<y4>610</y4>
</bndbox>
</object>
<object>
<name>text</name>
<bndbox>
<x1>543</x1>
<y1>178</y1>
<x2>552</x2>
<y2>177</y2>
<x3>551</x3>
<y3>187</y3>
<x4>543</x4>
<y4>189</y4>
</bndbox>
</object>
<object>
<name>text</name>
<bndbox>
<x1>543</x1>
<y1>251</y1>
<x2>552</x2>
<y2>250</y2>
<x3>552</x3>
<y3>262</y3>
<x4>543</x4>
<y4>262</y4>
</bndbox>
</object>
<object>
<name>text</name>
<bndbox>
<x1>638</x1>
<y1>328</y1>
<x2>643</x2>
<y2>327</y2>
<x3>643</x3>
<y3>338</y3>
<x4>637</x4>
<y4>339</y4>
</bndbox>
</object>
<object>
<name>text</name>
<bndbox>
<x1>667</x1>
<y1>325</y1>
<x2>675</x2>
<y2>323</y2>
<x3>675</x3>
<y3>332</y3>
<x4>667</x4>
<y4>334</y4>
</bndbox>
</object>
<object>
<name>text</name>
<bndbox>
<x1>707</x1>
<y1>317</y1>
<x2>715</x2>
<y2>317</y2>
<x3>714</x3>
<y3>328</y3>
<x4>706</x4>
<y4>328</y4>
</bndbox>
</object>
<object>
<name>text</name>
<bndbox>
<x1>374</x1>
<y1>657</y1>
<x2>418</x2>
<y2>643</y2>
<x3>419</x3>
<y3>651</y3>
<x4>376</x4>
<y4>665</y4>
</bndbox>
</object>
</annotation>