<?xml version="1.0" ?>
<annotation>
<folder>JPEGImages</folder>
<filename>img_279.xml</filename>
<path>xxxx</path>
<source>
<database>Unknown</database>
<annotation>xxx</annotation>
<image>xxx</image>
<flickrid>0</flickrid>
</source>
<size>
<width>1280</width>
<height>720</height>
<depth>3</depth>
</size>
<segmented>0</segmented>
<object>
<name>text</name>
<bndbox>
<x1>865</x1>
<y1>322</y1>
<x2>948</x2>
<y2>308</y2>
<x3>950</x3>
<y3>336</y3>
<x4>867</x4>
<y4>350</y4>
</bndbox>
</object>
<object>
<name>text</name>
<bndbox>
<x1>867</x1>
<y1>358</y1>
<x2>1017</x2>
<y2>330</y2>
<x3>1020</x3>
<y3>357</y3>
<x4>870</x4>
<y4>385</y4>
</bndbox>
</object>
<object>
<name>text</name>
<bndbox>
<x1>866</x1>
<y1>394</y1>
<x2>997</x2>
<y2>370</y2>
<x3>1000</x3>
<y3>380</y3>
<x4>869</x4>
<y4>404</y4>
</bndbox>
</object>
</annotation>