<?xml version="1.0" ?>
<annotation>
<folder>JPEGImages</folder>
<filename>img_275.xml</filename>
<path>xxxx</path>
<source>
<database>Unknown</database>
<annotation>xxx</annotation>
<image>xxx</image>
<flickrid>0</flickrid>
</source>
<size>
<width>1280</width>
<height>720</height>
<depth>3</depth>
</size>
<segmented>0</segmented>
<object>
<name>text</name>
<bndbox>
<x1>712</x1>
<y1>192</y1>
<x2>745</x2>
<y2>183</y2>
<x3>745</x3>
<y3>211</y3>
<x4>712</x4>
<y4>220</y4>
</bndbox>
</object>
<object>
<name>text</name>
<bndbox>
<x1>807</x1>
<y1>188</y1>
<x2>892</x2>
<y2>191</y2>
<x3>893</x3>
<y3>219</y3>
<x4>808</x4>
<y4>217</y4>
</bndbox>
</object>
<object>
<name>text</name>
<bndbox>
<x1>898</x1>
<y1>189</y1>
<x2>1010</x2>
<y2>191</y2>
<x3>1009</x3>
<y3>222</y3>
<x4>897</x4>
<y4>220</y4>
</bndbox>
</object>
<object>
<name>text</name>
<bndbox>
<x1>478</x1>
<y1>267</y1>
<x2>552</x2>
<y2>267</y2>
<x3>552</x3>
<y3>281</y3>
<x4>478</x4>
<y4>280</y4>
</bndbox>
</object>
<object>
<name>text</name>
<bndbox>
<x1>115</x1>
<y1>239</y1>
<x2>173</x2>
<y2>242</y2>
<x3>173</x3>
<y3>264</y3>
<x4>115</x4>
<y4>260</y4>
</bndbox>
</object>
</annotation>