<?xml version="1.0" ?>
<annotation>
<folder>JPEGImages</folder>
<filename>img_119.xml</filename>
<path>xxxx</path>
<source>
<database>Unknown</database>
<annotation>xxx</annotation>
<image>xxx</image>
<flickrid>0</flickrid>
</source>
<size>
<width>1280</width>
<height>720</height>
<depth>3</depth>
</size>
<segmented>0</segmented>
<object>
<name>text</name>
<bndbox>
<x1>183</x1>
<y1>349</y1>
<x2>240</x2>
<y2>348</y2>
<x3>241</x3>
<y3>369</y3>
<x4>184</x4>
<y4>369</y4>
</bndbox>
</object>
<object>
<name>text</name>
<bndbox>
<x1>245</x1>
<y1>350</y1>
<x2>273</x2>
<y2>348</y2>
<x3>275</x3>
<y3>362</y3>
<x4>246</x4>
<y4>364</y4>
</bndbox>
</object>
</annotation>