<?xml version="1.0" ?>
<annotation>
<folder>JPEGImages</folder>
<filename>img_236.xml</filename>
<path>xxxx</path>
<source>
<database>Unknown</database>
<annotation>xxx</annotation>
<image>xxx</image>
<flickrid>0</flickrid>
</source>
<size>
<width>1280</width>
<height>720</height>
<depth>3</depth>
</size>
<segmented>0</segmented>
<object>
<name>text</name>
<bndbox>
<x1>484</x1>
<y1>359</y1>
<x2>516</x2>
<y2>363</y2>
<x3>515</x3>
<y3>379</y3>
<x4>483</x4>
<y4>374</y4>
</bndbox>
</object>
<object>
<name>text</name>
<bndbox>
<x1>570</x1>
<y1>346</y1>
<x2>629</x2>
<y2>352</y2>
<x3>629</x3>
<y3>370</y3>
<x4>569</x4>
<y4>364</y4>
</bndbox>
</object>
<object>
<name>text</name>
<bndbox>
<x1>461</x1>
<y1>305</y1>
<x2>528</x2>
<y2>313</y2>
<x3>528</x3>
<y3>342</y3>
<x4>461</x4>
<y4>334</y4>
</bndbox>
</object>
<object>
<name>text</name>
<bndbox>
<x1>527</x1>
<y1>309</y1>
<x2>636</x2>
<y2>315</y2>
<x3>636</x3>
<y3>345</y3>
<x4>526</x4>
<y4>339</y4>
</bndbox>
</object>
<object>
<name>text</name>
<bndbox>
<x1>464</x1>
<y1>340</y1>
<x2>490</x2>
<y2>344</y2>
<x3>490</x3>
<y3>359</y3>
<x4>464</x4>
<y4>355</y4>
</bndbox>
</object>
<object>
<name>text</name>
<bndbox>
<x1>730</x1>
<y1>282</y1>
<x2>776</x2>
<y2>283</y2>
<x3>777</x3>
<y3>344</y3>
<x4>731</x4>
<y4>342</y4>
</bndbox>
</object>
<object>
<name>text</name>
<bndbox>
<x1>489</x1>
<y1>341</y1>
<x2>517</x2>
<y2>345</y2>
<x3>516</x3>
<y3>361</y3>
<x4>489</x4>
<y4>357</y4>
</bndbox>
</object>
<object>
<name>text</name>
<bndbox>
<x1>615</x1>
<y1>32</y1>
<x2>803</x2>
<y2>0</y2>
<x3>807</x3>
<y3>22</y3>
<x4>619</x4>
<y4>55</y4>
</bndbox>
</object>
<object>
<name>text</name>
<bndbox>
<x1>518</x1>
<y1>343</y1>
<x2>536</x2>
<y2>348</y2>
<x3>533</x3>
<y3>364</y3>
<x4>515</x4>
<y4>360</y4>
</bndbox>
</object>
<object>
<name>text</name>
<bndbox>
<x1>534</x1>
<y1>347</y1>
<x2>569</x2>
<y2>349</y2>
<x3>568</x3>
<y3>364</y3>
<x4>533</x4>
<y4>362</y4>
</bndbox>
</object>
<object>
<name>text</name>
<bndbox>
<x1>466</x1>
<y1>358</y1>
<x2>484</x2>
<y2>360</y2>
<x3>483</x3>
<y3>376</y3>
<x4>464</x4>
<y4>374</y4>
</bndbox>
</object>
<object>
<name>text</name>
<bndbox>
<x1>516</x1>
<y1>361</y1>
<x2>553</x2>
<y2>365</y2>
<x3>553</x3>
<y3>382</y3>
<x4>516</x4>
<y4>378</y4>
</bndbox>
</object>
<object>
<name>text</name>
<bndbox>
<x1>554</x1>
<y1>364</y1>
<x2>567</x2>
<y2>366</y2>
<x3>566</x3>
<y3>382</y3>
<x4>552</x4>
<y4>380</y4>
</bndbox>
</object>
<object>
<name>text</name>
<bndbox>
<x1>567</x1>
<y1>364</y1>
<x2>592</x2>
<y2>366</y2>
<x3>590</x3>
<y3>383</y3>
<x4>565</x4>
<y4>381</y4>
</bndbox>
</object>
<object>
<name>text</name>
<bndbox>
<x1>721</x1>
<y1>545</y1>
<x2>753</x2>
<y2>555</y2>
<x3>753</x3>
<y3>572</y3>
<x4>720</x4>
<y4>563</y4>
</bndbox>
</object>
<object>
<name>text</name>
<bndbox>
<x1>752</x1>
<y1>553</y1>
<x2>771</x2>
<y2>557</y2>
<x3>770</x3>
<y3>574</y3>
<x4>751</x4>
<y4>570</y4>
</bndbox>
</object>
<object>
<name>text</name>
<bndbox>
<x1>713</x1>
<y1>562</y1>
<x2>753</x2>
<y2>572</y2>
<x3>750</x3>
<y3>589</y3>
<x4>709</x4>
<y4>579</y4>
</bndbox>
</object>
<object>
<name>text</name>
<bndbox>
<x1>754</x1>
<y1>569</y1>
<x2>785</x2>
<y2>577</y2>
<x3>784</x3>
<y3>597</y3>
<x4>752</x4>
<y4>589</y4>
</bndbox>
</object>
<object>
<name>text</name>
<bndbox>
<x1>733</x1>
<y1>582</y1>
<x2>765</x2>
<y2>592</y2>
<x3>761</x3>
<y3>609</y3>
<x4>730</x4>
<y4>600</y4>
</bndbox>
</object>
<object>
<name>text</name>
<bndbox>
<x1>579</x1>
<y1>486</y1>
<x2>642</x2>
<y2>534</y2>
<x3>637</x3>
<y3>544</y3>
<x4>574</x4>
<y4>496</y4>
</bndbox>
</object>
</annotation>