<?xml version="1.0" ?>
<annotation>
<folder>JPEGImages</folder>
<filename>img_164.xml</filename>
<path>xxxx</path>
<source>
<database>Unknown</database>
<annotation>xxx</annotation>
<image>xxx</image>
<flickrid>0</flickrid>
</source>
<size>
<width>1280</width>
<height>720</height>
<depth>3</depth>
</size>
<segmented>0</segmented>
<object>
<name>text</name>
<bndbox>
<x1>706</x1>
<y1>416</y1>
<x2>730</x2>
<y2>402</y2>
<x3>742</x3>
<y3>437</y3>
<x4>718</x4>
<y4>450</y4>
</bndbox>
</object>
<object>
<name>text</name>
<bndbox>
<x1>736</x1>
<y1>409</y1>
<x2>782</x2>
<y2>389</y2>
<x3>792</x3>
<y3>416</y3>
<x4>746</x4>
<y4>436</y4>
</bndbox>
</object>
<object>
<name>text</name>
<bndbox>
<x1>623</x1>
<y1>329</y1>
<x2>646</x2>
<y2>332</y2>
<x3>645</x3>
<y3>352</y3>
<x4>622</x4>
<y4>349</y4>
</bndbox>
</object>
<object>
<name>text</name>
<bndbox>
<x1>647</x1>
<y1>330</y1>
<x2>663</x2>
<y2>332</y2>
<x3>663</x3>
<y3>353</y3>
<x4>646</x4>
<y4>352</y4>
</bndbox>
</object>
<object>
<name>text</name>
<bndbox>
<x1>666</x1>
<y1>331</y1>
<x2>697</x2>
<y2>335</y2>
<x3>696</x3>
<y3>358</y3>
<x4>664</x4>
<y4>354</y4>
</bndbox>
</object>
<object>
<name>text</name>
<bndbox>
<x1>677</x1>
<y1>282</y1>
<x2>810</x2>
<y2>285</y2>
<x3>813</x3>
<y3>331</y3>
<x4>680</x4>
<y4>329</y4>
</bndbox>
</object>
<object>
<name>text</name>
<bndbox>
<x1>700</x1>
<y1>322</y1>
<x2>821</x2>
<y2>336</y2>
<x3>820</x3>
<y3>373</y3>
<x4>700</x4>
<y4>359</y4>
</bndbox>
</object>
<object>
<name>text</name>
<bndbox>
<x1>623</x1>
<y1>296</y1>
<x2>678</x2>
<y2>298</y2>
<x3>676</x3>
<y3>330</y3>
<x4>621</x4>
<y4>329</y4>
</bndbox>
</object>
<object>
<name>text</name>
<bndbox>
<x1>719</x1>
<y1>456</y1>
<x2>775</x2>
<y2>422</y2>
<x3>783</x3>
<y3>439</y3>
<x4>725</x4>
<y4>478</y4>
</bndbox>
</object>
<object>
<name>text</name>
<bndbox>
<x1>776</x1>
<y1>423</y1>
<x2>806</x2>
<y2>406</y2>
<x3>812</x3>
<y3>421</y3>
<x4>782</x4>
<y4>438</y4>
</bndbox>
</object>
<object>
<name>text</name>
<bndbox>
<x1>766</x1>
<y1>481</y1>
<x2>795</x2>
<y2>484</y2>
<x3>796</x3>
<y3>501</y3>
<x4>766</x4>
<y4>498</y4>
</bndbox>
</object>
<object>
<name>text</name>
<bndbox>
<x1>791</x1>
<y1>476</y1>
<x2>846</x2>
<y2>481</y2>
<x3>851</x3>
<y3>506</y3>
<x4>796</x4>
<y4>501</y4>
</bndbox>
</object>
<object>
<name>text</name>
<bndbox>
<x1>746</x1>
<y1>487</y1>
<x2>873</x2>
<y2>515</y2>
<x3>869</x3>
<y3>556</y3>
<x4>755</x4>
<y4>517</y4>
</bndbox>
</object>
<object>
<name>text</name>
<bndbox>
<x1>3</x1>
<y1>461</y1>
<x2>91</x2>
<y2>450</y2>
<x3>92</x3>
<y3>467</y3>
<x4>4</x4>
<y4>478</y4>
</bndbox>
</object>
</annotation>