<?xml version="1.0" ?>
<annotation>
<folder>JPEGImages</folder>
<filename>img_156.xml</filename>
<path>xxxx</path>
<source>
<database>Unknown</database>
<annotation>xxx</annotation>
<image>xxx</image>
<flickrid>0</flickrid>
</source>
<size>
<width>1280</width>
<height>720</height>
<depth>3</depth>
</size>
<segmented>0</segmented>
<object>
<name>text</name>
<bndbox>
<x1>463</x1>
<y1>327</y1>
<x2>481</x2>
<y2>323</y2>
<x3>482</x3>
<y3>329</y3>
<x4>464</x4>
<y4>333</y4>
</bndbox>
</object>
<object>
<name>text</name>
<bndbox>
<x1>446</x1>
<y1>333</y1>
<x2>463</x2>
<y2>329</y2>
<x3>464</x3>
<y3>334</y3>
<x4>447</x4>
<y4>338</y4>
</bndbox>
</object>
<object>
<name>text</name>
<bndbox>
<x1>257</x1>
<y1>337</y1>
<x2>329</x2>
<y2>315</y2>
<x3>335</x3>
<y3>335</y3>
<x4>263</x4>
<y4>357</y4>
</bndbox>
</object>
<object>
<name>text</name>
<bndbox>
<x1>638</x1>
<y1>399</y1>
<x2>654</x2>
<y2>394</y2>
<x3>655</x3>
<y3>402</y3>
<x4>639</x4>
<y4>406</y4>
</bndbox>
</object>
<object>
<name>text</name>
<bndbox>
<x1>653</x1>
<y1>395</y1>
<x2>670</x2>
<y2>391</y2>
<x3>672</x3>
<y3>397</y3>
<x4>655</x4>
<y4>401</y4>
</bndbox>
</object>
<object>
<name>text</name>
<bndbox>
<x1>159</x1>
<y1>367</y1>
<x2>257</x2>
<y2>339</y2>
<x3>264</x3>
<y3>358</y3>
<x4>166</x4>
<y4>386</y4>
</bndbox>
</object>
<object>
<name>text</name>
<bndbox>
<x1>691</x1>
<y1>379</y1>
<x2>712</x2>
<y2>373</y2>
<x3>714</x3>
<y3>384</y3>
<x4>693</x4>
<y4>390</y4>
</bndbox>
</object>
<object>
<name>text</name>
<bndbox>
<x1>102</x1>
<y1>385</y1>
<x2>162</x2>
<y2>368</y2>
<x3>166</x3>
<y3>387</y3>
<x4>106</x4>
<y4>404</y4>
</bndbox>
</object>
<object>
<name>text</name>
<bndbox>
<x1>440</x1>
<y1>315</y1>
<x2>471</x2>
<y2>307</y2>
<x3>472</x3>
<y3>312</y3>
<x4>441</x4>
<y4>320</y4>
</bndbox>
</object>
<object>
<name>text</name>
<bndbox>
<x1>470</x1>
<y1>305</y1>
<x2>489</x2>
<y2>300</y2>
<x3>491</x3>
<y3>306</y3>
<x4>472</x4>
<y4>311</y4>
</bndbox>
</object>
<object>
<name>text</name>
<bndbox>
<x1>442</x1>
<y1>320</y1>
<x2>463</x2>
<y2>315</y2>
<x3>464</x3>
<y3>320</y3>
<x4>443</x4>
<y4>326</y4>
</bndbox>
</object>
<object>
<name>text</name>
<bndbox>
<x1>444</x1>
<y1>326</y1>
<x2>488</x2>
<y2>312</y2>
<x3>489</x3>
<y3>320</y3>
<x4>445</x4>
<y4>333</y4>
</bndbox>
</object>
<object>
<name>text</name>
<bndbox>
<x1>463</x1>
<y1>314</y1>
<x2>483</x2>
<y2>310</y2>
<x3>484</x3>
<y3>315</y3>
<x4>464</x4>
<y4>320</y4>
</bndbox>
</object>
<object>
<name>text</name>
<bndbox>
<x1>480</x1>
<y1>322</y1>
<x2>496</x2>
<y2>318</y2>
<x3>497</x3>
<y3>323</y3>
<x4>481</x4>
<y4>327</y4>
</bndbox>
</object>
<object>
<name>text</name>
<bndbox>
<x1>447</x1>
<y1>338</y1>
<x2>469</x2>
<y2>333</y2>
<x3>470</x3>
<y3>340</y3>
<x4>448</x4>
<y4>345</y4>
</bndbox>
</object>
<object>
<name>text</name>
<bndbox>
<x1>469</x1>
<y1>331</y1>
<x2>483</x2>
<y2>328</y2>
<x3>484</x3>
<y3>334</y3>
<x4>469</x4>
<y4>337</y4>
</bndbox>
</object>
<object>
<name>text</name>
<bndbox>
<x1>482</x1>
<y1>327</y1>
<x2>499</x2>
<y2>323</y2>
<x3>500</x3>
<y3>329</y3>
<x4>483</x4>
<y4>333</y4>
</bndbox>
</object>
<object>
<name>text</name>
<bndbox>
<x1>439</x1>
<y1>357</y1>
<x2>459</x2>
<y2>352</y2>
<x3>460</x3>
<y3>357</y3>
<x4>440</x4>
<y4>362</y4>
</bndbox>
</object>
<object>
<name>text</name>
<bndbox>
<x1>460</x1>
<y1>350</y1>
<x2>480</x2>
<y2>345</y2>
<x3>480</x3>
<y3>351</y3>
<x4>459</x4>
<y4>356</y4>
</bndbox>
</object>
<object>
<name>text</name>
<bndbox>
<x1>481</x1>
<y1>344</y1>
<x2>495</x2>
<y2>341</y2>
<x3>496</x3>
<y3>346</y3>
<x4>482</x4>
<y4>350</y4>
</bndbox>
</object>
<object>
<name>text</name>
<bndbox>
<x1>439</x1>
<y1>363</y1>
<x2>461</x2>
<y2>357</y2>
<x3>463</x3>
<y3>363</y3>
<x4>441</x4>
<y4>369</y4>
</bndbox>
</object>
<object>
<name>text</name>
<bndbox>
<x1>461</x1>
<y1>356</y1>
<x2>481</x2>
<y2>351</y2>
<x3>482</x3>
<y3>357</y3>
<x4>462</x4>
<y4>362</y4>
</bndbox>
</object>
<object>
<name>text</name>
<bndbox>
<x1>442</x1>
<y1>368</y1>
<x2>462</x2>
<y2>363</y2>
<x3>463</x3>
<y3>370</y3>
<x4>443</x4>
<y4>375</y4>
</bndbox>
</object>
<object>
<name>text</name>
<bndbox>
<x1>460</x1>
<y1>362</y1>
<x2>482</x2>
<y2>357</y2>
<x3>484</x3>
<y3>363</y3>
<x4>462</x4>
<y4>368</y4>
</bndbox>
</object>
<object>
<name>text</name>
<bndbox>
<x1>482</x1>
<y1>353</y1>
<x2>503</x2>
<y2>348</y2>
<x3>505</x3>
<y3>356</y3>
<x4>484</x4>
<y4>361</y4>
</bndbox>
</object>
</annotation>