<?xml version="1.0" ?>
<annotation>
<folder>JPEGImages</folder>
<filename>img_422.xml</filename>
<path>xxxx</path>
<source>
<database>Unknown</database>
<annotation>xxx</annotation>
<image>xxx</image>
<flickrid>0</flickrid>
</source>
<size>
<width>1280</width>
<height>720</height>
<depth>3</depth>
</size>
<segmented>0</segmented>
<object>
<name>text</name>
<bndbox>
<x1>231</x1>
<y1>72</y1>
<x2>425</x2>
<y2>38</y2>
<x3>433</x3>
<y3>80</y3>
<x4>239</x4>
<y4>114</y4>
</bndbox>
</object>
</annotation>