<?xml version="1.0" ?>
<annotation>
<folder>JPEGImages</folder>
<filename>img_28.xml</filename>
<path>xxxx</path>
<source>
<database>Unknown</database>
<annotation>xxx</annotation>
<image>xxx</image>
<flickrid>0</flickrid>
</source>
<size>
<width>1280</width>
<height>720</height>
<depth>3</depth>
</size>
<segmented>0</segmented>
<object>
<name>text</name>
<bndbox>
<x1>374</x1>
<y1>0</y1>
<x2>462</x2>
<y2>2</y2>
<x3>455</x3>
<y3>81</y3>
<x4>366</x4>
<y4>78</y4>
</bndbox>
</object>
<object>
<name>text</name>
<bndbox>
<x1>474</x1>
<y1>1</y1>
<x2>862</x2>
<y2>15</y2>
<x3>819</x3>
<y3>106</y3>
<x4>432</x4>
<y4>92</y4>
</bndbox>
</object>
<object>
<name>text</name>
<bndbox>
<x1>17</x1>
<y1>82</y1>
<x2>209</x2>
<y2>96</y2>
<x3>204</x3>
<y3>111</y3>
<x4>12</x4>
<y4>97</y4>
</bndbox>
</object>
</annotation>