<?xml version="1.0" ?>
<annotation>
<folder>JPEGImages</folder>
<filename>img_542.xml</filename>
<path>xxxx</path>
<source>
<database>Unknown</database>
<annotation>xxx</annotation>
<image>xxx</image>
<flickrid>0</flickrid>
</source>
<size>
<width>1280</width>
<height>720</height>
<depth>3</depth>
</size>
<segmented>0</segmented>
<object>
<name>text</name>
<bndbox>
<x1>128</x1>
<y1>329</y1>
<x2>256</x2>
<y2>304</y2>
<x3>261</x3>
<y3>328</y3>
<x4>133</x4>
<y4>353</y4>
</bndbox>
</object>
<object>
<name>text</name>
<bndbox>
<x1>402</x1>
<y1>96</y1>
<x2>467</x2>
<y2>99</y2>
<x3>471</x3>
<y3>146</y3>
<x4>406</x4>
<y4>144</y4>
</bndbox>
</object>
<object>
<name>text</name>
<bndbox>
<x1>488</x1>
<y1>115</y1>
<x2>601</x2>
<y2>130</y2>
<x3>601</x3>
<y3>163</y3>
<x4>488</x4>
<y4>148</y4>
</bndbox>
</object>
<object>
<name>text</name>
<bndbox>
<x1>1031</x1>
<y1>108</y1>
<x2>1096</x2>
<y2>108</y2>
<x3>1097</x3>
<y3>125</y3>
<x4>1032</x4>
<y4>125</y4>
</bndbox>
</object>
<object>
<name>text</name>
<bndbox>
<x1>991</x1>
<y1>170</y1>
<x2>1021</x2>
<y2>181</y2>
<x3>1026</x3>
<y3>211</y3>
<x4>996</x4>
<y4>216</y4>
</bndbox>
</object>
</annotation>