<?xml version="1.0" ?>
<annotation>
<folder>JPEGImages</folder>
<filename>img_321.xml</filename>
<path>xxxx</path>
<source>
<database>Unknown</database>
<annotation>xxx</annotation>
<image>xxx</image>
<flickrid>0</flickrid>
</source>
<size>
<width>1280</width>
<height>720</height>
<depth>3</depth>
</size>
<segmented>0</segmented>
<object>
<name>text</name>
<bndbox>
<x1>110</x1>
<y1>123</y1>
<x2>262</x2>
<y2>122</y2>
<x3>265</x3>
<y3>163</y3>
<x4>112</x4>
<y4>165</y4>
</bndbox>
</object>
<object>
<name>text</name>
<bndbox>
<x1>474</x1>
<y1>132</y1>
<x2>550</x2>
<y2>132</y2>
<x3>550</x3>
<y3>159</y3>
<x4>474</x4>
<y4>158</y4>
</bndbox>
</object>
<object>
<name>text</name>
<bndbox>
<x1>410</x1>
<y1>210</y1>
<x2>444</x2>
<y2>207</y2>
<x3>447</x3>
<y3>238</y3>
<x4>414</x4>
<y4>242</y4>
</bndbox>
</object>
<object>
<name>text</name>
<bndbox>
<x1>357</x1>
<y1>217</y1>
<x2>399</x2>
<y2>214</y2>
<x3>402</x3>
<y3>233</y3>
<x4>359</x4>
<y4>236</y4>
</bndbox>
</object>
<object>
<name>text</name>
<bndbox>
<x1>363</x1>
<y1>238</y1>
<x2>402</x2>
<y2>233</y2>
<x3>402</x3>
<y3>255</y3>
<x4>363</x4>
<y4>259</y4>
</bndbox>
</object>
<object>
<name>text</name>
<bndbox>
<x1>363</x1>
<y1>262</y1>
<x2>404</x2>
<y2>256</y2>
<x3>406</x3>
<y3>275</y3>
<x4>365</x4>
<y4>281</y4>
</bndbox>
</object>
<object>
<name>text</name>
<bndbox>
<x1>851</x1>
<y1>87</y1>
<x2>894</x2>
<y2>81</y2>
<x3>895</x3>
<y3>113</y3>
<x4>852</x4>
<y4>119</y4>
</bndbox>
</object>
<object>
<name>text</name>
<bndbox>
<x1>845</x1>
<y1>469</y1>
<x2>888</x2>
<y2>473</y2>
<x3>888</x3>
<y3>482</y3>
<x4>845</x4>
<y4>478</y4>
</bndbox>
</object>
<object>
<name>text</name>
<bndbox>
<x1>196</x1>
<y1>198</y1>
<x2>219</x2>
<y2>198</y2>
<x3>219</x3>
<y3>211</y3>
<x4>196</x4>
<y4>211</y4>
</bndbox>
</object>
<object>
<name>text</name>
<bndbox>
<x1>242</x1>
<y1>199</y1>
<x2>263</x2>
<y2>198</y2>
<x3>264</x3>
<y3>212</y3>
<x4>243</x4>
<y4>213</y4>
</bndbox>
</object>
</annotation>