<?xml version="1.0" ?>
<annotation>
<folder>JPEGImages</folder>
<filename>img_375.xml</filename>
<path>xxxx</path>
<source>
<database>Unknown</database>
<annotation>xxx</annotation>
<image>xxx</image>
<flickrid>0</flickrid>
</source>
<size>
<width>1280</width>
<height>720</height>
<depth>3</depth>
</size>
<segmented>0</segmented>
<object>
<name>text</name>
<bndbox>
<x1>560</x1>
<y1>149</y1>
<x2>809</x2>
<y2>137</y2>
<x3>811</x3>
<y3>200</y3>
<x4>562</x4>
<y4>212</y4>
</bndbox>
</object>
<object>
<name>text</name>
<bndbox>
<x1>1056</x1>
<y1>266</y1>
<x2>1253</x2>
<y2>256</y2>
<x3>1253</x3>
<y3>301</y3>
<x4>1056</x4>
<y4>310</y4>
</bndbox>
</object>
<object>
<name>text</name>
<bndbox>
<x1>1059</x1>
<y1>310</y1>
<x2>1201</x2>
<y2>303</y2>
<x3>1205</x3>
<y3>350</y3>
<x4>1063</x4>
<y4>356</y4>
</bndbox>
</object>
<object>
<name>text</name>
<bndbox>
<x1>1059</x1>
<y1>360</y1>
<x2>1176</x2>
<y2>354</y2>
<x3>1178</x3>
<y3>393</y3>
<x4>1061</x4>
<y4>399</y4>
</bndbox>
</object>
<object>
<name>text</name>
<bndbox>
<x1>1062</x1>
<y1>417</y1>
<x2>1193</x2>
<y2>410</y2>
<x3>1193</x3>
<y3>425</y3>
<x4>1062</x4>
<y4>432</y4>
</bndbox>
</object>
</annotation>