<?xml version="1.0" ?>
<annotation>
<folder>JPEGImages</folder>
<filename>img_22.xml</filename>
<path>xxxx</path>
<source>
<database>Unknown</database>
<annotation>xxx</annotation>
<image>xxx</image>
<flickrid>0</flickrid>
</source>
<size>
<width>1280</width>
<height>720</height>
<depth>3</depth>
</size>
<segmented>0</segmented>
<object>
<name>text</name>
<bndbox>
<x1>164</x1>
<y1>135</y1>
<x2>222</x2>
<y2>125</y2>
<x3>226</x3>
<y3>147</y3>
<x4>169</x4>
<y4>156</y4>
</bndbox>
</object>
<object>
<name>text</name>
<bndbox>
<x1>170</x1>
<y1>169</y1>
<x2>219</x2>
<y2>159</y2>
<x3>224</x3>
<y3>179</y3>
<x4>174</x4>
<y4>189</y4>
</bndbox>
</object>
<object>
<name>text</name>
<bndbox>
<x1>80</x1>
<y1>144</y1>
<x2>122</x2>
<y2>130</y2>
<x3>137</x3>
<y3>205</y3>
<x4>94</x4>
<y4>220</y4>
</bndbox>
</object>
<object>
<name>text</name>
<bndbox>
<x1>78</x1>
<y1>232</y1>
<x2>139</x2>
<y2>221</y2>
<x3>144</x3>
<y3>240</y3>
<x4>83</x4>
<y4>252</y4>
</bndbox>
</object>
<object>
<name>text</name>
<bndbox>
<x1>143</x1>
<y1>221</y1>
<x2>158</x2>
<y2>218</y2>
<x3>163</x3>
<y3>237</y3>
<x4>148</x4>
<y4>240</y4>
</bndbox>
</object>
<object>
<name>text</name>
<bndbox>
<x1>164</x1>
<y1>218</y1>
<x2>211</x2>
<y2>209</y2>
<x3>216</x3>
<y3>228</y3>
<x4>169</x4>
<y4>237</y4>
</bndbox>
</object>
<object>
<name>text</name>
<bndbox>
<x1>218</x1>
<y1>213</y1>
<x2>241</x2>
<y2>208</y2>
<x3>245</x3>
<y3>223</y3>
<x4>222</x4>
<y4>227</y4>
</bndbox>
</object>
<object>
<name>text</name>
<bndbox>
<x1>244</x1>
<y1>207</y1>
<x2>266</x2>
<y2>203</y2>
<x3>271</x3>
<y3>219</y3>
<x4>250</x4>
<y4>222</y4>
</bndbox>
</object>
</annotation>