<?xml version="1.0" ?>
<annotation>
<folder>JPEGImages</folder>
<filename>img_407.xml</filename>
<path>xxxx</path>
<source>
<database>Unknown</database>
<annotation>xxx</annotation>
<image>xxx</image>
<flickrid>0</flickrid>
</source>
<size>
<width>1280</width>
<height>720</height>
<depth>3</depth>
</size>
<segmented>0</segmented>
<object>
<name>text</name>
<bndbox>
<x1>863</x1>
<y1>70</y1>
<x2>887</x2>
<y2>69</y2>
<x3>887</x3>
<y3>80</y3>
<x4>862</x4>
<y4>81</y4>
</bndbox>
</object>
<object>
<name>text</name>
<bndbox>
<x1>838</x1>
<y1>91</y1>
<x2>871</x2>
<y2>89</y2>
<x3>872</x3>
<y3>101</y3>
<x4>839</x4>
<y4>104</y4>
</bndbox>
</object>
<object>
<name>text</name>
<bndbox>
<x1>419</x1>
<y1>93</y1>
<x2>506</x2>
<y2>91</y2>
<x3>506</x3>
<y3>107</y3>
<x4>418</x4>
<y4>109</y4>
</bndbox>
</object>
<object>
<name>text</name>
<bndbox>
<x1>652</x1>
<y1>151</y1>
<x2>683</x2>
<y2>148</y2>
<x3>684</x3>
<y3>161</y3>
<x4>652</x4>
<y4>164</y4>
</bndbox>
</object>
<object>
<name>text</name>
<bndbox>
<x1>682</x1>
<y1>148</y1>
<x2>697</x2>
<y2>146</y2>
<x3>697</x3>
<y3>158</y3>
<x4>683</x4>
<y4>160</y4>
</bndbox>
</object>
<object>
<name>text</name>
<bndbox>
<x1>174</x1>
<y1>201</y1>
<x2>199</x2>
<y2>200</y2>
<x3>199</x3>
<y3>217</y3>
<x4>174</x4>
<y4>219</y4>
</bndbox>
</object>
<object>
<name>text</name>
<bndbox>
<x1>695</x1>
<y1>146</y1>
<x2>718</x2>
<y2>144</y2>
<x3>720</x3>
<y3>158</y3>
<x4>697</x4>
<y4>160</y4>
</bndbox>
</object>
<object>
<name>text</name>
<bndbox>
<x1>13</x1>
<y1>44</y1>
<x2>89</x2>
<y2>49</y2>
<x3>90</x3>
<y3>72</y3>
<x4>14</x4>
<y4>67</y4>
</bndbox>
</object>
<object>
<name>text</name>
<bndbox>
<x1>655</x1>
<y1>166</y1>
<x2>685</x2>
<y2>162</y2>
<x3>685</x3>
<y3>178</y3>
<x4>655</x4>
<y4>181</y4>
</bndbox>
</object>
<object>
<name>text</name>
<bndbox>
<x1>684</x1>
<y1>161</y1>
<x2>718</x2>
<y2>158</y2>
<x3>720</x3>
<y3>176</y3>
<x4>686</x4>
<y4>179</y4>
</bndbox>
</object>
<object>
<name>text</name>
<bndbox>
<x1>652</x1>
<y1>183</y1>
<x2>723</x2>
<y2>178</y2>
<x3>725</x3>
<y3>206</y3>
<x4>654</x4>
<y4>211</y4>
</bndbox>
</object>
<object>
<name>text</name>
<bndbox>
<x1>661</x1>
<y1>218</y1>
<x2>689</x2>
<y2>216</y2>
<x3>690</x3>
<y3>231</y3>
<x4>662</x4>
<y4>233</y4>
</bndbox>
</object>
<object>
<name>text</name>
<bndbox>
<x1>689</x1>
<y1>214</y1>
<x2>721</x2>
<y2>214</y2>
<x3>722</x3>
<y3>232</y3>
<x4>690</x4>
<y4>233</y4>
</bndbox>
</object>
<object>
<name>text</name>
<bndbox>
<x1>826</x1>
<y1>15</y1>
<x2>878</x2>
<y2>9</y2>
<x3>879</x3>
<y3>23</y3>
<x4>827</x4>
<y4>29</y4>
</bndbox>
</object>
<object>
<name>text</name>
<bndbox>
<x1>831</x1>
<y1>34</y1>
<x2>876</x2>
<y2>29</y2>
<x3>875</x3>
<y3>44</y3>
<x4>830</x4>
<y4>49</y4>
</bndbox>
</object>
<object>
<name>text</name>
<bndbox>
<x1>819</x1>
<y1>54</y1>
<x2>840</x2>
<y2>53</y2>
<x3>840</x3>
<y3>66</y3>
<x4>819</x4>
<y4>67</y4>
</bndbox>
</object>
<object>
<name>text</name>
<bndbox>
<x1>839</x1>
<y1>53</y1>
<x2>889</x2>
<y2>49</y2>
<x3>890</x3>
<y3>61</y3>
<x4>840</x4>
<y4>65</y4>
</bndbox>
</object>
<object>
<name>text</name>
<bndbox>
<x1>822</x1>
<y1>74</y1>
<x2>861</x2>
<y2>70</y2>
<x3>862</x3>
<y3>82</y3>
<x4>823</x4>
<y4>86</y4>
</bndbox>
</object>
<object>
<name>text</name>
<bndbox>
<x1>828</x1>
<y1>111</y1>
<x2>852</x2>
<y2>109</y2>
<x3>852</x3>
<y3>121</y3>
<x4>828</x4>
<y4>123</y4>
</bndbox>
</object>
<object>
<name>text</name>
<bndbox>
<x1>853</x1>
<y1>109</y1>
<x2>882</x2>
<y2>107</y2>
<x3>882</x3>
<y3>119</y3>
<x4>853</x4>
<y4>121</y4>
</bndbox>
</object>
<object>
<name>text</name>
<bndbox>
<x1>830</x1>
<y1>130</y1>
<x2>854</x2>
<y2>128</y2>
<x3>854</x3>
<y3>139</y3>
<x4>831</x4>
<y4>141</y4>
</bndbox>
</object>
<object>
<name>text</name>
<bndbox>
<x1>853</x1>
<y1>127</y1>
<x2>884</x2>
<y2>125</y2>
<x3>885</x3>
<y3>138</y3>
<x4>855</x4>
<y4>140</y4>
</bndbox>
</object>
<object>
<name>text</name>
<bndbox>
<x1>820</x1>
<y1>149</y1>
<x2>838</x2>
<y2>148</y2>
<x3>838</x3>
<y3>160</y3>
<x4>820</x4>
<y4>161</y4>
</bndbox>
</object>
<object>
<name>text</name>
<bndbox>
<x1>839</x1>
<y1>147</y1>
<x2>854</x2>
<y2>146</y2>
<x3>854</x3>
<y3>158</y3>
<x4>839</x4>
<y4>159</y4>
</bndbox>
</object>
<object>
<name>text</name>
<bndbox>
<x1>853</x1>
<y1>146</y1>
<x2>898</x2>
<y2>142</y2>
<x3>898</x3>
<y3>155</y3>
<x4>853</x4>
<y4>159</y4>
</bndbox>
</object>
<object>
<name>text</name>
<bndbox>
<x1>819</x1>
<y1>168</y1>
<x2>840</x2>
<y2>166</y2>
<x3>840</x3>
<y3>178</y3>
<x4>819</x4>
<y4>180</y4>
</bndbox>
</object>
<object>
<name>text</name>
<bndbox>
<x1>840</x1>
<y1>164</y1>
<x2>898</x2>
<y2>161</y2>
<x3>898</x3>
<y3>174</y3>
<x4>840</x4>
<y4>177</y4>
</bndbox>
</object>
<object>
<name>text</name>
<bndbox>
<x1>832</x1>
<y1>184</y1>
<x2>885</x2>
<y2>180</y2>
<x3>887</x3>
<y3>192</y3>
<x4>833</x4>
<y4>196</y4>
</bndbox>
</object>
<object>
<name>text</name>
<bndbox>
<x1>831</x1>
<y1>202</y1>
<x2>889</x2>
<y2>199</y2>
<x3>889</x3>
<y3>212</y3>
<x4>832</x4>
<y4>215</y4>
</bndbox>
</object>
<object>
<name>text</name>
<bndbox>
<x1>841</x1>
<y1>220</y1>
<x2>883</x2>
<y2>218</y2>
<x3>883</x3>
<y3>230</y3>
<x4>841</x4>
<y4>232</y4>
</bndbox>
</object>
<object>
<name>text</name>
<bndbox>
<x1>958</x1>
<y1>47</y1>
<x2>982</x2>
<y2>40</y2>
<x3>981</x3>
<y3>66</y3>
<x4>957</x4>
<y4>73</y4>
</bndbox>
</object>
<object>
<name>text</name>
<bndbox>
<x1>981</x1>
<y1>39</y1>
<x2>1017</x2>
<y2>32</y2>
<x3>1018</x3>
<y3>60</y3>
<x4>982</x4>
<y4>67</y4>
</bndbox>
</object>
<object>
<name>text</name>
<bndbox>
<x1>957</x1>
<y1>71</y1>
<x2>1018</x2>
<y2>69</y2>
<x3>1019</x3>
<y3>125</y3>
<x4>958</x4>
<y4>127</y4>
</bndbox>
</object>
<object>
<name>text</name>
<bndbox>
<x1>961</x1>
<y1>149</y1>
<x2>984</x2>
<y2>151</y2>
<x3>984</x3>
<y3>176</y3>
<x4>961</x4>
<y4>174</y4>
</bndbox>
</object>
<object>
<name>text</name>
<bndbox>
<x1>985</x1>
<y1>149</y1>
<x2>1015</x2>
<y2>151</y2>
<x3>1015</x3>
<y3>179</y3>
<x4>985</x4>
<y4>177</y4>
</bndbox>
</object>
<object>
<name>text</name>
<bndbox>
<x1>953</x1>
<y1>18</y1>
<x2>1012</x2>
<y2>0</y2>
<x3>1015</x3>
<y3>20</y3>
<x4>956</x4>
<y4>38</y4>
</bndbox>
</object>
<object>
<name>text</name>
<bndbox>
<x1>1076</x1>
<y1>117</y1>
<x2>1117</x2>
<y2>114</y2>
<x3>1116</x3>
<y3>136</y3>
<x4>1075</x4>
<y4>139</y4>
</bndbox>
</object>
</annotation>