<?xml version="1.0" ?>
<annotation>
<folder>JPEGImages</folder>
<filename>img_459.xml</filename>
<path>xxxx</path>
<source>
<database>Unknown</database>
<annotation>xxx</annotation>
<image>xxx</image>
<flickrid>0</flickrid>
</source>
<size>
<width>1280</width>
<height>720</height>
<depth>3</depth>
</size>
<segmented>0</segmented>
<object>
<name>text</name>
<bndbox>
<x1>103</x1>
<y1>121</y1>
<x2>197</x2>
<y2>116</y2>
<x3>201</x3>
<y3>176</y3>
<x4>107</x4>
<y4>181</y4>
</bndbox>
</object>
<object>
<name>text</name>
<bndbox>
<x1>211</x1>
<y1>123</y1>
<x2>341</x2>
<y2>120</y2>
<x3>345</x3>
<y3>173</y3>
<x4>215</x4>
<y4>175</y4>
</bndbox>
</object>
<object>
<name>text</name>
<bndbox>
<x1>348</x1>
<y1>118</y1>
<x2>523</x2>
<y2>118</y2>
<x3>532</x3>
<y3>175</y3>
<x4>357</x4>
<y4>175</y4>
</bndbox>
</object>
<object>
<name>text</name>
<bndbox>
<x1>1131</x1>
<y1>110</y1>
<x2>1168</x2>
<y2>109</y2>
<x3>1172</x3>
<y3>139</y3>
<x4>1135</x4>
<y4>140</y4>
</bndbox>
</object>
<object>
<name>text</name>
<bndbox>
<x1>1170</x1>
<y1>111</y1>
<x2>1192</x2>
<y2>109</y2>
<x3>1195</x3>
<y3>135</y3>
<x4>1172</x4>
<y4>138</y4>
</bndbox>
</object>
<object>
<name>text</name>
<bndbox>
<x1>1193</x1>
<y1>109</y1>
<x2>1212</x2>
<y2>108</y2>
<x3>1213</x3>
<y3>133</y3>
<x4>1195</x4>
<y4>134</y4>
</bndbox>
</object>
<object>
<name>text</name>
<bndbox>
<x1>1210</x1>
<y1>109</y1>
<x2>1237</x2>
<y2>109</y2>
<x3>1241</x3>
<y3>133</y3>
<x4>1213</x4>
<y4>133</y4>
</bndbox>
</object>
<object>
<name>text</name>
<bndbox>
<x1>1245</x1>
<y1>104</y1>
<x2>1278</x2>
<y2>106</y2>
<x3>1277</x3>
<y3>138</y3>
<x4>1243</x4>
<y4>135</y4>
</bndbox>
</object>
<object>
<name>text</name>
<bndbox>
<x1>1</x1>
<y1>129</y1>
<x2>91</x2>
<y2>127</y2>
<x3>95</x3>
<y3>180</y3>
<x4>0</x4>
<y4>185</y4>
</bndbox>
</object>
<object>
<name>text</name>
<bndbox>
<x1>526</x1>
<y1>130</y1>
<x2>560</x2>
<y2>129</y2>
<x3>564</x3>
<y3>161</y3>
<x4>530</x4>
<y4>163</y4>
</bndbox>
</object>
</annotation>