<?xml version="1.0" ?>
<annotation>
<folder>JPEGImages</folder>
<filename>img_228.xml</filename>
<path>xxxx</path>
<source>
<database>Unknown</database>
<annotation>xxx</annotation>
<image>xxx</image>
<flickrid>0</flickrid>
</source>
<size>
<width>1280</width>
<height>720</height>
<depth>3</depth>
</size>
<segmented>0</segmented>
<object>
<name>text</name>
<bndbox>
<x1>350</x1>
<y1>304</y1>
<x2>386</x2>
<y2>305</y2>
<x3>386</x3>
<y3>336</y3>
<x4>350</x4>
<y4>336</y4>
</bndbox>
</object>
<object>
<name>text</name>
<bndbox>
<x1>674</x1>
<y1>436</y1>
<x2>906</x2>
<y2>437</y2>
<x3>898</x3>
<y3>523</y3>
<x4>666</x4>
<y4>522</y4>
</bndbox>
</object>
<object>
<name>text</name>
<bndbox>
<x1>759</x1>
<y1>270</y1>
<x2>854</x2>
<y2>266</y2>
<x3>856</x3>
<y3>284</y3>
<x4>760</x4>
<y4>288</y4>
</bndbox>
</object>
<object>
<name>text</name>
<bndbox>
<x1>571</x1>
<y1>224</y1>
<x2>604</x2>
<y2>223</y2>
<x3>604</x3>
<y3>231</y3>
<x4>571</x4>
<y4>232</y4>
</bndbox>
</object>
<object>
<name>text</name>
<bndbox>
<x1>571</x1>
<y1>233</y1>
<x2>581</x2>
<y2>233</y2>
<x3>581</x3>
<y3>239</y3>
<x4>571</x4>
<y4>240</y4>
</bndbox>
</object>
<object>
<name>text</name>
<bndbox>
<x1>582</x1>
<y1>232</y1>
<x2>604</x2>
<y2>232</y2>
<x3>604</x3>
<y3>239</y3>
<x4>582</x4>
<y4>240</y4>
</bndbox>
</object>
</annotation>