<?xml version="1.0" ?>
<annotation>
<folder>JPEGImages</folder>
<filename>img_253.xml</filename>
<path>xxxx</path>
<source>
<database>Unknown</database>
<annotation>xxx</annotation>
<image>xxx</image>
<flickrid>0</flickrid>
</source>
<size>
<width>1280</width>
<height>720</height>
<depth>3</depth>
</size>
<segmented>0</segmented>
<object>
<name>text</name>
<bndbox>
<x1>21</x1>
<y1>258</y1>
<x2>158</x2>
<y2>254</y2>
<x3>156</x3>
<y3>283</y3>
<x4>20</x4>
<y4>287</y4>
</bndbox>
</object>
<object>
<name>text</name>
<bndbox>
<x1>797</x1>
<y1>214</y1>
<x2>837</x2>
<y2>222</y2>
<x3>836</x3>
<y3>238</y3>
<x4>797</x4>
<y4>231</y4>
</bndbox>
</object>
<object>
<name>text</name>
<bndbox>
<x1>838</x1>
<y1>217</y1>
<x2>884</x2>
<y2>222</y2>
<x3>885</x3>
<y3>242</y3>
<x4>839</x4>
<y4>237</y4>
</bndbox>
</object>
</annotation>