<?xml version="1.0" ?>
<annotation>
<folder>JPEGImages</folder>
<filename>img_304.xml</filename>
<path>xxxx</path>
<source>
<database>Unknown</database>
<annotation>xxx</annotation>
<image>xxx</image>
<flickrid>0</flickrid>
</source>
<size>
<width>1280</width>
<height>720</height>
<depth>3</depth>
</size>
<segmented>0</segmented>
<object>
<name>text</name>
<bndbox>
<x1>650</x1>
<y1>500</y1>
<x2>668</x2>
<y2>503</y2>
<x3>664</x3>
<y3>534</y3>
<x4>646</x4>
<y4>531</y4>
</bndbox>
</object>
<object>
<name>text</name>
<bndbox>
<x1>665</x1>
<y1>120</y1>
<x2>761</x2>
<y2>123</y2>
<x3>760</x3>
<y3>136</y3>
<x4>664</x4>
<y4>133</y4>
</bndbox>
</object>
<object>
<name>text</name>
<bndbox>
<x1>985</x1>
<y1>570</y1>
<x2>1068</x2>
<y2>590</y2>
<x3>1066</x3>
<y3>608</y3>
<x4>983</x4>
<y4>588</y4>
</bndbox>
</object>
<object>
<name>text</name>
<bndbox>
<x1>1074</x1>
<y1>591</y1>
<x2>1129</x2>
<y2>603</y2>
<x3>1124</x3>
<y3>622</y3>
<x4>1069</x4>
<y4>611</y4>
</bndbox>
</object>
<object>
<name>text</name>
<bndbox>
<x1>692</x1>
<y1>78</y1>
<x2>715</x2>
<y2>79</y2>
<x3>712</x3>
<y3>110</y3>
<x4>689</x4>
<y4>109</y4>
</bndbox>
</object>
<object>
<name>text</name>
<bndbox>
<x1>1111</x1>
<y1>307</y1>
<x2>1218</x2>
<y2>320</y2>
<x3>1213</x3>
<y3>341</y3>
<x4>1106</x4>
<y4>329</y4>
</bndbox>
</object>
<object>
<name>text</name>
<bndbox>
<x1>671</x1>
<y1>288</y1>
<x2>691</x2>
<y2>289</y2>
<x3>688</x3>
<y3>318</y3>
<x4>668</x4>
<y4>317</y4>
</bndbox>
</object>
<object>
<name>text</name>
<bndbox>
<x1>1014</x1>
<y1>268</y1>
<x2>1153</x2>
<y2>282</y2>
<x3>1150</x3>
<y3>317</y3>
<x4>1011</x4>
<y4>304</y4>
</bndbox>
</object>
<object>
<name>text</name>
<bndbox>
<x1>675</x1>
<y1>133</y1>
<x2>751</x2>
<y2>135</y2>
<x3>751</x3>
<y3>147</y3>
<x4>674</x4>
<y4>145</y4>
</bndbox>
</object>
<object>
<name>text</name>
<bndbox>
<x1>645</x1>
<y1>319</y1>
<x2>718</x2>
<y2>330</y2>
<x3>718</x3>
<y3>341</y3>
<x4>645</x4>
<y4>330</y4>
</bndbox>
</object>
<object>
<name>text</name>
<bndbox>
<x1>650</x1>
<y1>329</y1>
<x2>706</x2>
<y2>339</y2>
<x3>705</x3>
<y3>352</y3>
<x4>649</x4>
<y4>341</y4>
</bndbox>
</object>
<object>
<name>text</name>
<bndbox>
<x1>654</x1>
<y1>344</y1>
<x2>698</x2>
<y2>351</y2>
<x3>695</x3>
<y3>364</y3>
<x4>651</x4>
<y4>356</y4>
</bndbox>
</object>
<object>
<name>text</name>
<bndbox>
<x1>623</x1>
<y1>530</y1>
<x2>693</x2>
<y2>546</y2>
<x3>693</x3>
<y3>560</y3>
<x4>622</x4>
<y4>544</y4>
</bndbox>
</object>
<object>
<name>text</name>
<bndbox>
<x1>622</x1>
<y1>541</y1>
<x2>719</x2>
<y2>566</y2>
<x3>717</x3>
<y3>580</y3>
<x4>620</x4>
<y4>554</y4>
</bndbox>
</object>
<object>
<name>text</name>
<bndbox>
<x1>633</x1>
<y1>559</y1>
<x2>708</x2>
<y2>577</y2>
<x3>705</x3>
<y3>590</y3>
<x4>631</x4>
<y4>572</y4>
</bndbox>
</object>
</annotation>