<?xml version="1.0" ?>
<annotation>
<folder>JPEGImages</folder>
<filename>img_10.xml</filename>
<path>xxxx</path>
<source>
<database>Unknown</database>
<annotation>xxx</annotation>
<image>xxx</image>
<flickrid>0</flickrid>
</source>
<size>
<width>1280</width>
<height>720</height>
<depth>3</depth>
</size>
<segmented>0</segmented>
<object>
<name>text</name>
<bndbox>
<x1>261</x1>
<y1>138</y1>
<x2>284</x2>
<y2>140</y2>
<x3>279</x3>
<y3>158</y3>
<x4>260</x4>
<y4>158</y4>
</bndbox>
</object>
<object>
<name>text</name>
<bndbox>
<x1>288</x1>
<y1>138</y1>
<x2>417</x2>
<y2>140</y2>
<x3>416</x3>
<y3>161</y3>
<x4>290</x4>
<y4>157</y4>
</bndbox>
</object>
<object>
<name>text</name>
<bndbox>
<x1>743</x1>
<y1>145</y1>
<x2>779</x2>
<y2>146</y2>
<x3>780</x3>
<y3>163</y3>
<x4>746</x4>
<y4>163</y4>
</bndbox>
</object>
<object>
<name>text</name>
<bndbox>
<x1>783</x1>
<y1>129</y1>
<x2>831</x2>
<y2>132</y2>
<x3>833</x3>
<y3>155</y3>
<x4>785</x4>
<y4>153</y4>
</bndbox>
</object>
<object>
<name>text</name>
<bndbox>
<x1>831</x1>
<y1>133</y1>
<x2>870</x2>
<y2>135</y2>
<x3>874</x3>
<y3>156</y3>
<x4>835</x4>
<y4>155</y4>
</bndbox>
</object>
<object>
<name>text</name>
<bndbox>
<x1>159</x1>
<y1>205</y1>
<x2>230</x2>
<y2>204</y2>
<x3>231</x3>
<y3>218</y3>
<x4>159</x4>
<y4>219</y4>
</bndbox>
</object>
<object>
<name>text</name>
<bndbox>
<x1>785</x1>
<y1>158</y1>
<x2>856</x2>
<y2>158</y2>
<x3>860</x3>
<y3>178</y3>
<x4>787</x4>
<y4>179</y4>
</bndbox>
</object>
<object>
<name>text</name>
<bndbox>
<x1>1011</x1>
<y1>157</y1>
<x2>1079</x2>
<y2>160</y2>
<x3>1076</x3>
<y3>173</y3>
<x4>1011</x4>
<y4>170</y4>
</bndbox>
</object>
</annotation>