<?xml version="1.0" ?>
<annotation>
<folder>JPEGImages</folder>
<filename>img_349.xml</filename>
<path>xxxx</path>
<source>
<database>Unknown</database>
<annotation>xxx</annotation>
<image>xxx</image>
<flickrid>0</flickrid>
</source>
<size>
<width>1280</width>
<height>720</height>
<depth>3</depth>
</size>
<segmented>0</segmented>
<object>
<name>text</name>
<bndbox>
<x1>412</x1>
<y1>247</y1>
<x2>426</x2>
<y2>246</y2>
<x3>426</x3>
<y3>258</y3>
<x4>412</x4>
<y4>258</y4>
</bndbox>
</object>
<object>
<name>text</name>
<bndbox>
<x1>632</x1>
<y1>257</y1>
<x2>657</x2>
<y2>257</y2>
<x3>656</x3>
<y3>270</y3>
<x4>631</x4>
<y4>270</y4>
</bndbox>
</object>
<object>
<name>text</name>
<bndbox>
<x1>656</x1>
<y1>257</y1>
<x2>671</x2>
<y2>258</y2>
<x3>671</x3>
<y3>270</y3>
<x4>656</x4>
<y4>270</y4>
</bndbox>
</object>
<object>
<name>text</name>
<bndbox>
<x1>671</x1>
<y1>256</y1>
<x2>710</x2>
<y2>257</y2>
<x3>709</x3>
<y3>271</y3>
<x4>671</x4>
<y4>271</y4>
</bndbox>
</object>
<object>
<name>text</name>
<bndbox>
<x1>627</x1>
<y1>270</y1>
<x2>711</x2>
<y2>273</y2>
<x3>711</x3>
<y3>299</y3>
<x4>627</x4>
<y4>296</y4>
</bndbox>
</object>
<object>
<name>text</name>
<bndbox>
<x1>319</x1>
<y1>190</y1>
<x2>356</x2>
<y2>189</y2>
<x3>356</x3>
<y3>199</y3>
<x4>319</x4>
<y4>200</y4>
</bndbox>
</object>
<object>
<name>text</name>
<bndbox>
<x1>377</x1>
<y1>144</y1>
<x2>464</x2>
<y2>136</y2>
<x3>466</x3>
<y3>175</y3>
<x4>379</x4>
<y4>184</y4>
</bndbox>
</object>
</annotation>