<?xml version="1.0" ?>
<annotation>
<folder>JPEGImages</folder>
<filename>img_195.xml</filename>
<path>xxxx</path>
<source>
<database>Unknown</database>
<annotation>xxx</annotation>
<image>xxx</image>
<flickrid>0</flickrid>
</source>
<size>
<width>1280</width>
<height>720</height>
<depth>3</depth>
</size>
<segmented>0</segmented>
<object>
<name>text</name>
<bndbox>
<x1>333</x1>
<y1>84</y1>
<x2>536</x2>
<y2>91</y2>
<x3>536</x3>
<y3>125</y3>
<x4>333</x4>
<y4>118</y4>
</bndbox>
</object>
<object>
<name>text</name>
<bndbox>
<x1>585</x1>
<y1>80</y1>
<x2>621</x2>
<y2>83</y2>
<x3>621</x3>
<y3>104</y3>
<x4>585</x4>
<y4>101</y4>
</bndbox>
</object>
<object>
<name>text</name>
<bndbox>
<x1>623</x1>
<y1>81</y1>
<x2>657</x2>
<y2>85</y2>
<x3>657</x3>
<y3>107</y3>
<x4>623</x4>
<y4>103</y4>
</bndbox>
</object>
<object>
<name>text</name>
<bndbox>
<x1>576</x1>
<y1>106</y1>
<x2>628</x2>
<y2>107</y2>
<x3>634</x3>
<y3>124</y3>
<x4>582</x4>
<y4>123</y4>
</bndbox>
</object>
<object>
<name>text</name>
<bndbox>
<x1>591</x1>
<y1>288</y1>
<x2>641</x2>
<y2>286</y2>
<x3>643</x3>
<y3>312</y3>
<x4>593</x4>
<y4>314</y4>
</bndbox>
</object>
<object>
<name>text</name>
<bndbox>
<x1>610</x1>
<y1>345</y1>
<x2>667</x2>
<y2>338</y2>
<x3>668</x3>
<y3>364</y3>
<x4>611</x4>
<y4>371</y4>
</bndbox>
</object>
<object>
<name>text</name>
<bndbox>
<x1>598</x1>
<y1>411</y1>
<x2>667</x2>
<y2>396</y2>
<x3>673</x3>
<y3>428</y3>
<x4>604</x4>
<y4>443</y4>
</bndbox>
</object>
<object>
<name>text</name>
<bndbox>
<x1>697</x1>
<y1>85</y1>
<x2>741</x2>
<y2>83</y2>
<x3>745</x3>
<y3>181</y3>
<x4>702</x4>
<y4>184</y4>
</bndbox>
</object>
<object>
<name>text</name>
<bndbox>
<x1>699</x1>
<y1>184</y1>
<x2>744</x2>
<y2>181</y2>
<x3>746</x3>
<y3>201</y3>
<x4>701</x4>
<y4>204</y4>
</bndbox>
</object>
<object>
<name>text</name>
<bndbox>
<x1>1079</x1>
<y1>105</y1>
<x2>1097</x2>
<y2>105</y2>
<x3>1099</x3>
<y3>165</y3>
<x4>1081</x4>
<y4>168</y4>
</bndbox>
</object>
<object>
<name>text</name>
<bndbox>
<x1>1079</x1>
<y1>167</y1>
<x2>1098</x2>
<y2>163</y2>
<x3>1100</x3>
<y3>180</y3>
<x4>1081</x4>
<y4>184</y4>
</bndbox>
</object>
<object>
<name>text</name>
<bndbox>
<x1>21</x1>
<y1>185</y1>
<x2>48</x2>
<y2>184</y2>
<x3>49</x3>
<y3>190</y3>
<x4>21</x4>
<y4>191</y4>
</bndbox>
</object>
<object>
<name>text</name>
<bndbox>
<x1>143</x1>
<y1>183</y1>
<x2>166</x2>
<y2>181</y2>
<x3>166</x3>
<y3>194</y3>
<x4>143</x4>
<y4>196</y4>
</bndbox>
</object>
<object>
<name>text</name>
<bndbox>
<x1>167</x1>
<y1>183</y1>
<x2>189</x2>
<y2>182</y2>
<x3>190</x3>
<y3>193</y3>
<x4>169</x4>
<y4>195</y4>
</bndbox>
</object>
<object>
<name>text</name>
<bndbox>
<x1>191</x1>
<y1>183</y1>
<x2>215</x2>
<y2>181</y2>
<x3>215</x3>
<y3>193</y3>
<x4>191</x4>
<y4>194</y4>
</bndbox>
</object>
<object>
<name>text</name>
<bndbox>
<x1>596</x1>
<y1>322</y1>
<x2>653</x2>
<y2>311</y2>
<x3>653</x3>
<y3>321</y3>
<x4>595</x4>
<y4>332</y4>
</bndbox>
</object>
<object>
<name>text</name>
<bndbox>
<x1>633</x1>
<y1>334</y1>
<x2>669</x2>
<y2>328</y2>
<x3>669</x3>
<y3>336</y3>
<x4>633</x4>
<y4>341</y4>
</bndbox>
</object>
<object>
<name>text</name>
<bndbox>
<x1>599</x1>
<y1>379</y1>
<x2>636</x2>
<y2>372</y2>
<x3>636</x3>
<y3>382</y3>
<x4>600</x4>
<y4>389</y4>
</bndbox>
</object>
<object>
<name>text</name>
<bndbox>
<x1>621</x1>
<y1>393</y1>
<x2>669</x2>
<y2>382</y2>
<x3>669</x3>
<y3>394</y3>
<x4>621</x4>
<y4>405</y4>
</bndbox>
</object>
</annotation>