<?xml version="1.0" ?>
<annotation>
<folder>JPEGImages</folder>
<filename>img_415.xml</filename>
<path>xxxx</path>
<source>
<database>Unknown</database>
<annotation>xxx</annotation>
<image>xxx</image>
<flickrid>0</flickrid>
</source>
<size>
<width>1280</width>
<height>720</height>
<depth>3</depth>
</size>
<segmented>0</segmented>
<object>
<name>text</name>
<bndbox>
<x1>765</x1>
<y1>346</y1>
<x2>813</x2>
<y2>353</y2>
<x3>810</x3>
<y3>380</y3>
<x4>762</x4>
<y4>373</y4>
</bndbox>
</object>
<object>
<name>text</name>
<bndbox>
<x1>720</x1>
<y1>331</y1>
<x2>742</x2>
<y2>336</y2>
<x3>737</x3>
<y3>360</y3>
<x4>714</x4>
<y4>356</y4>
</bndbox>
</object>
<object>
<name>text</name>
<bndbox>
<x1>415</x1>
<y1>188</y1>
<x2>463</x2>
<y2>190</y2>
<x3>462</x3>
<y3>213</y3>
<x4>414</x4>
<y4>212</y4>
</bndbox>
</object>
<object>
<name>text</name>
<bndbox>
<x1>411</x1>
<y1>272</y1>
<x2>455</x2>
<y2>276</y2>
<x3>455</x3>
<y3>299</y3>
<x4>411</x4>
<y4>296</y4>
</bndbox>
</object>
<object>
<name>text</name>
<bndbox>
<x1>524</x1>
<y1>137</y1>
<x2>583</x2>
<y2>142</y2>
<x3>581</x3>
<y3>158</y3>
<x4>522</x4>
<y4>153</y4>
</bndbox>
</object>
<object>
<name>text</name>
<bndbox>
<x1>361</x1>
<y1>269</y1>
<x2>408</x2>
<y2>271</y2>
<x3>406</x3>
<y3>295</y3>
<x4>359</x4>
<y4>292</y4>
</bndbox>
</object>
<object>
<name>text</name>
<bndbox>
<x1>794</x1>
<y1>128</y1>
<x2>870</x2>
<y2>138</y2>
<x3>869</x3>
<y3>166</y3>
<x4>793</x4>
<y4>156</y4>
</bndbox>
</object>
<object>
<name>text</name>
<bndbox>
<x1>369</x1>
<y1>187</y1>
<x2>413</x2>
<y2>187</y2>
<x3>411</x3>
<y3>211</y3>
<x4>366</x4>
<y4>210</y4>
</bndbox>
</object>
<object>
<name>text</name>
<bndbox>
<x1>876</x1>
<y1>139</y1>
<x2>924</x2>
<y2>144</y2>
<x3>922</x3>
<y3>171</y3>
<x4>875</x4>
<y4>166</y4>
</bndbox>
</object>
<object>
<name>text</name>
<bndbox>
<x1>1014</x1>
<y1>40</y1>
<x2>1057</x2>
<y2>34</y2>
<x3>1057</x3>
<y3>58</y3>
<x4>1014</x4>
<y4>64</y4>
</bndbox>
</object>
<object>
<name>text</name>
<bndbox>
<x1>1060</x1>
<y1>33</y1>
<x2>1104</x2>
<y2>27</y2>
<x3>1105</x3>
<y3>51</y3>
<x4>1061</x4>
<y4>57</y4>
</bndbox>
</object>
<object>
<name>text</name>
<bndbox>
<x1>1091</x1>
<y1>106</y1>
<x2>1121</x2>
<y2>110</y2>
<x3>1119</x3>
<y3>135</y3>
<x4>1089</x4>
<y4>132</y4>
</bndbox>
</object>
<object>
<name>text</name>
<bndbox>
<x1>666</x1>
<y1>152</y1>
<x2>716</x2>
<y2>157</y2>
<x3>716</x3>
<y3>172</y3>
<x4>666</x4>
<y4>167</y4>
</bndbox>
</object>
<object>
<name>text</name>
<bndbox>
<x1>543</x1>
<y1>283</y1>
<x2>551</x2>
<y2>283</y2>
<x3>551</x3>
<y3>300</y3>
<x4>543</x4>
<y4>299</y4>
</bndbox>
</object>
<object>
<name>text</name>
<bndbox>
<x1>522</x1>
<y1>279</y1>
<x2>531</x2>
<y2>279</y2>
<x3>531</x3>
<y3>293</y3>
<x4>521</x4>
<y4>292</y4>
</bndbox>
</object>
<object>
<name>text</name>
<bndbox>
<x1>570</x1>
<y1>290</y1>
<x2>581</x2>
<y2>291</y2>
<x3>581</x3>
<y3>307</y3>
<x4>570</x4>
<y4>307</y4>
</bndbox>
</object>
<object>
<name>text</name>
<bndbox>
<x1>742</x1>
<y1>338</y1>
<x2>755</x2>
<y2>341</y2>
<x3>752</x3>
<y3>353</y3>
<x4>740</x4>
<y4>350</y4>
</bndbox>
</object>
<object>
<name>text</name>
<bndbox>
<x1>811</x1>
<y1>355</y1>
<x2>829</x2>
<y2>357</y2>
<x3>828</x3>
<y3>371</y3>
<x4>810</x4>
<y4>369</y4>
</bndbox>
</object>
<object>
<name>text</name>
<bndbox>
<x1>871</x1>
<y1>369</y1>
<x2>909</x2>
<y2>376</y2>
<x3>904</x3>
<y3>406</y3>
<x4>866</x4>
<y4>398</y4>
</bndbox>
</object>
<object>
<name>text</name>
<bndbox>
<x1>961</x1>
<y1>398</y1>
<x2>1007</x2>
<y2>407</y2>
<x3>1006</x3>
<y3>441</y3>
<x4>960</x4>
<y4>432</y4>
</bndbox>
</object>
<object>
<name>text</name>
<bndbox>
<x1>1010</x1>
<y1>409</y1>
<x2>1030</x2>
<y2>413</y2>
<x3>1028</x3>
<y3>431</y3>
<x4>1008</x4>
<y4>427</y4>
</bndbox>
</object>
<object>
<name>text</name>
<bndbox>
<x1>908</x1>
<y1>377</y1>
<x2>929</x2>
<y2>381</y2>
<x3>927</x3>
<y3>400</y3>
<x4>906</x4>
<y4>396</y4>
</bndbox>
</object>
<object>
<name>text</name>
<bndbox>
<x1>1027</x1>
<y1>297</y1>
<x2>1040</x2>
<y2>298</y2>
<x3>1038</x3>
<y3>312</y3>
<x4>1025</x4>
<y4>311</y4>
</bndbox>
</object>
<object>
<name>text</name>
<bndbox>
<x1>992</x1>
<y1>295</y1>
<x2>1003</x2>
<y2>295</y2>
<x3>1001</x3>
<y3>309</y3>
<x4>991</x4>
<y4>307</y4>
</bndbox>
</object>
<object>
<name>text</name>
<bndbox>
<x1>955</x1>
<y1>288</y1>
<x2>966</x2>
<y2>290</y2>
<x3>964</x3>
<y3>303</y3>
<x4>953</x4>
<y4>302</y4>
</bndbox>
</object>
<object>
<name>text</name>
<bndbox>
<x1>927</x1>
<y1>285</y1>
<x2>939</x2>
<y2>287</y2>
<x3>937</x3>
<y3>301</y3>
<x4>925</x4>
<y4>299</y4>
</bndbox>
</object>
<object>
<name>text</name>
<bndbox>
<x1>839</x1>
<y1>291</y1>
<x2>857</x2>
<y2>293</y2>
<x3>855</x3>
<y3>308</y3>
<x4>837</x4>
<y4>307</y4>
</bndbox>
</object>
<object>
<name>text</name>
<bndbox>
<x1>862</x1>
<y1>332</y1>
<x2>936</x2>
<y2>343</y2>
<x3>935</x3>
<y3>358</y3>
<x4>861</x4>
<y4>346</y4>
</bndbox>
</object>
<object>
<name>text</name>
<bndbox>
<x1>765</x1>
<y1>317</y1>
<x2>827</x2>
<y2>322</y2>
<x3>826</x3>
<y3>334</y3>
<x4>764</x4>
<y4>329</y4>
</bndbox>
</object>
<object>
<name>text</name>
<bndbox>
<x1>949</x1>
<y1>358</y1>
<x2>1039</x2>
<y2>369</y2>
<x3>1038</x3>
<y3>384</y3>
<x4>949</x4>
<y4>373</y4>
</bndbox>
</object>
</annotation>