<?xml version="1.0" ?>
<annotation>
<folder>JPEGImages</folder>
<filename>img_130.xml</filename>
<path>xxxx</path>
<source>
<database>Unknown</database>
<annotation>xxx</annotation>
<image>xxx</image>
<flickrid>0</flickrid>
</source>
<size>
<width>1280</width>
<height>720</height>
<depth>3</depth>
</size>
<segmented>0</segmented>
<object>
<name>text</name>
<bndbox>
<x1>246</x1>
<y1>106</y1>
<x2>286</x2>
<y2>115</y2>
<x3>285</x3>
<y3>134</y3>
<x4>245</x4>
<y4>125</y4>
</bndbox>
</object>
<object>
<name>text</name>
<bndbox>
<x1>285</x1>
<y1>117</y1>
<x2>304</x2>
<y2>122</y2>
<x3>303</x3>
<y3>137</y3>
<x4>284</x4>
<y4>132</y4>
</bndbox>
</object>
<object>
<name>text</name>
<bndbox>
<x1>863</x1>
<y1>52</y1>
<x2>951</x2>
<y2>40</y2>
<x3>956</x3>
<y3>92</y3>
<x4>864</x4>
<y4>104</y4>
</bndbox>
</object>
<object>
<name>text</name>
<bndbox>
<x1>452</x1>
<y1>303</y1>
<x2>505</x2>
<y2>300</y2>
<x3>505</x3>
<y3>335</y3>
<x4>452</x4>
<y4>338</y4>
</bndbox>
</object>
<object>
<name>text</name>
<bndbox>
<x1>503</x1>
<y1>304</y1>
<x2>525</x2>
<y2>303</y2>
<x3>526</x3>
<y3>330</y3>
<x4>503</x4>
<y4>330</y4>
</bndbox>
</object>
<object>
<name>text</name>
<bndbox>
<x1>1175</x1>
<y1>468</y1>
<x2>1230</x2>
<y2>467</y2>
<x3>1231</x3>
<y3>485</y3>
<x4>1176</x4>
<y4>485</y4>
</bndbox>
</object>
<object>
<name>text</name>
<bndbox>
<x1>1227</x1>
<y1>466</y1>
<x2>1260</x2>
<y2>467</y2>
<x3>1261</x3>
<y3>484</y3>
<x4>1229</x4>
<y4>483</y4>
</bndbox>
</object>
<object>
<name>text</name>
<bndbox>
<x1>1176</x1>
<y1>535</y1>
<x2>1202</x2>
<y2>535</y2>
<x3>1203</x3>
<y3>572</y3>
<x4>1177</x4>
<y4>573</y4>
</bndbox>
</object>
<object>
<name>text</name>
<bndbox>
<x1>1208</x1>
<y1>539</y1>
<x2>1242</x2>
<y2>539</y2>
<x3>1243</x3>
<y3>558</y3>
<x4>1210</x4>
<y4>558</y4>
</bndbox>
</object>
</annotation>