<?xml version="1.0" ?>
<annotation>
<folder>JPEGImages</folder>
<filename>img_223.xml</filename>
<path>xxxx</path>
<source>
<database>Unknown</database>
<annotation>xxx</annotation>
<image>xxx</image>
<flickrid>0</flickrid>
</source>
<size>
<width>1280</width>
<height>720</height>
<depth>3</depth>
</size>
<segmented>0</segmented>
<object>
<name>text</name>
<bndbox>
<x1>249</x1>
<y1>200</y1>
<x2>327</x2>
<y2>205</y2>
<x3>324</x3>
<y3>249</y3>
<x4>246</x4>
<y4>244</y4>
</bndbox>
</object>
</annotation>