<?xml version="1.0" ?>
<annotation>
<folder>JPEGImages</folder>
<filename>img_170.xml</filename>
<path>xxxx</path>
<source>
<database>Unknown</database>
<annotation>xxx</annotation>
<image>xxx</image>
<flickrid>0</flickrid>
</source>
<size>
<width>1280</width>
<height>720</height>
<depth>3</depth>
</size>
<segmented>0</segmented>
<object>
<name>text</name>
<bndbox>
<x1>357</x1>
<y1>112</y1>
<x2>395</x2>
<y2>111</y2>
<x3>395</x3>
<y3>122</y3>
<x4>357</x4>
<y4>123</y4>
</bndbox>
</object>
<object>
<name>text</name>
<bndbox>
<x1>395</x1>
<y1>110</y1>
<x2>433</x2>
<y2>109</y2>
<x3>434</x3>
<y3>122</y3>
<x4>395</x4>
<y4>123</y4>
</bndbox>
</object>
<object>
<name>text</name>
<bndbox>
<x1>437</x1>
<y1>112</y1>
<x2>464</x2>
<y2>112</y2>
<x3>463</x3>
<y3>123</y3>
<x4>436</x4>
<y4>122</y4>
</bndbox>
</object>
<object>
<name>text</name>
<bndbox>
<x1>352</x1>
<y1>285</y1>
<x2>404</x2>
<y2>287</y2>
<x3>404</x3>
<y3>298</y3>
<x4>352</x4>
<y4>297</y4>
</bndbox>
</object>
<object>
<name>text</name>
<bndbox>
<x1>1004</x1>
<y1>390</y1>
<x2>1031</x2>
<y2>392</y2>
<x3>1030</x3>
<y3>403</y3>
<x4>1003</x4>
<y4>402</y4>
</bndbox>
</object>
<object>
<name>text</name>
<bndbox>
<x1>1030</x1>
<y1>389</y1>
<x2>1123</x2>
<y2>391</y2>
<x3>1125</x3>
<y3>406</y3>
<x4>1031</x4>
<y4>405</y4>
</bndbox>
</object>
<object>
<name>text</name>
<bndbox>
<x1>1124</x1>
<y1>390</y1>
<x2>1153</x2>
<y2>390</y2>
<x3>1153</x3>
<y3>404</y3>
<x4>1125</x4>
<y4>404</y4>
</bndbox>
</object>
<object>
<name>text</name>
<bndbox>
<x1>1153</x1>
<y1>389</y1>
<x2>1177</x2>
<y2>390</y2>
<x3>1178</x3>
<y3>405</y3>
<x4>1154</x4>
<y4>404</y4>
</bndbox>
</object>
</annotation>