<?xml version="1.0" ?>
<annotation>
<folder>JPEGImages</folder>
<filename>img_548.xml</filename>
<path>xxxx</path>
<source>
<database>Unknown</database>
<annotation>xxx</annotation>
<image>xxx</image>
<flickrid>0</flickrid>
</source>
<size>
<width>1280</width>
<height>720</height>
<depth>3</depth>
</size>
<segmented>0</segmented>
<object>
<name>text</name>
<bndbox>
<x1>450</x1>
<y1>143</y1>
<x2>593</x2>
<y2>175</y2>
<x3>592</x3>
<y3>254</y3>
<x4>448</x4>
<y4>221</y4>
</bndbox>
</object>
<object>
<name>text</name>
<bndbox>
<x1>592</x1>
<y1>230</y1>
<x2>616</x2>
<y2>236</y2>
<x3>615</x3>
<y3>258</y3>
<x4>591</x4>
<y4>251</y4>
</bndbox>
</object>
<object>
<name>text</name>
<bndbox>
<x1>64</x1>
<y1>342</y1>
<x2>176</x2>
<y2>319</y2>
<x3>178</x3>
<y3>347</y3>
<x4>66</x4>
<y4>370</y4>
</bndbox>
</object>
<object>
<name>text</name>
<bndbox>
<x1>50</x1>
<y1>395</y1>
<x2>111</x2>
<y2>388</y2>
<x3>113</x3>
<y3>430</y3>
<x4>52</x4>
<y4>436</y4>
</bndbox>
</object>
<object>
<name>text</name>
<bndbox>
<x1>3</x1>
<y1>400</y1>
<x2>52</x2>
<y2>396</y2>
<x3>51</x3>
<y3>435</y3>
<x4>2</x4>
<y4>441</y4>
</bndbox>
</object>
<object>
<name>text</name>
<bndbox>
<x1>747</x1>
<y1>273</y1>
<x2>766</x2>
<y2>282</y2>
<x3>767</x3>
<y3>297</y3>
<x4>748</x4>
<y4>293</y4>
</bndbox>
</object>
</annotation>