<?xml version="1.0" ?>
<annotation>
<folder>JPEGImages</folder>
<filename>img_523.xml</filename>
<path>xxxx</path>
<source>
<database>Unknown</database>
<annotation>xxx</annotation>
<image>xxx</image>
<flickrid>0</flickrid>
</source>
<size>
<width>1280</width>
<height>720</height>
<depth>3</depth>
</size>
<segmented>0</segmented>
<object>
<name>text</name>
<bndbox>
<x1>525</x1>
<y1>283</y1>
<x2>568</x2>
<y2>283</y2>
<x3>568</x3>
<y3>301</y3>
<x4>525</x4>
<y4>301</y4>
</bndbox>
</object>
<object>
<name>text</name>
<bndbox>
<x1>563</x1>
<y1>276</y1>
<x2>657</x2>
<y2>274</y2>
<x3>662</x3>
<y3>299</y3>
<x4>568</x4>
<y4>301</y4>
</bndbox>
</object>
</annotation>