<?xml version="1.0" ?>
<annotation>
<folder>JPEGImages</folder>
<filename>img_255.xml</filename>
<path>xxxx</path>
<source>
<database>Unknown</database>
<annotation>xxx</annotation>
<image>xxx</image>
<flickrid>0</flickrid>
</source>
<size>
<width>1280</width>
<height>720</height>
<depth>3</depth>
</size>
<segmented>0</segmented>
<object>
<name>text</name>
<bndbox>
<x1>277</x1>
<y1>469</y1>
<x2>573</x2>
<y2>446</y2>
<x3>680</x3>
<y3>542</y3>
<x4>273</x4>
<y4>591</y4>
</bndbox>
</object>
<object>
<name>text</name>
<bndbox>
<x1>251</x1>
<y1>342</y1>
<x2>378</x2>
<y2>337</y2>
<x3>407</x3>
<y3>352</y3>
<x4>238</x4>
<y4>362</y4>
</bndbox>
</object>
<object>
<name>text</name>
<bndbox>
<x1>65</x1>
<y1>188</y1>
<x2>115</x2>
<y2>190</y2>
<x3>116</x3>
<y3>211</y3>
<x4>65</x4>
<y4>209</y4>
</bndbox>
</object>
</annotation>