<?xml version="1.0" ?>
<annotation>
<folder>JPEGImages</folder>
<filename>img_179.xml</filename>
<path>xxxx</path>
<source>
<database>Unknown</database>
<annotation>xxx</annotation>
<image>xxx</image>
<flickrid>0</flickrid>
</source>
<size>
<width>1280</width>
<height>720</height>
<depth>3</depth>
</size>
<segmented>0</segmented>
<object>
<name>text</name>
<bndbox>
<x1>645</x1>
<y1>221</y1>
<x2>682</x2>
<y2>221</y2>
<x3>681</x3>
<y3>242</y3>
<x4>644</x4>
<y4>242</y4>
</bndbox>
</object>
<object>
<name>text</name>
<bndbox>
<x1>644</x1>
<y1>243</y1>
<x2>674</x2>
<y2>243</y2>
<x3>674</x3>
<y3>264</y3>
<x4>644</x4>
<y4>264</y4>
</bndbox>
</object>
<object>
<name>text</name>
<bndbox>
<x1>638</x1>
<y1>285</y1>
<x2>683</x2>
<y2>283</y2>
<x3>683</x3>
<y3>294</y3>
<x4>638</x4>
<y4>296</y4>
</bndbox>
</object>
<object>
<name>text</name>
<bndbox>
<x1>638</x1>
<y1>297</y1>
<x2>683</x2>
<y2>296</y2>
<x3>683</x3>
<y3>303</y3>
<x4>637</x4>
<y4>304</y4>
</bndbox>
</object>
<object>
<name>text</name>
<bndbox>
<x1>651</x1>
<y1>278</y1>
<x2>669</x2>
<y2>278</y2>
<x3>671</x3>
<y3>283</y3>
<x4>652</x4>
<y4>283</y4>
</bndbox>
</object>
<object>
<name>text</name>
<bndbox>
<x1>1247</x1>
<y1>377</y1>
<x2>1277</x2>
<y2>377</y2>
<x3>1277</x3>
<y3>403</y3>
<x4>1247</x4>
<y4>403</y4>
</bndbox>
</object>
</annotation>