<?xml version="1.0" ?>
<annotation>
<folder>JPEGImages</folder>
<filename>img_433.xml</filename>
<path>xxxx</path>
<source>
<database>Unknown</database>
<annotation>xxx</annotation>
<image>xxx</image>
<flickrid>0</flickrid>
</source>
<size>
<width>1280</width>
<height>720</height>
<depth>3</depth>
</size>
<segmented>0</segmented>
<object>
<name>text</name>
<bndbox>
<x1>510</x1>
<y1>193</y1>
<x2>542</x2>
<y2>187</y2>
<x3>543</x3>
<y3>201</y3>
<x4>511</x4>
<y4>206</y4>
</bndbox>
</object>
<object>
<name>text</name>
<bndbox>
<x1>498</x1>
<y1>170</y1>
<x2>528</x2>
<y2>166</y2>
<x3>529</x3>
<y3>179</y3>
<x4>499</x4>
<y4>183</y4>
</bndbox>
</object>
<object>
<name>text</name>
<bndbox>
<x1>643</x1>
<y1>214</y1>
<x2>671</x2>
<y2>210</y2>
<x3>673</x3>
<y3>233</y3>
<x4>646</x4>
<y4>237</y4>
</bndbox>
</object>
<object>
<name>text</name>
<bndbox>
<x1>669</x1>
<y1>261</y1>
<x2>689</x2>
<y2>257</y2>
<x3>689</x3>
<y3>274</y3>
<x4>669</x4>
<y4>277</y4>
</bndbox>
</object>
<object>
<name>text</name>
<bndbox>
<x1>2</x1>
<y1>490</y1>
<x2>71</x2>
<y2>481</y2>
<x3>73</x3>
<y3>505</y3>
<x4>4</x4>
<y4>519</y4>
</bndbox>
</object>
<object>
<name>text</name>
<bndbox>
<x1>16</x1>
<y1>368</y1>
<x2>57</x2>
<y2>362</y2>
<x3>57</x3>
<y3>371</y3>
<x4>16</x4>
<y4>377</y4>
</bndbox>
</object>
<object>
<name>text</name>
<bndbox>
<x1>56</x1>
<y1>361</y1>
<x2>90</x2>
<y2>355</y2>
<x3>90</x3>
<y3>366</y3>
<x4>56</x4>
<y4>372</y4>
</bndbox>
</object>
<object>
<name>text</name>
<bndbox>
<x1>175</x1>
<y1>340</y1>
<x2>221</x2>
<y2>333</y2>
<x3>222</x3>
<y3>344</y3>
<x4>176</x4>
<y4>351</y4>
</bndbox>
</object>
<object>
<name>text</name>
<bndbox>
<x1>222</x1>
<y1>334</y1>
<x2>258</x2>
<y2>327</y2>
<x3>257</x3>
<y3>340</y3>
<x4>221</x4>
<y4>346</y4>
</bndbox>
</object>
<object>
<name>text</name>
<bndbox>
<x1>323</x1>
<y1>194</y1>
<x2>409</x2>
<y2>183</y2>
<x3>415</x3>
<y3>217</y3>
<x4>329</x4>
<y4>228</y4>
</bndbox>
</object>
<object>
<name>text</name>
<bndbox>
<x1>581</x1>
<y1>104</y1>
<x2>628</x2>
<y2>93</y2>
<x3>632</x3>
<y3>131</y3>
<x4>586</x4>
<y4>142</y4>
</bndbox>
</object>
<object>
<name>text</name>
<bndbox>
<x1>345</x1>
<y1>324</y1>
<x2>438</x2>
<y2>311</y2>
<x3>440</x3>
<y3>340</y3>
<x4>347</x4>
<y4>353</y4>
</bndbox>
</object>
<object>
<name>text</name>
<bndbox>
<x1>343</x1>
<y1>358</y1>
<x2>442</x2>
<y2>338</y2>
<x3>445</x3>
<y3>370</y3>
<x4>346</x4>
<y4>390</y4>
</bndbox>
</object>
<object>
<name>text</name>
<bndbox>
<x1>453</x1>
<y1>151</y1>
<x2>521</x2>
<y2>141</y2>
<x3>526</x3>
<y3>156</y3>
<x4>458</x4>
<y4>166</y4>
</bndbox>
</object>
<object>
<name>text</name>
<bndbox>
<x1>458</x1>
<y1>176</y1>
<x2>495</x2>
<y2>170</y2>
<x3>496</x3>
<y3>184</y3>
<x4>459</x4>
<y4>191</y4>
</bndbox>
</object>
<object>
<name>text</name>
<bndbox>
<x1>452</x1>
<y1>204</y1>
<x2>510</x2>
<y2>192</y2>
<x3>511</x3>
<y3>206</y3>
<x4>453</x4>
<y4>218</y4>
</bndbox>
</object>
<object>
<name>text</name>
<bndbox>
<x1>335</x1>
<y1>233</y1>
<x2>416</x2>
<y2>217</y2>
<x3>418</x3>
<y3>236</y3>
<x4>337</x4>
<y4>252</y4>
</bndbox>
</object>
<object>
<name>text</name>
<bndbox>
<x1>352</x1>
<y1>245</y1>
<x2>420</x2>
<y2>233</y2>
<x3>420</x3>
<y3>245</y3>
<x4>352</x4>
<y4>257</y4>
</bndbox>
</object>
<object>
<name>text</name>
<bndbox>
<x1>1032</x1>
<y1>171</y1>
<x2>1138</x2>
<y2>152</y2>
<x3>1141</x3>
<y3>168</y3>
<x4>1036</x4>
<y4>187</y4>
</bndbox>
</object>
<object>
<name>text</name>
<bndbox>
<x1>1045</x1>
<y1>131</y1>
<x2>1107</x2>
<y2>121</y2>
<x3>1109</x3>
<y3>133</y3>
<x4>1046</x4>
<y4>142</y4>
</bndbox>
</object>
<object>
<name>text</name>
<bndbox>
<x1>507</x1>
<y1>248</y1>
<x2>545</x2>
<y2>243</y2>
<x3>548</x3>
<y3>264</y3>
<x4>511</x4>
<y4>268</y4>
</bndbox>
</object>
<object>
<name>text</name>
<bndbox>
<x1>545</x1>
<y1>621</y1>
<x2>564</x2>
<y2>600</y2>
<x3>567</x3>
<y3>620</y3>
<x4>550</x4>
<y4>642</y4>
</bndbox>
</object>
<object>
<name>text</name>
<bndbox>
<x1>357</x1>
<y1>392</y1>
<x2>389</x2>
<y2>388</y2>
<x3>389</x3>
<y3>399</y3>
<x4>357</x4>
<y4>403</y4>
</bndbox>
</object>
<object>
<name>text</name>
<bndbox>
<x1>389</x1>
<y1>387</y1>
<x2>438</x2>
<y2>381</y2>
<x3>438</x3>
<y3>392</y3>
<x4>389</x4>
<y4>399</y4>
</bndbox>
</object>
<object>
<name>text</name>
<bndbox>
<x1>366</x1>
<y1>403</y1>
<x2>403</x2>
<y2>399</y2>
<x3>403</x3>
<y3>409</y3>
<x4>366</x4>
<y4>414</y4>
</bndbox>
</object>
<object>
<name>text</name>
<bndbox>
<x1>403</x1>
<y1>398</y1>
<x2>434</x2>
<y2>394</y2>
<x3>434</x3>
<y3>405</y3>
<x4>402</x4>
<y4>409</y4>
</bndbox>
</object>
<object>
<name>text</name>
<bndbox>
<x1>360</x1>
<y1>418</y1>
<x2>393</x2>
<y2>414</y2>
<x3>393</x3>
<y3>424</y3>
<x4>360</x4>
<y4>429</y4>
</bndbox>
</object>
<object>
<name>text</name>
<bndbox>
<x1>393</x1>
<y1>412</y1>
<x2>403</x2>
<y2>410</y2>
<x3>404</x3>
<y3>422</y3>
<x4>394</x4>
<y4>423</y4>
</bndbox>
</object>
<object>
<name>text</name>
<bndbox>
<x1>403</x1>
<y1>409</y1>
<x2>438</x2>
<y2>405</y2>
<x3>438</x3>
<y3>417</y3>
<x4>403</x4>
<y4>422</y4>
</bndbox>
</object>
<object>
<name>text</name>
<bndbox>
<x1>19</x1>
<y1>333</y1>
<x2>85</x2>
<y2>323</y2>
<x3>86</x3>
<y3>343</y3>
<x4>20</x4>
<y4>352</y4>
</bndbox>
</object>
<object>
<name>text</name>
<bndbox>
<x1>436</x1>
<y1>541</y1>
<x2>461</x2>
<y2>538</y2>
<x3>461</x3>
<y3>550</y3>
<x4>436</x4>
<y4>552</y4>
</bndbox>
</object>
<object>
<name>text</name>
<bndbox>
<x1>559</x1>
<y1>455</y1>
<x2>581</x2>
<y2>451</y2>
<x3>582</x3>
<y3>465</y3>
<x4>560</x4>
<y4>469</y4>
</bndbox>
</object>
<object>
<name>text</name>
<bndbox>
<x1>575</x1>
<y1>240</y1>
<x2>611</x2>
<y2>234</y2>
<x3>612</x3>
<y3>243</y3>
<x4>576</x4>
<y4>249</y4>
</bndbox>
</object>
<object>
<name>text</name>
<bndbox>
<x1>583</x1>
<y1>254</y1>
<x2>611</x2>
<y2>248</y2>
<x3>612</x3>
<y3>256</y3>
<x4>584</x4>
<y4>262</y4>
</bndbox>
</object>
<object>
<name>text</name>
<bndbox>
<x1>574</x1>
<y1>268</y1>
<x2>621</x2>
<y2>261</y2>
<x3>621</x3>
<y3>270</y3>
<x4>574</x4>
<y4>277</y4>
</bndbox>
</object>
<object>
<name>text</name>
<bndbox>
<x1>396</x1>
<y1>258</y1>
<x2>431</x2>
<y2>254</y2>
<x3>432</x3>
<y3>264</y3>
<x4>397</x4>
<y4>269</y4>
</bndbox>
</object>
<object>
<name>text</name>
<bndbox>
<x1>340</x1>
<y1>271</y1>
<x2>360</x2>
<y2>268</y2>
<x3>366</x3>
<y3>272</y3>
<x4>343</x4>
<y4>277</y4>
</bndbox>
</object>
<object>
<name>text</name>
<bndbox>
<x1>720</x1>
<y1>257</y1>
<x2>779</x2>
<y2>249</y2>
<x3>779</x3>
<y3>253</y3>
<x4>721</x4>
<y4>261</y4>
</bndbox>
</object>
<object>
<name>text</name>
<bndbox>
<x1>926</x1>
<y1>181</y1>
<x2>962</x2>
<y2>153</y2>
<x3>968</x3>
<y3>173</y3>
<x4>932</x4>
<y4>201</y4>
</bndbox>
</object>
<object>
<name>text</name>
<bndbox>
<x1>934</x1>
<y1>202</y1>
<x2>964</x2>
<y2>180</y2>
<x3>966</x3>
<y3>186</y3>
<x4>936</x4>
<y4>208</y4>
</bndbox>
</object>
<object>
<name>text</name>
<bndbox>
<x1>1039</x1>
<y1>186</y1>
<x2>1134</x2>
<y2>171</y2>
<x3>1136</x3>
<y3>178</y3>
<x4>1041</x4>
<y4>193</y4>
</bndbox>
</object>
<object>
<name>text</name>
<bndbox>
<x1>622</x1>
<y1>278</y1>
<x2>655</x2>
<y2>275</y2>
<x3>655</x3>
<y3>281</y3>
<x4>622</x4>
<y4>284</y4>
</bndbox>
</object>
<object>
<name>text</name>
<bndbox>
<x1>622</x1>
<y1>288</y1>
<x2>656</x2>
<y2>283</y2>
<x3>656</x3>
<y3>289</y3>
<x4>622</x4>
<y4>294</y4>
</bndbox>
</object>
<object>
<name>text</name>
<bndbox>
<x1>624</x1>
<y1>296</y1>
<x2>655</x2>
<y2>292</y2>
<x3>656</x3>
<y3>298</y3>
<x4>624</x4>
<y4>301</y4>
</bndbox>
</object>
<object>
<name>text</name>
<bndbox>
<x1>646</x1>
<y1>305</y1>
<x2>673</x2>
<y2>303</y2>
<x3>674</x3>
<y3>306</y3>
<x4>647</x4>
<y4>309</y4>
</bndbox>
</object>
<object>
<name>text</name>
<bndbox>
<x1>647</x1>
<y1>312</y1>
<x2>673</x2>
<y2>309</y2>
<x3>674</x3>
<y3>312</y3>
<x4>648</x4>
<y4>315</y4>
</bndbox>
</object>
</annotation>