<?xml version="1.0" ?>
<annotation>
<folder>JPEGImages</folder>
<filename>img_133.xml</filename>
<path>xxxx</path>
<source>
<database>Unknown</database>
<annotation>xxx</annotation>
<image>xxx</image>
<flickrid>0</flickrid>
</source>
<size>
<width>1280</width>
<height>720</height>
<depth>3</depth>
</size>
<segmented>0</segmented>
<object>
<name>text</name>
<bndbox>
<x1>5</x1>
<y1>336</y1>
<x2>75</x2>
<y2>327</y2>
<x3>78</x3>
<y3>354</y3>
<x4>8</x4>
<y4>362</y4>
</bndbox>
</object>
<object>
<name>text</name>
<bndbox>
<x1>383</x1>
<y1>295</y1>
<x2>445</x2>
<y2>285</y2>
<x3>446</x3>
<y3>314</y3>
<x4>383</x4>
<y4>325</y4>
</bndbox>
</object>
<object>
<name>text</name>
<bndbox>
<x1>716</x1>
<y1>244</y1>
<x2>738</x2>
<y2>232</y2>
<x3>743</x3>
<y3>259</y3>
<x4>720</x4>
<y4>270</y4>
</bndbox>
</object>
<object>
<name>text</name>
<bndbox>
<x1>758</x1>
<y1>256</y1>
<x2>798</x2>
<y2>248</y2>
<x3>798</x3>
<y3>270</y3>
<x4>758</x4>
<y4>278</y4>
</bndbox>
</object>
<object>
<name>text</name>
<bndbox>
<x1>763</x1>
<y1>282</y1>
<x2>830</x2>
<y2>273</y2>
<x3>833</x3>
<y3>296</y3>
<x4>767</x4>
<y4>305</y4>
</bndbox>
</object>
<object>
<name>text</name>
<bndbox>
<x1>768</x1>
<y1>306</y1>
<x2>853</x2>
<y2>297</y2>
<x3>856</x3>
<y3>320</y3>
<x4>771</x4>
<y4>329</y4>
</bndbox>
</object>
<object>
<name>text</name>
<bndbox>
<x1>773</x1>
<y1>336</y1>
<x2>840</x2>
<y2>322</y2>
<x3>844</x3>
<y3>349</y3>
<x4>777</x4>
<y4>363</y4>
</bndbox>
</object>
<object>
<name>text</name>
<bndbox>
<x1>831</x1>
<y1>270</y1>
<x2>855</x2>
<y2>267</y2>
<x3>860</x3>
<y3>291</y3>
<x4>836</x4>
<y4>295</y4>
</bndbox>
</object>
<object>
<name>text</name>
<bndbox>
<x1>250</x1>
<y1>300</y1>
<x2>275</x2>
<y2>297</y2>
<x3>275</x3>
<y3>309</y3>
<x4>250</x4>
<y4>312</y4>
</bndbox>
</object>
<object>
<name>text</name>
<bndbox>
<x1>276</x1>
<y1>298</y1>
<x2>297</x2>
<y2>295</y2>
<x3>297</x3>
<y3>306</y3>
<x4>277</x4>
<y4>309</y4>
</bndbox>
</object>
<object>
<name>text</name>
<bndbox>
<x1>617</x1>
<y1>260</y1>
<x2>641</x2>
<y2>257</y2>
<x3>641</x3>
<y3>268</y3>
<x4>617</x4>
<y4>270</y4>
</bndbox>
</object>
<object>
<name>text</name>
<bndbox>
<x1>642</x1>
<y1>259</y1>
<x2>674</x2>
<y2>256</y2>
<x3>674</x3>
<y3>264</y3>
<x4>642</x4>
<y4>267</y4>
</bndbox>
</object>
<object>
<name>text</name>
<bndbox>
<x1>940</x1>
<y1>228</y1>
<x2>961</x2>
<y2>225</y2>
<x3>961</x3>
<y3>232</y3>
<x4>940</x4>
<y4>235</y4>
</bndbox>
</object>
<object>
<name>text</name>
<bndbox>
<x1>960</x1>
<y1>223</y1>
<x2>989</x2>
<y2>220</y2>
<x3>990</x3>
<y3>229</y3>
<x4>961</x4>
<y4>232</y4>
</bndbox>
</object>
<object>
<name>text</name>
<bndbox>
<x1>923</x1>
<y1>489</y1>
<x2>955</x2>
<y2>483</y2>
<x3>962</x3>
<y3>507</y3>
<x4>929</x4>
<y4>513</y4>
</bndbox>
</object>
<object>
<name>text</name>
<bndbox>
<x1>656</x1>
<y1>348</y1>
<x2>684</x2>
<y2>345</y2>
<x3>684</x3>
<y3>352</y3>
<x4>656</x4>
<y4>355</y4>
</bndbox>
</object>
<object>
<name>text</name>
<bndbox>
<x1>658</x1>
<y1>356</y1>
<x2>684</x2>
<y2>353</y2>
<x3>684</x3>
<y3>360</y3>
<x4>658</x4>
<y4>363</y4>
</bndbox>
</object>
<object>
<name>text</name>
<bndbox>
<x1>974</x1>
<y1>308</y1>
<x2>999</x2>
<y2>305</y2>
<x3>1000</x3>
<y3>312</y3>
<x4>975</x4>
<y4>314</y4>
</bndbox>
</object>
<object>
<name>text</name>
<bndbox>
<x1>979</x1>
<y1>314</y1>
<x2>1000</x2>
<y2>313</y2>
<x3>1000</x3>
<y3>320</y3>
<x4>979</x4>
<y4>322</y4>
</bndbox>
</object>
</annotation>