<?xml version="1.0" ?>
<annotation>
<folder>JPEGImages</folder>
<filename>img_494.xml</filename>
<path>xxxx</path>
<source>
<database>Unknown</database>
<annotation>xxx</annotation>
<image>xxx</image>
<flickrid>0</flickrid>
</source>
<size>
<width>1280</width>
<height>720</height>
<depth>3</depth>
</size>
<segmented>0</segmented>
<object>
<name>text</name>
<bndbox>
<x1>0</x1>
<y1>168</y1>
<x2>63</x2>
<y2>160</y2>
<x3>63</x3>
<y3>183</y3>
<x4>0</x4>
<y4>190</y4>
</bndbox>
</object>
<object>
<name>text</name>
<bndbox>
<x1>76</x1>
<y1>155</y1>
<x2>162</x2>
<y2>150</y2>
<x3>168</x3>
<y3>176</y3>
<x4>82</x4>
<y4>181</y4>
</bndbox>
</object>
<object>
<name>text</name>
<bndbox>
<x1>20</x1>
<y1>188</y1>
<x2>66</x2>
<y2>183</y2>
<x3>66</x3>
<y3>195</y3>
<x4>20</x4>
<y4>200</y4>
</bndbox>
</object>
<object>
<name>text</name>
<bndbox>
<x1>70</x1>
<y1>180</y1>
<x2>87</x2>
<y2>179</y2>
<x3>87</x3>
<y3>194</y3>
<x4>70</x4>
<y4>195</y4>
</bndbox>
</object>
<object>
<name>text</name>
<bndbox>
<x1>95</x1>
<y1>180</y1>
<x2>145</x2>
<y2>175</y2>
<x3>145</x3>
<y3>188</y3>
<x4>95</x4>
<y4>193</y4>
</bndbox>
</object>
<object>
<name>text</name>
<bndbox>
<x1>550</x1>
<y1>151</y1>
<x2>595</x2>
<y2>149</y2>
<x3>600</x3>
<y3>193</y3>
<x4>555</x4>
<y4>195</y4>
</bndbox>
</object>
<object>
<name>text</name>
<bndbox>
<x1>600</x1>
<y1>151</y1>
<x2>707</x2>
<y2>145</y2>
<x3>708</x3>
<y3>160</y3>
<x4>601</x4>
<y4>166</y4>
</bndbox>
</object>
<object>
<name>text</name>
<bndbox>
<x1>600</x1>
<y1>163</y1>
<x2>677</x2>
<y2>160</y2>
<x3>678</x3>
<y3>176</y3>
<x4>601</x4>
<y4>179</y4>
</bndbox>
</object>
<object>
<name>text</name>
<bndbox>
<x1>903</x1>
<y1>93</y1>
<x2>941</x2>
<y2>93</y2>
<x3>943</x3>
<y3>133</y3>
<x4>906</x4>
<y4>133</y4>
</bndbox>
</object>
</annotation>