<?xml version="1.0" ?>
<annotation>
<folder>JPEGImages</folder>
<filename>img_419.xml</filename>
<path>xxxx</path>
<source>
<database>Unknown</database>
<annotation>xxx</annotation>
<image>xxx</image>
<flickrid>0</flickrid>
</source>
<size>
<width>1280</width>
<height>720</height>
<depth>3</depth>
</size>
<segmented>0</segmented>
<object>
<name>text</name>
<bndbox>
<x1>356</x1>
<y1>23</y1>
<x2>409</x2>
<y2>21</y2>
<x3>409</x3>
<y3>61</y3>
<x4>357</x4>
<y4>63</y4>
</bndbox>
</object>
<object>
<name>text</name>
<bndbox>
<x1>711</x1>
<y1>114</y1>
<x2>746</x2>
<y2>112</y2>
<x3>746</x3>
<y3>133</y3>
<x4>712</x4>
<y4>135</y4>
</bndbox>
</object>
<object>
<name>text</name>
<bndbox>
<x1>357</x1>
<y1>63</y1>
<x2>395</x2>
<y2>62</y2>
<x3>396</x3>
<y3>76</y3>
<x4>358</x4>
<y4>78</y4>
</bndbox>
</object>
<object>
<name>text</name>
<bndbox>
<x1>395</x1>
<y1>61</y1>
<x2>434</x2>
<y2>60</y2>
<x3>434</x3>
<y3>75</y3>
<x4>396</x4>
<y4>76</y4>
</bndbox>
</object>
<object>
<name>text</name>
<bndbox>
<x1>646</x1>
<y1>117</y1>
<x2>688</x2>
<y2>114</y2>
<x3>689</x3>
<y3>137</y3>
<x4>647</x4>
<y4>140</y4>
</bndbox>
</object>
<object>
<name>text</name>
<bndbox>
<x1>407</x1>
<y1>21</y1>
<x2>434</x2>
<y2>20</y2>
<x3>437</x3>
<y3>44</y3>
<x4>410</x4>
<y4>45</y4>
</bndbox>
</object>
<object>
<name>text</name>
<bndbox>
<x1>690</x1>
<y1>115</y1>
<x2>706</x2>
<y2>114</y2>
<x3>707</x3>
<y3>135</y3>
<x4>691</x4>
<y4>135</y4>
</bndbox>
</object>
<object>
<name>text</name>
<bndbox>
<x1>788</x1>
<y1>96</y1>
<x2>832</x2>
<y2>95</y2>
<x3>831</x3>
<y3>116</y3>
<x4>788</x4>
<y4>117</y4>
</bndbox>
</object>
<object>
<name>text</name>
<bndbox>
<x1>832</x1>
<y1>94</y1>
<x2>850</x2>
<y2>93</y2>
<x3>851</x3>
<y3>115</y3>
<x4>833</x4>
<y4>116</y4>
</bndbox>
</object>
<object>
<name>text</name>
<bndbox>
<x1>801</x1>
<y1>123</y1>
<x2>838</x2>
<y2>122</y2>
<x3>838</x3>
<y3>140</y3>
<x4>802</x4>
<y4>142</y4>
</bndbox>
</object>
<object>
<name>text</name>
<bndbox>
<x1>888</x1>
<y1>104</y1>
<x2>932</x2>
<y2>102</y2>
<x3>933</x3>
<y3>122</y3>
<x4>889</x4>
<y4>123</y4>
</bndbox>
</object>
<object>
<name>text</name>
<bndbox>
<x1>933</x1>
<y1>101</y1>
<x2>950</x2>
<y2>101</y2>
<x3>950</x3>
<y3>121</y3>
<x4>934</x4>
<y4>121</y4>
</bndbox>
</object>
<object>
<name>text</name>
<bndbox>
<x1>261</x1>
<y1>28</y1>
<x2>340</x2>
<y2>25</y2>
<x3>341</x3>
<y3>62</y3>
<x4>262</x4>
<y4>66</y4>
</bndbox>
</object>
</annotation>