<?xml version="1.0" ?>
<annotation>
<folder>JPEGImages</folder>
<filename>img_34.xml</filename>
<path>xxxx</path>
<source>
<database>Unknown</database>
<annotation>xxx</annotation>
<image>xxx</image>
<flickrid>0</flickrid>
</source>
<size>
<width>1280</width>
<height>720</height>
<depth>3</depth>
</size>
<segmented>0</segmented>
<object>
<name>text</name>
<bndbox>
<x1>965</x1>
<y1>350</y1>
<x2>1012</x2>
<y2>353</y2>
<x3>1007</x3>
<y3>366</y3>
<x4>960</x4>
<y4>363</y4>
</bndbox>
</object>
<object>
<name>text</name>
<bndbox>
<x1>1015</x1>
<y1>351</y1>
<x2>1056</x2>
<y2>356</y2>
<x3>1052</x3>
<y3>371</y3>
<x4>1010</x4>
<y4>366</y4>
</bndbox>
</object>
<object>
<name>text</name>
<bndbox>
<x1>228</x1>
<y1>596</y1>
<x2>268</x2>
<y2>595</y2>
<x3>270</x3>
<y3>628</y3>
<x4>230</x4>
<y4>629</y4>
</bndbox>
</object>
<object>
<name>text</name>
<bndbox>
<x1>946</x1>
<y1>440</y1>
<x2>1061</x2>
<y2>454</y2>
<x3>1037</x3>
<y3>532</y3>
<x4>952</x4>
<y4>516</y4>
</bndbox>
</object>
<object>
<name>text</name>
<bndbox>
<x1>945</x1>
<y1>422</y1>
<x2>1068</x2>
<y2>437</y2>
<x3>1062</x3>
<y3>451</y3>
<x4>945</x4>
<y4>437</y4>
</bndbox>
</object>
<object>
<name>text</name>
<bndbox>
<x1>943</x1>
<y1>411</y1>
<x2>970</x2>
<y2>414</y2>
<x3>969</x3>
<y3>417</y3>
<x4>942</x4>
<y4>414</y4>
</bndbox>
</object>
<object>
<name>text</name>
<bndbox>
<x1>972</x1>
<y1>415</y1>
<x2>1000</x2>
<y2>417</y2>
<x3>1001</x3>
<y3>421</y3>
<x4>973</x4>
<y4>418</y4>
</bndbox>
</object>
<object>
<name>text</name>
<bndbox>
<x1>1003</x1>
<y1>418</y1>
<x2>1027</x2>
<y2>420</y2>
<x3>1029</x3>
<y3>427</y3>
<x4>1005</x4>
<y4>425</y4>
</bndbox>
</object>
<object>
<name>text</name>
<bndbox>
<x1>1033</x1>
<y1>422</y1>
<x2>1064</x2>
<y2>424</y2>
<x3>1064</x3>
<y3>427</y3>
<x4>1033</x4>
<y4>425</y4>
</bndbox>
</object>
<object>
<name>text</name>
<bndbox>
<x1>987</x1>
<y1>303</y1>
<x2>1077</x2>
<y2>304</y2>
<x3>1062</x3>
<y3>334</y3>
<x4>974</x4>
<y4>332</y4>
</bndbox>
</object>
<object>
<name>text</name>
<bndbox>
<x1>1022</x1>
<y1>160</y1>
<x2>1054</x2>
<y2>157</y2>
<x3>1055</x3>
<y3>165</y3>
<x4>1022</x4>
<y4>168</y4>
</bndbox>
</object>
<object>
<name>text</name>
<bndbox>
<x1>1028</x1>
<y1>142</y1>
<x2>1038</x2>
<y2>141</y2>
<x3>1038</x3>
<y3>149</y3>
<x4>1028</x4>
<y4>150</y4>
</bndbox>
</object>
<object>
<name>text</name>
<bndbox>
<x1>1</x1>
<y1>486</y1>
<x2>112</x2>
<y2>442</y2>
<x3>136</x3>
<y3>485</y3>
<x4>1</x4>
<y4>544</y4>
</bndbox>
</object>
</annotation>