<?xml version="1.0" ?>
<annotation>
<folder>JPEGImages</folder>
<filename>img_129.xml</filename>
<path>xxxx</path>
<source>
<database>Unknown</database>
<annotation>xxx</annotation>
<image>xxx</image>
<flickrid>0</flickrid>
</source>
<size>
<width>1280</width>
<height>720</height>
<depth>3</depth>
</size>
<segmented>0</segmented>
<object>
<name>text</name>
<bndbox>
<x1>632</x1>
<y1>82</y1>
<x2>782</x2>
<y2>66</y2>
<x3>784</x3>
<y3>98</y3>
<x4>634</x4>
<y4>113</y4>
</bndbox>
</object>
<object>
<name>text</name>
<bndbox>
<x1>639</x1>
<y1>114</y1>
<x2>703</x2>
<y2>108</y2>
<x3>704</x3>
<y3>120</y3>
<x4>639</x4>
<y4>127</y4>
</bndbox>
</object>
<object>
<name>text</name>
<bndbox>
<x1>713</x1>
<y1>104</y1>
<x2>783</x2>
<y2>98</y2>
<x3>784</x3>
<y3>113</y3>
<x4>714</x4>
<y4>119</y4>
</bndbox>
</object>
<object>
<name>text</name>
<bndbox>
<x1>962</x1>
<y1>302</y1>
<x2>1018</x2>
<y2>300</y2>
<x3>1018</x3>
<y3>314</y3>
<x4>962</x4>
<y4>316</y4>
</bndbox>
</object>
</annotation>