<?xml version="1.0" ?>
<annotation>
<folder>JPEGImages</folder>
<filename>img_454.xml</filename>
<path>xxxx</path>
<source>
<database>Unknown</database>
<annotation>xxx</annotation>
<image>xxx</image>
<flickrid>0</flickrid>
</source>
<size>
<width>1280</width>
<height>720</height>
<depth>3</depth>
</size>
<segmented>0</segmented>
<object>
<name>text</name>
<bndbox>
<x1>1101</x1>
<y1>72</y1>
<x2>1191</x2>
<y2>67</y2>
<x3>1190</x3>
<y3>81</y3>
<x4>1100</x4>
<y4>86</y4>
</bndbox>
</object>
<object>
<name>text</name>
<bndbox>
<x1>826</x1>
<y1>347</y1>
<x2>945</x2>
<y2>374</y2>
<x3>939</x3>
<y3>392</y3>
<x4>820</x4>
<y4>365</y4>
</bndbox>
</object>
<object>
<name>text</name>
<bndbox>
<x1>1088</x1>
<y1>302</y1>
<x2>1197</x2>
<y2>321</y2>
<x3>1191</x3>
<y3>350</y3>
<x4>1082</x4>
<y4>331</y4>
</bndbox>
</object>
<object>
<name>text</name>
<bndbox>
<x1>1077</x1>
<y1>452</y1>
<x2>1171</x2>
<y2>478</y2>
<x3>1166</x3>
<y3>507</y3>
<x4>1072</x4>
<y4>481</y4>
</bndbox>
</object>
<object>
<name>text</name>
<bndbox>
<x1>1061</x1>
<y1>477</y1>
<x2>1180</x2>
<y2>520</y2>
<x3>1173</x3>
<y3>551</y3>
<x4>1055</x4>
<y4>508</y4>
</bndbox>
</object>
<object>
<name>text</name>
<bndbox>
<x1>1081</x1>
<y1>267</y1>
<x2>1208</x2>
<y2>284</y2>
<x3>1205</x3>
<y3>312</y3>
<x4>1078</x4>
<y4>295</y4>
</bndbox>
</object>
<object>
<name>text</name>
<bndbox>
<x1>1061</x1>
<y1>517</y1>
<x2>1172</x2>
<y2>555</y2>
<x3>1167</x3>
<y3>584</y3>
<x4>1056</x4>
<y4>546</y4>
</bndbox>
</object>
<object>
<name>text</name>
<bndbox>
<x1>1098</x1>
<y1>235</y1>
<x2>1199</x2>
<y2>241</y2>
<x3>1197</x3>
<y3>270</y3>
<x4>1096</x4>
<y4>264</y4>
</bndbox>
</object>
<object>
<name>text</name>
<bndbox>
<x1>1130</x1>
<y1>112</y1>
<x2>1182</x2>
<y2>108</y2>
<x3>1178</x3>
<y3>131</y3>
<x4>1126</x4>
<y4>134</y4>
</bndbox>
</object>
<object>
<name>text</name>
<bndbox>
<x1>1119</x1>
<y1>91</y1>
<x2>1170</x2>
<y2>88</y2>
<x3>1168</x3>
<y3>101</y3>
<x4>1117</x4>
<y4>104</y4>
</bndbox>
</object>
<object>
<name>text</name>
<bndbox>
<x1>1254</x1>
<y1>17</y1>
<x2>1279</x2>
<y2>13</y2>
<x3>1279</x3>
<y3>21</y3>
<x4>1254</x4>
<y4>26</y4>
</bndbox>
</object>
<object>
<name>text</name>
<bndbox>
<x1>861</x1>
<y1>201</y1>
<x2>930</x2>
<y2>209</y2>
<x3>921</x3>
<y3>247</y3>
<x4>852</x4>
<y4>239</y4>
</bndbox>
</object>
<object>
<name>text</name>
<bndbox>
<x1>863</x1>
<y1>177</y1>
<x2>931</x2>
<y2>184</y2>
<x3>931</x3>
<y3>201</y3>
<x4>863</x4>
<y4>193</y4>
</bndbox>
</object>
<object>
<name>text</name>
<bndbox>
<x1>831</x1>
<y1>369</y1>
<x2>866</x2>
<y2>375</y2>
<x3>859</x3>
<y3>391</y3>
<x4>825</x4>
<y4>385</y4>
</bndbox>
</object>
<object>
<name>text</name>
<bndbox>
<x1>337</x1>
<y1>249</y1>
<x2>382</x2>
<y2>252</y2>
<x3>380</x3>
<y3>301</y3>
<x4>335</x4>
<y4>297</y4>
</bndbox>
</object>
<object>
<name>text</name>
<bndbox>
<x1>350</x1>
<y1>188</y1>
<x2>394</x2>
<y2>192</y2>
<x3>391</x3>
<y3>238</y3>
<x4>347</x4>
<y4>234</y4>
</bndbox>
</object>
<object>
<name>text</name>
<bndbox>
<x1>191</x1>
<y1>20</y1>
<x2>231</x2>
<y2>26</y2>
<x3>230</x3>
<y3>41</y3>
<x4>190</x4>
<y4>35</y4>
</bndbox>
</object>
<object>
<name>text</name>
<bndbox>
<x1>626</x1>
<y1>175</y1>
<x2>695</x2>
<y2>194</y2>
<x3>680</x3>
<y3>318</y3>
<x4>611</x4>
<y4>299</y4>
</bndbox>
</object>
</annotation>