<?xml version="1.0" ?>
<annotation>
<folder>JPEGImages</folder>
<filename>img_25.xml</filename>
<path>xxxx</path>
<source>
<database>Unknown</database>
<annotation>xxx</annotation>
<image>xxx</image>
<flickrid>0</flickrid>
</source>
<size>
<width>1280</width>
<height>720</height>
<depth>3</depth>
</size>
<segmented>0</segmented>
<object>
<name>text</name>
<bndbox>
<x1>384</x1>
<y1>308</y1>
<x2>404</x2>
<y2>307</y2>
<x3>405</x3>
<y3>322</y3>
<x4>385</x4>
<y4>323</y4>
</bndbox>
</object>
<object>
<name>text</name>
<bndbox>
<x1>354</x1>
<y1>333</y1>
<x2>378</x2>
<y2>330</y2>
<x3>380</x3>
<y3>349</y3>
<x4>356</x4>
<y4>351</y4>
</bndbox>
</object>
<object>
<name>text</name>
<bndbox>
<x1>379</x1>
<y1>329</y1>
<x2>404</x2>
<y2>329</y2>
<x3>406</x3>
<y3>350</y3>
<x4>381</x4>
<y4>351</y4>
</bndbox>
</object>
</annotation>