<?xml version="1.0" ?>
<annotation>
<folder>JPEGImages</folder>
<filename>img_17.xml</filename>
<path>xxxx</path>
<source>
<database>Unknown</database>
<annotation>xxx</annotation>
<image>xxx</image>
<flickrid>0</flickrid>
</source>
<size>
<width>1280</width>
<height>720</height>
<depth>3</depth>
</size>
<segmented>0</segmented>
<object>
<name>text</name>
<bndbox>
<x1>497</x1>
<y1>49</y1>
<x2>639</x2>
<y2>55</y2>
<x3>638</x3>
<y3>85</y3>
<x4>496</x4>
<y4>79</y4>
</bndbox>
</object>
<object>
<name>text</name>
<bndbox>
<x1>204</x1>
<y1>67</y1>
<x2>215</x2>
<y2>66</y2>
<x3>212</x3>
<y3>88</y3>
<x4>202</x4>
<y4>89</y4>
</bndbox>
</object>
<object>
<name>text</name>
<bndbox>
<x1>243</x1>
<y1>79</y1>
<x2>251</x2>
<y2>80</y2>
<x3>251</x3>
<y3>107</y3>
<x4>243</x4>
<y4>105</y4>
</bndbox>
</object>
</annotation>