<?xml version="1.0" ?>
<annotation>
<folder>JPEGImages</folder>
<filename>img_226.xml</filename>
<path>xxxx</path>
<source>
<database>Unknown</database>
<annotation>xxx</annotation>
<image>xxx</image>
<flickrid>0</flickrid>
</source>
<size>
<width>1280</width>
<height>720</height>
<depth>3</depth>
</size>
<segmented>0</segmented>
<object>
<name>text</name>
<bndbox>
<x1>389</x1>
<y1>221</y1>
<x2>643</x2>
<y2>213</y2>
<x3>644</x3>
<y3>243</y3>
<x4>389</x4>
<y4>252</y4>
</bndbox>
</object>
<object>
<name>text</name>
<bndbox>
<x1>41</x1>
<y1>251</y1>
<x2>106</x2>
<y2>250</y2>
<x3>106</x3>
<y3>270</y3>
<x4>41</x4>
<y4>271</y4>
</bndbox>
</object>
<object>
<name>text</name>
<bndbox>
<x1>201</x1>
<y1>287</y1>
<x2>226</x2>
<y2>286</y2>
<x3>226</x3>
<y3>298</y3>
<x4>201</x4>
<y4>299</y4>
</bndbox>
</object>
<object>
<name>text</name>
<bndbox>
<x1>866</x1>
<y1>605</y1>
<x2>907</x2>
<y2>626</y2>
<x3>907</x3>
<y3>661</y3>
<x4>866</x4>
<y4>640</y4>
</bndbox>
</object>
<object>
<name>text</name>
<bndbox>
<x1>906</x1>
<y1>626</y1>
<x2>933</x2>
<y2>644</y2>
<x3>933</x3>
<y3>683</y3>
<x4>906</x4>
<y4>666</y4>
</bndbox>
</object>
<object>
<name>text</name>
<bndbox>
<x1>932</x1>
<y1>638</y1>
<x2>990</x2>
<y2>668</y2>
<x3>990</x3>
<y3>717</y3>
<x4>932</x4>
<y4>688</y4>
</bndbox>
</object>
</annotation>