<?xml version="1.0" ?>
<annotation>
<folder>JPEGImages</folder>
<filename>img_491.xml</filename>
<path>xxxx</path>
<source>
<database>Unknown</database>
<annotation>xxx</annotation>
<image>xxx</image>
<flickrid>0</flickrid>
</source>
<size>
<width>1280</width>
<height>720</height>
<depth>3</depth>
</size>
<segmented>0</segmented>
<object>
<name>text</name>
<bndbox>
<x1>340</x1>
<y1>104</y1>
<x2>378</x2>
<y2>105</y2>
<x3>378</x3>
<y3>131</y3>
<x4>340</x4>
<y4>130</y4>
</bndbox>
</object>
<object>
<name>text</name>
<bndbox>
<x1>1061</x1>
<y1>116</y1>
<x2>1248</x2>
<y2>119</y2>
<x3>1252</x3>
<y3>150</y3>
<x4>1065</x4>
<y4>148</y4>
</bndbox>
</object>
<object>
<name>text</name>
<bndbox>
<x1>236</x1>
<y1>81</y1>
<x2>333</x2>
<y2>85</y2>
<x3>332</x3>
<y3>120</y3>
<x4>235</x4>
<y4>116</y4>
</bndbox>
</object>
<object>
<name>text</name>
<bndbox>
<x1>800</x1>
<y1>115</y1>
<x2>917</x2>
<y2>116</y2>
<x3>921</x3>
<y3>148</y3>
<x4>803</x4>
<y4>146</y4>
</bndbox>
</object>
<object>
<name>text</name>
<bndbox>
<x1>931</x1>
<y1>115</y1>
<x2>1050</x2>
<y2>116</y2>
<x3>1047</x3>
<y3>148</y3>
<x4>928</x4>
<y4>146</y4>
</bndbox>
</object>
<object>
<name>text</name>
<bndbox>
<x1>101</x1>
<y1>83</y1>
<x2>145</x2>
<y2>83</y2>
<x3>145</x3>
<y3>119</y3>
<x4>101</x4>
<y4>119</y4>
</bndbox>
</object>
<object>
<name>text</name>
<bndbox>
<x1>143</x1>
<y1>83</y1>
<x2>238</x2>
<y2>84</y2>
<x3>237</x3>
<y3>118</y3>
<x4>142</x4>
<y4>116</y4>
</bndbox>
</object>
<object>
<name>text</name>
<bndbox>
<x1>801</x1>
<y1>148</y1>
<x2>1251</x2>
<y2>153</y2>
<x3>1251</x3>
<y3>169</y3>
<x4>801</x4>
<y4>164</y4>
</bndbox>
</object>
<object>
<name>text</name>
<bndbox>
<x1>375</x1>
<y1>104</y1>
<x2>411</x2>
<y2>104</y2>
<x3>413</x3>
<y3>129</y3>
<x4>377</x4>
<y4>129</y4>
</bndbox>
</object>
<object>
<name>text</name>
<bndbox>
<x1>412</x1>
<y1>104</y1>
<x2>467</x2>
<y2>105</y2>
<x3>467</x3>
<y3>130</y3>
<x4>412</x4>
<y4>129</y4>
</bndbox>
</object>
<object>
<name>text</name>
<bndbox>
<x1>468</x1>
<y1>104</y1>
<x2>573</x2>
<y2>108</y2>
<x3>572</x3>
<y3>134</y3>
<x4>467</x4>
<y4>130</y4>
</bndbox>
</object>
<object>
<name>text</name>
<bndbox>
<x1>571</x1>
<y1>106</y1>
<x2>606</x2>
<y2>108</y2>
<x3>605</x3>
<y3>133</y3>
<x4>570</x4>
<y4>131</y4>
</bndbox>
</object>
<object>
<name>text</name>
<bndbox>
<x1>98</x1>
<y1>119</y1>
<x2>331</x2>
<y2>123</y2>
<x3>332</x3>
<y3>145</y3>
<x4>100</x4>
<y4>141</y4>
</bndbox>
</object>
<object>
<name>text</name>
<bndbox>
<x1>12</x1>
<y1>83</y1>
<x2>77</x2>
<y2>85</y2>
<x3>81</x3>
<y3>126</y3>
<x4>16</x4>
<y4>124</y4>
</bndbox>
</object>
</annotation>