<?xml version="1.0" ?>
<annotation>
<folder>JPEGImages</folder>
<filename>img_368.xml</filename>
<path>xxxx</path>
<source>
<database>Unknown</database>
<annotation>xxx</annotation>
<image>xxx</image>
<flickrid>0</flickrid>
</source>
<size>
<width>1280</width>
<height>720</height>
<depth>3</depth>
</size>
<segmented>0</segmented>
<object>
<name>text</name>
<bndbox>
<x1>1179</x1>
<y1>59</y1>
<x2>1213</x2>
<y2>60</y2>
<x3>1216</x3>
<y3>101</y3>
<x4>1182</x4>
<y4>100</y4>
</bndbox>
</object>
<object>
<name>text</name>
<bndbox>
<x1>1205</x1>
<y1>62</y1>
<x2>1242</x2>
<y2>64</y2>
<x3>1244</x3>
<y3>124</y3>
<x4>1206</x4>
<y4>122</y4>
</bndbox>
</object>
<object>
<name>text</name>
<bndbox>
<x1>252</x1>
<y1>2</y1>
<x2>409</x2>
<y2>150</y2>
<x3>397</x3>
<y3>190</y3>
<x4>226</x4>
<y4>62</y4>
</bndbox>
</object>
</annotation>