<?xml version="1.0" ?>
<annotation>
<folder>JPEGImages</folder>
<filename>img_306.xml</filename>
<path>xxxx</path>
<source>
<database>Unknown</database>
<annotation>xxx</annotation>
<image>xxx</image>
<flickrid>0</flickrid>
</source>
<size>
<width>1280</width>
<height>720</height>
<depth>3</depth>
</size>
<segmented>0</segmented>
<object>
<name>text</name>
<bndbox>
<x1>1</x1>
<y1>163</y1>
<x2>124</x2>
<y2>152</y2>
<x3>124</x3>
<y3>189</y3>
<x4>1</x4>
<y4>199</y4>
</bndbox>
</object>
<object>
<name>text</name>
<bndbox>
<x1>645</x1>
<y1>85</y1>
<x2>782</x2>
<y2>61</y2>
<x3>785</x3>
<y3>98</y3>
<x4>648</x4>
<y4>123</y4>
</bndbox>
</object>
<object>
<name>text</name>
<bndbox>
<x1>468</x1>
<y1>124</y1>
<x2>535</x2>
<y2>122</y2>
<x3>536</x3>
<y3>132</y3>
<x4>471</x4>
<y4>137</y4>
</bndbox>
</object>
<object>
<name>text</name>
<bndbox>
<x1>287</x1>
<y1>9</y1>
<x2>310</x2>
<y2>28</y2>
<x3>310</x3>
<y3>69</y3>
<x4>288</x4>
<y4>57</y4>
</bndbox>
</object>
<object>
<name>text</name>
<bndbox>
<x1>1056</x1>
<y1>5</y1>
<x2>1155</x2>
<y2>0</y2>
<x3>1157</x3>
<y3>18</y3>
<x4>1061</x4>
<y4>39</y4>
</bndbox>
</object>
<object>
<name>text</name>
<bndbox>
<x1>1165</x1>
<y1>0</y1>
<x2>1239</x2>
<y2>0</y2>
<x3>1238</x3>
<y3>1</y3>
<x4>1166</x4>
<y4>12</y4>
</bndbox>
</object>
<object>
<name>text</name>
<bndbox>
<x1>1231</x1>
<y1>33</y1>
<x2>1275</x2>
<y2>31</y2>
<x3>1274</x3>
<y3>40</y3>
<x4>1234</x4>
<y4>48</y4>
</bndbox>
</object>
<object>
<name>text</name>
<bndbox>
<x1>723</x1>
<y1>167</y1>
<x2>751</x2>
<y2>166</y2>
<x3>752</x3>
<y3>175</y3>
<x4>724</x4>
<y4>181</y4>
</bndbox>
</object>
</annotation>