<?xml version="1.0" ?>
<annotation>
<folder>JPEGImages</folder>
<filename>img_514.xml</filename>
<path>xxxx</path>
<source>
<database>Unknown</database>
<annotation>xxx</annotation>
<image>xxx</image>
<flickrid>0</flickrid>
</source>
<size>
<width>1280</width>
<height>720</height>
<depth>3</depth>
</size>
<segmented>0</segmented>
<object>
<name>text</name>
<bndbox>
<x1>400</x1>
<y1>151</y1>
<x2>528</x2>
<y2>125</y2>
<x3>532</x3>
<y3>159</y3>
<x4>403</x4>
<y4>185</y4>
</bndbox>
</object>
<object>
<name>text</name>
<bndbox>
<x1>570</x1>
<y1>118</y1>
<x2>695</x2>
<y2>94</y2>
<x3>700</x3>
<y3>128</y3>
<x4>575</x4>
<y4>151</y4>
</bndbox>
</object>
<object>
<name>text</name>
<bndbox>
<x1>780</x1>
<y1>243</y1>
<x2>810</x2>
<y2>240</y2>
<x3>827</x3>
<y3>349</y3>
<x4>797</x4>
<y4>351</y4>
</bndbox>
</object>
<object>
<name>text</name>
<bndbox>
<x1>761</x1>
<y1>89</y1>
<x2>781</x2>
<y2>86</y2>
<x3>798</x3>
<y3>195</y3>
<x4>778</x4>
<y4>198</y4>
</bndbox>
</object>
<object>
<name>text</name>
<bndbox>
<x1>256</x1>
<y1>240</y1>
<x2>353</x2>
<y2>221</y2>
<x3>360</x3>
<y3>240</y3>
<x4>262</x4>
<y4>259</y4>
</bndbox>
</object>
<object>
<name>text</name>
<bndbox>
<x1>830</x1>
<y1>358</y1>
<x2>878</x2>
<y2>620</y2>
<x3>852</x3>
<y3>628</y3>
<x4>803</x4>
<y4>365</y4>
</bndbox>
</object>
<object>
<name>text</name>
<bndbox>
<x1>499</x1>
<y1>691</y1>
<x2>791</x2>
<y2>627</y2>
<x3>800</x3>
<y3>670</y3>
<x4>508</x4>
<y4>718</y4>
</bndbox>
</object>
<object>
<name>text</name>
<bndbox>
<x1>5</x1>
<y1>465</y1>
<x2>101</x2>
<y2>419</y2>
<x3>107</x3>
<y3>454</y3>
<x4>5</x4>
<y4>507</y4>
</bndbox>
</object>
<object>
<name>text</name>
<bndbox>
<x1>2</x1>
<y1>410</y1>
<x2>53</x2>
<y2>389</y2>
<x3>56</x3>
<y3>433</y3>
<x4>5</x4>
<y4>452</y4>
</bndbox>
</object>
</annotation>