<?xml version="1.0" ?>
<annotation>
<folder>JPEGImages</folder>
<filename>img_366.xml</filename>
<path>xxxx</path>
<source>
<database>Unknown</database>
<annotation>xxx</annotation>
<image>xxx</image>
<flickrid>0</flickrid>
</source>
<size>
<width>1280</width>
<height>720</height>
<depth>3</depth>
</size>
<segmented>0</segmented>
<object>
<name>text</name>
<bndbox>
<x1>732</x1>
<y1>113</y1>
<x2>768</x2>
<y2>100</y2>
<x3>763</x3>
<y3>144</y3>
<x4>727</x4>
<y4>156</y4>
</bndbox>
</object>
<object>
<name>text</name>
<bndbox>
<x1>788</x1>
<y1>70</y1>
<x2>852</x2>
<y2>45</y2>
<x3>846</x3>
<y3>107</y3>
<x4>782</x4>
<y4>132</y4>
</bndbox>
</object>
<object>
<name>text</name>
<bndbox>
<x1>822</x1>
<y1>395</y1>
<x2>854</x2>
<y2>400</y2>
<x3>853</x3>
<y3>412</y3>
<x4>821</x4>
<y4>406</y4>
</bndbox>
</object>
<object>
<name>text</name>
<bndbox>
<x1>291</x1>
<y1>98</y1>
<x2>309</x2>
<y2>102</y2>
<x3>306</x3>
<y3>125</y3>
<x4>288</x4>
<y4>122</y4>
</bndbox>
</object>
</annotation>