<?xml version="1.0" ?>
<annotation>
<folder>JPEGImages</folder>
<filename>img_273.xml</filename>
<path>xxxx</path>
<source>
<database>Unknown</database>
<annotation>xxx</annotation>
<image>xxx</image>
<flickrid>0</flickrid>
</source>
<size>
<width>1280</width>
<height>720</height>
<depth>3</depth>
</size>
<segmented>0</segmented>
<object>
<name>text</name>
<bndbox>
<x1>848</x1>
<y1>181</y1>
<x2>1009</x2>
<y2>88</y2>
<x3>1021</x3>
<y3>117</y3>
<x4>860</x4>
<y4>210</y4>
</bndbox>
</object>
<object>
<name>text</name>
<bndbox>
<x1>862</x1>
<y1>203</y1>
<x2>1011</x2>
<y2>123</y2>
<x3>1019</x3>
<y3>158</y3>
<x4>870</x4>
<y4>238</y4>
</bndbox>
</object>
<object>
<name>text</name>
<bndbox>
<x1>861</x1>
<y1>239</y1>
<x2>983</x2>
<y2>181</y2>
<x3>991</x3>
<y3>214</y3>
<x4>870</x4>
<y4>272</y4>
</bndbox>
</object>
<object>
<name>text</name>
<bndbox>
<x1>883</x1>
<y1>288</y1>
<x2>939</x2>
<y2>268</y2>
<x3>945</x3>
<y3>307</y3>
<x4>889</x4>
<y4>327</y4>
</bndbox>
</object>
<object>
<name>text</name>
<bndbox>
<x1>1220</x1>
<y1>488</y1>
<x2>1257</x2>
<y2>495</y2>
<x3>1250</x3>
<y3>617</y3>
<x4>1212</x4>
<y4>611</y4>
</bndbox>
</object>
<object>
<name>text</name>
<bndbox>
<x1>1123</x1>
<y1>25</y1>
<x2>1172</x2>
<y2>24</y2>
<x3>1170</x3>
<y3>40</y3>
<x4>1122</x4>
<y4>40</y4>
</bndbox>
</object>
<object>
<name>text</name>
<bndbox>
<x1>1123</x1>
<y1>41</y1>
<x2>1177</x2>
<y2>40</y2>
<x3>1177</x3>
<y3>54</y3>
<x4>1124</x4>
<y4>56</y4>
</bndbox>
</object>
<object>
<name>text</name>
<bndbox>
<x1>1122</x1>
<y1>56</y1>
<x2>1185</x2>
<y2>54</y2>
<x3>1185</x3>
<y3>71</y3>
<x4>1121</x4>
<y4>73</y4>
</bndbox>
</object>
</annotation>