<?xml version="1.0" ?>
<annotation>
<folder>JPEGImages</folder>
<filename>img_206.xml</filename>
<path>xxxx</path>
<source>
<database>Unknown</database>
<annotation>xxx</annotation>
<image>xxx</image>
<flickrid>0</flickrid>
</source>
<size>
<width>1280</width>
<height>720</height>
<depth>3</depth>
</size>
<segmented>0</segmented>
<object>
<name>text</name>
<bndbox>
<x1>333</x1>
<y1>69</y1>
<x2>390</x2>
<y2>72</y2>
<x3>387</x3>
<y3>102</y3>
<x4>330</x4>
<y4>99</y4>
</bndbox>
</object>
<object>
<name>text</name>
<bndbox>
<x1>587</x1>
<y1>290</y1>
<x2>605</x2>
<y2>286</y2>
<x3>607</x3>
<y3>341</y3>
<x4>589</x4>
<y4>345</y4>
</bndbox>
</object>
<object>
<name>text</name>
<bndbox>
<x1>605</x1>
<y1>287</y1>
<x2>629</x2>
<y2>286</y2>
<x3>630</x3>
<y3>322</y3>
<x4>606</x4>
<y4>322</y4>
</bndbox>
</object>
<object>
<name>text</name>
<bndbox>
<x1>631</x1>
<y1>288</y1>
<x2>667</x2>
<y2>287</y2>
<x3>668</x3>
<y3>342</y3>
<x4>632</x4>
<y4>344</y4>
</bndbox>
</object>
<object>
<name>text</name>
<bndbox>
<x1>602</x1>
<y1>359</y1>
<x2>658</x2>
<y2>356</y2>
<x3>658</x3>
<y3>371</y3>
<x4>603</x4>
<y4>374</y4>
</bndbox>
</object>
<object>
<name>text</name>
<bndbox>
<x1>620</x1>
<y1>376</y1>
<x2>651</x2>
<y2>373</y2>
<x3>652</x3>
<y3>390</y3>
<x4>620</x4>
<y4>393</y4>
</bndbox>
</object>
<object>
<name>text</name>
<bndbox>
<x1>596</x1>
<y1>392</y1>
<x2>674</x2>
<y2>391</y2>
<x3>674</x3>
<y3>408</y3>
<x4>596</x4>
<y4>409</y4>
</bndbox>
</object>
<object>
<name>text</name>
<bndbox>
<x1>600</x1>
<y1>411</y1>
<x2>674</x2>
<y2>410</y2>
<x3>676</x3>
<y3>426</y3>
<x4>601</x4>
<y4>427</y4>
</bndbox>
</object>
</annotation>