<?xml version="1.0" ?>
<annotation>
<folder>JPEGImages</folder>
<filename>img_106.xml</filename>
<path>xxxx</path>
<source>
<database>Unknown</database>
<annotation>xxx</annotation>
<image>xxx</image>
<flickrid>0</flickrid>
</source>
<size>
<width>1280</width>
<height>720</height>
<depth>3</depth>
</size>
<segmented>0</segmented>
<object>
<name>text</name>
<bndbox>
<x1>978</x1>
<y1>46</y1>
<x2>1033</x2>
<y2>36</y2>
<x3>1034</x3>
<y3>53</y3>
<x4>979</x4>
<y4>63</y4>
</bndbox>
</object>
<object>
<name>text</name>
<bndbox>
<x1>995</x1>
<y1>67</y1>
<x2>1017</x2>
<y2>64</y2>
<x3>1020</x3>
<y3>105</y3>
<x4>999</x4>
<y4>108</y4>
</bndbox>
</object>
<object>
<name>text</name>
<bndbox>
<x1>983</x1>
<y1>128</y1>
<x2>1041</x2>
<y2>125</y2>
<x3>1041</x3>
<y3>137</y3>
<x4>982</x4>
<y4>140</y4>
</bndbox>
</object>
<object>
<name>text</name>
<bndbox>
<x1>986</x1>
<y1>217</y1>
<x2>1051</x2>
<y2>218</y2>
<x3>1051</x3>
<y3>234</y3>
<x4>985</x4>
<y4>233</y4>
</bndbox>
</object>
<object>
<name>text</name>
<bndbox>
<x1>790</x1>
<y1>122</y1>
<x2>797</x2>
<y2>122</y2>
<x3>799</x3>
<y3>130</y3>
<x4>791</x4>
<y4>131</y4>
</bndbox>
</object>
<object>
<name>text</name>
<bndbox>
<x1>751</x1>
<y1>117</y1>
<x2>780</x2>
<y2>113</y2>
<x3>782</x3>
<y3>128</y3>
<x4>753</x4>
<y4>132</y4>
</bndbox>
</object>
</annotation>