<?xml version="1.0" ?>
<annotation>
<folder>JPEGImages</folder>
<filename>img_21.xml</filename>
<path>xxxx</path>
<source>
<database>Unknown</database>
<annotation>xxx</annotation>
<image>xxx</image>
<flickrid>0</flickrid>
</source>
<size>
<width>1280</width>
<height>720</height>
<depth>3</depth>
</size>
<segmented>0</segmented>
<object>
<name>text</name>
<bndbox>
<x1>401</x1>
<y1>192</y1>
<x2>482</x2>
<y2>172</y2>
<x3>492</x3>
<y3>214</y3>
<x4>411</x4>
<y4>233</y4>
</bndbox>
</object>
<object>
<name>text</name>
<bndbox>
<x1>1064</x1>
<y1>135</y1>
<x2>1082</x2>
<y2>127</y2>
<x3>1090</x3>
<y3>154</y3>
<x4>1072</x4>
<y4>162</y4>
</bndbox>
</object>
<object>
<name>text</name>
<bndbox>
<x1>1071</x1>
<y1>163</y1>
<x2>1094</x2>
<y2>155</y2>
<x3>1103</x3>
<y3>184</y3>
<x4>1080</x4>
<y4>193</y4>
</bndbox>
</object>
<object>
<name>text</name>
<bndbox>
<x1>1093</x1>
<y1>151</y1>
<x2>1151</x2>
<y2>130</y2>
<x3>1163</x3>
<y3>164</y3>
<x4>1105</x4>
<y4>185</y4>
</bndbox>
</object>
<object>
<name>text</name>
<bndbox>
<x1>1130</x1>
<y1>96</y1>
<x2>1171</x2>
<y2>70</y2>
<x3>1186</x3>
<y3>113</y3>
<x4>1145</x4>
<y4>130</y4>
</bndbox>
</object>
<object>
<name>text</name>
<bndbox>
<x1>1081</x1>
<y1>121</y1>
<x2>1128</x2>
<y2>100</y2>
<x3>1138</x3>
<y3>133</y3>
<x4>1092</x4>
<y4>154</y4>
</bndbox>
</object>
<object>
<name>text</name>
<bndbox>
<x1>507</x1>
<y1>164</y1>
<x2>597</x2>
<y2>141</y2>
<x3>609</x3>
<y3>181</y3>
<x4>519</x4>
<y4>203</y4>
</bndbox>
</object>
<object>
<name>text</name>
<bndbox>
<x1>414</x1>
<y1>260</y1>
<x2>493</x2>
<y2>243</y2>
<x3>499</x3>
<y3>271</y3>
<x4>420</x4>
<y4>289</y4>
</bndbox>
</object>
<object>
<name>text</name>
<bndbox>
<x1>529</x1>
<y1>232</y1>
<x2>612</x2>
<y2>211</y2>
<x3>625</x3>
<y3>244</y3>
<x4>541</x4>
<y4>264</y4>
</bndbox>
</object>
<object>
<name>text</name>
<bndbox>
<x1>1087</x1>
<y1>228</y1>
<x2>1162</x2>
<y2>218</y2>
<x3>1178</x3>
<y3>289</y3>
<x4>1103</x4>
<y4>299</y4>
</bndbox>
</object>
<object>
<name>text</name>
<bndbox>
<x1>124</x1>
<y1>490</y1>
<x2>159</x2>
<y2>478</y2>
<x3>166</x3>
<y3>503</y3>
<x4>131</x4>
<y4>515</y4>
</bndbox>
</object>
</annotation>