<?xml version="1.0" ?>
<annotation>
<folder>JPEGImages</folder>
<filename>img_325.xml</filename>
<path>xxxx</path>
<source>
<database>Unknown</database>
<annotation>xxx</annotation>
<image>xxx</image>
<flickrid>0</flickrid>
</source>
<size>
<width>1280</width>
<height>720</height>
<depth>3</depth>
</size>
<segmented>0</segmented>
<object>
<name>text</name>
<bndbox>
<x1>15</x1>
<y1>439</y1>
<x2>58</x2>
<y2>435</y2>
<x3>60</x3>
<y3>458</y3>
<x4>17</x4>
<y4>462</y4>
</bndbox>
</object>
<object>
<name>text</name>
<bndbox>
<x1>1</x1>
<y1>463</y1>
<x2>104</x2>
<y2>451</y2>
<x3>104</x3>
<y3>478</y3>
<x4>1</x4>
<y4>490</y4>
</bndbox>
</object>
<object>
<name>text</name>
<bndbox>
<x1>528</x1>
<y1>146</y1>
<x2>620</x2>
<y2>139</y2>
<x3>621</x3>
<y3>161</y3>
<x4>529</x4>
<y4>168</y4>
</bndbox>
</object>
<object>
<name>text</name>
<bndbox>
<x1>626</x1>
<y1>145</y1>
<x2>707</x2>
<y2>141</y2>
<x3>708</x3>
<y3>155</y3>
<x4>626</x4>
<y4>159</y4>
</bndbox>
</object>
<object>
<name>text</name>
<bndbox>
<x1>152</x1>
<y1>171</y1>
<x2>212</x2>
<y2>165</y2>
<x3>214</x3>
<y3>183</y3>
<x4>153</x4>
<y4>189</y4>
</bndbox>
</object>
<object>
<name>text</name>
<bndbox>
<x1>408</x1>
<y1>182</y1>
<x2>465</x2>
<y2>178</y2>
<x3>465</x3>
<y3>192</y3>
<x4>408</x4>
<y4>197</y4>
</bndbox>
</object>
<object>
<name>text</name>
<bndbox>
<x1>1246</x1>
<y1>95</y1>
<x2>1275</x2>
<y2>92</y2>
<x3>1279</x3>
<y3>114</y3>
<x4>1251</x4>
<y4>117</y4>
</bndbox>
</object>
</annotation>