<?xml version="1.0" ?>
<annotation>
<folder>JPEGImages</folder>
<filename>img_474.xml</filename>
<path>xxxx</path>
<source>
<database>Unknown</database>
<annotation>xxx</annotation>
<image>xxx</image>
<flickrid>0</flickrid>
</source>
<size>
<width>1280</width>
<height>720</height>
<depth>3</depth>
</size>
<segmented>0</segmented>
<object>
<name>text</name>
<bndbox>
<x1>847</x1>
<y1>116</y1>
<x2>942</x2>
<y2>110</y2>
<x3>943</x3>
<y3>129</y3>
<x4>848</x4>
<y4>135</y4>
</bndbox>
</object>
<object>
<name>text</name>
<bndbox>
<x1>940</x1>
<y1>109</y1>
<x2>1005</x2>
<y2>108</y2>
<x3>1007</x3>
<y3>124</y3>
<x4>942</x4>
<y4>125</y4>
</bndbox>
</object>
<object>
<name>text</name>
<bndbox>
<x1>486</x1>
<y1>214</y1>
<x2>542</x2>
<y2>203</y2>
<x3>543</x3>
<y3>225</y3>
<x4>487</x4>
<y4>236</y4>
</bndbox>
</object>
<object>
<name>text</name>
<bndbox>
<x1>660</x1>
<y1>20</y1>
<x2>786</x2>
<y2>0</y2>
<x3>790</x3>
<y3>36</y3>
<x4>663</x4>
<y4>56</y4>
</bndbox>
</object>
<object>
<name>text</name>
<bndbox>
<x1>247</x1>
<y1>440</y1>
<x2>284</x2>
<y2>438</y2>
<x3>286</x3>
<y3>470</y3>
<x4>249</x4>
<y4>472</y4>
</bndbox>
</object>
<object>
<name>text</name>
<bndbox>
<x1>396</x1>
<y1>115</y1>
<x2>438</x2>
<y2>122</y2>
<x3>438</x3>
<y3>144</y3>
<x4>396</x4>
<y4>137</y4>
</bndbox>
</object>
<object>
<name>text</name>
<bndbox>
<x1>631</x1>
<y1>0</y1>
<x2>778</x2>
<y2>1</y2>
<x3>789</x3>
<y3>5</y3>
<x4>635</x4>
<y4>41</y4>
</bndbox>
</object>
</annotation>