<?xml version="1.0" ?>
<annotation>
<folder>JPEGImages</folder>
<filename>img_141.xml</filename>
<path>xxxx</path>
<source>
<database>Unknown</database>
<annotation>xxx</annotation>
<image>xxx</image>
<flickrid>0</flickrid>
</source>
<size>
<width>1280</width>
<height>720</height>
<depth>3</depth>
</size>
<segmented>0</segmented>
<object>
<name>text</name>
<bndbox>
<x1>637</x1>
<y1>65</y1>
<x2>715</x2>
<y2>49</y2>
<x3>718</x3>
<y3>78</y3>
<x4>641</x4>
<y4>94</y4>
</bndbox>
</object>
<object>
<name>text</name>
<bndbox>
<x1>681</x1>
<y1>323</y1>
<x2>709</x2>
<y2>312</y2>
<x3>713</x3>
<y3>320</y3>
<x4>685</x4>
<y4>331</y4>
</bndbox>
</object>
<object>
<name>text</name>
<bndbox>
<x1>708</x1>
<y1>311</y1>
<x2>762</x2>
<y2>294</y2>
<x3>765</x3>
<y3>304</y3>
<x4>712</x4>
<y4>321</y4>
</bndbox>
</object>
<object>
<name>text</name>
<bndbox>
<x1>760</x1>
<y1>292</y1>
<x2>784</x2>
<y2>288</y2>
<x3>789</x3>
<y3>298</y3>
<x4>764</x4>
<y4>302</y4>
</bndbox>
</object>
<object>
<name>text</name>
<bndbox>
<x1>705</x1>
<y1>324</y1>
<x2>779</x2>
<y2>301</y2>
<x3>784</x3>
<y3>312</y3>
<x4>709</x4>
<y4>335</y4>
</bndbox>
</object>
<object>
<name>text</name>
<bndbox>
<x1>1118</x1>
<y1>23</y1>
<x2>1157</x2>
<y2>0</y2>
<x3>1190</x3>
<y3>0</y3>
<x4>1126</x4>
<y4>37</y4>
</bndbox>
</object>
<object>
<name>text</name>
<bndbox>
<x1>1085</x1>
<y1>0</y1>
<x2>1132</x2>
<y2>0</y2>
<x3>1156</x3>
<y3>0</y3>
<x4>1103</x4>
<y4>32</y4>
</bndbox>
</object>
</annotation>