<?xml version="1.0" ?>
<annotation>
<folder>JPEGImages</folder>
<filename>img_280.xml</filename>
<path>xxxx</path>
<source>
<database>Unknown</database>
<annotation>xxx</annotation>
<image>xxx</image>
<flickrid>0</flickrid>
</source>
<size>
<width>1280</width>
<height>720</height>
<depth>3</depth>
</size>
<segmented>0</segmented>
<object>
<name>text</name>
<bndbox>
<x1>145</x1>
<y1>56</y1>
<x2>228</x2>
<y2>55</y2>
<x3>228</x3>
<y3>89</y3>
<x4>146</x4>
<y4>90</y4>
</bndbox>
</object>
<object>
<name>text</name>
<bndbox>
<x1>776</x1>
<y1>18</y1>
<x2>873</x2>
<y2>28</y2>
<x3>876</x3>
<y3>68</y3>
<x4>781</x4>
<y4>68</y4>
</bndbox>
</object>
<object>
<name>text</name>
<bndbox>
<x1>824</x1>
<y1>87</y1>
<x2>881</x2>
<y2>80</y2>
<x3>897</x3>
<y3>183</y3>
<x4>840</x4>
<y4>190</y4>
</bndbox>
</object>
<object>
<name>text</name>
<bndbox>
<x1>905</x1>
<y1>57</y1>
<x2>1009</x2>
<y2>30</y2>
<x3>1013</x3>
<y3>46</y3>
<x4>910</x4>
<y4>73</y4>
</bndbox>
</object>
</annotation>