<?xml version="1.0" ?>
<annotation>
<folder>JPEGImages</folder>
<filename>img_460.xml</filename>
<path>xxxx</path>
<source>
<database>Unknown</database>
<annotation>xxx</annotation>
<image>xxx</image>
<flickrid>0</flickrid>
</source>
<size>
<width>1280</width>
<height>720</height>
<depth>3</depth>
</size>
<segmented>0</segmented>
<object>
<name>text</name>
<bndbox>
<x1>1228</x1>
<y1>84</y1>
<x2>1267</x2>
<y2>74</y2>
<x3>1268</x3>
<y3>83</y3>
<x4>1230</x4>
<y4>93</y4>
</bndbox>
</object>
<object>
<name>text</name>
<bndbox>
<x1>1186</x1>
<y1>333</y1>
<x2>1236</x2>
<y2>321</y2>
<x3>1242</x3>
<y3>342</y3>
<x4>1192</x4>
<y4>354</y4>
</bndbox>
</object>
<object>
<name>text</name>
<bndbox>
<x1>478</x1>
<y1>223</y1>
<x2>553</x2>
<y2>215</y2>
<x3>562</x3>
<y3>254</y3>
<x4>487</x4>
<y4>261</y4>
</bndbox>
</object>
<object>
<name>text</name>
<bndbox>
<x1>508</x1>
<y1>271</y1>
<x2>542</x2>
<y2>269</y2>
<x3>547</x3>
<y3>306</y3>
<x4>513</x4>
<y4>309</y4>
</bndbox>
</object>
<object>
<name>text</name>
<bndbox>
<x1>471</x1>
<y1>310</y1>
<x2>581</x2>
<y2>294</y2>
<x3>587</x3>
<y3>348</y3>
<x4>477</x4>
<y4>364</y4>
</bndbox>
</object>
<object>
<name>text</name>
<bndbox>
<x1>453</x1>
<y1>174</y1>
<x2>563</x2>
<y2>169</y2>
<x3>570</x3>
<y3>221</y3>
<x4>460</x4>
<y4>226</y4>
</bndbox>
</object>
<object>
<name>text</name>
<bndbox>
<x1>467</x1>
<y1>364</y1>
<x2>607</x2>
<y2>343</y2>
<x3>607</x3>
<y3>379</y3>
<x4>467</x4>
<y4>400</y4>
</bndbox>
</object>
<object>
<name>text</name>
<bndbox>
<x1>492</x1>
<y1>140</y1>
<x2>525</x2>
<y2>143</y2>
<x3>527</x3>
<y3>180</y3>
<x4>495</x4>
<y4>178</y4>
</bndbox>
</object>
<object>
<name>text</name>
<bndbox>
<x1>483</x1>
<y1>434</y1>
<x2>521</x2>
<y2>426</y2>
<x3>527</x3>
<y3>463</y3>
<x4>490</x4>
<y4>470</y4>
</bndbox>
</object>
<object>
<name>text</name>
<bndbox>
<x1>518</x1>
<y1>421</y1>
<x2>600</x2>
<y2>406</y2>
<x3>608</x3>
<y3>446</y3>
<x4>527</x4>
<y4>461</y4>
</bndbox>
</object>
<object>
<name>text</name>
<bndbox>
<x1>481</x1>
<y1>490</y1>
<x2>518</x2>
<y2>483</y2>
<x3>525</x3>
<y3>519</y3>
<x4>487</x4>
<y4>526</y4>
</bndbox>
</object>
<object>
<name>text</name>
<bndbox>
<x1>515</x1>
<y1>481</y1>
<x2>613</x2>
<y2>458</y2>
<x3>623</x3>
<y3>495</y3>
<x4>525</x4>
<y4>519</y4>
</bndbox>
</object>
<object>
<name>text</name>
<bndbox>
<x1>962</x1>
<y1>308</y1>
<x2>1020</x2>
<y2>301</y2>
<x3>1022</x3>
<y3>336</y3>
<x4>965</x4>
<y4>343</y4>
</bndbox>
</object>
<object>
<name>text</name>
<bndbox>
<x1>1055</x1>
<y1>289</y1>
<x2>1111</x2>
<y2>283</y2>
<x3>1115</x3>
<y3>314</y3>
<x4>1058</x4>
<y4>320</y4>
</bndbox>
</object>
<object>
<name>text</name>
<bndbox>
<x1>732</x1>
<y1>510</y1>
<x2>761</x2>
<y2>503</y2>
<x3>765</x3>
<y3>520</y3>
<x4>736</x4>
<y4>528</y4>
</bndbox>
</object>
<object>
<name>text</name>
<bndbox>
<x1>768</x1>
<y1>500</y1>
<x2>800</x2>
<y2>488</y2>
<x3>805</x3>
<y3>500</y3>
<x4>773</x4>
<y4>513</y4>
</bndbox>
</object>
<object>
<name>text</name>
<bndbox>
<x1>780</x1>
<y1>509</y1>
<x2>800</x2>
<y2>504</y2>
<x3>803</x3>
<y3>515</y3>
<x4>783</x4>
<y4>520</y4>
</bndbox>
</object>
<object>
<name>text</name>
<bndbox>
<x1>35</x1>
<y1>698</y1>
<x2>80</x2>
<y2>688</y2>
<x3>83</x3>
<y3>709</y3>
<x4>38</x4>
<y4>719</y4>
</bndbox>
</object>
<object>
<name>text</name>
<bndbox>
<x1>1212</x1>
<y1>58</y1>
<x2>1263</x2>
<y2>45</y2>
<x3>1270</x3>
<y3>61</y3>
<x4>1218</x4>
<y4>74</y4>
</bndbox>
</object>
<object>
<name>text</name>
<bndbox>
<x1>1218</x1>
<y1>71</y1>
<x2>1270</x2>
<y2>60</y2>
<x3>1272</x3>
<y3>73</y3>
<x4>1221</x4>
<y4>84</y4>
</bndbox>
</object>
<object>
<name>text</name>
<bndbox>
<x1>157</x1>
<y1>247</y1>
<x2>223</x2>
<y2>240</y2>
<x3>226</x3>
<y3>260</y3>
<x4>160</x4>
<y4>267</y4>
</bndbox>
</object>
<object>
<name>text</name>
<bndbox>
<x1>239</x1>
<y1>256</y1>
<x2>325</x2>
<y2>251</y2>
<x3>324</x3>
<y3>260</y3>
<x4>238</x4>
<y4>265</y4>
</bndbox>
</object>
<object>
<name>text</name>
<bndbox>
<x1>232</x1>
<y1>237</y1>
<x2>290</x2>
<y2>237</y2>
<x3>294</x3>
<y3>251</y3>
<x4>236</x4>
<y4>251</y4>
</bndbox>
</object>
<object>
<name>text</name>
<bndbox>
<x1>31</x1>
<y1>421</y1>
<x2>84</x2>
<y2>416</y2>
<x3>84</x3>
<y3>426</y3>
<x4>31</x4>
<y4>431</y4>
</bndbox>
</object>
<object>
<name>text</name>
<bndbox>
<x1>137</x1>
<y1>407</y1>
<x2>177</x2>
<y2>402</y2>
<x3>176</x3>
<y3>411</y3>
<x4>136</x4>
<y4>415</y4>
</bndbox>
</object>
<object>
<name>text</name>
<bndbox>
<x1>213</x1>
<y1>395</y1>
<x2>256</x2>
<y2>390</y2>
<x3>256</x3>
<y3>397</y3>
<x4>213</x4>
<y4>402</y4>
</bndbox>
</object>
<object>
<name>text</name>
<bndbox>
<x1>362</x1>
<y1>373</y1>
<x2>394</x2>
<y2>368</y2>
<x3>392</x3>
<y3>376</y3>
<x4>360</x4>
<y4>381</y4>
</bndbox>
</object>
<object>
<name>text</name>
<bndbox>
<x1>277</x1>
<y1>388</y1>
<x2>290</x2>
<y2>386</y2>
<x3>290</x3>
<y3>396</y3>
<x4>277</x4>
<y4>398</y4>
</bndbox>
</object>
<object>
<name>text</name>
<bndbox>
<x1>965</x1>
<y1>191</y1>
<x2>1045</x2>
<y2>179</y2>
<x3>1052</x3>
<y3>193</y3>
<x4>973</x4>
<y4>205</y4>
</bndbox>
</object>
<object>
<name>text</name>
<bndbox>
<x1>706</x1>
<y1>252</y1>
<x2>753</x2>
<y2>241</y2>
<x3>755</x3>
<y3>255</y3>
<x4>708</x4>
<y4>265</y4>
</bndbox>
</object>
<object>
<name>text</name>
<bndbox>
<x1>898</x1>
<y1>216</y1>
<x2>945</x2>
<y2>204</y2>
<x3>944</x3>
<y3>214</y3>
<x4>897</x4>
<y4>227</y4>
</bndbox>
</object>
<object>
<name>text</name>
<bndbox>
<x1>1224</x1>
<y1>71</y1>
<x2>1259</x2>
<y2>63</y2>
<x3>1267</x3>
<y3>81</y3>
<x4>1232</x4>
<y4>89</y4>
</bndbox>
</object>
<object>
<name>text</name>
<bndbox>
<x1>598</x1>
<y1>280</y1>
<x2>624</x2>
<y2>274</y2>
<x3>625</x3>
<y3>283</y3>
<x4>599</x4>
<y4>289</y4>
</bndbox>
</object>
<object>
<name>text</name>
<bndbox>
<x1>438</x1>
<y1>63</y1>
<x2>501</x2>
<y2>60</y2>
<x3>504</x3>
<y3>115</y3>
<x4>441</x4>
<y4>118</y4>
</bndbox>
</object>
<object>
<name>text</name>
<bndbox>
<x1>287</x1>
<y1>503</y1>
<x2>305</x2>
<y2>500</y2>
<x3>306</x3>
<y3>508</y3>
<x4>288</x4>
<y4>511</y4>
</bndbox>
</object>
<object>
<name>text</name>
<bndbox>
<x1>138</x1>
<y1>492</y1>
<x2>165</x2>
<y2>485</y2>
<x3>165</x3>
<y3>496</y3>
<x4>138</x4>
<y4>503</y4>
</bndbox>
</object>
<object>
<name>text</name>
<bndbox>
<x1>97</x1>
<y1>508</y1>
<x2>121</x2>
<y2>502</y2>
<x3>126</x3>
<y3>513</y3>
<x4>99</x4>
<y4>518</y4>
</bndbox>
</object>
<object>
<name>text</name>
<bndbox>
<x1>282</x1>
<y1>511</y1>
<x2>308</x2>
<y2>505</y2>
<x3>309</x3>
<y3>515</y3>
<x4>283</x4>
<y4>521</y4>
</bndbox>
</object>
<object>
<name>text</name>
<bndbox>
<x1>1024</x1>
<y1>1</y1>
<x2>1155</x2>
<y2>1</y2>
<x3>1162</x3>
<y3>34</y3>
<x4>1031</x4>
<y4>28</y4>
</bndbox>
</object>
</annotation>