<?xml version="1.0" ?>
<annotation>
<folder>JPEGImages</folder>
<filename>img_262.xml</filename>
<path>xxxx</path>
<source>
<database>Unknown</database>
<annotation>xxx</annotation>
<image>xxx</image>
<flickrid>0</flickrid>
</source>
<size>
<width>1280</width>
<height>720</height>
<depth>3</depth>
</size>
<segmented>0</segmented>
<object>
<name>text</name>
<bndbox>
<x1>265</x1>
<y1>283</y1>
<x2>317</x2>
<y2>280</y2>
<x3>319</x3>
<y3>304</y3>
<x4>266</x4>
<y4>307</y4>
</bndbox>
</object>
<object>
<name>text</name>
<bndbox>
<x1>322</x1>
<y1>278</y1>
<x2>400</x2>
<y2>273</y2>
<x3>399</x3>
<y3>299</y3>
<x4>321</x4>
<y4>304</y4>
</bndbox>
</object>
<object>
<name>text</name>
<bndbox>
<x1>399</x1>
<y1>273</y1>
<x2>513</x2>
<y2>266</y2>
<x3>513</x3>
<y3>293</y3>
<x4>399</x4>
<y4>300</y4>
</bndbox>
</object>
<object>
<name>text</name>
<bndbox>
<x1>1006</x1>
<y1>196</y1>
<x2>1076</x2>
<y2>193</y2>
<x3>1077</x3>
<y3>228</y3>
<x4>1007</x4>
<y4>231</y4>
</bndbox>
</object>
<object>
<name>text</name>
<bndbox>
<x1>1086</x1>
<y1>191</y1>
<x2>1241</x2>
<y2>182</y2>
<x3>1243</x3>
<y3>218</y3>
<x4>1089</x4>
<y4>227</y4>
</bndbox>
</object>
<object>
<name>text</name>
<bndbox>
<x1>166</x1>
<y1>177</y1>
<x2>427</x2>
<y2>146</y2>
<x3>435</x3>
<y3>252</y3>
<x4>166</x4>
<y4>317</y4>
</bndbox>
</object>
<object>
<name>text</name>
<bndbox>
<x1>735</x1>
<y1>320</y1>
<x2>757</x2>
<y2>320</y2>
<x3>765</x3>
<y3>415</y3>
<x4>743</x4>
<y4>415</y4>
</bndbox>
</object>
<object>
<name>text</name>
<bndbox>
<x1>279</x1>
<y1>342</y1>
<x2>297</x2>
<y2>342</y2>
<x3>296</x3>
<y3>439</y3>
<x4>277</x4>
<y4>439</y4>
</bndbox>
</object>
</annotation>