<?xml version="1.0" ?>
<annotation>
<folder>JPEGImages</folder>
<filename>img_118.xml</filename>
<path>xxxx</path>
<source>
<database>Unknown</database>
<annotation>xxx</annotation>
<image>xxx</image>
<flickrid>0</flickrid>
</source>
<size>
<width>1280</width>
<height>720</height>
<depth>3</depth>
</size>
<segmented>0</segmented>
<object>
<name>text</name>
<bndbox>
<x1>417</x1>
<y1>167</y1>
<x2>462</x2>
<y2>159</y2>
<x3>468</x3>
<y3>186</y3>
<x4>423</x4>
<y4>195</y4>
</bndbox>
</object>
<object>
<name>text</name>
<bndbox>
<x1>1094</x1>
<y1>46</y1>
<x2>1193</x2>
<y2>10</y2>
<x3>1199</x3>
<y3>48</y3>
<x4>1100</x4>
<y4>84</y4>
</bndbox>
</object>
</annotation>