<?xml version="1.0" ?>
<annotation>
<folder>JPEGImages</folder>
<filename>img_268.xml</filename>
<path>xxxx</path>
<source>
<database>Unknown</database>
<annotation>xxx</annotation>
<image>xxx</image>
<flickrid>0</flickrid>
</source>
<size>
<width>1280</width>
<height>720</height>
<depth>3</depth>
</size>
<segmented>0</segmented>
<object>
<name>text</name>
<bndbox>
<x1>440</x1>
<y1>307</y1>
<x2>504</x2>
<y2>310</y2>
<x3>503</x3>
<y3>329</y3>
<x4>438</x4>
<y4>325</y4>
</bndbox>
</object>
<object>
<name>text</name>
<bndbox>
<x1>416</x1>
<y1>335</y1>
<x2>468</x2>
<y2>343</y2>
<x3>465</x3>
<y3>358</y3>
<x4>413</x4>
<y4>350</y4>
</bndbox>
</object>
<object>
<name>text</name>
<bndbox>
<x1>1229</x1>
<y1>499</y1>
<x2>1274</x2>
<y2>500</y2>
<x3>1271</x3>
<y3>560</y3>
<x4>1225</x4>
<y4>558</y4>
</bndbox>
</object>
<object>
<name>text</name>
<bndbox>
<x1>1205</x1>
<y1>526</y1>
<x2>1224</x2>
<y2>530</y2>
<x3>1221</x3>
<y3>561</y3>
<x4>1202</x4>
<y4>558</y4>
</bndbox>
</object>
<object>
<name>text</name>
<bndbox>
<x1>1226</x1>
<y1>560</y1>
<x2>1261</x2>
<y2>562</y2>
<x3>1261</x3>
<y3>581</y3>
<x4>1226</x4>
<y4>578</y4>
</bndbox>
</object>
<object>
<name>text</name>
<bndbox>
<x1>1152</x1>
<y1>381</y1>
<x2>1192</x2>
<y2>382</y2>
<x3>1188</x3>
<y3>441</y3>
<x4>1148</x4>
<y4>440</y4>
</bndbox>
</object>
<object>
<name>text</name>
<bndbox>
<x1>1100</x1>
<y1>591</y1>
<x2>1180</x2>
<y2>598</y2>
<x3>1177</x3>
<y3>618</y3>
<x4>1097</x4>
<y4>611</y4>
</bndbox>
</object>
<object>
<name>text</name>
<bndbox>
<x1>1174</x1>
<y1>24</y1>
<x2>1276</x2>
<y2>24</y2>
<x3>1278</x3>
<y3>62</y3>
<x4>1176</x4>
<y4>62</y4>
</bndbox>
</object>
<object>
<name>text</name>
<bndbox>
<x1>1140</x1>
<y1>468</y1>
<x2>1188</x2>
<y2>466</y2>
<x3>1186</x3>
<y3>485</y3>
<x4>1139</x4>
<y4>487</y4>
</bndbox>
</object>
<object>
<name>text</name>
<bndbox>
<x1>1191</x1>
<y1>464</y1>
<x2>1235</x2>
<y2>465</y2>
<x3>1232</x3>
<y3>490</y3>
<x4>1187</x4>
<y4>489</y4>
</bndbox>
</object>
<object>
<name>text</name>
<bndbox>
<x1>1187</x1>
<y1>596</y1>
<x2>1256</x2>
<y2>601</y2>
<x3>1252</x3>
<y3>623</y3>
<x4>1184</x4>
<y4>618</y4>
</bndbox>
</object>
<object>
<name>text</name>
<bndbox>
<x1>392</x1>
<y1>76</y1>
<x2>484</x2>
<y2>76</y2>
<x3>485</x3>
<y3>101</y3>
<x4>393</x4>
<y4>101</y4>
</bndbox>
</object>
<object>
<name>text</name>
<bndbox>
<x1>499</x1>
<y1>71</y1>
<x2>555</x2>
<y2>71</y2>
<x3>557</x3>
<y3>98</y3>
<x4>501</x4>
<y4>99</y4>
</bndbox>
</object>
<object>
<name>text</name>
<bndbox>
<x1>389</x1>
<y1>141</y1>
<x2>420</x2>
<y2>141</y2>
<x3>418</x3>
<y3>164</y3>
<x4>387</x4>
<y4>165</y4>
</bndbox>
</object>
<object>
<name>text</name>
<bndbox>
<x1>420</x1>
<y1>141</y1>
<x2>463</x2>
<y2>142</y2>
<x3>461</x3>
<y3>165</y3>
<x4>418</x4>
<y4>163</y4>
</bndbox>
</object>
<object>
<name>text</name>
<bndbox>
<x1>462</x1>
<y1>142</y1>
<x2>538</x2>
<y2>141</y2>
<x3>539</x3>
<y3>162</y3>
<x4>463</x4>
<y4>163</y4>
</bndbox>
</object>
<object>
<name>text</name>
<bndbox>
<x1>406</x1>
<y1>191</y1>
<x2>470</x2>
<y2>191</y2>
<x3>470</x3>
<y3>201</y3>
<x4>406</x4>
<y4>199</y4>
</bndbox>
</object>
<object>
<name>text</name>
<bndbox>
<x1>393</x1>
<y1>216</y1>
<x2>407</x2>
<y2>215</y2>
<x3>407</x3>
<y3>230</y3>
<x4>393</x4>
<y4>230</y4>
</bndbox>
</object>
<object>
<name>text</name>
<bndbox>
<x1>393</x1>
<y1>246</y1>
<x2>409</x2>
<y2>245</y2>
<x3>409</x3>
<y3>260</y3>
<x4>394</x4>
<y4>260</y4>
</bndbox>
</object>
<object>
<name>text</name>
<bndbox>
<x1>396</x1>
<y1>276</y1>
<x2>410</x2>
<y2>276</y2>
<x3>410</x3>
<y3>293</y3>
<x4>396</x4>
<y4>293</y4>
</bndbox>
</object>
<object>
<name>text</name>
<bndbox>
<x1>397</x1>
<y1>305</y1>
<x2>413</x2>
<y2>304</y2>
<x3>414</x3>
<y3>321</y3>
<x4>398</x4>
<y4>321</y4>
</bndbox>
</object>
<object>
<name>text</name>
<bndbox>
<x1>399</x1>
<y1>333</y1>
<x2>414</x2>
<y2>333</y2>
<x3>415</x3>
<y3>350</y3>
<x4>400</x4>
<y4>350</y4>
</bndbox>
</object>
<object>
<name>text</name>
<bndbox>
<x1>405</x1>
<y1>215</y1>
<x2>433</x2>
<y2>217</y2>
<x3>433</x3>
<y3>232</y3>
<x4>405</x4>
<y4>230</y4>
</bndbox>
</object>
<object>
<name>text</name>
<bndbox>
<x1>434</x1>
<y1>215</y1>
<x2>506</x2>
<y2>215</y2>
<x3>505</x3>
<y3>234</y3>
<x4>434</x4>
<y4>234</y4>
</bndbox>
</object>
<object>
<name>text</name>
<bndbox>
<x1>409</x1>
<y1>244</y1>
<x2>435</x2>
<y2>245</y2>
<x3>435</x3>
<y3>261</y3>
<x4>409</x4>
<y4>260</y4>
</bndbox>
</object>
<object>
<name>text</name>
<bndbox>
<x1>440</x1>
<y1>277</y1>
<x2>500</x2>
<y2>279</y2>
<x3>500</x3>
<y3>296</y3>
<x4>440</x4>
<y4>293</y4>
</bndbox>
</object>
<object>
<name>text</name>
<bndbox>
<x1>436</x1>
<y1>245</y1>
<x2>479</x2>
<y2>249</y2>
<x3>478</x3>
<y3>267</y3>
<x4>435</x4>
<y4>263</y4>
</bndbox>
</object>
<object>
<name>text</name>
<bndbox>
<x1>412</x1>
<y1>278</y1>
<x2>439</x2>
<y2>278</y2>
<x3>437</x3>
<y3>294</y3>
<x4>410</x4>
<y4>294</y4>
</bndbox>
</object>
<object>
<name>text</name>
<bndbox>
<x1>413</x1>
<y1>305</y1>
<x2>439</x2>
<y2>309</y2>
<x3>439</x3>
<y3>324</y3>
<x4>413</x4>
<y4>320</y4>
</bndbox>
</object>
<object>
<name>text</name>
<bndbox>
<x1>1150</x1>
<y1>348</y1>
<x2>1278</x2>
<y2>351</y2>
<x3>1279</x3>
<y3>381</y3>
<x4>1152</x4>
<y4>379</y4>
</bndbox>
</object>
<object>
<name>text</name>
<bndbox>
<x1>404</x1>
<y1>372</y1>
<x2>434</x2>
<y2>374</y2>
<x3>433</x3>
<y3>387</y3>
<x4>403</x4>
<y4>386</y4>
</bndbox>
</object>
<object>
<name>text</name>
<bndbox>
<x1>434</x1>
<y1>376</y1>
<x2>504</x2>
<y2>383</y2>
<x3>502</x3>
<y3>396</y3>
<x4>432</x4>
<y4>389</y4>
</bndbox>
</object>
<object>
<name>text</name>
<bndbox>
<x1>505</x1>
<y1>379</y1>
<x2>569</x2>
<y2>385</y2>
<x3>568</x3>
<y3>402</y3>
<x4>503</x4>
<y4>396</y4>
</bndbox>
</object>
<object>
<name>text</name>
<bndbox>
<x1>437</x1>
<y1>392</y1>
<x2>477</x2>
<y2>397</y2>
<x3>475</x3>
<y3>412</y3>
<x4>435</x4>
<y4>407</y4>
</bndbox>
</object>
<object>
<name>text</name>
<bndbox>
<x1>475</x1>
<y1>396</y1>
<x2>530</x2>
<y2>400</y2>
<x3>528</x3>
<y3>416</y3>
<x4>472</x4>
<y4>412</y4>
</bndbox>
</object>
<object>
<name>text</name>
<bndbox>
<x1>449</x1>
<y1>449</y1>
<x2>518</x2>
<y2>462</y2>
<x3>516</x3>
<y3>487</y3>
<x4>446</x4>
<y4>474</y4>
</bndbox>
</object>
<object>
<name>text</name>
<bndbox>
<x1>519</x1>
<y1>460</y1>
<x2>563</x2>
<y2>466</y2>
<x3>560</x3>
<y3>491</y3>
<x4>516</x4>
<y4>485</y4>
</bndbox>
</object>
<object>
<name>text</name>
<bndbox>
<x1>445</x1>
<y1>475</y1>
<x2>506</x2>
<y2>485</y2>
<x3>503</x3>
<y3>514</y3>
<x4>442</x4>
<y4>504</y4>
</bndbox>
</object>
<object>
<name>text</name>
<bndbox>
<x1>506</x1>
<y1>487</y1>
<x2>576</x2>
<y2>497</y2>
<x3>571</x3>
<y3>524</y3>
<x4>500</x4>
<y4>514</y4>
</bndbox>
</object>
<object>
<name>text</name>
<bndbox>
<x1>493</x1>
<y1>515</y1>
<x2>520</x2>
<y2>520</y2>
<x3>519</x3>
<y3>538</y3>
<x4>491</x4>
<y4>534</y4>
</bndbox>
</object>
<object>
<name>text</name>
<bndbox>
<x1>460</x1>
<y1>533</y1>
<x2>526</x2>
<y2>546</y2>
<x3>524</x3>
<y3>570</y3>
<x4>459</x4>
<y4>556</y4>
</bndbox>
</object>
<object>
<name>text</name>
<bndbox>
<x1>525</x1>
<y1>542</y1>
<x2>553</x2>
<y2>545</y2>
<x3>553</x3>
<y3>574</y3>
<x4>525</x4>
<y4>570</y4>
</bndbox>
</object>
<object>
<name>text</name>
<bndbox>
<x1>456</x1>
<y1>560</y1>
<x2>566</x2>
<y2>580</y2>
<x3>566</x3>
<y3>603</y3>
<x4>456</x4>
<y4>583</y4>
</bndbox>
</object>
<object>
<name>text</name>
<bndbox>
<x1>474</x1>
<y1>604</y1>
<x2>537</x2>
<y2>616</y2>
<x3>536</x3>
<y3>637</y3>
<x4>473</x4>
<y4>624</y4>
</bndbox>
</object>
<object>
<name>text</name>
<bndbox>
<x1>537</x1>
<y1>620</y1>
<x2>585</x2>
<y2>628</y2>
<x3>586</x3>
<y3>647</y3>
<x4>537</x4>
<y4>639</y4>
</bndbox>
</object>
<object>
<name>text</name>
<bndbox>
<x1>1196</x1>
<y1>414</y1>
<x2>1279</x2>
<y2>415</y2>
<x3>1279</x3>
<y3>442</y3>
<x4>1196</x4>
<y4>441</y4>
</bndbox>
</object>
<object>
<name>text</name>
<bndbox>
<x1>1240</x1>
<y1>465</y1>
<x2>1278</x2>
<y2>467</y2>
<x3>1279</x3>
<y3>492</y3>
<x4>1241</x4>
<y4>490</y4>
</bndbox>
</object>
<object>
<name>text</name>
<bndbox>
<x1>1258</x1>
<y1>600</y1>
<x2>1276</x2>
<y2>600</y2>
<x3>1277</x3>
<y3>623</y3>
<x4>1260</x4>
<y4>623</y4>
</bndbox>
</object>
<object>
<name>text</name>
<bndbox>
<x1>1203</x1>
<y1>384</y1>
<x2>1276</x2>
<y2>388</y2>
<x3>1277</x3>
<y3>414</y3>
<x4>1202</x4>
<y4>410</y4>
</bndbox>
</object>
<object>
<name>text</name>
<bndbox>
<x1>1097</x1>
<y1>614</y1>
<x2>1276</x2>
<y2>626</y2>
<x3>1275</x3>
<y3>718</y3>
<x4>1097</x4>
<y4>710</y4>
</bndbox>
</object>
<object>
<name>text</name>
<bndbox>
<x1>392</x1>
<y1>192</y1>
<x2>403</x2>
<y2>187</y2>
<x3>404</x3>
<y3>198</y3>
<x4>393</x4>
<y4>202</y4>
</bndbox>
</object>
<object>
<name>text</name>
<bndbox>
<x1>470</x1>
<y1>190</y1>
<x2>518</x2>
<y2>190</y2>
<x3>518</x3>
<y3>200</y3>
<x4>470</x4>
<y4>200</y4>
</bndbox>
</object>
<object>
<name>text</name>
<bndbox>
<x1>521</x1>
<y1>191</y1>
<x2>567</x2>
<y2>191</y2>
<x3>567</x3>
<y3>200</y3>
<x4>521</x4>
<y4>200</y4>
</bndbox>
</object>
<object>
<name>text</name>
<bndbox>
<x1>482</x1>
<y1>102</y1>
<x2>557</x2>
<y2>100</y2>
<x3>557</x3>
<y3>110</y3>
<x4>482</x4>
<y4>111</y4>
</bndbox>
</object>
<object>
<name>text</name>
<bndbox>
<x1>1144</x1>
<y1>436</y1>
<x2>1279</x2>
<y2>442</y2>
<x3>1277</x3>
<y3>468</y3>
<x4>1142</x4>
<y4>462</y4>
</bndbox>
</object>
<object>
<name>text</name>
<bndbox>
<x1>1181</x1>
<y1>532</y1>
<x2>1208</x2>
<y2>537</y2>
<x3>1208</x3>
<y3>559</y3>
<x4>1180</x4>
<y4>556</y4>
</bndbox>
</object>
</annotation>