<?xml version="1.0" ?>
<annotation>
<folder>JPEGImages</folder>
<filename>img_137.xml</filename>
<path>xxxx</path>
<source>
<database>Unknown</database>
<annotation>xxx</annotation>
<image>xxx</image>
<flickrid>0</flickrid>
</source>
<size>
<width>1280</width>
<height>720</height>
<depth>3</depth>
</size>
<segmented>0</segmented>
<object>
<name>text</name>
<bndbox>
<x1>600</x1>
<y1>207</y1>
<x2>638</x2>
<y2>205</y2>
<x3>637</x3>
<y3>226</y3>
<x4>599</x4>
<y4>228</y4>
</bndbox>
</object>
<object>
<name>text</name>
<bndbox>
<x1>603</x1>
<y1>231</y1>
<x2>633</x2>
<y2>228</y2>
<x3>631</x3>
<y3>250</y3>
<x4>602</x4>
<y4>253</y4>
</bndbox>
</object>
<object>
<name>text</name>
<bndbox>
<x1>593</x1>
<y1>275</y1>
<x2>643</x2>
<y2>272</y2>
<x3>644</x3>
<y3>284</y3>
<x4>594</x4>
<y4>287</y4>
</bndbox>
</object>
</annotation>