<?xml version="1.0" ?>
<annotation>
<folder>JPEGImages</folder>
<filename>img_463.xml</filename>
<path>xxxx</path>
<source>
<database>Unknown</database>
<annotation>xxx</annotation>
<image>xxx</image>
<flickrid>0</flickrid>
</source>
<size>
<width>1280</width>
<height>720</height>
<depth>3</depth>
</size>
<segmented>0</segmented>
<object>
<name>text</name>
<bndbox>
<x1>263</x1>
<y1>248</y1>
<x2>323</x2>
<y2>248</y2>
<x3>325</x3>
<y3>268</y3>
<x4>265</x4>
<y4>268</y4>
</bndbox>
</object>
<object>
<name>text</name>
<bndbox>
<x1>680</x1>
<y1>364</y1>
<x2>711</x2>
<y2>362</y2>
<x3>716</x3>
<y3>377</y3>
<x4>685</x4>
<y4>378</y4>
</bndbox>
</object>
<object>
<name>text</name>
<bndbox>
<x1>484</x1>
<y1>283</y1>
<x2>550</x2>
<y2>280</y2>
<x3>553</x3>
<y3>301</y3>
<x4>486</x4>
<y4>303</y4>
</bndbox>
</object>
<object>
<name>text</name>
<bndbox>
<x1>617</x1>
<y1>282</y1>
<x2>667</x2>
<y2>280</y2>
<x3>667</x3>
<y3>293</y3>
<x4>617</x4>
<y4>295</y4>
</bndbox>
</object>
<object>
<name>text</name>
<bndbox>
<x1>474</x1>
<y1>391</y1>
<x2>516</x2>
<y2>389</y2>
<x3>517</x3>
<y3>405</y3>
<x4>475</x4>
<y4>408</y4>
</bndbox>
</object>
<object>
<name>text</name>
<bndbox>
<x1>322</x1>
<y1>250</y1>
<x2>412</x2>
<y2>250</y2>
<x3>413</x3>
<y3>266</y3>
<x4>323</x4>
<y4>266</y4>
</bndbox>
</object>
<object>
<name>text</name>
<bndbox>
<x1>513</x1>
<y1>390</y1>
<x2>567</x2>
<y2>382</y2>
<x3>568</x3>
<y3>397</y3>
<x4>515</x4>
<y4>405</y4>
</bndbox>
</object>
<object>
<name>text</name>
<bndbox>
<x1>706</x1>
<y1>364</y1>
<x2>745</x2>
<y2>358</y2>
<x3>751</x3>
<y3>370</y3>
<x4>712</x4>
<y4>376</y4>
</bndbox>
</object>
<object>
<name>text</name>
<bndbox>
<x1>870</x1>
<y1>436</y1>
<x2>977</x2>
<y2>442</y2>
<x3>985</x3>
<y3>499</y3>
<x4>878</x4>
<y4>493</y4>
</bndbox>
</object>
<object>
<name>text</name>
<bndbox>
<x1>36</x1>
<y1>571</y1>
<x2>196</x2>
<y2>541</y2>
<x3>198</x3>
<y3>577</y3>
<x4>39</x4>
<y4>606</y4>
</bndbox>
</object>
<object>
<name>text</name>
<bndbox>
<x1>581</x1>
<y1>247</y1>
<x2>625</x2>
<y2>248</y2>
<x3>625</x3>
<y3>268</y3>
<x4>581</x4>
<y4>267</y4>
</bndbox>
</object>
<object>
<name>text</name>
<bndbox>
<x1>619</x1>
<y1>249</y1>
<x2>681</x2>
<y2>248</y2>
<x3>684</x3>
<y3>266</y3>
<x4>622</x4>
<y4>267</y4>
</bndbox>
</object>
<object>
<name>text</name>
<bndbox>
<x1>866</x1>
<y1>136</y1>
<x2>952</x2>
<y2>135</y2>
<x3>958</x3>
<y3>191</y3>
<x4>872</x4>
<y4>192</y4>
</bndbox>
</object>
<object>
<name>text</name>
<bndbox>
<x1>977</x1>
<y1>385</y1>
<x2>995</x2>
<y2>423</y2>
<x3>981</x3>
<y3>430</y3>
<x4>963</x4>
<y4>392</y4>
</bndbox>
</object>
<object>
<name>text</name>
<bndbox>
<x1>1018</x1>
<y1>471</y1>
<x2>1047</x2>
<y2>540</y2>
<x3>1029</x3>
<y3>548</y3>
<x4>1000</x4>
<y4>479</y4>
</bndbox>
</object>
</annotation>