<?xml version="1.0" ?>
<annotation>
<folder>JPEGImages</folder>
<filename>img_547.xml</filename>
<path>xxxx</path>
<source>
<database>Unknown</database>
<annotation>xxx</annotation>
<image>xxx</image>
<flickrid>0</flickrid>
</source>
<size>
<width>1280</width>
<height>720</height>
<depth>3</depth>
</size>
<segmented>0</segmented>
<object>
<name>text</name>
<bndbox>
<x1>1023</x1>
<y1>78</y1>
<x2>1196</x2>
<y2>44</y2>
<x3>1203</x3>
<y3>70</y3>
<x4>1031</x4>
<y4>104</y4>
</bndbox>
</object>
<object>
<name>text</name>
<bndbox>
<x1>541</x1>
<y1>247</y1>
<x2>595</x2>
<y2>237</y2>
<x3>595</x3>
<y3>249</y3>
<x4>541</x4>
<y4>260</y4>
</bndbox>
</object>
<object>
<name>text</name>
<bndbox>
<x1>542</x1>
<y1>260</y1>
<x2>570</x2>
<y2>253</y2>
<x3>573</x3>
<y3>280</y3>
<x4>546</x4>
<y4>288</y4>
</bndbox>
</object>
<object>
<name>text</name>
<bndbox>
<x1>1010</x1>
<y1>126</y1>
<x2>1033</x2>
<y2>123</y2>
<x3>1050</x3>
<y3>196</y3>
<x4>1026</x4>
<y4>200</y4>
</bndbox>
</object>
<object>
<name>text</name>
<bndbox>
<x1>1042</x1>
<y1>143</y1>
<x2>1090</x2>
<y2>135</y2>
<x3>1092</x3>
<y3>154</y3>
<x4>1045</x4>
<y4>161</y4>
</bndbox>
</object>
<object>
<name>text</name>
<bndbox>
<x1>717</x1>
<y1>106</y1>
<x2>852</x2>
<y2>104</y2>
<x3>856</x3>
<y3>123</y3>
<x4>721</x4>
<y4>125</y4>
</bndbox>
</object>
<object>
<name>text</name>
<bndbox>
<x1>869</x1>
<y1>166</y1>
<x2>892</x2>
<y2>163</y2>
<x3>890</x3>
<y3>171</y3>
<x4>867</x4>
<y4>174</y4>
</bndbox>
</object>
<object>
<name>text</name>
<bndbox>
<x1>529</x1>
<y1>317</y1>
<x2>564</x2>
<y2>308</y2>
<x3>565</x3>
<y3>320</y3>
<x4>530</x4>
<y4>329</y4>
</bndbox>
</object>
<object>
<name>text</name>
<bndbox>
<x1>530</x1>
<y1>329</y1>
<x2>575</x2>
<y2>316</y2>
<x3>576</x3>
<y3>331</y3>
<x4>532</x4>
<y4>344</y4>
</bndbox>
</object>
<object>
<name>text</name>
<bndbox>
<x1>558</x1>
<y1>355</y1>
<x2>575</x2>
<y2>350</y2>
<x3>575</x3>
<y3>365</y3>
<x4>559</x4>
<y4>370</y4>
</bndbox>
</object>
<object>
<name>text</name>
<bndbox>
<x1>575</x1>
<y1>351</y1>
<x2>598</x2>
<y2>343</y2>
<x3>598</x3>
<y3>355</y3>
<x4>575</x4>
<y4>364</y4>
</bndbox>
</object>
<object>
<name>text</name>
<bndbox>
<x1>538</x1>
<y1>383</y1>
<x2>610</x2>
<y2>355</y2>
<x3>610</x3>
<y3>368</y3>
<x4>537</x4>
<y4>396</y4>
</bndbox>
</object>
<object>
<name>text</name>
<bndbox>
<x1>541</x1>
<y1>397</y1>
<x2>612</x2>
<y2>370</y2>
<x3>613</x3>
<y3>383</y3>
<x4>542</x4>
<y4>410</y4>
</bndbox>
</object>
<object>
<name>text</name>
<bndbox>
<x1>869</x1>
<y1>185</y1>
<x2>896</x2>
<y2>183</y2>
<x3>895</x3>
<y3>189</y3>
<x4>868</x4>
<y4>191</y4>
</bndbox>
</object>
<object>
<name>text</name>
<bndbox>
<x1>569</x1>
<y1>258</y1>
<x2>581</x2>
<y2>255</y2>
<x3>582</x3>
<y3>261</y3>
<x4>570</x4>
<y4>264</y4>
</bndbox>
</object>
<object>
<name>text</name>
<bndbox>
<x1>569</x1>
<y1>264</y1>
<x2>582</x2>
<y2>262</y2>
<x3>583</x3>
<y3>268</y3>
<x4>570</x4>
<y4>271</y4>
</bndbox>
</object>
<object>
<name>text</name>
<bndbox>
<x1>569</x1>
<y1>271</y1>
<x2>593</x2>
<y2>265</y2>
<x3>595</x3>
<y3>273</y3>
<x4>570</x4>
<y4>278</y4>
</bndbox>
</object>
</annotation>