<?xml version="1.0" ?>
<annotation>
<folder>JPEGImages</folder>
<filename>img_398.xml</filename>
<path>xxxx</path>
<source>
<database>Unknown</database>
<annotation>xxx</annotation>
<image>xxx</image>
<flickrid>0</flickrid>
</source>
<size>
<width>1280</width>
<height>720</height>
<depth>3</depth>
</size>
<segmented>0</segmented>
<object>
<name>text</name>
<bndbox>
<x1>590</x1>
<y1>111</y1>
<x2>613</x2>
<y2>108</y2>
<x3>607</x3>
<y3>161</y3>
<x4>584</x4>
<y4>164</y4>
</bndbox>
</object>
<object>
<name>text</name>
<bndbox>
<x1>615</x1>
<y1>103</y1>
<x2>644</x2>
<y2>107</y2>
<x3>643</x3>
<y3>160</y3>
<x4>613</x4>
<y4>156</y4>
</bndbox>
</object>
<object>
<name>text</name>
<bndbox>
<x1>607</x1>
<y1>135</y1>
<x2>618</x2>
<y2>136</y2>
<x3>614</x3>
<y3>155</y3>
<x4>603</x4>
<y4>153</y4>
</bndbox>
</object>
<object>
<name>text</name>
<bndbox>
<x1>407</x1>
<y1>148</y1>
<x2>423</x2>
<y2>148</y2>
<x3>422</x3>
<y3>171</y3>
<x4>407</x4>
<y4>171</y4>
</bndbox>
</object>
<object>
<name>text</name>
<bndbox>
<x1>397</x1>
<y1>147</y1>
<x2>410</x2>
<y2>147</y2>
<x3>410</x3>
<y3>162</y3>
<x4>397</x4>
<y4>163</y4>
</bndbox>
</object>
</annotation>