<?xml version="1.0" ?>
<annotation>
<folder>JPEGImages</folder>
<filename>img_168.xml</filename>
<path>xxxx</path>
<source>
<database>Unknown</database>
<annotation>xxx</annotation>
<image>xxx</image>
<flickrid>0</flickrid>
</source>
<size>
<width>1280</width>
<height>720</height>
<depth>3</depth>
</size>
<segmented>0</segmented>
<object>
<name>text</name>
<bndbox>
<x1>953</x1>
<y1>4</y1>
<x2>1187</x2>
<y2>12</y2>
<x3>1191</x3>
<y3>111</y3>
<x4>956</x4>
<y4>103</y4>
</bndbox>
</object>
<object>
<name>text</name>
<bndbox>
<x1>675</x1>
<y1>233</y1>
<x2>734</x2>
<y2>236</y2>
<x3>734</x3>
<y3>256</y3>
<x4>675</x4>
<y4>253</y4>
</bndbox>
</object>
<object>
<name>text</name>
<bndbox>
<x1>1066</x1>
<y1>223</y1>
<x2>1115</x2>
<y2>227</y2>
<x3>1115</x3>
<y3>244</y3>
<x4>1066</x4>
<y4>240</y4>
</bndbox>
</object>
<object>
<name>text</name>
<bndbox>
<x1>1067</x1>
<y1>241</y1>
<x2>1144</x2>
<y2>245</y2>
<x3>1144</x3>
<y3>263</y3>
<x4>1067</x4>
<y4>258</y4>
</bndbox>
</object>
<object>
<name>text</name>
<bndbox>
<x1>745</x1>
<y1>191</y1>
<x2>777</x2>
<y2>194</y2>
<x3>777</x3>
<y3>207</y3>
<x4>746</x4>
<y4>205</y4>
</bndbox>
</object>
<object>
<name>text</name>
<bndbox>
<x1>735</x1>
<y1>204</y1>
<x2>792</x2>
<y2>204</y2>
<x3>791</x3>
<y3>217</y3>
<x4>735</x4>
<y4>216</y4>
</bndbox>
</object>
<object>
<name>text</name>
<bndbox>
<x1>735</x1>
<y1>215</y1>
<x2>788</x2>
<y2>217</y2>
<x3>787</x3>
<y3>227</y3>
<x4>734</x4>
<y4>226</y4>
</bndbox>
</object>
<object>
<name>text</name>
<bndbox>
<x1>745</x1>
<y1>228</y1>
<x2>776</x2>
<y2>228</y2>
<x3>775</x3>
<y3>240</y3>
<x4>745</x4>
<y4>239</y4>
</bndbox>
</object>
</annotation>