<?xml version="1.0" ?>
<annotation>
<folder>JPEGImages</folder>
<filename>img_5.xml</filename>
<path>xxxx</path>
<source>
<database>Unknown</database>
<annotation>xxx</annotation>
<image>xxx</image>
<flickrid>0</flickrid>
</source>
<size>
<width>1280</width>
<height>720</height>
<depth>3</depth>
</size>
<segmented>0</segmented>
<object>
<name>text</name>
<bndbox>
<x1>408</x1>
<y1>409</y1>
<x2>437</x2>
<y2>436</y2>
<x3>434</x3>
<y3>461</y3>
<x4>405</x4>
<y4>433</y4>
</bndbox>
</object>
<object>
<name>text</name>
<bndbox>
<x1>437</x1>
<y1>434</y1>
<x2>443</x2>
<y2>440</y2>
<x3>441</x3>
<y3>467</y3>
<x4>435</x4>
<y4>462</y4>
</bndbox>
</object>
</annotation>