<?xml version="1.0" ?>
<annotation>
<folder>JPEGImages</folder>
<filename>img_486.xml</filename>
<path>xxxx</path>
<source>
<database>Unknown</database>
<annotation>xxx</annotation>
<image>xxx</image>
<flickrid>0</flickrid>
</source>
<size>
<width>1280</width>
<height>720</height>
<depth>3</depth>
</size>
<segmented>0</segmented>
<object>
<name>text</name>
<bndbox>
<x1>250</x1>
<y1>210</y1>
<x2>293</x2>
<y2>204</y2>
<x3>293</x3>
<y3>221</y3>
<x4>250</x4>
<y4>228</y4>
</bndbox>
</object>
<object>
<name>text</name>
<bndbox>
<x1>285</x1>
<y1>223</y1>
<x2>306</x2>
<y2>221</y2>
<x3>306</x3>
<y3>235</y3>
<x4>285</x4>
<y4>236</y4>
</bndbox>
</object>
<object>
<name>text</name>
<bndbox>
<x1>430</x1>
<y1>45</y1>
<x2>455</x2>
<y2>45</y2>
<x3>456</x3>
<y3>63</y3>
<x4>431</x4>
<y4>63</y4>
</bndbox>
</object>
<object>
<name>text</name>
<bndbox>
<x1>456</x1>
<y1>44</y1>
<x2>480</x2>
<y2>41</y2>
<x3>480</x3>
<y3>61</y3>
<x4>456</x4>
<y4>64</y4>
</bndbox>
</object>
<object>
<name>text</name>
<bndbox>
<x1>478</x1>
<y1>41</y1>
<x2>528</x2>
<y2>40</y2>
<x3>530</x3>
<y3>59</y3>
<x4>480</x4>
<y4>60</y4>
</bndbox>
</object>
<object>
<name>text</name>
<bndbox>
<x1>467</x1>
<y1>24</y1>
<x2>507</x2>
<y2>20</y2>
<x3>506</x3>
<y3>39</y3>
<x4>466</x4>
<y4>43</y4>
</bndbox>
</object>
<object>
<name>text</name>
<bndbox>
<x1>240</x1>
<y1>254</y1>
<x2>263</x2>
<y2>251</y2>
<x3>265</x3>
<y3>269</y3>
<x4>241</x4>
<y4>271</y4>
</bndbox>
</object>
<object>
<name>text</name>
<bndbox>
<x1>441</x1>
<y1>8</y1>
<x2>498</x2>
<y2>5</y2>
<x3>502</x3>
<y3>20</y3>
<x4>445</x4>
<y4>23</y4>
</bndbox>
</object>
<object>
<name>text</name>
<bndbox>
<x1>250</x1>
<y1>226</y1>
<x2>287</x2>
<y2>223</y2>
<x3>287</x3>
<y3>236</y3>
<x4>250</x4>
<y4>240</y4>
</bndbox>
</object>
<object>
<name>text</name>
<bndbox>
<x1>247</x1>
<y1>240</y1>
<x2>305</x2>
<y2>236</y2>
<x3>307</x3>
<y3>248</y3>
<x4>250</x4>
<y4>251</y4>
</bndbox>
</object>
<object>
<name>text</name>
<bndbox>
<x1>260</x1>
<y1>255</y1>
<x2>315</x2>
<y2>248</y2>
<x3>316</x3>
<y3>261</y3>
<x4>261</x4>
<y4>269</y4>
</bndbox>
</object>
<object>
<name>text</name>
<bndbox>
<x1>291</x1>
<y1>206</y1>
<x2>305</x2>
<y2>206</y2>
<x3>305</x3>
<y3>221</y3>
<x4>291</x4>
<y4>221</y4>
</bndbox>
</object>
<object>
<name>text</name>
<bndbox>
<x1>670</x1>
<y1>178</y1>
<x2>686</x2>
<y2>176</y2>
<x3>686</x3>
<y3>189</y3>
<x4>670</x4>
<y4>190</y4>
</bndbox>
</object>
<object>
<name>text</name>
<bndbox>
<x1>1073</x1>
<y1>111</y1>
<x2>1095</x2>
<y2>111</y2>
<x3>1096</x3>
<y3>125</y3>
<x4>1075</x4>
<y4>125</y4>
</bndbox>
</object>
<object>
<name>text</name>
<bndbox>
<x1>1112</x1>
<y1>108</y1>
<x2>1128</x2>
<y2>108</y2>
<x3>1127</x3>
<y3>121</y3>
<x4>1111</x4>
<y4>121</y4>
</bndbox>
</object>
</annotation>