<?xml version="1.0" ?>
<annotation>
<folder>JPEGImages</folder>
<filename>img_231.xml</filename>
<path>xxxx</path>
<source>
<database>Unknown</database>
<annotation>xxx</annotation>
<image>xxx</image>
<flickrid>0</flickrid>
</source>
<size>
<width>1280</width>
<height>720</height>
<depth>3</depth>
</size>
<segmented>0</segmented>
<object>
<name>text</name>
<bndbox>
<x1>315</x1>
<y1>93</y1>
<x2>344</x2>
<y2>90</y2>
<x3>344</x3>
<y3>107</y3>
<x4>315</x4>
<y4>110</y4>
</bndbox>
</object>
<object>
<name>text</name>
<bndbox>
<x1>238</x1>
<y1>90</y1>
<x2>311</x2>
<y2>87</y2>
<x3>311</x3>
<y3>110</y3>
<x4>238</x4>
<y4>113</y4>
</bndbox>
</object>
<object>
<name>text</name>
<bndbox>
<x1>100</x1>
<y1>96</y1>
<x2>157</x2>
<y2>92</y2>
<x3>156</x3>
<y3>117</y3>
<x4>99</x4>
<y4>120</y4>
</bndbox>
</object>
<object>
<name>text</name>
<bndbox>
<x1>158</x1>
<y1>94</y1>
<x2>203</x2>
<y2>93</y2>
<x3>204</x3>
<y3>113</y3>
<x4>159</x4>
<y4>114</y4>
</bndbox>
</object>
<object>
<name>text</name>
<bndbox>
<x1>204</x1>
<y1>93</y1>
<x2>235</x2>
<y2>91</y2>
<x3>236</x3>
<y3>111</y3>
<x4>205</x4>
<y4>113</y4>
</bndbox>
</object>
<object>
<name>text</name>
<bndbox>
<x1>436</x1>
<y1>399</y1>
<x2>469</x2>
<y2>391</y2>
<x3>474</x3>
<y3>435</y3>
<x4>440</x4>
<y4>443</y4>
</bndbox>
</object>
<object>
<name>text</name>
<bndbox>
<x1>131</x1>
<y1>438</y1>
<x2>419</x2>
<y2>386</y2>
<x3>420</x3>
<y3>454</y3>
<x4>132</x4>
<y4>506</y4>
</bndbox>
</object>
<object>
<name>text</name>
<bndbox>
<x1>646</x1>
<y1>81</y1>
<x2>668</x2>
<y2>81</y2>
<x3>669</x3>
<y3>97</y3>
<x4>647</x4>
<y4>97</y4>
</bndbox>
</object>
<object>
<name>text</name>
<bndbox>
<x1>668</x1>
<y1>81</y1>
<x2>737</x2>
<y2>77</y2>
<x3>739</x3>
<y3>93</y3>
<x4>670</x4>
<y4>97</y4>
</bndbox>
</object>
<object>
<name>text</name>
<bndbox>
<x1>736</x1>
<y1>80</y1>
<x2>771</x2>
<y2>79</y2>
<x3>771</x3>
<y3>94</y3>
<x4>737</x4>
<y4>95</y4>
</bndbox>
</object>
<object>
<name>text</name>
<bndbox>
<x1>771</x1>
<y1>76</y1>
<x2>783</x2>
<y2>77</y2>
<x3>783</x3>
<y3>90</y3>
<x4>771</x4>
<y4>89</y4>
</bndbox>
</object>
<object>
<name>text</name>
<bndbox>
<x1>784</x1>
<y1>77</y1>
<x2>829</x2>
<y2>74</y2>
<x3>828</x3>
<y3>89</y3>
<x4>783</x4>
<y4>91</y4>
</bndbox>
</object>
<object>
<name>text</name>
<bndbox>
<x1>106</x1>
<y1>124</y1>
<x2>348</x2>
<y2>111</y2>
<x3>350</x3>
<y3>132</y3>
<x4>108</x4>
<y4>144</y4>
</bndbox>
</object>
<object>
<name>text</name>
<bndbox>
<x1>649</x1>
<y1>106</y1>
<x2>831</x2>
<y2>95</y2>
<x3>831</x3>
<y3>104</y3>
<x4>649</x4>
<y4>115</y4>
</bndbox>
</object>
<object>
<name>text</name>
<bndbox>
<x1>854</x1>
<y1>203</y1>
<x2>907</x2>
<y2>198</y2>
<x3>908</x3>
<y3>210</y3>
<x4>855</x4>
<y4>215</y4>
</bndbox>
</object>
<object>
<name>text</name>
<bndbox>
<x1>957</x1>
<y1>550</y1>
<x2>1025</x2>
<y2>530</y2>
<x3>1025</x3>
<y3>542</y3>
<x4>957</x4>
<y4>562</y4>
</bndbox>
</object>
<object>
<name>text</name>
<bndbox>
<x1>956</x1>
<y1>562</y1>
<x2>1030</x2>
<y2>542</y2>
<x3>1028</x3>
<y3>554</y3>
<x4>954</x4>
<y4>574</y4>
</bndbox>
</object>
<object>
<name>text</name>
<bndbox>
<x1>957</x1>
<y1>572</y1>
<x2>1019</x2>
<y2>554</y2>
<x3>1019</x3>
<y3>571</y3>
<x4>957</x4>
<y4>590</y4>
</bndbox>
</object>
<object>
<name>text</name>
<bndbox>
<x1>1145</x1>
<y1>490</y1>
<x2>1200</x2>
<y2>476</y2>
<x3>1199</x3>
<y3>487</y3>
<x4>1144</x4>
<y4>501</y4>
</bndbox>
</object>
<object>
<name>text</name>
<bndbox>
<x1>1142</x1>
<y1>501</y1>
<x2>1200</x2>
<y2>488</y2>
<x3>1200</x3>
<y3>498</y3>
<x4>1142</x4>
<y4>511</y4>
</bndbox>
</object>
<object>
<name>text</name>
<bndbox>
<x1>1142</x1>
<y1>512</y1>
<x2>1193</x2>
<y2>499</y2>
<x3>1193</x3>
<y3>510</y3>
<x4>1142</x4>
<y4>523</y4>
</bndbox>
</object>
</annotation>