<?xml version="1.0" ?>
<annotation>
<folder>JPEGImages</folder>
<filename>img_508.xml</filename>
<path>xxxx</path>
<source>
<database>Unknown</database>
<annotation>xxx</annotation>
<image>xxx</image>
<flickrid>0</flickrid>
</source>
<size>
<width>1280</width>
<height>720</height>
<depth>3</depth>
</size>
<segmented>0</segmented>
<object>
<name>text</name>
<bndbox>
<x1>760</x1>
<y1>134</y1>
<x2>785</x2>
<y2>127</y2>
<x3>786</x3>
<y3>144</y3>
<x4>761</x4>
<y4>152</y4>
</bndbox>
</object>
<object>
<name>text</name>
<bndbox>
<x1>658</x1>
<y1>195</y1>
<x2>681</x2>
<y2>194</y2>
<x3>681</x3>
<y3>215</y3>
<x4>658</x4>
<y4>216</y4>
</bndbox>
</object>
<object>
<name>text</name>
<bndbox>
<x1>967</x1>
<y1>423</y1>
<x2>1025</x2>
<y2>418</y2>
<x3>1030</x3>
<y3>446</y3>
<x4>972</x4>
<y4>451</y4>
</bndbox>
</object>
<object>
<name>text</name>
<bndbox>
<x1>387</x1>
<y1>213</y1>
<x2>416</x2>
<y2>210</y2>
<x3>417</x3>
<y3>229</y3>
<x4>388</x4>
<y4>231</y4>
</bndbox>
</object>
<object>
<name>text</name>
<bndbox>
<x1>951</x1>
<y1>459</y1>
<x2>991</x2>
<y2>463</y2>
<x3>993</x3>
<y3>488</y3>
<x4>953</x4>
<y4>484</y4>
</bndbox>
</object>
<object>
<name>text</name>
<bndbox>
<x1>915</x1>
<y1>106</y1>
<x2>1016</x2>
<y2>80</y2>
<x3>1027</x3>
<y3>116</y3>
<x4>926</x4>
<y4>143</y4>
</bndbox>
</object>
<object>
<name>text</name>
<bndbox>
<x1>995</x1>
<y1>463</y1>
<x2>1015</x2>
<y2>463</y2>
<x3>1016</x3>
<y3>489</y3>
<x4>996</x4>
<y4>489</y4>
</bndbox>
</object>
<object>
<name>text</name>
<bndbox>
<x1>500</x1>
<y1>223</y1>
<x2>542</x2>
<y2>211</y2>
<x3>551</x3>
<y3>241</y3>
<x4>508</x4>
<y4>253</y4>
</bndbox>
</object>
<object>
<name>text</name>
<bndbox>
<x1>970</x1>
<y1>371</y1>
<x2>1047</x2>
<y2>364</y2>
<x3>1050</x3>
<y3>383</y3>
<x4>972</x4>
<y4>390</y4>
</bndbox>
</object>
<object>
<name>text</name>
<bndbox>
<x1>167</x1>
<y1>300</y1>
<x2>215</x2>
<y2>295</y2>
<x3>217</x3>
<y3>318</y3>
<x4>170</x4>
<y4>323</y4>
</bndbox>
</object>
<object>
<name>text</name>
<bndbox>
<x1>502</x1>
<y1>246</y1>
<x2>548</x2>
<y2>240</y2>
<x3>557</x3>
<y3>274</y3>
<x4>511</x4>
<y4>280</y4>
</bndbox>
</object>
<object>
<name>text</name>
<bndbox>
<x1>682</x1>
<y1>197</y1>
<x2>709</x2>
<y2>195</y2>
<x3>709</x3>
<y3>215</y3>
<x4>682</x4>
<y4>217</y4>
</bndbox>
</object>
<object>
<name>text</name>
<bndbox>
<x1>709</x1>
<y1>192</y1>
<x2>744</x2>
<y2>190</y2>
<x3>744</x3>
<y3>208</y3>
<x4>709</x4>
<y4>210</y4>
</bndbox>
</object>
<object>
<name>text</name>
<bndbox>
<x1>1225</x1>
<y1>378</y1>
<x2>1262</x2>
<y2>380</y2>
<x3>1263</x3>
<y3>395</y3>
<x4>1226</x4>
<y4>393</y4>
</bndbox>
</object>
<object>
<name>text</name>
<bndbox>
<x1>1235</x1>
<y1>447</y1>
<x2>1275</x2>
<y2>452</y2>
<x3>1278</x3>
<y3>467</y3>
<x4>1238</x4>
<y4>461</y4>
</bndbox>
</object>
<object>
<name>text</name>
<bndbox>
<x1>713</x1>
<y1>368</y1>
<x2>745</x2>
<y2>361</y2>
<x3>746</x3>
<y3>372</y3>
<x4>715</x4>
<y4>379</y4>
</bndbox>
</object>
<object>
<name>text</name>
<bndbox>
<x1>673</x1>
<y1>302</y1>
<x2>698</x2>
<y2>298</y2>
<x3>702</x3>
<y3>329</y3>
<x4>677</x4>
<y4>334</y4>
</bndbox>
</object>
<object>
<name>text</name>
<bndbox>
<x1>927</x1>
<y1>151</y1>
<x2>1023</x2>
<y2>129</y2>
<x3>1027</x3>
<y3>142</y3>
<x4>931</x4>
<y4>164</y4>
</bndbox>
</object>
<object>
<name>text</name>
<bndbox>
<x1>1195</x1>
<y1>273</y1>
<x2>1236</x2>
<y2>270</y2>
<x3>1239</x3>
<y3>291</y3>
<x4>1198</x4>
<y4>294</y4>
</bndbox>
</object>
<object>
<name>text</name>
<bndbox>
<x1>1236</x1>
<y1>272</y1>
<x2>1275</x2>
<y2>265</y2>
<x3>1277</x3>
<y3>284</y3>
<x4>1238</x4>
<y4>292</y4>
</bndbox>
</object>
<object>
<name>text</name>
<bndbox>
<x1>939</x1>
<y1>416</y1>
<x2>963</x2>
<y2>422</y2>
<x3>967</x3>
<y3>447</y3>
<x4>943</x4>
<y4>448</y4>
</bndbox>
</object>
</annotation>