<?xml version="1.0" ?>
<annotation>
<folder>JPEGImages</folder>
<filename>img_527.xml</filename>
<path>xxxx</path>
<source>
<database>Unknown</database>
<annotation>xxx</annotation>
<image>xxx</image>
<flickrid>0</flickrid>
</source>
<size>
<width>1280</width>
<height>720</height>
<depth>3</depth>
</size>
<segmented>0</segmented>
<object>
<name>text</name>
<bndbox>
<x1>107</x1>
<y1>373</y1>
<x2>221</x2>
<y2>375</y2>
<x3>218</x3>
<y3>488</y3>
<x4>105</x4>
<y4>485</y4>
</bndbox>
</object>
<object>
<name>text</name>
<bndbox>
<x1>100</x1>
<y1>303</y1>
<x2>148</x2>
<y2>291</y2>
<x3>155</x3>
<y3>325</y3>
<x4>106</x4>
<y4>336</y4>
</bndbox>
</object>
<object>
<name>text</name>
<bndbox>
<x1>91</x1>
<y1>335</y1>
<x2>127</x2>
<y2>326</y2>
<x3>132</x3>
<y3>365</y3>
<x4>96</x4>
<y4>374</y4>
</bndbox>
</object>
<object>
<name>text</name>
<bndbox>
<x1>128</x1>
<y1>330</y1>
<x2>177</x2>
<y2>319</y2>
<x3>182</x3>
<y3>354</y3>
<x4>133</x4>
<y4>365</y4>
</bndbox>
</object>
<object>
<name>text</name>
<bndbox>
<x1>181</x1>
<y1>319</y1>
<x2>237</x2>
<y2>303</y2>
<x3>242</x3>
<y3>334</y3>
<x4>186</x4>
<y4>350</y4>
</bndbox>
</object>
<object>
<name>text</name>
<bndbox>
<x1>146</x1>
<y1>286</y1>
<x2>210</x2>
<y2>271</y2>
<x3>217</x3>
<y3>308</y3>
<x4>153</x4>
<y4>323</y4>
</bndbox>
</object>
<object>
<name>text</name>
<bndbox>
<x1>208</x1>
<y1>375</y1>
<x2>237</x2>
<y2>376</y2>
<x3>237</x3>
<y3>415</y3>
<x4>208</x4>
<y4>414</y4>
</bndbox>
</object>
<object>
<name>text</name>
<bndbox>
<x1>213</x1>
<y1>419</y1>
<x2>246</x2>
<y2>420</y2>
<x3>243</x3>
<y3>440</y3>
<x4>211</x4>
<y4>439</y4>
</bndbox>
</object>
<object>
<name>text</name>
<bndbox>
<x1>416</x1>
<y1>615</y1>
<x2>492</x2>
<y2>575</y2>
<x3>500</x3>
<y3>611</y3>
<x4>423</x4>
<y4>651</y4>
</bndbox>
</object>
<object>
<name>text</name>
<bndbox>
<x1>496</x1>
<y1>583</y1>
<x2>592</x2>
<y2>534</y2>
<x3>600</x3>
<y3>549</y3>
<x4>503</x4>
<y4>598</y4>
</bndbox>
</object>
<object>
<name>text</name>
<bndbox>
<x1>372</x1>
<y1>104</y1>
<x2>445</x2>
<y2>104</y2>
<x3>444</x3>
<y3>124</y3>
<x4>371</x4>
<y4>124</y4>
</bndbox>
</object>
</annotation>