<?xml version="1.0" ?>
<annotation>
<folder>JPEGImages</folder>
<filename>img_393.xml</filename>
<path>xxxx</path>
<source>
<database>Unknown</database>
<annotation>xxx</annotation>
<image>xxx</image>
<flickrid>0</flickrid>
</source>
<size>
<width>1280</width>
<height>720</height>
<depth>3</depth>
</size>
<segmented>0</segmented>
<object>
<name>text</name>
<bndbox>
<x1>21</x1>
<y1>292</y1>
<x2>197</x2>
<y2>305</y2>
<x3>196</x3>
<y3>326</y3>
<x4>19</x4>
<y4>314</y4>
</bndbox>
</object>
<object>
<name>text</name>
<bndbox>
<x1>208</x1>
<y1>53</y1>
<x2>326</x2>
<y2>66</y2>
<x3>324</x3>
<y3>87</y3>
<x4>206</x4>
<y4>75</y4>
</bndbox>
</object>
<object>
<name>text</name>
<bndbox>
<x1>550</x1>
<y1>90</y1>
<x2>588</x2>
<y2>98</y2>
<x3>588</x3>
<y3>124</y3>
<x4>549</x4>
<y4>116</y4>
</bndbox>
</object>
<object>
<name>text</name>
<bndbox>
<x1>818</x1>
<y1>268</y1>
<x2>890</x2>
<y2>289</y2>
<x3>872</x3>
<y3>398</y3>
<x4>800</x4>
<y4>378</y4>
</bndbox>
</object>
<object>
<name>text</name>
<bndbox>
<x1>801</x1>
<y1>265</y1>
<x2>830</x2>
<y2>272</y2>
<x3>819</x3>
<y3>330</y3>
<x4>790</x4>
<y4>323</y4>
</bndbox>
</object>
<object>
<name>text</name>
<bndbox>
<x1>785</x1>
<y1>370</y1>
<x2>873</x2>
<y2>400</y2>
<x3>865</x3>
<y3>434</y3>
<x4>777</x4>
<y4>404</y4>
</bndbox>
</object>
</annotation>