<?xml version="1.0" ?>
<annotation>
<folder>JPEGImages</folder>
<filename>img_291.xml</filename>
<path>xxxx</path>
<source>
<database>Unknown</database>
<annotation>xxx</annotation>
<image>xxx</image>
<flickrid>0</flickrid>
</source>
<size>
<width>1280</width>
<height>720</height>
<depth>3</depth>
</size>
<segmented>0</segmented>
<object>
<name>text</name>
<bndbox>
<x1>323</x1>
<y1>354</y1>
<x2>393</x2>
<y2>362</y2>
<x3>392</x3>
<y3>376</y3>
<x4>322</x4>
<y4>369</y4>
</bndbox>
</object>
<object>
<name>text</name>
<bndbox>
<x1>595</x1>
<y1>206</y1>
<x2>626</x2>
<y2>210</y2>
<x3>623</x3>
<y3>227</y3>
<x4>593</x4>
<y4>223</y4>
</bndbox>
</object>
<object>
<name>text</name>
<bndbox>
<x1>528</x1>
<y1>130</y1>
<x2>549</x2>
<y2>133</y2>
<x3>546</x3>
<y3>154</y3>
<x4>525</x4>
<y4>152</y4>
</bndbox>
</object>
<object>
<name>text</name>
<bndbox>
<x1>220</x1>
<y1>36</y1>
<x2>308</x2>
<y2>50</y2>
<x3>305</x3>
<y3>64</y3>
<x4>217</x4>
<y4>50</y4>
</bndbox>
</object>
<object>
<name>text</name>
<bndbox>
<x1>230</x1>
<y1>343</y1>
<x2>305</x2>
<y2>351</y2>
<x3>303</x3>
<y3>368</y3>
<x4>228</x4>
<y4>359</y4>
</bndbox>
</object>
<object>
<name>text</name>
<bndbox>
<x1>589</x1>
<y1>143</y1>
<x2>632</x2>
<y2>149</y2>
<x3>629</x3>
<y3>169</y3>
<x4>586</x4>
<y4>162</y4>
</bndbox>
</object>
<object>
<name>text</name>
<bndbox>
<x1>879</x1>
<y1>192</y1>
<x2>925</x2>
<y2>200</y2>
<x3>924</x3>
<y3>216</y3>
<x4>878</x4>
<y4>208</y4>
</bndbox>
</object>
<object>
<name>text</name>
<bndbox>
<x1>964</x1>
<y1>201</y1>
<x2>985</x2>
<y2>206</y2>
<x3>982</x3>
<y3>225</y3>
<x4>961</x4>
<y4>220</y4>
</bndbox>
</object>
<object>
<name>text</name>
<bndbox>
<x1>962</x1>
<y1>347</y1>
<x2>1024</x2>
<y2>351</y2>
<x3>1020</x3>
<y3>372</y3>
<x4>958</x4>
<y4>367</y4>
</bndbox>
</object>
<object>
<name>text</name>
<bndbox>
<x1>1208</x1>
<y1>483</y1>
<x2>1275</x2>
<y2>492</y2>
<x3>1271</x3>
<y3>520</y3>
<x4>1205</x4>
<y4>511</y4>
</bndbox>
</object>
<object>
<name>text</name>
<bndbox>
<x1>1060</x1>
<y1>371</y1>
<x2>1120</x2>
<y2>375</y2>
<x3>1118</x3>
<y3>401</y3>
<x4>1058</x4>
<y4>397</y4>
</bndbox>
</object>
<object>
<name>text</name>
<bndbox>
<x1>735</x1>
<y1>352</y1>
<x2>758</x2>
<y2>354</y2>
<x3>755</x3>
<y3>383</y3>
<x4>731</x4>
<y4>382</y4>
</bndbox>
</object>
<object>
<name>text</name>
<bndbox>
<x1>1034</x1>
<y1>335</y1>
<x2>1128</x2>
<y2>340</y2>
<x3>1128</x3>
<y3>360</y3>
<x4>1034</x4>
<y4>355</y4>
</bndbox>
</object>
<object>
<name>text</name>
<bndbox>
<x1>3</x1>
<y1>212</y1>
<x2>61</x2>
<y2>223</y2>
<x3>57</x3>
<y3>251</y3>
<x4>0</x4>
<y4>240</y4>
</bndbox>
</object>
</annotation>