<?xml version="1.0" ?>
<annotation>
<folder>JPEGImages</folder>
<filename>img_278.xml</filename>
<path>xxxx</path>
<source>
<database>Unknown</database>
<annotation>xxx</annotation>
<image>xxx</image>
<flickrid>0</flickrid>
</source>
<size>
<width>1280</width>
<height>720</height>
<depth>3</depth>
</size>
<segmented>0</segmented>
<object>
<name>text</name>
<bndbox>
<x1>306</x1>
<y1>159</y1>
<x2>487</x2>
<y2>116</y2>
<x3>492</x3>
<y3>144</y3>
<x4>311</x4>
<y4>187</y4>
</bndbox>
</object>
<object>
<name>text</name>
<bndbox>
<x1>362</x1>
<y1>178</y1>
<x2>494</x2>
<y2>146</y2>
<x3>499</x3>
<y3>174</y3>
<x4>368</x4>
<y4>206</y4>
</bndbox>
</object>
<object>
<name>text</name>
<bndbox>
<x1>359</x1>
<y1>411</y1>
<x2>416</x2>
<y2>389</y2>
<x3>419</x3>
<y3>411</y3>
<x4>362</x4>
<y4>433</y4>
</bndbox>
</object>
<object>
<name>text</name>
<bndbox>
<x1>418</x1>
<y1>384</y1>
<x2>450</x2>
<y2>373</y2>
<x3>455</x3>
<y3>395</y3>
<x4>422</x4>
<y4>406</y4>
</bndbox>
</object>
<object>
<name>text</name>
<bndbox>
<x1>314</x1>
<y1>364</y1>
<x2>485</x2>
<y2>301</y2>
<x3>489</x3>
<y3>323</y3>
<x4>317</x4>
<y4>385</y4>
</bndbox>
</object>
<object>
<name>text</name>
<bndbox>
<x1>351</x1>
<y1>301</y1>
<x2>431</x2>
<y2>279</y2>
<x3>433</x3>
<y3>298</y3>
<x4>353</x4>
<y4>319</y4>
</bndbox>
</object>
<object>
<name>text</name>
<bndbox>
<x1>297</x1>
<y1>291</y1>
<x2>424</x2>
<y2>260</y2>
<x3>429</x3>
<y3>280</y3>
<x4>301</x4>
<y4>311</y4>
</bndbox>
</object>
<object>
<name>text</name>
<bndbox>
<x1>289</x1>
<y1>257</y1>
<x2>409</x2>
<y2>237</y2>
<x3>415</x3>
<y3>258</y3>
<x4>295</x4>
<y4>278</y4>
</bndbox>
</object>
<object>
<name>text</name>
<bndbox>
<x1>343</x1>
<y1>445</y1>
<x2>436</x2>
<y2>404</y2>
<x3>441</x3>
<y3>421</y3>
<x4>347</x4>
<y4>462</y4>
</bndbox>
</object>
<object>
<name>text</name>
<bndbox>
<x1>337</x1>
<y1>425</y1>
<x2>355</x2>
<y2>417</y2>
<x3>358</x3>
<y3>436</y3>
<x4>340</x4>
<y4>444</y4>
</bndbox>
</object>
<object>
<name>text</name>
<bndbox>
<x1>511</x1>
<y1>244</y1>
<x2>551</x2>
<y2>236</y2>
<x3>552</x3>
<y3>245</y3>
<x4>513</x4>
<y4>253</y4>
</bndbox>
</object>
<object>
<name>text</name>
<bndbox>
<x1>525</x1>
<y1>258</y1>
<x2>547</x2>
<y2>255</y2>
<x3>547</x3>
<y3>265</y3>
<x4>525</x4>
<y4>268</y4>
</bndbox>
</object>
</annotation>