<?xml version="1.0" ?>
<annotation>
<folder>JPEGImages</folder>
<filename>img_543.xml</filename>
<path>xxxx</path>
<source>
<database>Unknown</database>
<annotation>xxx</annotation>
<image>xxx</image>
<flickrid>0</flickrid>
</source>
<size>
<width>1280</width>
<height>720</height>
<depth>3</depth>
</size>
<segmented>0</segmented>
<object>
<name>text</name>
<bndbox>
<x1>450</x1>
<y1>29</y1>
<x2>615</x2>
<y2>76</y2>
<x3>616</x3>
<y3>139</y3>
<x4>451</x4>
<y4>91</y4>
</bndbox>
</object>
<object>
<name>text</name>
<bndbox>
<x1>1232</x1>
<y1>135</y1>
<x2>1266</x2>
<y2>126</y2>
<x3>1272</x3>
<y3>155</y3>
<x4>1238</x4>
<y4>164</y4>
</bndbox>
</object>
<object>
<name>text</name>
<bndbox>
<x1>118</x1>
<y1>371</y1>
<x2>184</x2>
<y2>363</y2>
<x3>186</x3>
<y3>384</y3>
<x4>121</x4>
<y4>392</y4>
</bndbox>
</object>
<object>
<name>text</name>
<bndbox>
<x1>375</x1>
<y1>0</y1>
<x2>443</x2>
<y2>25</y2>
<x3>444</x3>
<y3>91</y3>
<x4>137</x4>
<y4>3</y4>
</bndbox>
</object>
<object>
<name>text</name>
<bndbox>
<x1>1109</x1>
<y1>183</y1>
<x2>1161</x2>
<y2>170</y2>
<x3>1166</x3>
<y3>190</y3>
<x4>1111</x4>
<y4>205</y4>
</bndbox>
</object>
<object>
<name>text</name>
<bndbox>
<x1>126</x1>
<y1>264</y1>
<x2>216</x2>
<y2>244</y2>
<x3>217</x3>
<y3>264</y3>
<x4>128</x4>
<y4>282</y4>
</bndbox>
</object>
<object>
<name>text</name>
<bndbox>
<x1>127</x1>
<y1>305</y1>
<x2>219</x2>
<y2>283</y2>
<x3>226</x3>
<y3>307</y3>
<x4>129</x4>
<y4>325</y4>
</bndbox>
</object>
<object>
<name>text</name>
<bndbox>
<x1>740</x1>
<y1>126</y1>
<x2>783</x2>
<y2>151</y2>
<x3>788</x3>
<y3>184</y3>
<x4>745</x4>
<y4>165</y4>
</bndbox>
</object>
</annotation>