<?xml version="1.0" ?>
<annotation>
<folder>JPEGImages</folder>
<filename>img_350.xml</filename>
<path>xxxx</path>
<source>
<database>Unknown</database>
<annotation>xxx</annotation>
<image>xxx</image>
<flickrid>0</flickrid>
</source>
<size>
<width>1280</width>
<height>720</height>
<depth>3</depth>
</size>
<segmented>0</segmented>
<object>
<name>text</name>
<bndbox>
<x1>272</x1>
<y1>210</y1>
<x2>315</x2>
<y2>207</y2>
<x3>315</x3>
<y3>220</y3>
<x4>272</x4>
<y4>223</y4>
</bndbox>
</object>
<object>
<name>text</name>
<bndbox>
<x1>362</x1>
<y1>166</y1>
<x2>398</x2>
<y2>165</y2>
<x3>398</x3>
<y3>175</y3>
<x4>362</x4>
<y4>177</y4>
</bndbox>
</object>
<object>
<name>text</name>
<bndbox>
<x1>454</x1>
<y1>160</y1>
<x2>481</x2>
<y2>158</y2>
<x3>480</x3>
<y3>165</y3>
<x4>453</x4>
<y4>167</y4>
</bndbox>
</object>
<object>
<name>text</name>
<bndbox>
<x1>611</x1>
<y1>151</y1>
<x2>685</x2>
<y2>146</y2>
<x3>685</x3>
<y3>169</y3>
<x4>611</x4>
<y4>175</y4>
</bndbox>
</object>
<object>
<name>text</name>
<bndbox>
<x1>688</x1>
<y1>145</y1>
<x2>797</x2>
<y2>135</y2>
<x3>798</x3>
<y3>159</y3>
<x4>689</x4>
<y4>168</y4>
</bndbox>
</object>
<object>
<name>text</name>
<bndbox>
<x1>533</x1>
<y1>151</y1>
<x2>561</x2>
<y2>149</y2>
<x3>561</x3>
<y3>158</y3>
<x4>533</x4>
<y4>159</y4>
</bndbox>
</object>
<object>
<name>text</name>
<bndbox>
<x1>510</x1>
<y1>71</y1>
<x2>577</x2>
<y2>72</y2>
<x3>576</x3>
<y3>95</y3>
<x4>509</x4>
<y4>93</y4>
</bndbox>
</object>
<object>
<name>text</name>
<bndbox>
<x1>580</x1>
<y1>74</y1>
<x2>658</x2>
<y2>76</y2>
<x3>657</x3>
<y3>97</y3>
<x4>580</x4>
<y4>95</y4>
</bndbox>
</object>
<object>
<name>text</name>
<bndbox>
<x1>863</x1>
<y1>126</y1>
<x2>914</x2>
<y2>123</y2>
<x3>915</x3>
<y3>135</y3>
<x4>864</x4>
<y4>137</y4>
</bndbox>
</object>
<object>
<name>text</name>
<bndbox>
<x1>193</x1>
<y1>551</y1>
<x2>234</x2>
<y2>551</y2>
<x3>236</x3>
<y3>563</y3>
<x4>195</x4>
<y4>563</y4>
</bndbox>
</object>
<object>
<name>text</name>
<bndbox>
<x1>306</x1>
<y1>551</y1>
<x2>349</x2>
<y2>550</y2>
<x3>349</x3>
<y3>562</y3>
<x4>306</x4>
<y4>563</y4>
</bndbox>
</object>
<object>
<name>text</name>
<bndbox>
<x1>768</x1>
<y1>579</y1>
<x2>809</x2>
<y2>578</y2>
<x3>809</x3>
<y3>591</y3>
<x4>769</x4>
<y4>591</y4>
</bndbox>
</object>
<object>
<name>text</name>
<bndbox>
<x1>751</x1>
<y1>464</y1>
<x2>782</x2>
<y2>464</y2>
<x3>783</x3>
<y3>473</y3>
<x4>752</x4>
<y4>473</y4>
</bndbox>
</object>
<object>
<name>text</name>
<bndbox>
<x1>781</x1>
<y1>462</y1>
<x2>829</x2>
<y2>461</y2>
<x3>831</x3>
<y3>472</y3>
<x4>782</x4>
<y4>473</y4>
</bndbox>
</object>
</annotation>