<?xml version="1.0" ?>
<annotation>
<folder>JPEGImages</folder>
<filename>img_336.xml</filename>
<path>xxxx</path>
<source>
<database>Unknown</database>
<annotation>xxx</annotation>
<image>xxx</image>
<flickrid>0</flickrid>
</source>
<size>
<width>1280</width>
<height>720</height>
<depth>3</depth>
</size>
<segmented>0</segmented>
<object>
<name>text</name>
<bndbox>
<x1>532</x1>
<y1>430</y1>
<x2>629</x2>
<y2>440</y2>
<x3>626</x3>
<y3>473</y3>
<x4>529</x4>
<y4>463</y4>
</bndbox>
</object>
<object>
<name>text</name>
<bndbox>
<x1>527</x1>
<y1>496</y1>
<x2>625</x2>
<y2>499</y2>
<x3>619</x3>
<y3>535</y3>
<x4>521</x4>
<y4>533</y4>
</bndbox>
</object>
<object>
<name>text</name>
<bndbox>
<x1>522</x1>
<y1>566</y1>
<x2>612</x2>
<y2>566</y2>
<x3>610</x3>
<y3>600</y3>
<x4>521</x4>
<y4>600</y4>
</bndbox>
</object>
<object>
<name>text</name>
<bndbox>
<x1>825</x1>
<y1>82</y1>
<x2>923</x2>
<y2>30</y2>
<x3>920</x3>
<y3>97</y3>
<x4>823</x4>
<y4>134</y4>
</bndbox>
</object>
<object>
<name>text</name>
<bndbox>
<x1>137</x1>
<y1>451</y1>
<x2>192</x2>
<y2>461</y2>
<x3>185</x3>
<y3>481</y3>
<x4>130</x4>
<y4>471</y4>
</bndbox>
</object>
<object>
<name>text</name>
<bndbox>
<x1>656</x1>
<y1>153</y1>
<x2>715</x2>
<y2>128</y2>
<x3>719</x3>
<y3>181</y3>
<x4>661</x4>
<y4>205</y4>
</bndbox>
</object>
<object>
<name>text</name>
<bndbox>
<x1>926</x1>
<y1>32</y1>
<x2>987</x2>
<y2>2</y2>
<x3>1100</x3>
<y3>11</y3>
<x4>926</x4>
<y4>91</y4>
</bndbox>
</object>
<object>
<name>text</name>
<bndbox>
<x1>748</x1>
<y1>67</y1>
<x2>770</x2>
<y2>69</y2>
<x3>763</x3>
<y3>156</y3>
<x4>742</x4>
<y4>154</y4>
</bndbox>
</object>
</annotation>