<?xml version="1.0" ?>
<annotation>
<folder>JPEGImages</folder>
<filename>img_539.xml</filename>
<path>xxxx</path>
<source>
<database>Unknown</database>
<annotation>xxx</annotation>
<image>xxx</image>
<flickrid>0</flickrid>
</source>
<size>
<width>1280</width>
<height>720</height>
<depth>3</depth>
</size>
<segmented>0</segmented>
<object>
<name>text</name>
<bndbox>
<x1>1015</x1>
<y1>473</y1>
<x2>1132</x2>
<y2>495</y2>
<x3>1131</x3>
<y3>539</y3>
<x4>1013</x4>
<y4>516</y4>
</bndbox>
</object>
<object>
<name>text</name>
<bndbox>
<x1>1146</x1>
<y1>493</y1>
<x2>1177</x2>
<y2>498</y2>
<x3>1176</x3>
<y3>541</y3>
<x4>1145</x4>
<y4>536</y4>
</bndbox>
</object>
<object>
<name>text</name>
<bndbox>
<x1>1216</x1>
<y1>608</y1>
<x2>1279</x2>
<y2>621</y2>
<x3>1278</x3>
<y3>665</y3>
<x4>1215</x4>
<y4>651</y4>
</bndbox>
</object>
<object>
<name>text</name>
<bndbox>
<x1>1222</x1>
<y1>668</y1>
<x2>1279</x2>
<y2>671</y2>
<x3>1279</x3>
<y3>719</y3>
<x4>1222</x4>
<y4>715</y4>
</bndbox>
</object>
<object>
<name>text</name>
<bndbox>
<x1>1216</x1>
<y1>558</y1>
<x2>1275</x2>
<y2>565</y2>
<x3>1278</x3>
<y3>604</y3>
<x4>1219</x4>
<y4>596</y4>
</bndbox>
</object>
<object>
<name>text</name>
<bndbox>
<x1>1229</x1>
<y1>517</y1>
<x2>1276</x2>
<y2>522</y2>
<x3>1278</x3>
<y3>552</y3>
<x4>1230</x4>
<y4>546</y4>
</bndbox>
</object>
</annotation>