<?xml version="1.0" ?>
<annotation>
<folder>JPEGImages</folder>
<filename>img_149.xml</filename>
<path>xxxx</path>
<source>
<database>Unknown</database>
<annotation>xxx</annotation>
<image>xxx</image>
<flickrid>0</flickrid>
</source>
<size>
<width>1280</width>
<height>720</height>
<depth>3</depth>
</size>
<segmented>0</segmented>
<object>
<name>text</name>
<bndbox>
<x1>299</x1>
<y1>322</y1>
<x2>337</x2>
<y2>324</y2>
<x3>335</x3>
<y3>341</y3>
<x4>297</x4>
<y4>339</y4>
</bndbox>
</object>
<object>
<name>text</name>
<bndbox>
<x1>296</x1>
<y1>268</y1>
<x2>339</x2>
<y2>270</y2>
<x3>337</x3>
<y3>282</y3>
<x4>294</x4>
<y4>280</y4>
</bndbox>
</object>
<object>
<name>text</name>
<bndbox>
<x1>341</x1>
<y1>271</y1>
<x2>358</x2>
<y2>271</y2>
<x3>358</x3>
<y3>283</y3>
<x4>341</x4>
<y4>282</y4>
</bndbox>
</object>
<object>
<name>text</name>
<bndbox>
<x1>291</x1>
<y1>287</y1>
<x2>312</x2>
<y2>292</y2>
<x3>311</x3>
<y3>305</y3>
<x4>289</x4>
<y4>299</y4>
</bndbox>
</object>
<object>
<name>text</name>
<bndbox>
<x1>312</x1>
<y1>293</y1>
<x2>324</x2>
<y2>295</y2>
<x3>323</x3>
<y3>306</y3>
<x4>311</x4>
<y4>304</y4>
</bndbox>
</object>
<object>
<name>text</name>
<bndbox>
<x1>441</x1>
<y1>514</y1>
<x2>493</x2>
<y2>516</y2>
<x3>494</x3>
<y3>525</y3>
<x4>442</x4>
<y4>524</y4>
</bndbox>
</object>
</annotation>