<?xml version="1.0" ?>
<annotation>
<folder>JPEGImages</folder>
<filename>img_469.xml</filename>
<path>xxxx</path>
<source>
<database>Unknown</database>
<annotation>xxx</annotation>
<image>xxx</image>
<flickrid>0</flickrid>
</source>
<size>
<width>1280</width>
<height>720</height>
<depth>3</depth>
</size>
<segmented>0</segmented>
<object>
<name>text</name>
<bndbox>
<x1>602</x1>
<y1>101</y1>
<x2>666</x2>
<y2>98</y2>
<x3>668</x3>
<y3>123</y3>
<x4>605</x4>
<y4>126</y4>
</bndbox>
</object>
<object>
<name>text</name>
<bndbox>
<x1>672</x1>
<y1>94</y1>
<x2>778</x2>
<y2>88</y2>
<x3>778</x3>
<y3>115</y3>
<x4>672</x4>
<y4>121</y4>
</bndbox>
</object>
</annotation>