<?xml version="1.0" ?>
<annotation>
<folder>JPEGImages</folder>
<filename>img_362.xml</filename>
<path>xxxx</path>
<source>
<database>Unknown</database>
<annotation>xxx</annotation>
<image>xxx</image>
<flickrid>0</flickrid>
</source>
<size>
<width>1280</width>
<height>720</height>
<depth>3</depth>
</size>
<segmented>0</segmented>
<object>
<name>text</name>
<bndbox>
<x1>1013</x1>
<y1>339</y1>
<x2>1035</x2>
<y2>341</y2>
<x3>1033</x3>
<y3>361</y3>
<x4>1011</x4>
<y4>359</y4>
</bndbox>
</object>
<object>
<name>text</name>
<bndbox>
<x1>185</x1>
<y1>230</y1>
<x2>353</x2>
<y2>244</y2>
<x3>349</x3>
<y3>283</y3>
<x4>182</x4>
<y4>269</y4>
</bndbox>
</object>
<object>
<name>text</name>
<bndbox>
<x1>341</x1>
<y1>313</y1>
<x2>363</x2>
<y2>316</y2>
<x3>357</x3>
<y3>335</y3>
<x4>335</x4>
<y4>332</y4>
</bndbox>
</object>
<object>
<name>text</name>
<bndbox>
<x1>361</x1>
<y1>316</y1>
<x2>387</x2>
<y2>319</y2>
<x3>385</x3>
<y3>329</y3>
<x4>359</x4>
<y4>326</y4>
</bndbox>
</object>
<object>
<name>text</name>
<bndbox>
<x1>387</x1>
<y1>319</y1>
<x2>401</x2>
<y2>320</y2>
<x3>398</x3>
<y3>330</y3>
<x4>384</x4>
<y4>329</y4>
</bndbox>
</object>
<object>
<name>text</name>
<bndbox>
<x1>333</x1>
<y1>332</y1>
<x2>396</x2>
<y2>341</y2>
<x3>395</x3>
<y3>354</y3>
<x4>331</x4>
<y4>345</y4>
</bndbox>
</object>
<object>
<name>text</name>
<bndbox>
<x1>1142</x1>
<y1>440</y1>
<x2>1192</x2>
<y2>440</y2>
<x3>1193</x3>
<y3>460</y3>
<x4>1142</x4>
<y4>459</y4>
</bndbox>
</object>
</annotation>