<?xml version="1.0" ?>
<annotation>
<folder>JPEGImages</folder>
<filename>img_305.xml</filename>
<path>xxxx</path>
<source>
<database>Unknown</database>
<annotation>xxx</annotation>
<image>xxx</image>
<flickrid>0</flickrid>
</source>
<size>
<width>1280</width>
<height>720</height>
<depth>3</depth>
</size>
<segmented>0</segmented>
<object>
<name>text</name>
<bndbox>
<x1>58</x1>
<y1>292</y1>
<x2>135</x2>
<y2>282</y2>
<x3>138</x3>
<y3>311</y3>
<x4>61</x4>
<y4>321</y4>
</bndbox>
</object>
<object>
<name>text</name>
<bndbox>
<x1>137</x1>
<y1>285</y1>
<x2>173</x2>
<y2>280</y2>
<x3>174</x3>
<y3>306</y3>
<x4>138</x4>
<y4>312</y4>
</bndbox>
</object>
<object>
<name>text</name>
<bndbox>
<x1>75</x1>
<y1>512</y1>
<x2>138</x2>
<y2>499</y2>
<x3>142</x3>
<y3>516</y3>
<x4>80</x4>
<y4>529</y4>
</bndbox>
</object>
<object>
<name>text</name>
<bndbox>
<x1>138</x1>
<y1>500</y1>
<x2>147</x2>
<y2>497</y2>
<x3>150</x3>
<y3>514</y3>
<x4>141</x4>
<y4>516</y4>
</bndbox>
</object>
<object>
<name>text</name>
<bndbox>
<x1>148</x1>
<y1>497</y1>
<x2>214</x2>
<y2>483</y2>
<x3>217</x3>
<y3>499</y3>
<x4>152</x4>
<y4>514</y4>
</bndbox>
</object>
<object>
<name>text</name>
<bndbox>
<x1>215</x1>
<y1>482</y1>
<x2>283</x2>
<y2>468</y2>
<x3>285</x3>
<y3>486</y3>
<x4>217</x4>
<y4>500</y4>
</bndbox>
</object>
<object>
<name>text</name>
<bndbox>
<x1>1</x1>
<y1>527</y1>
<x2>76</x2>
<y2>512</y2>
<x3>79</x3>
<y3>529</y3>
<x4>2</x4>
<y4>542</y4>
</bndbox>
</object>
<object>
<name>text</name>
<bndbox>
<x1>29</x1>
<y1>560</y1>
<x2>188</x2>
<y2>526</y2>
<x3>197</x3>
<y3>552</y3>
<x4>38</x4>
<y4>586</y4>
</bndbox>
</object>
<object>
<name>text</name>
<bndbox>
<x1>70</x1>
<y1>577</y1>
<x2>161</x2>
<y2>556</y2>
<x3>164</x3>
<y3>570</y3>
<x4>74</x4>
<y4>590</y4>
</bndbox>
</object>
<object>
<name>text</name>
<bndbox>
<x1>2</x1>
<y1>297</y1>
<x2>54</x2>
<y2>292</y2>
<x3>53</x3>
<y3>322</y3>
<x4>1</x4>
<y4>327</y4>
</bndbox>
</object>
</annotation>