<?xml version="1.0" ?>
<annotation>
<folder>JPEGImages</folder>
<filename>img_1.xml</filename>
<path>xxxx</path>
<source>
<database>Unknown</database>
<annotation>xxx</annotation>
<image>xxx</image>
<flickrid>0</flickrid>
</source>
<size>
<width>1280</width>
<height>720</height>
<depth>3</depth>
</size>
<segmented>0</segmented>
<object>
<name>text</name>
<bndbox>
<x1>377</x1>
<y1>117</y1>
<x2>463</x2>
<y2>117</y2>
<x3>465</x3>
<y3>130</y3>
<x4>378</x4>
<y4>130</y4>
</bndbox>
</object>
<object>
<name>text</name>
<bndbox>
<x1>493</x1>
<y1>115</y1>
<x2>519</x2>
<y2>115</y2>
<x3>519</x3>
<y3>131</y3>
<x4>493</x4>
<y4>131</y4>
</bndbox>
</object>
<object>
<name>text</name>
<bndbox>
<x1>374</x1>
<y1>155</y1>
<x2>409</x2>
<y2>155</y2>
<x3>409</x3>
<y3>170</y3>
<x4>374</x4>
<y4>170</y4>
</bndbox>
</object>
<object>
<name>text</name>
<bndbox>
<x1>492</x1>
<y1>151</y1>
<x2>551</x2>
<y2>151</y2>
<x3>551</x3>
<y3>170</y3>
<x4>492</x4>
<y4>170</y4>
</bndbox>
</object>
<object>
<name>text</name>
<bndbox>
<x1>376</x1>
<y1>198</y1>
<x2>422</x2>
<y2>198</y2>
<x3>422</x3>
<y3>212</y3>
<x4>376</x4>
<y4>212</y4>
</bndbox>
</object>
<object>
<name>text</name>
<bndbox>
<x1>494</x1>
<y1>190</y1>
<x2>539</x2>
<y2>189</y2>
<x3>539</x3>
<y3>205</y3>
<x4>494</x4>
<y4>206</y4>
</bndbox>
</object>
<object>
<name>text</name>
<bndbox>
<x1>374</x1>
<y1>1</y1>
<x2>494</x2>
<y2>0</y2>
<x3>492</x3>
<y3>85</y3>
<x4>372</x4>
<y4>86</y4>
</bndbox>
</object>
</annotation>