<?xml version="1.0" ?>
<annotation>
<folder>JPEGImages</folder>
<filename>img_150.xml</filename>
<path>xxxx</path>
<source>
<database>Unknown</database>
<annotation>xxx</annotation>
<image>xxx</image>
<flickrid>0</flickrid>
</source>
<size>
<width>1280</width>
<height>720</height>
<depth>3</depth>
</size>
<segmented>0</segmented>
<object>
<name>text</name>
<bndbox>
<x1>149</x1>
<y1>232</y1>
<x2>178</x2>
<y2>222</y2>
<x3>181</x3>
<y3>230</y3>
<x4>151</x4>
<y4>240</y4>
</bndbox>
</object>
<object>
<name>text</name>
<bndbox>
<x1>156</x1>
<y1>251</y1>
<x2>191</x2>
<y2>239</y2>
<x3>192</x3>
<y3>246</y3>
<x4>158</x4>
<y4>258</y4>
</bndbox>
</object>
<object>
<name>text</name>
<bndbox>
<x1>105</x1>
<y1>237</y1>
<x2>138</x2>
<y2>228</y2>
<x3>143</x3>
<y3>244</y3>
<x4>110</x4>
<y4>253</y4>
</bndbox>
</object>
<object>
<name>text</name>
<bndbox>
<x1>111</x1>
<y1>258</y1>
<x2>140</x2>
<y2>250</y2>
<x3>146</x3>
<y3>267</y3>
<x4>117</x4>
<y4>274</y4>
</bndbox>
</object>
<object>
<name>text</name>
<bndbox>
<x1>113</x1>
<y1>282</y1>
<x2>149</x2>
<y2>274</y2>
<x3>156</x3>
<y3>292</y3>
<x4>120</x4>
<y4>300</y4>
</bndbox>
</object>
<object>
<name>text</name>
<bndbox>
<x1>105</x1>
<y1>214</y1>
<x2>125</x2>
<y2>208</y2>
<x3>130</x3>
<y3>222</y3>
<x4>110</x4>
<y4>229</y4>
</bndbox>
</object>
<object>
<name>text</name>
<bndbox>
<x1>680</x1>
<y1>145</y1>
<x2>696</x2>
<y2>142</y2>
<x3>698</x3>
<y3>157</y3>
<x4>681</x4>
<y4>160</y4>
</bndbox>
</object>
<object>
<name>text</name>
<bndbox>
<x1>249</x1>
<y1>193</y1>
<x2>323</x2>
<y2>180</y2>
<x3>330</x3>
<y3>215</y3>
<x4>257</x4>
<y4>228</y4>
</bndbox>
</object>
<object>
<name>text</name>
<bndbox>
<x1>143</x1>
<y1>219</y1>
<x2>167</x2>
<y2>211</y2>
<x3>172</x3>
<y3>222</y3>
<x4>149</x4>
<y4>230</y4>
</bndbox>
</object>
<object>
<name>text</name>
<bndbox>
<x1>157</x1>
<y1>258</y1>
<x2>193</x2>
<y2>247</y2>
<x3>194</x3>
<y3>255</y3>
<x4>159</x4>
<y4>266</y4>
</bndbox>
</object>
<object>
<name>text</name>
<bndbox>
<x1>159</x1>
<y1>269</y1>
<x2>176</x2>
<y2>265</y2>
<x3>178</x3>
<y3>272</y3>
<x4>161</x4>
<y4>277</y4>
</bndbox>
</object>
<object>
<name>text</name>
<bndbox>
<x1>1216</x1>
<y1>172</y1>
<x2>1246</x2>
<y2>170</y2>
<x3>1246</x3>
<y3>183</y3>
<x4>1217</x4>
<y4>185</y4>
</bndbox>
</object>
<object>
<name>text</name>
<bndbox>
<x1>1132</x1>
<y1>252</y1>
<x2>1157</x2>
<y2>252</y2>
<x3>1160</x3>
<y3>265</y3>
<x4>1135</x4>
<y4>265</y4>
</bndbox>
</object>
<object>
<name>text</name>
<bndbox>
<x1>1133</x1>
<y1>238</y1>
<x2>1180</x2>
<y2>240</y2>
<x3>1180</x3>
<y3>252</y3>
<x4>1134</x4>
<y4>250</y4>
</bndbox>
</object>
<object>
<name>text</name>
<bndbox>
<x1>1145</x1>
<y1>224</y1>
<x2>1173</x2>
<y2>226</y2>
<x3>1174</x3>
<y3>239</y3>
<x4>1146</x4>
<y4>237</y4>
</bndbox>
</object>
<object>
<name>text</name>
<bndbox>
<x1>1248</x1>
<y1>168</y1>
<x2>1279</x2>
<y2>165</y2>
<x3>1279</x3>
<y3>180</y3>
<x4>1248</x4>
<y4>182</y4>
</bndbox>
</object>
<object>
<name>text</name>
<bndbox>
<x1>1130</x1>
<y1>179</y1>
<x2>1157</x2>
<y2>179</y2>
<x3>1160</x3>
<y3>192</y3>
<x4>1133</x4>
<y4>192</y4>
</bndbox>
</object>
</annotation>