<?xml version="1.0" ?>
<annotation>
<folder>JPEGImages</folder>
<filename>img_360.xml</filename>
<path>xxxx</path>
<source>
<database>Unknown</database>
<annotation>xxx</annotation>
<image>xxx</image>
<flickrid>0</flickrid>
</source>
<size>
<width>1280</width>
<height>720</height>
<depth>3</depth>
</size>
<segmented>0</segmented>
<object>
<name>text</name>
<bndbox>
<x1>703</x1>
<y1>63</y1>
<x2>745</x2>
<y2>63</y2>
<x3>744</x3>
<y3>73</y3>
<x4>703</x4>
<y4>72</y4>
</bndbox>
</object>
<object>
<name>text</name>
<bndbox>
<x1>649</x1>
<y1>60</y1>
<x2>696</x2>
<y2>62</y2>
<x3>697</x3>
<y3>72</y3>
<x4>650</x4>
<y4>70</y4>
</bndbox>
</object>
<object>
<name>text</name>
<bndbox>
<x1>274</x1>
<y1>42</y1>
<x2>318</x2>
<y2>42</y2>
<x3>318</x3>
<y3>61</y3>
<x4>274</x4>
<y4>61</y4>
</bndbox>
</object>
<object>
<name>text</name>
<bndbox>
<x1>504</x1>
<y1>53</y1>
<x2>569</x2>
<y2>56</y2>
<x3>569</x3>
<y3>68</y3>
<x4>504</x4>
<y4>66</y4>
</bndbox>
</object>
<object>
<name>text</name>
<bndbox>
<x1>583</x1>
<y1>56</y1>
<x2>642</x2>
<y2>59</y2>
<x3>642</x3>
<y3>71</y3>
<x4>583</x4>
<y4>68</y4>
</bndbox>
</object>
<object>
<name>text</name>
<bndbox>
<x1>180</x1>
<y1>40</y1>
<x2>273</x2>
<y2>42</y2>
<x3>275</x3>
<y3>61</y3>
<x4>183</x4>
<y4>59</y4>
</bndbox>
</object>
<object>
<name>text</name>
<bndbox>
<x1>92</x1>
<y1>37</y1>
<x2>147</x2>
<y2>37</y2>
<x3>151</x3>
<y3>59</y3>
<x4>96</x4>
<y4>58</y4>
</bndbox>
</object>
<object>
<name>text</name>
<bndbox>
<x1>533</x1>
<y1>187</y1>
<x2>623</x2>
<y2>175</y2>
<x3>626</x3>
<y3>202</y3>
<x4>535</x4>
<y4>214</y4>
</bndbox>
</object>
<object>
<name>text</name>
<bndbox>
<x1>626</x1>
<y1>175</y1>
<x2>710</x2>
<y2>167</y2>
<x3>714</x3>
<y3>194</y3>
<x4>630</x4>
<y4>202</y4>
</bndbox>
</object>
<object>
<name>text</name>
<bndbox>
<x1>292</x1>
<y1>219</y1>
<x2>345</x2>
<y2>213</y2>
<x3>345</x3>
<y3>232</y3>
<x4>292</x4>
<y4>238</y4>
</bndbox>
</object>
<object>
<name>text</name>
<bndbox>
<x1>1001</x1>
<y1>120</y1>
<x2>1057</x2>
<y2>115</y2>
<x3>1057</x3>
<y3>127</y3>
<x4>1002</x4>
<y4>133</y4>
</bndbox>
</object>
<object>
<name>text</name>
<bndbox>
<x1>0</x1>
<y1>34</y1>
<x2>91</x2>
<y2>35</y2>
<x3>91</x3>
<y3>57</y3>
<x4>0</x4>
<y4>56</y4>
</bndbox>
</object>
</annotation>