<?xml version="1.0" ?>
<annotation>
<folder>JPEGImages</folder>
<filename>img_193.xml</filename>
<path>xxxx</path>
<source>
<database>Unknown</database>
<annotation>xxx</annotation>
<image>xxx</image>
<flickrid>0</flickrid>
</source>
<size>
<width>1280</width>
<height>720</height>
<depth>3</depth>
</size>
<segmented>0</segmented>
<object>
<name>text</name>
<bndbox>
<x1>165</x1>
<y1>604</y1>
<x2>262</x2>
<y2>600</y2>
<x3>260</x3>
<y3>620</y3>
<x4>164</x4>
<y4>624</y4>
</bndbox>
</object>
<object>
<name>text</name>
<bndbox>
<x1>166</x1>
<y1>582</y1>
<x2>207</x2>
<y2>582</y2>
<x3>207</x3>
<y3>600</y3>
<x4>166</x4>
<y4>600</y4>
</bndbox>
</object>
<object>
<name>text</name>
<bndbox>
<x1>173</x1>
<y1>518</y1>
<x2>202</x2>
<y2>518</y2>
<x3>201</x3>
<y3>535</y3>
<x4>172</x4>
<y4>535</y4>
</bndbox>
</object>
<object>
<name>text</name>
<bndbox>
<x1>205</x1>
<y1>517</y1>
<x2>251</x2>
<y2>517</y2>
<x3>249</x3>
<y3>534</y3>
<x4>203</x4>
<y4>534</y4>
</bndbox>
</object>
<object>
<name>text</name>
<bndbox>
<x1>256</x1>
<y1>515</y1>
<x2>358</x2>
<y2>514</y2>
<x3>357</x3>
<y3>533</y3>
<x4>255</x4>
<y4>533</y4>
</bndbox>
</object>
<object>
<name>text</name>
<bndbox>
<x1>225</x1>
<y1>479</y1>
<x2>324</x2>
<y2>481</y2>
<x3>325</x3>
<y3>496</y3>
<x4>226</x4>
<y4>494</y4>
</bndbox>
</object>
<object>
<name>text</name>
<bndbox>
<x1>170</x1>
<y1>540</y1>
<x2>247</x2>
<y2>537</y2>
<x3>246</x3>
<y3>556</y3>
<x4>169</x4>
<y4>559</y4>
</bndbox>
</object>
<object>
<name>text</name>
<bndbox>
<x1>176</x1>
<y1>482</y1>
<x2>227</x2>
<y2>482</y2>
<x3>226</x3>
<y3>495</y3>
<x4>175</x4>
<y4>495</y4>
</bndbox>
</object>
<object>
<name>text</name>
<bndbox>
<x1>249</x1>
<y1>537</y1>
<x2>304</x2>
<y2>536</y2>
<x3>305</x3>
<y3>554</y3>
<x4>250</x4>
<y4>555</y4>
</bndbox>
</object>
<object>
<name>text</name>
<bndbox>
<x1>168</x1>
<y1>561</y1>
<x2>253</x2>
<y2>560</y2>
<x3>252</x3>
<y3>577</y3>
<x4>167</x4>
<y4>578</y4>
</bndbox>
</object>
<object>
<name>text</name>
<bndbox>
<x1>257</x1>
<y1>558</y1>
<x2>313</x2>
<y2>556</y2>
<x3>312</x3>
<y3>573</y3>
<x4>256</x4>
<y4>575</y4>
</bndbox>
</object>
<object>
<name>text</name>
<bndbox>
<x1>315</x1>
<y1>556</y1>
<x2>348</x2>
<y2>555</y2>
<x3>347</x3>
<y3>574</y3>
<x4>315</x4>
<y4>575</y4>
</bndbox>
</object>
<object>
<name>text</name>
<bndbox>
<x1>211</x1>
<y1>580</y1>
<x2>284</x2>
<y2>578</y2>
<x3>284</x3>
<y3>596</y3>
<x4>211</x4>
<y4>598</y4>
</bndbox>
</object>
<object>
<name>text</name>
<bndbox>
<x1>266</x1>
<y1>601</y1>
<x2>294</x2>
<y2>600</y2>
<x3>291</x3>
<y3>618</y3>
<x4>264</x4>
<y4>619</y4>
</bndbox>
</object>
<object>
<name>text</name>
<bndbox>
<x1>295</x1>
<y1>600</y1>
<x2>339</x2>
<y2>598</y2>
<x3>340</x3>
<y3>616</y3>
<x4>296</x4>
<y4>617</y4>
</bndbox>
</object>
<object>
<name>text</name>
<bndbox>
<x1>162</x1>
<y1>627</y1>
<x2>228</x2>
<y2>624</y2>
<x3>226</x3>
<y3>643</y3>
<x4>160</x4>
<y4>645</y4>
</bndbox>
</object>
<object>
<name>text</name>
<bndbox>
<x1>232</x1>
<y1>623</y1>
<x2>289</x2>
<y2>622</y2>
<x3>286</x3>
<y3>641</y3>
<x4>230</x4>
<y4>642</y4>
</bndbox>
</object>
<object>
<name>text</name>
<bndbox>
<x1>162</x1>
<y1>650</y1>
<x2>209</x2>
<y2>647</y2>
<x3>208</x3>
<y3>665</y3>
<x4>161</x4>
<y4>667</y4>
</bndbox>
</object>
<object>
<name>text</name>
<bndbox>
<x1>160</x1>
<y1>672</y1>
<x2>188</x2>
<y2>671</y2>
<x3>187</x3>
<y3>689</y3>
<x4>158</x4>
<y4>691</y4>
</bndbox>
</object>
<object>
<name>text</name>
<bndbox>
<x1>193</x1>
<y1>668</y1>
<x2>236</x2>
<y2>667</y2>
<x3>236</x3>
<y3>686</y3>
<x4>193</x4>
<y4>687</y4>
</bndbox>
</object>
<object>
<name>text</name>
<bndbox>
<x1>237</x1>
<y1>666</y1>
<x2>296</x2>
<y2>663</y2>
<x3>296</x3>
<y3>683</y3>
<x4>237</x4>
<y4>685</y4>
</bndbox>
</object>
<object>
<name>text</name>
<bndbox>
<x1>298</x1>
<y1>663</y1>
<x2>342</x2>
<y2>662</y2>
<x3>342</x3>
<y3>681</y3>
<x4>298</x4>
<y4>683</y4>
</bndbox>
</object>
<object>
<name>text</name>
<bndbox>
<x1>156</x1>
<y1>695</y1>
<x2>216</x2>
<y2>691</y2>
<x3>215</x3>
<y3>711</y3>
<x4>155</x4>
<y4>715</y4>
</bndbox>
</object>
<object>
<name>text</name>
<bndbox>
<x1>217</x1>
<y1>690</y1>
<x2>279</x2>
<y2>686</y2>
<x3>280</x3>
<y3>705</y3>
<x4>218</x4>
<y4>708</y4>
</bndbox>
</object>
</annotation>