<?xml version="1.0" ?>
<annotation>
<folder>JPEGImages</folder>
<filename>img_428.xml</filename>
<path>xxxx</path>
<source>
<database>Unknown</database>
<annotation>xxx</annotation>
<image>xxx</image>
<flickrid>0</flickrid>
</source>
<size>
<width>1280</width>
<height>720</height>
<depth>3</depth>
</size>
<segmented>0</segmented>
<object>
<name>text</name>
<bndbox>
<x1>752</x1>
<y1>603</y1>
<x2>956</x2>
<y2>617</y2>
<x3>956</x3>
<y3>662</y3>
<x4>752</x4>
<y4>647</y4>
</bndbox>
</object>
<object>
<name>text</name>
<bndbox>
<x1>757</x1>
<y1>647</y1>
<x2>955</x2>
<y2>657</y2>
<x3>953</x3>
<y3>712</y3>
<x4>755</x4>
<y4>702</y4>
</bndbox>
</object>
</annotation>