<?xml version="1.0" ?>
<annotation>
<folder>JPEGImages</folder>
<filename>img_42.xml</filename>
<path>xxxx</path>
<source>
<database>Unknown</database>
<annotation>xxx</annotation>
<image>xxx</image>
<flickrid>0</flickrid>
</source>
<size>
<width>1280</width>
<height>720</height>
<depth>3</depth>
</size>
<segmented>0</segmented>
<object>
<name>text</name>
<bndbox>
<x1>761</x1>
<y1>410</y1>
<x2>863</x2>
<y2>407</y2>
<x3>868</x3>
<y3>461</y3>
<x4>766</x4>
<y4>464</y4>
</bndbox>
</object>
<object>
<name>text</name>
<bndbox>
<x1>634</x1>
<y1>62</y1>
<x2>733</x2>
<y2>125</y2>
<x3>738</x3>
<y3>174</y3>
<x4>636</x4>
<y4>120</y4>
</bndbox>
</object>
<object>
<name>text</name>
<bndbox>
<x1>642</x1>
<y1>187</y1>
<x2>742</x2>
<y2>233</y2>
<x3>745</x3>
<y3>265</y3>
<x4>642</x4>
<y4>224</y4>
</bndbox>
</object>
<object>
<name>text</name>
<bndbox>
<x1>630</x1>
<y1>1</y1>
<x2>724</x2>
<y2>0</y2>
<x3>728</x3>
<y3>86</y3>
<x4>627</x4>
<y4>20</y4>
</bndbox>
</object>
<object>
<name>text</name>
<bndbox>
<x1>346</x1>
<y1>239</y1>
<x2>419</x2>
<y2>216</y2>
<x3>427</x3>
<y3>267</y3>
<x4>354</x4>
<y4>291</y4>
</bndbox>
</object>
<object>
<name>text</name>
<bndbox>
<x1>638</x1>
<y1>127</y1>
<x2>738</x2>
<y2>178</y2>
<x3>741</x3>
<y3>217</y3>
<x4>640</x4>
<y4>171</y4>
</bndbox>
</object>
<object>
<name>text</name>
<bndbox>
<x1>941</x1>
<y1>422</y1>
<x2>970</x2>
<y2>410</y2>
<x3>978</x3>
<y3>435</y3>
<x4>949</x4>
<y4>447</y4>
</bndbox>
</object>
<object>
<name>text</name>
<bndbox>
<x1>982</x1>
<y1>416</y1>
<x2>1002</x2>
<y2>412</y2>
<x3>1006</x3>
<y3>426</y3>
<x4>986</x4>
<y4>430</y4>
</bndbox>
</object>
<object>
<name>text</name>
<bndbox>
<x1>185</x1>
<y1>325</y1>
<x2>205</x2>
<y2>326</y2>
<x3>207</x3>
<y3>341</y3>
<x4>187</x4>
<y4>340</y4>
</bndbox>
</object>
<object>
<name>text</name>
<bndbox>
<x1>682</x1>
<y1>257</y1>
<x2>738</x2>
<y2>274</y2>
<x3>734</x3>
<y3>300</y3>
<x4>678</x4>
<y4>284</y4>
</bndbox>
</object>
<object>
<name>text</name>
<bndbox>
<x1>707</x1>
<y1>388</y1>
<x2>745</x2>
<y2>394</y2>
<x3>749</x3>
<y3>425</y3>
<x4>711</x4>
<y4>419</y4>
</bndbox>
</object>
</annotation>