<?xml version="1.0" ?>
<annotation>
<folder>JPEGImages</folder>
<filename>img_294.xml</filename>
<path>xxxx</path>
<source>
<database>Unknown</database>
<annotation>xxx</annotation>
<image>xxx</image>
<flickrid>0</flickrid>
</source>
<size>
<width>1280</width>
<height>720</height>
<depth>3</depth>
</size>
<segmented>0</segmented>
<object>
<name>text</name>
<bndbox>
<x1>690</x1>
<y1>325</y1>
<x2>763</x2>
<y2>326</y2>
<x3>762</x3>
<y3>345</y3>
<x4>689</x4>
<y4>344</y4>
</bndbox>
</object>
<object>
<name>text</name>
<bndbox>
<x1>539</x1>
<y1>136</y1>
<x2>576</x2>
<y2>141</y2>
<x3>573</x3>
<y3>168</y3>
<x4>536</x4>
<y4>162</y4>
</bndbox>
</object>
<object>
<name>text</name>
<bndbox>
<x1>542</x1>
<y1>123</y1>
<x2>578</x2>
<y2>128</y2>
<x3>576</x3>
<y3>140</y3>
<x4>540</x4>
<y4>135</y4>
</bndbox>
</object>
<object>
<name>text</name>
<bndbox>
<x1>807</x1>
<y1>156</y1>
<x2>834</x2>
<y2>155</y2>
<x3>833</x3>
<y3>169</y3>
<x4>806</x4>
<y4>170</y4>
</bndbox>
</object>
<object>
<name>text</name>
<bndbox>
<x1>808</x1>
<y1>138</y1>
<x2>861</x2>
<y2>135</y2>
<x3>861</x3>
<y3>151</y3>
<x4>807</x4>
<y4>153</y4>
</bndbox>
</object>
</annotation>