<?xml version="1.0" ?>
<annotation>
<folder>JPEGImages</folder>
<filename>img_154.xml</filename>
<path>xxxx</path>
<source>
<database>Unknown</database>
<annotation>xxx</annotation>
<image>xxx</image>
<flickrid>0</flickrid>
</source>
<size>
<width>1280</width>
<height>720</height>
<depth>3</depth>
</size>
<segmented>0</segmented>
<object>
<name>text</name>
<bndbox>
<x1>458</x1>
<y1>290</y1>
<x2>502</x2>
<y2>288</y2>
<x3>502</x3>
<y3>298</y3>
<x4>458</x4>
<y4>300</y4>
</bndbox>
</object>
<object>
<name>text</name>
<bndbox>
<x1>460</x1>
<y1>302</y1>
<x2>482</x2>
<y2>300</y2>
<x3>482</x3>
<y3>317</y3>
<x4>460</x4>
<y4>319</y4>
</bndbox>
</object>
<object>
<name>text</name>
<bndbox>
<x1>424</x1>
<y1>103</y1>
<x2>499</x2>
<y2>121</y2>
<x3>501</x3>
<y3>158</y3>
<x4>426</x4>
<y4>140</y4>
</bndbox>
</object>
<object>
<name>text</name>
<bndbox>
<x1>435</x1>
<y1>151</y1>
<x2>450</x2>
<y2>153</y2>
<x3>449</x3>
<y3>169</y3>
<x4>434</x4>
<y4>167</y4>
</bndbox>
</object>
<object>
<name>text</name>
<bndbox>
<x1>452</x1>
<y1>153</y1>
<x2>472</x2>
<y2>156</y2>
<x3>471</x3>
<y3>171</y3>
<x4>452</x4>
<y4>168</y4>
</bndbox>
</object>
<object>
<name>text</name>
<bndbox>
<x1>420</x1>
<y1>71</y1>
<x2>490</x2>
<y2>93</y2>
<x3>492</x3>
<y3>120</y3>
<x4>422</x4>
<y4>98</y4>
</bndbox>
</object>
<object>
<name>text</name>
<bndbox>
<x1>478</x1>
<y1>159</y1>
<x2>484</x2>
<y2>160</y2>
<x3>485</x3>
<y3>173</y3>
<x4>478</x4>
<y4>171</y4>
</bndbox>
</object>
<object>
<name>text</name>
<bndbox>
<x1>428</x1>
<y1>58</y1>
<x2>485</x2>
<y2>77</y2>
<x3>484</x3>
<y3>90</y3>
<x4>427</x4>
<y4>71</y4>
</bndbox>
</object>
<object>
<name>text</name>
<bndbox>
<x1>485</x1>
<y1>162</y1>
<x2>504</x2>
<y2>165</y2>
<x3>505</x3>
<y3>178</y3>
<x4>486</x4>
<y4>175</y4>
</bndbox>
</object>
<object>
<name>text</name>
<bndbox>
<x1>484</x1>
<y1>300</y1>
<x2>503</x2>
<y2>300</y2>
<x3>502</x3>
<y3>317</y3>
<x4>483</x4>
<y4>317</y4>
</bndbox>
</object>
<object>
<name>text</name>
<bndbox>
<x1>724</x1>
<y1>377</y1>
<x2>769</x2>
<y2>371</y2>
<x3>770</x3>
<y3>384</y3>
<x4>724</x4>
<y4>390</y4>
</bndbox>
</object>
<object>
<name>text</name>
<bndbox>
<x1>769</x1>
<y1>369</y1>
<x2>806</x2>
<y2>365</y2>
<x3>809</x3>
<y3>377</y3>
<x4>771</x4>
<y4>382</y4>
</bndbox>
</object>
<object>
<name>text</name>
<bndbox>
<x1>400</x1>
<y1>289</y1>
<x2>441</x2>
<y2>280</y2>
<x3>443</x3>
<y3>298</y3>
<x4>402</x4>
<y4>307</y4>
</bndbox>
</object>
<object>
<name>text</name>
<bndbox>
<x1>368</x1>
<y1>301</y1>
<x2>396</x2>
<y2>295</y2>
<x3>397</x3>
<y3>309</y3>
<x4>369</x4>
<y4>315</y4>
</bndbox>
</object>
<object>
<name>text</name>
<bndbox>
<x1>1046</x1>
<y1>199</y1>
<x2>1078</x2>
<y2>194</y2>
<x3>1078</x3>
<y3>206</y3>
<x4>1046</x4>
<y4>211</y4>
</bndbox>
</object>
<object>
<name>text</name>
<bndbox>
<x1>1084</x1>
<y1>190</y1>
<x2>1121</x2>
<y2>183</y2>
<x3>1121</x3>
<y3>196</y3>
<x4>1084</x4>
<y4>203</y4>
</bndbox>
</object>
<object>
<name>text</name>
<bndbox>
<x1>1126</x1>
<y1>180</y1>
<x2>1145</x2>
<y2>175</y2>
<x3>1144</x3>
<y3>188</y3>
<x4>1125</x4>
<y4>193</y4>
</bndbox>
</object>
<object>
<name>text</name>
<bndbox>
<x1>1147</x1>
<y1>176</y1>
<x2>1177</x2>
<y2>171</y2>
<x3>1178</x3>
<y3>182</y3>
<x4>1148</x4>
<y4>187</y4>
</bndbox>
</object>
</annotation>