<?xml version="1.0" ?>
<annotation>
<folder>JPEGImages</folder>
<filename>img_175.xml</filename>
<path>xxxx</path>
<source>
<database>Unknown</database>
<annotation>xxx</annotation>
<image>xxx</image>
<flickrid>0</flickrid>
</source>
<size>
<width>1280</width>
<height>720</height>
<depth>3</depth>
</size>
<segmented>0</segmented>
<object>
<name>text</name>
<bndbox>
<x1>506</x1>
<y1>71</y1>
<x2>581</x2>
<y2>73</y2>
<x3>581</x3>
<y3>104</y3>
<x4>506</x4>
<y4>102</y4>
</bndbox>
</object>
<object>
<name>text</name>
<bndbox>
<x1>511</x1>
<y1>111</y1>
<x2>763</x2>
<y2>113</y2>
<x3>760</x3>
<y3>148</y3>
<x4>507</x4>
<y4>146</y4>
</bndbox>
</object>
<object>
<name>text</name>
<bndbox>
<x1>762</x1>
<y1>117</y1>
<x2>820</x2>
<y2>117</y2>
<x3>822</x3>
<y3>147</y3>
<x4>764</x4>
<y4>147</y4>
</bndbox>
</object>
<object>
<name>text</name>
<bndbox>
<x1>821</x1>
<y1>116</y1>
<x2>898</x2>
<y2>117</y2>
<x3>901</x3>
<y3>148</y3>
<x4>823</x4>
<y4>147</y4>
</bndbox>
</object>
<object>
<name>text</name>
<bndbox>
<x1>651</x1>
<y1>181</y1>
<x2>713</x2>
<y2>181</y2>
<x3>715</x3>
<y3>213</y3>
<x4>653</x4>
<y4>213</y4>
</bndbox>
</object>
</annotation>