<?xml version="1.0" ?>
<annotation>
<folder>JPEGImages</folder>
<filename>img_445.xml</filename>
<path>xxxx</path>
<source>
<database>Unknown</database>
<annotation>xxx</annotation>
<image>xxx</image>
<flickrid>0</flickrid>
</source>
<size>
<width>1280</width>
<height>720</height>
<depth>3</depth>
</size>
<segmented>0</segmented>
<object>
<name>text</name>
<bndbox>
<x1>175</x1>
<y1>473</y1>
<x2>249</x2>
<y2>472</y2>
<x3>247</x3>
<y3>496</y3>
<x4>172</x4>
<y4>497</y4>
</bndbox>
</object>
<object>
<name>text</name>
<bndbox>
<x1>722</x1>
<y1>138</y1>
<x2>738</x2>
<y2>139</y2>
<x3>736</x3>
<y3>147</y3>
<x4>720</x4>
<y4>146</y4>
</bndbox>
</object>
<object>
<name>text</name>
<bndbox>
<x1>401</x1>
<y1>142</y1>
<x2>441</x2>
<y2>147</y2>
<x3>436</x3>
<y3>177</y3>
<x4>396</x4>
<y4>172</y4>
</bndbox>
</object>
<object>
<name>text</name>
<bndbox>
<x1>481</x1>
<y1>170</y1>
<x2>513</x2>
<y2>174</y2>
<x3>512</x3>
<y3>190</y3>
<x4>480</x4>
<y4>185</y4>
</bndbox>
</object>
<object>
<name>text</name>
<bndbox>
<x1>481</x1>
<y1>188</y1>
<x2>514</x2>
<y2>192</y2>
<x3>512</x3>
<y3>202</y3>
<x4>479</x4>
<y4>197</y4>
</bndbox>
</object>
<object>
<name>text</name>
<bndbox>
<x1>470</x1>
<y1>204</y1>
<x2>521</x2>
<y2>207</y2>
<x3>518</x3>
<y3>218</y3>
<x4>467</x4>
<y4>215</y4>
</bndbox>
</object>
<object>
<name>text</name>
<bndbox>
<x1>547</x1>
<y1>285</y1>
<x2>581</x2>
<y2>290</y2>
<x3>577</x3>
<y3>311</y3>
<x4>543</x4>
<y4>306</y4>
</bndbox>
</object>
<object>
<name>text</name>
<bndbox>
<x1>655</x1>
<y1>71</y1>
<x2>805</x2>
<y2>92</y2>
<x3>803</x3>
<y3>144</y3>
<x4>653</x4>
<y4>123</y4>
</bndbox>
</object>
<object>
<name>text</name>
<bndbox>
<x1>570</x1>
<y1>613</y1>
<x2>628</x2>
<y2>617</y2>
<x3>628</x3>
<y3>626</y3>
<x4>570</x4>
<y4>623</y4>
</bndbox>
</object>
<object>
<name>text</name>
<bndbox>
<x1>595</x1>
<y1>582</y1>
<x2>638</x2>
<y2>586</y2>
<x3>636</x3>
<y3>597</y3>
<x4>592</x4>
<y4>593</y4>
</bndbox>
</object>
<object>
<name>text</name>
<bndbox>
<x1>176</x1>
<y1>437</y1>
<x2>249</x2>
<y2>437</y2>
<x3>248</x3>
<y3>464</y3>
<x4>175</x4>
<y4>464</y4>
</bndbox>
</object>
<object>
<name>text</name>
<bndbox>
<x1>713</x1>
<y1>79</y1>
<x2>759</x2>
<y2>83</y2>
<x3>756</x3>
<y3>97</y3>
<x4>710</x4>
<y4>93</y4>
</bndbox>
</object>
<object>
<name>text</name>
<bndbox>
<x1>695</x1>
<y1>125</y1>
<x2>765</x2>
<y2>132</y2>
<x3>765</x3>
<y3>142</y3>
<x4>695</x4>
<y4>134</y4>
</bndbox>
</object>
<object>
<name>text</name>
<bndbox>
<x1>708</x1>
<y1>147</y1>
<x2>752</x2>
<y2>151</y2>
<x3>751</x3>
<y3>159</y3>
<x4>707</x4>
<y4>155</y4>
</bndbox>
</object>
<object>
<name>text</name>
<bndbox>
<x1>448</x1>
<y1>228</y1>
<x2>512</x2>
<y2>235</y2>
<x3>511</x3>
<y3>244</y3>
<x4>447</x4>
<y4>238</y4>
</bndbox>
</object>
<object>
<name>text</name>
<bndbox>
<x1>470</x1>
<y1>244</y1>
<x2>490</x2>
<y2>246</y2>
<x3>489</x3>
<y3>253</y3>
<x4>469</x4>
<y4>251</y4>
</bndbox>
</object>
<object>
<name>text</name>
<bndbox>
<x1>419</x1>
<y1>211</y1>
<x2>442</x2>
<y2>214</y2>
<x3>440</x3>
<y3>225</y3>
<x4>417</x4>
<y4>222</y4>
</bndbox>
</object>
<object>
<name>text</name>
<bndbox>
<x1>569</x1>
<y1>218</y1>
<x2>600</x2>
<y2>223</y2>
<x3>591</x3>
<y3>257</y3>
<x4>561</x4>
<y4>251</y4>
</bndbox>
</object>
<object>
<name>text</name>
<bndbox>
<x1>582</x1>
<y1>511</y1>
<x2>654</x2>
<y2>517</y2>
<x3>651</x3>
<y3>541</y3>
<x4>578</x4>
<y4>535</y4>
</bndbox>
</object>
<object>
<name>text</name>
<bndbox>
<x1>491</x1>
<y1>380</y1>
<x2>525</x2>
<y2>375</y2>
<x3>526</x3>
<y3>391</y3>
<x4>492</x4>
<y4>396</y4>
</bndbox>
</object>
<object>
<name>text</name>
<bndbox>
<x1>488</x1>
<y1>413</y1>
<x2>521</x2>
<y2>407</y2>
<x3>524</x3>
<y3>423</y3>
<x4>491</x4>
<y4>429</y4>
</bndbox>
</object>
<object>
<name>text</name>
<bndbox>
<x1>485</x1>
<y1>477</y1>
<x2>520</x2>
<y2>474</y2>
<x3>519</x3>
<y3>490</y3>
<x4>485</x4>
<y4>493</y4>
</bndbox>
</object>
<object>
<name>text</name>
<bndbox>
<x1>371</x1>
<y1>239</y1>
<x2>381</x2>
<y2>240</y2>
<x3>380</x3>
<y3>254</y3>
<x4>369</x4>
<y4>254</y4>
</bndbox>
</object>
<object>
<name>text</name>
<bndbox>
<x1>464</x1>
<y1>262</y1>
<x2>478</x2>
<y2>262</y2>
<x3>476</x3>
<y3>273</y3>
<x4>463</x4>
<y4>273</y4>
</bndbox>
</object>
<object>
<name>text</name>
<bndbox>
<x1>872</x1>
<y1>112</y1>
<x2>922</x2>
<y2>118</y2>
<x3>922</x3>
<y3>130</y3>
<x4>871</x4>
<y4>124</y4>
</bndbox>
</object>
<object>
<name>text</name>
<bndbox>
<x1>874</x1>
<y1>130</y1>
<x2>931</x2>
<y2>137</y2>
<x3>925</x3>
<y3>167</y3>
<x4>868</x4>
<y4>160</y4>
</bndbox>
</object>
<object>
<name>text</name>
<bndbox>
<x1>1008</x1>
<y1>116</y1>
<x2>1039</x2>
<y2>122</y2>
<x3>1039</x3>
<y3>134</y3>
<x4>1008</x4>
<y4>128</y4>
</bndbox>
</object>
<object>
<name>text</name>
<bndbox>
<x1>939</x1>
<y1>127</y1>
<x2>993</x2>
<y2>134</y2>
<x3>992</x3>
<y3>160</y3>
<x4>939</x4>
<y4>153</y4>
</bndbox>
</object>
<object>
<name>text</name>
<bndbox>
<x1>946</x1>
<y1>158</y1>
<x2>989</x2>
<y2>163</y2>
<x3>989</x3>
<y3>168</y3>
<x4>946</x4>
<y4>162</y4>
</bndbox>
</object>
<object>
<name>text</name>
<bndbox>
<x1>951</x1>
<y1>165</y1>
<x2>985</x2>
<y2>170</y2>
<x3>986</x3>
<y3>180</y3>
<x4>952</x4>
<y4>175</y4>
</bndbox>
</object>
<object>
<name>text</name>
<bndbox>
<x1>1004</x1>
<y1>192</y1>
<x2>1036</x2>
<y2>198</y2>
<x3>1037</x3>
<y3>207</y3>
<x4>1005</x4>
<y4>201</y4>
</bndbox>
</object>
<object>
<name>text</name>
<bndbox>
<x1>726</x1>
<y1>275</y1>
<x2>742</x2>
<y2>279</y2>
<x3>741</x3>
<y3>293</y3>
<x4>725</x4>
<y4>289</y4>
</bndbox>
</object>
<object>
<name>text</name>
<bndbox>
<x1>721</x1>
<y1>292</y1>
<x2>740</x2>
<y2>295</y2>
<x3>738</x3>
<y3>310</y3>
<x4>719</x4>
<y4>308</y4>
</bndbox>
</object>
<object>
<name>text</name>
<bndbox>
<x1>614</x1>
<y1>418</y1>
<x2>644</x2>
<y2>422</y2>
<x3>643</x3>
<y3>432</y3>
<x4>613</x4>
<y4>429</y4>
</bndbox>
</object>
<object>
<name>text</name>
<bndbox>
<x1>710</x1>
<y1>353</y1>
<x2>727</x2>
<y2>354</y2>
<x3>727</x3>
<y3>395</y3>
<x4>710</x4>
<y4>395</y4>
</bndbox>
</object>
<object>
<name>text</name>
<bndbox>
<x1>807</x1>
<y1>449</y1>
<x2>832</x2>
<y2>450</y2>
<x3>832</x3>
<y3>461</y3>
<x4>807</x4>
<y4>459</y4>
</bndbox>
</object>
<object>
<name>text</name>
<bndbox>
<x1>780</x1>
<y1>415</y1>
<x2>826</x2>
<y2>419</y2>
<x3>824</x3>
<y3>434</y3>
<x4>779</x4>
<y4>431</y4>
</bndbox>
</object>
<object>
<name>text</name>
<bndbox>
<x1>698</x1>
<y1>545</y1>
<x2>747</x2>
<y2>551</y2>
<x3>746</x3>
<y3>564</y3>
<x4>697</x4>
<y4>558</y4>
</bndbox>
</object>
<object>
<name>text</name>
<bndbox>
<x1>1254</x1>
<y1>185</y1>
<x2>1275</x2>
<y2>186</y2>
<x3>1278</x3>
<y3>205</y3>
<x4>1257</x4>
<y4>204</y4>
</bndbox>
</object>
<object>
<name>text</name>
<bndbox>
<x1>1259</x1>
<y1>108</y1>
<x2>1278</x2>
<y2>110</y2>
<x3>1276</x3>
<y3>126</y3>
<x4>1258</x4>
<y4>124</y4>
</bndbox>
</object>
<object>
<name>text</name>
<bndbox>
<x1>1001</x1>
<y1>134</y1>
<x2>1048</x2>
<y2>141</y2>
<x3>1047</x3>
<y3>168</y3>
<x4>1000</x4>
<y4>161</y4>
</bndbox>
</object>
<object>
<name>text</name>
<bndbox>
<x1>1001</x1>
<y1>171</y1>
<x2>1038</x2>
<y2>176</y2>
<x3>1040</x3>
<y3>193</y3>
<x4>1002</x4>
<y4>189</y4>
</bndbox>
</object>
<object>
<name>text</name>
<bndbox>
<x1>692</x1>
<y1>449</y1>
<x2>714</x2>
<y2>463</y2>
<x3>709</x3>
<y3>478</y3>
<x4>687</x4>
<y4>464</y4>
</bndbox>
</object>
<object>
<name>text</name>
<bndbox>
<x1>770</x1>
<y1>560</y1>
<x2>810</x2>
<y2>560</y2>
<x3>811</x3>
<y3>574</y3>
<x4>771</x4>
<y4>574</y4>
</bndbox>
</object>
<object>
<name>text</name>
<bndbox>
<x1>854</x1>
<y1>649</y1>
<x2>890</x2>
<y2>646</y2>
<x3>889</x3>
<y3>663</y3>
<x4>853</x4>
<y4>665</y4>
</bndbox>
</object>
<object>
<name>text</name>
<bndbox>
<x1>839</x1>
<y1>708</y1>
<x2>870</x2>
<y2>707</y2>
<x3>870</x3>
<y3>717</y3>
<x4>839</x4>
<y4>718</y4>
</bndbox>
</object>
<object>
<name>text</name>
<bndbox>
<x1>674</x1>
<y1>649</y1>
<x2>716</x2>
<y2>650</y2>
<x3>716</x3>
<y3>663</y3>
<x4>674</x4>
<y4>661</y4>
</bndbox>
</object>
<object>
<name>text</name>
<bndbox>
<x1>863</x1>
<y1>58</y1>
<x2>891</x2>
<y2>63</y2>
<x3>891</x3>
<y3>76</y3>
<x4>863</x4>
<y4>70</y4>
</bndbox>
</object>
<object>
<name>text</name>
<bndbox>
<x1>625</x1>
<y1>317</y1>
<x2>641</x2>
<y2>317</y2>
<x3>641</x3>
<y3>376</y3>
<x4>625</x4>
<y4>376</y4>
</bndbox>
</object>
<object>
<name>text</name>
<bndbox>
<x1>1175</x1>
<y1>97</y1>
<x2>1224</x2>
<y2>104</y2>
<x3>1224</x3>
<y3>141</y3>
<x4>1174</x4>
<y4>133</y4>
</bndbox>
</object>
<object>
<name>text</name>
<bndbox>
<x1>1176</x1>
<y1>175</y1>
<x2>1226</x2>
<y2>180</y2>
<x3>1225</x3>
<y3>212</y3>
<x4>1175</x4>
<y4>206</y4>
</bndbox>
</object>
</annotation>