<?xml version="1.0" ?>
<annotation>
<folder>JPEGImages</folder>
<filename>img_244.xml</filename>
<path>xxxx</path>
<source>
<database>Unknown</database>
<annotation>xxx</annotation>
<image>xxx</image>
<flickrid>0</flickrid>
</source>
<size>
<width>1280</width>
<height>720</height>
<depth>3</depth>
</size>
<segmented>0</segmented>
<object>
<name>text</name>
<bndbox>
<x1>301</x1>
<y1>55</y1>
<x2>508</x2>
<y2>36</y2>
<x3>513</x3>
<y3>115</y3>
<x4>306</x4>
<y4>134</y4>
</bndbox>
</object>
<object>
<name>text</name>
<bndbox>
<x1>519</x1>
<y1>36</y1>
<x2>670</x2>
<y2>21</y2>
<x3>678</x3>
<y3>81</y3>
<x4>527</x4>
<y4>97</y4>
</bndbox>
</object>
</annotation>