<?xml version="1.0" ?>
<annotation>
<folder>JPEGImages</folder>
<filename>img_430.xml</filename>
<path>xxxx</path>
<source>
<database>Unknown</database>
<annotation>xxx</annotation>
<image>xxx</image>
<flickrid>0</flickrid>
</source>
<size>
<width>1280</width>
<height>720</height>
<depth>3</depth>
</size>
<segmented>0</segmented>
<object>
<name>text</name>
<bndbox>
<x1>750</x1>
<y1>504</y1>
<x2>781</x2>
<y2>482</y2>
<x3>793</x3>
<y3>504</y3>
<x4>762</x4>
<y4>526</y4>
</bndbox>
</object>
<object>
<name>text</name>
<bndbox>
<x1>762</x1>
<y1>265</y1>
<x2>786</x2>
<y2>261</y2>
<x3>789</x3>
<y3>297</y3>
<x4>766</x4>
<y4>301</y4>
</bndbox>
</object>
<object>
<name>text</name>
<bndbox>
<x1>705</x1>
<y1>106</y1>
<x2>721</x2>
<y2>104</y2>
<x3>721</x3>
<y3>125</y3>
<x4>705</x4>
<y4>127</y4>
</bndbox>
</object>
<object>
<name>text</name>
<bndbox>
<x1>781</x1>
<y1>586</y1>
<x2>820</x2>
<y2>570</y2>
<x3>826</x3>
<y3>595</y3>
<x4>787</x4>
<y4>612</y4>
</bndbox>
</object>
<object>
<name>text</name>
<bndbox>
<x1>872</x1>
<y1>556</y1>
<x2>906</x2>
<y2>546</y2>
<x3>912</x3>
<y3>573</y3>
<x4>879</x4>
<y4>583</y4>
</bndbox>
</object>
<object>
<name>text</name>
<bndbox>
<x1>788</x1>
<y1>257</y1>
<x2>815</x2>
<y2>254</y2>
<x3>816</x3>
<y3>280</y3>
<x4>789</x4>
<y4>283</y4>
</bndbox>
</object>
<object>
<name>text</name>
<bndbox>
<x1>848</x1>
<y1>485</y1>
<x2>885</x2>
<y2>471</y2>
<x3>898</x3>
<y3>493</y3>
<x4>861</x4>
<y4>507</y4>
</bndbox>
</object>
<object>
<name>text</name>
<bndbox>
<x1>951</x1>
<y1>58</y1>
<x2>998</x2>
<y2>40</y2>
<x3>999</x3>
<y3>58</y3>
<x4>952</x4>
<y4>76</y4>
</bndbox>
</object>
<object>
<name>text</name>
<bndbox>
<x1>1056</x1>
<y1>8</y1>
<x2>1147</x2>
<y2>7</y2>
<x3>1148</x3>
<y3>20</y3>
<x4>1057</x4>
<y4>21</y4>
</bndbox>
</object>
<object>
<name>text</name>
<bndbox>
<x1>743</x1>
<y1>250</y1>
<x2>809</x2>
<y2>242</y2>
<x3>810</x3>
<y3>252</y3>
<x4>743</x4>
<y4>261</y4>
</bndbox>
</object>
<object>
<name>text</name>
<bndbox>
<x1>611</x1>
<y1>157</y1>
<x2>625</x2>
<y2>157</y2>
<x3>625</x3>
<y3>173</y3>
<x4>612</x4>
<y4>173</y4>
</bndbox>
</object>
<object>
<name>text</name>
<bndbox>
<x1>867</x1>
<y1>517</y1>
<x2>926</x2>
<y2>506</y2>
<x3>930</x3>
<y3>529</y3>
<x4>870</x4>
<y4>540</y4>
</bndbox>
</object>
<object>
<name>text</name>
<bndbox>
<x1>1091</x1>
<y1>31</y1>
<x2>1122</x2>
<y2>31</y2>
<x3>1122</x3>
<y3>42</y3>
<x4>1091</x4>
<y4>42</y4>
</bndbox>
</object>
</annotation>