<?xml version="1.0" ?>
<annotation>
<folder>JPEGImages</folder>
<filename>img_37.xml</filename>
<path>xxxx</path>
<source>
<database>Unknown</database>
<annotation>xxx</annotation>
<image>xxx</image>
<flickrid>0</flickrid>
</source>
<size>
<width>1280</width>
<height>720</height>
<depth>3</depth>
</size>
<segmented>0</segmented>
<object>
<name>text</name>
<bndbox>
<x1>107</x1>
<y1>218</y1>
<x2>205</x2>
<y2>217</y2>
<x3>213</x3>
<y3>265</y3>
<x4>106</x4>
<y4>279</y4>
</bndbox>
</object>
<object>
<name>text</name>
<bndbox>
<x1>233</x1>
<y1>212</y1>
<x2>302</x2>
<y2>212</y2>
<x3>309</x3>
<y3>252</y3>
<x4>238</x4>
<y4>259</y4>
</bndbox>
</object>
<object>
<name>text</name>
<bndbox>
<x1>195</x1>
<y1>269</y1>
<x2>303</x2>
<y2>255</y2>
<x3>300</x3>
<y3>295</y3>
<x4>194</x4>
<y4>311</y4>
</bndbox>
</object>
<object>
<name>text</name>
<bndbox>
<x1>991</x1>
<y1>429</y1>
<x2>1030</x2>
<y2>428</y2>
<x3>1032</x3>
<y3>438</y3>
<x4>993</x4>
<y4>439</y4>
</bndbox>
</object>
<object>
<name>text</name>
<bndbox>
<x1>820</x1>
<y1>213</y1>
<x2>848</x2>
<y2>210</y2>
<x3>850</x3>
<y3>228</y3>
<x4>821</x4>
<y4>232</y4>
</bndbox>
</object>
<object>
<name>text</name>
<bndbox>
<x1>979</x1>
<y1>189</y1>
<x2>1011</x2>
<y2>186</y2>
<x3>1016</x3>
<y3>206</y3>
<x4>984</x4>
<y4>210</y4>
</bndbox>
</object>
<object>
<name>text</name>
<bndbox>
<x1>128</x1>
<y1>173</y1>
<x2>155</x2>
<y2>176</y2>
<x3>154</x3>
<y3>189</y3>
<x4>128</x4>
<y4>185</y4>
</bndbox>
</object>
</annotation>