<?xml version="1.0" ?>
<annotation>
<folder>JPEGImages</folder>
<filename>img_202.xml</filename>
<path>xxxx</path>
<source>
<database>Unknown</database>
<annotation>xxx</annotation>
<image>xxx</image>
<flickrid>0</flickrid>
</source>
<size>
<width>1280</width>
<height>720</height>
<depth>3</depth>
</size>
<segmented>0</segmented>
<object>
<name>text</name>
<bndbox>
<x1>724</x1>
<y1>102</y1>
<x2>1010</x2>
<y2>102</y2>
<x3>1010</x3>
<y3>140</y3>
<x4>724</x4>
<y4>140</y4>
</bndbox>
</object>
<object>
<name>text</name>
<bndbox>
<x1>741</x1>
<y1>368</y1>
<x2>794</x2>
<y2>385</y2>
<x3>786</x3>
<y3>396</y3>
<x4>733</x4>
<y4>379</y4>
</bndbox>
</object>
<object>
<name>text</name>
<bndbox>
<x1>980</x1>
<y1>69</y1>
<x2>1027</x2>
<y2>70</y2>
<x3>1025</x3>
<y3>82</y3>
<x4>978</x4>
<y4>81</y4>
</bndbox>
</object>
<object>
<name>text</name>
<bndbox>
<x1>901</x1>
<y1>145</y1>
<x2>962</x2>
<y2>145</y2>
<x3>964</x3>
<y3>157</y3>
<x4>903</x4>
<y4>157</y4>
</bndbox>
</object>
<object>
<name>text</name>
<bndbox>
<x1>966</x1>
<y1>144</y1>
<x2>1006</x2>
<y2>146</y2>
<x3>1006</x3>
<y3>158</y3>
<x4>966</x4>
<y4>157</y4>
</bndbox>
</object>
<object>
<name>text</name>
<bndbox>
<x1>949</x1>
<y1>70</y1>
<x2>980</x2>
<y2>70</y2>
<x3>980</x3>
<y3>82</y3>
<x4>949</x4>
<y4>81</y4>
</bndbox>
</object>
<object>
<name>text</name>
<bndbox>
<x1>830</x1>
<y1>240</y1>
<x2>962</x2>
<y2>269</y2>
<x3>955</x3>
<y3>283</y3>
<x4>823</x4>
<y4>254</y4>
</bndbox>
</object>
<object>
<name>text</name>
<bndbox>
<x1>799</x1>
<y1>383</y1>
<x2>853</x2>
<y2>399</y2>
<x3>842</x3>
<y3>412</y3>
<x4>789</x4>
<y4>396</y4>
</bndbox>
</object>
<object>
<name>text</name>
<bndbox>
<x1>852</x1>
<y1>399</y1>
<x2>919</x2>
<y2>419</y2>
<x3>909</x3>
<y3>433</y3>
<x4>842</x4>
<y4>413</y4>
</bndbox>
</object>
<object>
<name>text</name>
<bndbox>
<x1>735</x1>
<y1>379</y1>
<x2>788</x2>
<y2>398</y2>
<x3>776</x3>
<y3>410</y3>
<x4>723</x4>
<y4>392</y4>
</bndbox>
</object>
<object>
<name>text</name>
<bndbox>
<x1>786</x1>
<y1>396</y1>
<x2>815</x2>
<y2>405</y2>
<x3>805</x3>
<y3>419</y3>
<x4>776</x4>
<y4>410</y4>
</bndbox>
</object>
<object>
<name>text</name>
<bndbox>
<x1>736</x1>
<y1>422</y1>
<x2>864</x2>
<y2>465</y2>
<x3>861</x3>
<y3>478</y3>
<x4>733</x4>
<y4>435</y4>
</bndbox>
</object>
<object>
<name>text</name>
<bndbox>
<x1>1189</x1>
<y1>271</y1>
<x2>1220</x2>
<y2>271</y2>
<x3>1219</x3>
<y3>284</y3>
<x4>1189</x4>
<y4>284</y4>
</bndbox>
</object>
<object>
<name>text</name>
<bndbox>
<x1>726</x1>
<y1>144</y1>
<x2>801</x2>
<y2>146</y2>
<x3>804</x3>
<y3>164</y3>
<x4>730</x4>
<y4>162</y4>
</bndbox>
</object>
<object>
<name>text</name>
<bndbox>
<x1>810</x1>
<y1>146</y1>
<x2>894</x2>
<y2>144</y2>
<x3>894</x3>
<y3>157</y3>
<x4>810</x4>
<y4>159</y4>
</bndbox>
</object>
<object>
<name>text</name>
<bndbox>
<x1>754</x1>
<y1>355</y1>
<x2>898</x2>
<y2>396</y2>
<x3>893</x3>
<y3>409</y3>
<x4>746</x4>
<y4>366</y4>
</bndbox>
</object>
<object>
<name>text</name>
<bndbox>
<x1>772</x1>
<y1>260</y1>
<x2>787</x2>
<y2>264</y2>
<x3>768</x3>
<y3>289</y3>
<x4>749</x4>
<y4>283</y4>
</bndbox>
</object>
<object>
<name>text</name>
<bndbox>
<x1>735</x1>
<y1>328</y1>
<x2>792</x2>
<y2>263</y2>
<x3>821</x3>
<y3>268</y3>
<x4>773</x4>
<y4>338</y4>
</bndbox>
</object>
<object>
<name>text</name>
<bndbox>
<x1>769</x1>
<y1>344</y1>
<x2>811</x2>
<y2>283</y2>
<x3>838</x3>
<y3>288</y3>
<x4>796</x4>
<y4>352</y4>
</bndbox>
</object>
<object>
<name>text</name>
<bndbox>
<x1>954</x1>
<y1>295</y1>
<x2>997</x2>
<y2>304</y2>
<x3>991</x3>
<y3>319</y3>
<x4>954</x4>
<y4>311</y4>
</bndbox>
</object>
</annotation>