<?xml version="1.0" ?>
<annotation>
<folder>JPEGImages</folder>
<filename>img_210.xml</filename>
<path>xxxx</path>
<source>
<database>Unknown</database>
<annotation>xxx</annotation>
<image>xxx</image>
<flickrid>0</flickrid>
</source>
<size>
<width>1280</width>
<height>720</height>
<depth>3</depth>
</size>
<segmented>0</segmented>
<object>
<name>text</name>
<bndbox>
<x1>712</x1>
<y1>400</y1>
<x2>764</x2>
<y2>403</y2>
<x3>762</x3>
<y3>431</y3>
<x4>710</x4>
<y4>427</y4>
</bndbox>
</object>
<object>
<name>text</name>
<bndbox>
<x1>139</x1>
<y1>343</y1>
<x2>161</x2>
<y2>353</y2>
<x3>155</x3>
<y3>362</y3>
<x4>132</x4>
<y4>352</y4>
</bndbox>
</object>
<object>
<name>text</name>
<bndbox>
<x1>162</x1>
<y1>354</y1>
<x2>180</x2>
<y2>362</y2>
<x3>174</x3>
<y3>370</y3>
<x4>156</x4>
<y4>362</y4>
</bndbox>
</object>
<object>
<name>text</name>
<bndbox>
<x1>93</x1>
<y1>369</y1>
<x2>107</x2>
<y2>372</y2>
<x3>101</x3>
<y3>383</y3>
<x4>87</x4>
<y4>380</y4>
</bndbox>
</object>
<object>
<name>text</name>
<bndbox>
<x1>108</x1>
<y1>372</y1>
<x2>147</x2>
<y2>389</y2>
<x3>140</x3>
<y3>400</y3>
<x4>101</x4>
<y4>384</y4>
</bndbox>
</object>
<object>
<name>text</name>
<bndbox>
<x1>108</x1>
<y1>349</y1>
<x2>143</x2>
<y2>364</y2>
<x3>135</x3>
<y3>377</y3>
<x4>100</x4>
<y4>362</y4>
</bndbox>
</object>
<object>
<name>text</name>
<bndbox>
<x1>91</x1>
<y1>343</y1>
<x2>106</x2>
<y2>350</y2>
<x3>99</x3>
<y3>362</y3>
<x4>83</x4>
<y4>355</y4>
</bndbox>
</object>
<object>
<name>text</name>
<bndbox>
<x1>6</x1>
<y1>386</y1>
<x2>46</x2>
<y2>399</y2>
<x3>40</x3>
<y3>409</y3>
<x4>0</x4>
<y4>396</y4>
</bndbox>
</object>
</annotation>