<?xml version="1.0" ?>
<annotation>
<folder>JPEGImages</folder>
<filename>img_458.xml</filename>
<path>xxxx</path>
<source>
<database>Unknown</database>
<annotation>xxx</annotation>
<image>xxx</image>
<flickrid>0</flickrid>
</source>
<size>
<width>1280</width>
<height>720</height>
<depth>3</depth>
</size>
<segmented>0</segmented>
<object>
<name>text</name>
<bndbox>
<x1>764</x1>
<y1>144</y1>
<x2>814</x2>
<y2>152</y2>
<x3>814</x3>
<y3>173</y3>
<x4>764</x4>
<y4>164</y4>
</bndbox>
</object>
<object>
<name>text</name>
<bndbox>
<x1>976</x1>
<y1>455</y1>
<x2>1013</x2>
<y2>461</y2>
<x3>1013</x3>
<y3>474</y3>
<x4>976</x4>
<y4>468</y4>
</bndbox>
</object>
<object>
<name>text</name>
<bndbox>
<x1>978</x1>
<y1>488</y1>
<x2>1008</x2>
<y2>495</y2>
<x3>1011</x3>
<y3>506</y3>
<x4>981</x4>
<y4>499</y4>
</bndbox>
</object>
<object>
<name>text</name>
<bndbox>
<x1>973</x1>
<y1>500</y1>
<x2>1017</x2>
<y2>509</y2>
<x3>1018</x3>
<y3>526</y3>
<x4>975</x4>
<y4>518</y4>
</bndbox>
</object>
<object>
<name>text</name>
<bndbox>
<x1>262</x1>
<y1>246</y1>
<x2>301</x2>
<y2>249</y2>
<x3>298</x3>
<y3>298</y3>
<x4>260</x4>
<y4>295</y4>
</bndbox>
</object>
<object>
<name>text</name>
<bndbox>
<x1>976</x1>
<y1>473</y1>
<x2>1006</x2>
<y2>478</y2>
<x3>1010</x3>
<y3>489</y3>
<x4>980</x4>
<y4>484</y4>
</bndbox>
</object>
<object>
<name>text</name>
<bndbox>
<x1>778</x1>
<y1>95</y1>
<x2>827</x2>
<y2>106</y2>
<x3>827</x3>
<y3>140</y3>
<x4>778</x4>
<y4>129</y4>
</bndbox>
</object>
<object>
<name>text</name>
<bndbox>
<x1>733</x1>
<y1>84</y1>
<x2>780</x2>
<y2>96</y2>
<x3>781</x3>
<y3>134</y3>
<x4>735</x4>
<y4>123</y4>
</bndbox>
</object>
<object>
<name>text</name>
<bndbox>
<x1>185</x1>
<y1>196</y1>
<x2>252</x2>
<y2>202</y2>
<x3>255</x3>
<y3>224</y3>
<x4>188</x4>
<y4>219</y4>
</bndbox>
</object>
<object>
<name>text</name>
<bndbox>
<x1>817</x1>
<y1>155</y1>
<x2>829</x2>
<y2>158</y2>
<x3>828</x3>
<y3>174</y3>
<x4>816</x4>
<y4>170</y4>
</bndbox>
</object>
<object>
<name>text</name>
<bndbox>
<x1>1160</x1>
<y1>197</y1>
<x2>1248</x2>
<y2>200</y2>
<x3>1250</x3>
<y3>220</y3>
<x4>1162</x4>
<y4>216</y4>
</bndbox>
</object>
<object>
<name>text</name>
<bndbox>
<x1>266</x1>
<y1>232</y1>
<x2>303</x2>
<y2>236</y2>
<x3>301</x3>
<y3>249</y3>
<x4>265</x4>
<y4>245</y4>
</bndbox>
</object>
<object>
<name>text</name>
<bndbox>
<x1>263</x1>
<y1>294</y1>
<x2>296</x2>
<y2>300</y2>
<x3>295</x3>
<y3>331</y3>
<x4>261</x4>
<y4>325</y4>
</bndbox>
</object>
<object>
<name>text</name>
<bndbox>
<x1>250</x1>
<y1>327</y1>
<x2>299</x2>
<y2>340</y2>
<x3>302</x3>
<y3>354</y3>
<x4>253</x4>
<y4>340</y4>
</bndbox>
</object>
</annotation>