<?xml version="1.0" ?>
<annotation>
<folder>JPEGImages</folder>
<filename>img_396.xml</filename>
<path>xxxx</path>
<source>
<database>Unknown</database>
<annotation>xxx</annotation>
<image>xxx</image>
<flickrid>0</flickrid>
</source>
<size>
<width>1280</width>
<height>720</height>
<depth>3</depth>
</size>
<segmented>0</segmented>
<object>
<name>text</name>
<bndbox>
<x1>517</x1>
<y1>206</y1>
<x2>633</x2>
<y2>190</y2>
<x3>638</x3>
<y3>233</y3>
<x4>522</x4>
<y4>248</y4>
</bndbox>
</object>
<object>
<name>text</name>
<bndbox>
<x1>509</x1>
<y1>305</y1>
<x2>540</x2>
<y2>301</y2>
<x3>540</x3>
<y3>317</y3>
<x4>509</x4>
<y4>321</y4>
</bndbox>
</object>
<object>
<name>text</name>
<bndbox>
<x1>46</x1>
<y1>255</y1>
<x2>88</x2>
<y2>250</y2>
<x3>95</x3>
<y3>304</y3>
<x4>53</x4>
<y4>310</y4>
</bndbox>
</object>
<object>
<name>text</name>
<bndbox>
<x1>15</x1>
<y1>259</y1>
<x2>50</x2>
<y2>254</y2>
<x3>56</x3>
<y3>286</y3>
<x4>21</x4>
<y4>291</y4>
</bndbox>
</object>
</annotation>