<?xml version="1.0" ?>
<annotation>
<folder>JPEGImages</folder>
<filename>img_225.xml</filename>
<path>xxxx</path>
<source>
<database>Unknown</database>
<annotation>xxx</annotation>
<image>xxx</image>
<flickrid>0</flickrid>
</source>
<size>
<width>1280</width>
<height>720</height>
<depth>3</depth>
</size>
<segmented>0</segmented>
<object>
<name>text</name>
<bndbox>
<x1>696</x1>
<y1>252</y1>
<x2>734</x2>
<y2>233</y2>
<x3>737</x3>
<y3>271</y3>
<x4>700</x4>
<y4>290</y4>
</bndbox>
</object>
<object>
<name>text</name>
<bndbox>
<x1>735</x1>
<y1>223</y1>
<x2>788</x2>
<y2>200</y2>
<x3>793</x3>
<y3>260</y3>
<x4>740</x4>
<y4>283</y4>
</bndbox>
</object>
<object>
<name>text</name>
<bndbox>
<x1>174</x1>
<y1>480</y1>
<x2>188</x2>
<y2>481</y2>
<x3>181</x3>
<y3>512</y3>
<x4>167</x4>
<y4>511</y4>
</bndbox>
</object>
<object>
<name>text</name>
<bndbox>
<x1>185</x1>
<y1>479</y1>
<x2>206</x2>
<y2>481</y2>
<x3>202</x3>
<y3>501</y3>
<x4>182</x4>
<y4>500</y4>
</bndbox>
</object>
<object>
<name>text</name>
<bndbox>
<x1>177</x1>
<y1>258</y1>
<x2>217</x2>
<y2>263</y2>
<x3>214</x3>
<y3>278</y3>
<x4>174</x4>
<y4>273</y4>
</bndbox>
</object>
</annotation>