<?xml version="1.0" ?>
<annotation>
<folder>JPEGImages</folder>
<filename>img_194.xml</filename>
<path>xxxx</path>
<source>
<database>Unknown</database>
<annotation>xxx</annotation>
<image>xxx</image>
<flickrid>0</flickrid>
</source>
<size>
<width>1280</width>
<height>720</height>
<depth>3</depth>
</size>
<segmented>0</segmented>
<object>
<name>text</name>
<bndbox>
<x1>1005</x1>
<y1>126</y1>
<x2>1042</x2>
<y2>125</y2>
<x3>1042</x3>
<y3>148</y3>
<x4>1005</x4>
<y4>150</y4>
</bndbox>
</object>
<object>
<name>text</name>
<bndbox>
<x1>1045</x1>
<y1>127</y1>
<x2>1076</x2>
<y2>126</y2>
<x3>1077</x3>
<y3>150</y3>
<x4>1046</x4>
<y4>151</y4>
</bndbox>
</object>
<object>
<name>text</name>
<bndbox>
<x1>1080</x1>
<y1>127</y1>
<x2>1101</x2>
<y2>127</y2>
<x3>1102</x3>
<y3>147</y3>
<x4>1081</x4>
<y4>147</y4>
</bndbox>
</object>
<object>
<name>text</name>
<bndbox>
<x1>1001</x1>
<y1>158</y1>
<x2>1053</x2>
<y2>157</y2>
<x3>1056</x3>
<y3>181</y3>
<x4>1004</x4>
<y4>182</y4>
</bndbox>
</object>
<object>
<name>text</name>
<bndbox>
<x1>1055</x1>
<y1>153</y1>
<x2>1107</x2>
<y2>152</y2>
<x3>1111</x3>
<y3>180</y3>
<x4>1058</x4>
<y4>181</y4>
</bndbox>
</object>
</annotation>