<?xml version="1.0" ?>
<annotation>
<folder>JPEGImages</folder>
<filename>img_201.xml</filename>
<path>xxxx</path>
<source>
<database>Unknown</database>
<annotation>xxx</annotation>
<image>xxx</image>
<flickrid>0</flickrid>
</source>
<size>
<width>1280</width>
<height>720</height>
<depth>3</depth>
</size>
<segmented>0</segmented>
<object>
<name>text</name>
<bndbox>
<x1>1094</x1>
<y1>224</y1>
<x2>1143</x2>
<y2>219</y2>
<x3>1144</x3>
<y3>233</y3>
<x4>1095</x4>
<y4>237</y4>
</bndbox>
</object>
<object>
<name>text</name>
<bndbox>
<x1>1032</x1>
<y1>115</y1>
<x2>1070</x2>
<y2>114</y2>
<x3>1071</x3>
<y3>141</y3>
<x4>1034</x4>
<y4>142</y4>
</bndbox>
</object>
<object>
<name>text</name>
<bndbox>
<x1>805</x1>
<y1>91</y1>
<x2>879</x2>
<y2>64</y2>
<x3>880</x3>
<y3>79</y3>
<x4>806</x4>
<y4>105</y4>
</bndbox>
</object>
<object>
<name>text</name>
<bndbox>
<x1>737</x1>
<y1>185</y1>
<x2>756</x2>
<y2>180</y2>
<x3>757</x3>
<y3>194</y3>
<x4>738</x4>
<y4>198</y4>
</bndbox>
</object>
<object>
<name>text</name>
<bndbox>
<x1>736</x1>
<y1>198</y1>
<x2>786</x2>
<y2>185</y2>
<x3>786</x3>
<y3>203</y3>
<x4>736</x4>
<y4>216</y4>
</bndbox>
</object>
<object>
<name>text</name>
<bndbox>
<x1>790</x1>
<y1>95</y1>
<x2>804</x2>
<y2>92</y2>
<x3>806</x3>
<y3>109</y3>
<x4>793</x4>
<y4>112</y4>
</bndbox>
</object>
<object>
<name>text</name>
<bndbox>
<x1>844</x1>
<y1>147</y1>
<x2>887</x2>
<y2>137</y2>
<x3>890</x3>
<y3>179</y3>
<x4>848</x4>
<y4>189</y4>
</bndbox>
</object>
<object>
<name>text</name>
<bndbox>
<x1>732</x1>
<y1>120</y1>
<x2>791</x2>
<y2>98</y2>
<x3>791</x3>
<y3>114</y3>
<x4>732</x4>
<y4>136</y4>
</bndbox>
</object>
<object>
<name>text</name>
<bndbox>
<x1>802</x1>
<y1>479</y1>
<x2>851</x2>
<y2>486</y2>
<x3>851</x3>
<y3>499</y3>
<x4>802</x4>
<y4>492</y4>
</bndbox>
</object>
<object>
<name>text</name>
<bndbox>
<x1>1074</x1>
<y1>213</y1>
<x2>1093</x2>
<y2>211</y2>
<x3>1097</x3>
<y3>238</y3>
<x4>1078</x4>
<y4>240</y4>
</bndbox>
</object>
<object>
<name>text</name>
<bndbox>
<x1>1092</x1>
<y1>212</y1>
<x2>1104</x2>
<y2>211</y2>
<x3>1106</x3>
<y3>223</y3>
<x4>1094</x4>
<y4>225</y4>
</bndbox>
</object>
<object>
<name>text</name>
<bndbox>
<x1>1073</x1>
<y1>115</y1>
<x2>1094</x2>
<y2>116</y2>
<x3>1097</x3>
<y3>141</y3>
<x4>1076</x4>
<y4>140</y4>
</bndbox>
</object>
<object>
<name>text</name>
<bndbox>
<x1>1098</x1>
<y1>124</y1>
<x2>1137</x2>
<y2>124</y2>
<x3>1140</x3>
<y3>141</y3>
<x4>1101</x4>
<y4>142</y4>
</bndbox>
</object>
<object>
<name>text</name>
<bndbox>
<x1>1137</x1>
<y1>118</y1>
<x2>1170</x2>
<y2>119</y2>
<x3>1173</x3>
<y3>142</y3>
<x4>1140</x4>
<y4>141</y4>
</bndbox>
</object>
<object>
<name>text</name>
<bndbox>
<x1>1173</x1>
<y1>124</y1>
<x2>1220</x2>
<y2>124</y2>
<x3>1223</x3>
<y3>146</y3>
<x4>1176</x4>
<y4>145</y4>
</bndbox>
</object>
<object>
<name>text</name>
<bndbox>
<x1>1217</x1>
<y1>121</y1>
<x2>1257</x2>
<y2>122</y2>
<x3>1262</x3>
<y3>144</y3>
<x4>1222</x4>
<y4>143</y4>
</bndbox>
</object>
<object>
<name>text</name>
<bndbox>
<x1>1046</x1>
<y1>151</y1>
<x2>1076</x2>
<y2>151</y2>
<x3>1079</x3>
<y3>176</y3>
<x4>1049</x4>
<y4>176</y4>
</bndbox>
</object>
<object>
<name>text</name>
<bndbox>
<x1>1079</x1>
<y1>152</y1>
<x2>1113</x2>
<y2>151</y2>
<x3>1115</x3>
<y3>175</y3>
<x4>1081</x4>
<y4>176</y4>
</bndbox>
</object>
<object>
<name>text</name>
<bndbox>
<x1>1115</x1>
<y1>151</y1>
<x2>1149</x2>
<y2>151</y2>
<x3>1150</x3>
<y3>178</y3>
<x4>1117</x4>
<y4>178</y4>
</bndbox>
</object>
<object>
<name>text</name>
<bndbox>
<x1>1150</x1>
<y1>151</y1>
<x2>1194</x2>
<y2>149</y2>
<x3>1196</x3>
<y3>172</y3>
<x4>1152</x4>
<y4>175</y4>
</bndbox>
</object>
<object>
<name>text</name>
<bndbox>
<x1>1194</x1>
<y1>151</y1>
<x2>1230</x2>
<y2>150</y2>
<x3>1234</x3>
<y3>172</y3>
<x4>1198</x4>
<y4>173</y4>
</bndbox>
</object>
</annotation>