<?xml version="1.0" ?>
<annotation>
<folder>JPEGImages</folder>
<filename>img_520.xml</filename>
<path>xxxx</path>
<source>
<database>Unknown</database>
<annotation>xxx</annotation>
<image>xxx</image>
<flickrid>0</flickrid>
</source>
<size>
<width>1280</width>
<height>720</height>
<depth>3</depth>
</size>
<segmented>0</segmented>
<object>
<name>text</name>
<bndbox>
<x1>90</x1>
<y1>129</y1>
<x2>207</x2>
<y2>116</y2>
<x3>208</x3>
<y3>155</y3>
<x4>91</x4>
<y4>168</y4>
</bndbox>
</object>
<object>
<name>text</name>
<bndbox>
<x1>558</x1>
<y1>353</y1>
<x2>612</x2>
<y2>345</y2>
<x3>613</x3>
<y3>375</y3>
<x4>560</x4>
<y4>383</y4>
</bndbox>
</object>
<object>
<name>text</name>
<bndbox>
<x1>16</x1>
<y1>275</y1>
<x2>85</x2>
<y2>265</y2>
<x3>86</x3>
<y3>289</y3>
<x4>17</x4>
<y4>299</y4>
</bndbox>
</object>
<object>
<name>text</name>
<bndbox>
<x1>25</x1>
<y1>306</y1>
<x2>45</x2>
<y2>303</y2>
<x3>50</x3>
<y3>326</y3>
<x4>30</x4>
<y4>330</y4>
</bndbox>
</object>
<object>
<name>text</name>
<bndbox>
<x1>51</x1>
<y1>305</y1>
<x2>85</x2>
<y2>298</y2>
<x3>90</x3>
<y3>320</y3>
<x4>56</x4>
<y4>328</y4>
</bndbox>
</object>
<object>
<name>text</name>
<bndbox>
<x1>611</x1>
<y1>344</y1>
<x2>631</x2>
<y2>344</y2>
<x3>633</x3>
<y3>363</y3>
<x4>613</x4>
<y4>363</y4>
</bndbox>
</object>
<object>
<name>text</name>
<bndbox>
<x1>627</x1>
<y1>309</y1>
<x2>660</x2>
<y2>308</y2>
<x3>662</x3>
<y3>326</y3>
<x4>630</x4>
<y4>327</y4>
</bndbox>
</object>
<object>
<name>text</name>
<bndbox>
<x1>303</x1>
<y1>90</y1>
<x2>381</x2>
<y2>72</y2>
<x3>384</x3>
<y3>135</y3>
<x4>306</x4>
<y4>153</y4>
</bndbox>
</object>
<object>
<name>text</name>
<bndbox>
<x1>552</x1>
<y1>116</y1>
<x2>575</x2>
<y2>111</y2>
<x3>576</x3>
<y3>125</y3>
<x4>554</x4>
<y4>130</y4>
</bndbox>
</object>
<object>
<name>text</name>
<bndbox>
<x1>556</x1>
<y1>127</y1>
<x2>575</x2>
<y2>122</y2>
<x3>575</x3>
<y3>136</y3>
<x4>556</x4>
<y4>141</y4>
</bndbox>
</object>
<object>
<name>text</name>
<bndbox>
<x1>615</x1>
<y1>239</y1>
<x2>647</x2>
<y2>238</y2>
<x3>647</x3>
<y3>251</y3>
<x4>615</x4>
<y4>252</y4>
</bndbox>
</object>
</annotation>