<?xml version="1.0" ?>
<annotation>
<folder>JPEGImages</folder>
<filename>img_400.xml</filename>
<path>xxxx</path>
<source>
<database>Unknown</database>
<annotation>xxx</annotation>
<image>xxx</image>
<flickrid>0</flickrid>
</source>
<size>
<width>1280</width>
<height>720</height>
<depth>3</depth>
</size>
<segmented>0</segmented>
<object>
<name>text</name>
<bndbox>
<x1>498</x1>
<y1>222</y1>
<x2>624</x2>
<y2>220</y2>
<x3>624</x3>
<y3>247</y3>
<x4>498</x4>
<y4>249</y4>
</bndbox>
</object>
<object>
<name>text</name>
<bndbox>
<x1>666</x1>
<y1>189</y1>
<x2>705</x2>
<y2>197</y2>
<x3>704</x3>
<y3>220</y3>
<x4>665</x4>
<y4>212</y4>
</bndbox>
</object>
<object>
<name>text</name>
<bndbox>
<x1>706</x1>
<y1>200</y1>
<x2>736</x2>
<y2>206</y2>
<x3>736</x3>
<y3>226</y3>
<x4>706</x4>
<y4>220</y4>
</bndbox>
</object>
<object>
<name>text</name>
<bndbox>
<x1>498</x1>
<y1>263</y1>
<x2>628</x2>
<y2>259</y2>
<x3>628</x3>
<y3>282</y3>
<x4>499</x4>
<y4>285</y4>
</bndbox>
</object>
<object>
<name>text</name>
<bndbox>
<x1>836</x1>
<y1>143</y1>
<x2>851</x2>
<y2>142</y2>
<x3>851</x3>
<y3>167</y3>
<x4>836</x4>
<y4>168</y4>
</bndbox>
</object>
<object>
<name>text</name>
<bndbox>
<x1>824</x1>
<y1>144</y1>
<x2>839</x2>
<y2>144</y2>
<x3>840</x3>
<y3>159</y3>
<x4>825</x4>
<y4>160</y4>
</bndbox>
</object>
</annotation>