<?xml version="1.0" ?>
<annotation>
<folder>JPEGImages</folder>
<filename>img_473.xml</filename>
<path>xxxx</path>
<source>
<database>Unknown</database>
<annotation>xxx</annotation>
<image>xxx</image>
<flickrid>0</flickrid>
</source>
<size>
<width>1280</width>
<height>720</height>
<depth>3</depth>
</size>
<segmented>0</segmented>
<object>
<name>text</name>
<bndbox>
<x1>351</x1>
<y1>298</y1>
<x2>380</x2>
<y2>291</y2>
<x3>382</x3>
<y3>315</y3>
<x4>353</x4>
<y4>321</y4>
</bndbox>
</object>
<object>
<name>text</name>
<bndbox>
<x1>398</x1>
<y1>139</y1>
<x2>511</x2>
<y2>139</y2>
<x3>515</x3>
<y3>181</y3>
<x4>402</x4>
<y4>181</y4>
</bndbox>
</object>
<object>
<name>text</name>
<bndbox>
<x1>343</x1>
<y1>263</y1>
<x2>373</x2>
<y2>259</y2>
<x3>378</x3>
<y3>286</y3>
<x4>348</x4>
<y4>290</y4>
</bndbox>
</object>
<object>
<name>text</name>
<bndbox>
<x1>372</x1>
<y1>259</y1>
<x2>405</x2>
<y2>253</y2>
<x3>410</x3>
<y3>280</y3>
<x4>377</x4>
<y4>286</y4>
</bndbox>
</object>
<object>
<name>text</name>
<bndbox>
<x1>332</x1>
<y1>298</y1>
<x2>348</x2>
<y2>295</y2>
<x3>353</x3>
<y3>323</y3>
<x4>337</x4>
<y4>325</y4>
</bndbox>
</object>
<object>
<name>text</name>
<bndbox>
<x1>327</x1>
<y1>268</y1>
<x2>340</x2>
<y2>265</y2>
<x3>346</x3>
<y3>291</y3>
<x4>333</x4>
<y4>294</y4>
</bndbox>
</object>
<object>
<name>text</name>
<bndbox>
<x1>377</x1>
<y1>291</y1>
<x2>408</x2>
<y2>284</y2>
<x3>413</x3>
<y3>306</y3>
<x4>382</x4>
<y4>314</y4>
</bndbox>
</object>
<object>
<name>text</name>
<bndbox>
<x1>837</x1>
<y1>60</y1>
<x2>925</x2>
<y2>36</y2>
<x3>930</x3>
<y3>56</y3>
<x4>842</x4>
<y4>80</y4>
</bndbox>
</object>
<object>
<name>text</name>
<bndbox>
<x1>862</x1>
<y1>70</y1>
<x2>941</x2>
<y2>51</y2>
<x3>946</x3>
<y3>74</y3>
<x4>867</x4>
<y4>93</y4>
</bndbox>
</object>
<object>
<name>text</name>
<bndbox>
<x1>492</x1>
<y1>649</y1>
<x2>542</x2>
<y2>620</y2>
<x3>553</x3>
<y3>640</y3>
<x4>503</x4>
<y4>669</y4>
</bndbox>
</object>
<object>
<name>text</name>
<bndbox>
<x1>986</x1>
<y1>116</y1>
<x2>1091</x2>
<y2>96</y2>
<x3>1095</x3>
<y3>110</y3>
<x4>990</x4>
<y4>130</y4>
</bndbox>
</object>
</annotation>