<?xml version="1.0" ?>
<annotation>
<folder>JPEGImages</folder>
<filename>img_158.xml</filename>
<path>xxxx</path>
<source>
<database>Unknown</database>
<annotation>xxx</annotation>
<image>xxx</image>
<flickrid>0</flickrid>
</source>
<size>
<width>1280</width>
<height>720</height>
<depth>3</depth>
</size>
<segmented>0</segmented>
<object>
<name>text</name>
<bndbox>
<x1>1158</x1>
<y1>230</y1>
<x2>1240</x2>
<y2>232</y2>
<x3>1241</x3>
<y3>257</y3>
<x4>1159</x4>
<y4>255</y4>
</bndbox>
</object>
<object>
<name>text</name>
<bndbox>
<x1>1143</x1>
<y1>251</y1>
<x2>1188</x2>
<y2>254</y2>
<x3>1185</x3>
<y3>282</y3>
<x4>1140</x4>
<y4>280</y4>
</bndbox>
</object>
<object>
<name>text</name>
<bndbox>
<x1>660</x1>
<y1>105</y1>
<x2>728</x2>
<y2>120</y2>
<x3>727</x3>
<y3>149</y3>
<x4>659</x4>
<y4>133</y4>
</bndbox>
</object>
<object>
<name>text</name>
<bndbox>
<x1>657</x1>
<y1>135</y1>
<x2>729</x2>
<y2>150</y2>
<x3>728</x3>
<y3>179</y3>
<x4>655</x4>
<y4>163</y4>
</bndbox>
</object>
<object>
<name>text</name>
<bndbox>
<x1>1155</x1>
<y1>40</y1>
<x2>1250</x2>
<y2>36</y2>
<x3>1248</x3>
<y3>63</y3>
<x4>1153</x4>
<y4>68</y4>
</bndbox>
</object>
<object>
<name>text</name>
<bndbox>
<x1>879</x1>
<y1>89</y1>
<x2>985</x2>
<y2>84</y2>
<x3>984</x3>
<y3>113</y3>
<x4>879</x4>
<y4>119</y4>
</bndbox>
</object>
<object>
<name>text</name>
<bndbox>
<x1>1254</x1>
<y1>32</y1>
<x2>1279</x2>
<y2>31</y2>
<x3>1279</x3>
<y3>61</y3>
<x4>1254</x4>
<y4>62</y4>
</bndbox>
</object>
<object>
<name>text</name>
<bndbox>
<x1>794</x1>
<y1>95</y1>
<x2>879</x2>
<y2>93</y2>
<x3>876</x3>
<y3>121</y3>
<x4>791</x4>
<y4>123</y4>
</bndbox>
</object>
<object>
<name>text</name>
<bndbox>
<x1>1150</x1>
<y1>68</y1>
<x2>1277</x2>
<y2>63</y2>
<x3>1278</x3>
<y3>95</y3>
<x4>1150</x4>
<y4>99</y4>
</bndbox>
</object>
<object>
<name>text</name>
<bndbox>
<x1>1072</x1>
<y1>70</y1>
<x2>1104</x2>
<y2>84</y2>
<x3>1100</x3>
<y3>123</y3>
<x4>1069</x4>
<y4>109</y4>
</bndbox>
</object>
<object>
<name>text</name>
<bndbox>
<x1>1067</x1>
<y1>108</y1>
<x2>1120</x2>
<y2>134</y2>
<x3>1118</x3>
<y3>170</y3>
<x4>1065</x4>
<y4>144</y4>
</bndbox>
</object>
<object>
<name>text</name>
<bndbox>
<x1>1069</x1>
<y1>154</y1>
<x2>1122</x2>
<y2>177</y2>
<x3>1120</x3>
<y3>208</y3>
<x4>1066</x4>
<y4>185</y4>
</bndbox>
</object>
<object>
<name>text</name>
<bndbox>
<x1>1068</x1>
<y1>192</y1>
<x2>1107</x2>
<y2>204</y2>
<x3>1104</x3>
<y3>239</y3>
<x4>1065</x4>
<y4>227</y4>
</bndbox>
</object>
<object>
<name>text</name>
<bndbox>
<x1>1245</x1>
<y1>235</y1>
<x2>1279</x2>
<y2>236</y2>
<x3>1279</x3>
<y3>260</y3>
<x4>1245</x4>
<y4>260</y4>
</bndbox>
</object>
<object>
<name>text</name>
<bndbox>
<x1>1143</x1>
<y1>229</y1>
<x2>1160</x2>
<y2>229</y2>
<x3>1158</x3>
<y3>256</y3>
<x4>1141</x4>
<y4>256</y4>
</bndbox>
</object>
<object>
<name>text</name>
<bndbox>
<x1>1190</x1>
<y1>254</y1>
<x2>1250</x2>
<y2>254</y2>
<x3>1249</x3>
<y3>283</y3>
<x4>1189</x4>
<y4>283</y4>
</bndbox>
</object>
<object>
<name>text</name>
<bndbox>
<x1>1254</x1>
<y1>260</y1>
<x2>1274</x2>
<y2>260</y2>
<x3>1274</x3>
<y3>287</y3>
<x4>1254</x4>
<y4>286</y4>
</bndbox>
</object>
<object>
<name>text</name>
<bndbox>
<x1>776</x1>
<y1>392</y1>
<x2>840</x2>
<y2>408</y2>
<x3>839</x3>
<y3>427</y3>
<x4>774</x4>
<y4>411</y4>
</bndbox>
</object>
<object>
<name>text</name>
<bndbox>
<x1>844</x1>
<y1>407</y1>
<x2>870</x2>
<y2>411</y2>
<x3>868</x3>
<y3>433</y3>
<x4>841</x4>
<y4>429</y4>
</bndbox>
</object>
<object>
<name>text</name>
<bndbox>
<x1>870</x1>
<y1>409</y1>
<x2>920</x2>
<y2>420</y2>
<x3>918</x3>
<y3>441</y3>
<x4>868</x4>
<y4>429</y4>
</bndbox>
</object>
<object>
<name>text</name>
<bndbox>
<x1>924</x1>
<y1>419</y1>
<x2>968</x2>
<y2>429</y2>
<x3>964</x3>
<y3>450</y3>
<x4>920</x4>
<y4>441</y4>
</bndbox>
</object>
<object>
<name>text</name>
<bndbox>
<x1>966</x1>
<y1>426</y1>
<x2>1008</x2>
<y2>434</y2>
<x3>1008</x3>
<y3>458</y3>
<x4>966</x4>
<y4>449</y4>
</bndbox>
</object>
<object>
<name>text</name>
<bndbox>
<x1>912</x1>
<y1>440</y1>
<x2>991</x2>
<y2>457</y2>
<x3>990</x3>
<y3>479</y3>
<x4>911</x4>
<y4>462</y4>
</bndbox>
</object>
<object>
<name>text</name>
<bndbox>
<x1>772</x1>
<y1>411</y1>
<x2>893</x2>
<y2>436</y2>
<x3>890</x3>
<y3>458</y3>
<x4>769</x4>
<y4>433</y4>
</bndbox>
</object>
<object>
<name>text</name>
<bndbox>
<x1>893</x1>
<y1>435</y1>
<x2>915</x2>
<y2>440</y2>
<x3>913</x3>
<y3>462</y3>
<x4>891</x4>
<y4>457</y4>
</bndbox>
</object>
<object>
<name>text</name>
<bndbox>
<x1>992</x1>
<y1>456</y1>
<x2>1008</x2>
<y2>458</y2>
<x3>1004</x3>
<y3>481</y3>
<x4>988</x4>
<y4>479</y4>
</bndbox>
</object>
<object>
<name>text</name>
<bndbox>
<x1>1255</x1>
<y1>424</y1>
<x2>1269</x2>
<y2>428</y2>
<x3>1269</x3>
<y3>438</y3>
<x4>1255</x4>
<y4>434</y4>
</bndbox>
</object>
<object>
<name>text</name>
<bndbox>
<x1>851</x1>
<y1>612</y1>
<x2>949</x2>
<y2>650</y2>
<x3>916</x3>
<y3>678</y3>
<x4>813</x4>
<y4>640</y4>
</bndbox>
</object>
<object>
<name>text</name>
<bndbox>
<x1>1249</x1>
<y1>411</y1>
<x2>1278</x2>
<y2>419</y2>
<x3>1277</x3>
<y3>442</y3>
<x4>1248</x4>
<y4>434</y4>
</bndbox>
</object>
<object>
<name>text</name>
<bndbox>
<x1>1242</x1>
<y1>594</y1>
<x2>1278</x2>
<y2>605</y2>
<x3>1277</x3>
<y3>705</y3>
<x4>1233</x4>
<y4>689</y4>
</bndbox>
</object>
</annotation>