<?xml version="1.0" ?>
<annotation>
<folder>JPEGImages</folder>
<filename>img_518.xml</filename>
<path>xxxx</path>
<source>
<database>Unknown</database>
<annotation>xxx</annotation>
<image>xxx</image>
<flickrid>0</flickrid>
</source>
<size>
<width>1280</width>
<height>720</height>
<depth>3</depth>
</size>
<segmented>0</segmented>
<object>
<name>text</name>
<bndbox>
<x1>430</x1>
<y1>163</y1>
<x2>570</x2>
<y2>151</y2>
<x3>575</x3>
<y3>179</y3>
<x4>435</x4>
<y4>190</y4>
</bndbox>
</object>
<object>
<name>text</name>
<bndbox>
<x1>705</x1>
<y1>201</y1>
<x2>755</x2>
<y2>195</y2>
<x3>756</x3>
<y3>211</y3>
<x4>706</x4>
<y4>218</y4>
</bndbox>
</object>
<object>
<name>text</name>
<bndbox>
<x1>711</x1>
<y1>356</y1>
<x2>720</x2>
<y2>356</y2>
<x3>722</x3>
<y3>374</y3>
<x4>713</x4>
<y4>374</y4>
</bndbox>
</object>
<object>
<name>text</name>
<bndbox>
<x1>721</x1>
<y1>355</y1>
<x2>770</x2>
<y2>354</y2>
<x3>771</x3>
<y3>371</y3>
<x4>722</x4>
<y4>373</y4>
</bndbox>
</object>
<object>
<name>text</name>
<bndbox>
<x1>1146</x1>
<y1>66</y1>
<x2>1171</x2>
<y2>60</y2>
<x3>1173</x3>
<y3>74</y3>
<x4>1148</x4>
<y4>80</y4>
</bndbox>
</object>
<object>
<name>text</name>
<bndbox>
<x1>0</x1>
<y1>299</y1>
<x2>171</x2>
<y2>274</y2>
<x3>178</x3>
<y3>309</y3>
<x4>1</x4>
<y4>343</y4>
</bndbox>
</object>
<object>
<name>text</name>
<bndbox>
<x1>179</x1>
<y1>271</y1>
<x2>238</x2>
<y2>263</y2>
<x3>244</x3>
<y3>297</y3>
<x4>184</x4>
<y4>307</y4>
</bndbox>
</object>
<object>
<name>text</name>
<bndbox>
<x1>509</x1>
<y1>223</y1>
<x2>530</x2>
<y2>220</y2>
<x3>532</x3>
<y3>240</y3>
<x4>511</x4>
<y4>241</y4>
</bndbox>
</object>
<object>
<name>text</name>
<bndbox>
<x1>2</x1>
<y1>451</y1>
<x2>260</x2>
<y2>402</y2>
<x3>267</x3>
<y3>424</y3>
<x4>3</x4>
<y4>475</y4>
</bndbox>
</object>
<object>
<name>text</name>
<bndbox>
<x1>768</x1>
<y1>360</y1>
<x2>782</x2>
<y2>359</y2>
<x3>782</x3>
<y3>369</y3>
<x4>769</x4>
<y4>369</y4>
</bndbox>
</object>
</annotation>