<?xml version="1.0" ?>
<annotation>
<folder>JPEGImages</folder>
<filename>img_434.xml</filename>
<path>xxxx</path>
<source>
<database>Unknown</database>
<annotation>xxx</annotation>
<image>xxx</image>
<flickrid>0</flickrid>
</source>
<size>
<width>1280</width>
<height>720</height>
<depth>3</depth>
</size>
<segmented>0</segmented>
<object>
<name>text</name>
<bndbox>
<x1>819</x1>
<y1>408</y1>
<x2>883</x2>
<y2>420</y2>
<x3>882</x3>
<y3>450</y3>
<x4>818</x4>
<y4>438</y4>
</bndbox>
</object>
<object>
<name>text</name>
<bndbox>
<x1>255</x1>
<y1>109</y1>
<x2>306</x2>
<y2>94</y2>
<x3>308</x3>
<y3>110</y3>
<x4>256</x4>
<y4>125</y4>
</bndbox>
</object>
<object>
<name>text</name>
<bndbox>
<x1>761</x1>
<y1>634</y1>
<x2>839</x2>
<y2>663</y2>
<x3>839</x3>
<y3>680</y3>
<x4>761</x4>
<y4>651</y4>
</bndbox>
</object>
<object>
<name>text</name>
<bndbox>
<x1>53</x1>
<y1>114</y1>
<x2>104</x2>
<y2>115</y2>
<x3>104</x3>
<y3>133</y3>
<x4>53</x4>
<y4>132</y4>
</bndbox>
</object>
<object>
<name>text</name>
<bndbox>
<x1>1226</x1>
<y1>24</y1>
<x2>1279</x2>
<y2>21</y2>
<x3>1279</x3>
<y3>47</y3>
<x4>1226</x4>
<y4>51</y4>
</bndbox>
</object>
<object>
<name>text</name>
<bndbox>
<x1>181</x1>
<y1>134</y1>
<x2>212</x2>
<y2>124</y2>
<x3>212</x3>
<y3>137</y3>
<x4>181</x4>
<y4>147</y4>
</bndbox>
</object>
<object>
<name>text</name>
<bndbox>
<x1>737</x1>
<y1>626</y1>
<x2>761</x2>
<y2>633</y2>
<x3>761</x3>
<y3>651</y3>
<x4>736</x4>
<y4>643</y4>
</bndbox>
</object>
</annotation>