<?xml version="1.0" ?>
<annotation>
<folder>JPEGImages</folder>
<filename>img_229.xml</filename>
<path>xxxx</path>
<source>
<database>Unknown</database>
<annotation>xxx</annotation>
<image>xxx</image>
<flickrid>0</flickrid>
</source>
<size>
<width>1280</width>
<height>720</height>
<depth>3</depth>
</size>
<segmented>0</segmented>
<object>
<name>text</name>
<bndbox>
<x1>416</x1>
<y1>594</y1>
<x2>448</x2>
<y2>590</y2>
<x3>449</x3>
<y3>602</y3>
<x4>417</x4>
<y4>606</y4>
</bndbox>
</object>
<object>
<name>text</name>
<bndbox>
<x1>449</x1>
<y1>589</y1>
<x2>461</x2>
<y2>587</y2>
<x3>462</x3>
<y3>600</y3>
<x4>449</x4>
<y4>602</y4>
</bndbox>
</object>
<object>
<name>text</name>
<bndbox>
<x1>344</x1>
<y1>620</y1>
<x2>441</x2>
<y2>603</y2>
<x3>442</x3>
<y3>616</y3>
<x4>345</x4>
<y4>633</y4>
</bndbox>
</object>
<object>
<name>text</name>
<bndbox>
<x1>440</x1>
<y1>603</y1>
<x2>529</x2>
<y2>587</y2>
<x3>532</x3>
<y3>600</y3>
<x4>443</x4>
<y4>616</y4>
</bndbox>
</object>
<object>
<name>text</name>
<bndbox>
<x1>374</x1>
<y1>633</y1>
<x2>401</x2>
<y2>629</y2>
<x3>401</x3>
<y3>638</y3>
<x4>374</x4>
<y4>642</y4>
</bndbox>
</object>
<object>
<name>text</name>
<bndbox>
<x1>403</x1>
<y1>628</y1>
<x2>419</x2>
<y2>625</y2>
<x3>419</x3>
<y3>634</y3>
<x4>403</x4>
<y4>637</y4>
</bndbox>
</object>
<object>
<name>text</name>
<bndbox>
<x1>418</x1>
<y1>625</y1>
<x2>442</x2>
<y2>620</y2>
<x3>443</x3>
<y3>630</y3>
<x4>418</x4>
<y4>634</y4>
</bndbox>
</object>
<object>
<name>text</name>
<bndbox>
<x1>442</x1>
<y1>620</y1>
<x2>470</x2>
<y2>615</y2>
<x3>472</x3>
<y3>625</y3>
<x4>444</x4>
<y4>630</y4>
</bndbox>
</object>
<object>
<name>text</name>
<bndbox>
<x1>471</x1>
<y1>614</y1>
<x2>483</x2>
<y2>613</y2>
<x3>484</x3>
<y3>624</y3>
<x4>472</x4>
<y4>625</y4>
</bndbox>
</object>
<object>
<name>text</name>
<bndbox>
<x1>483</x1>
<y1>612</y1>
<x2>508</x2>
<y2>609</y2>
<x3>508</x3>
<y3>619</y3>
<x4>483</x4>
<y4>622</y4>
</bndbox>
</object>
<object>
<name>text</name>
<bndbox>
<x1>1230</x1>
<y1>304</y1>
<x2>1276</x2>
<y2>290</y2>
<x3>1277</x3>
<y3>320</y3>
<x4>1242</x4>
<y4>332</y4>
</bndbox>
</object>
<object>
<name>text</name>
<bndbox>
<x1>1205</x1>
<y1>313</y1>
<x2>1230</x2>
<y2>304</y2>
<x3>1234</x3>
<y3>315</y3>
<x4>1210</x4>
<y4>324</y4>
</bndbox>
</object>
</annotation>