<?xml version="1.0" ?>
<annotation>
<folder>JPEGImages</folder>
<filename>img_180.xml</filename>
<path>xxxx</path>
<source>
<database>Unknown</database>
<annotation>xxx</annotation>
<image>xxx</image>
<flickrid>0</flickrid>
</source>
<size>
<width>1280</width>
<height>720</height>
<depth>3</depth>
</size>
<segmented>0</segmented>
<object>
<name>text</name>
<bndbox>
<x1>690</x1>
<y1>1</y1>
<x2>890</x2>
<y2>1</y2>
<x3>891</x3>
<y3>54</y3>
<x4>691</x4>
<y4>54</y4>
</bndbox>
</object>
<object>
<name>text</name>
<bndbox>
<x1>693</x1>
<y1>53</y1>
<x2>822</x2>
<y2>54</y2>
<x3>821</x3>
<y3>102</y3>
<x4>692</x4>
<y4>101</y4>
</bndbox>
</object>
<object>
<name>text</name>
<bndbox>
<x1>692</x1>
<y1>221</y1>
<x2>736</x2>
<y2>220</y2>
<x3>738</x3>
<y3>266</y3>
<x4>694</x4>
<y4>267</y4>
</bndbox>
</object>
</annotation>