<?xml version="1.0" ?>
<annotation>
<folder>JPEGImages</folder>
<filename>img_440.xml</filename>
<path>xxxx</path>
<source>
<database>Unknown</database>
<annotation>xxx</annotation>
<image>xxx</image>
<flickrid>0</flickrid>
</source>
<size>
<width>1280</width>
<height>720</height>
<depth>3</depth>
</size>
<segmented>0</segmented>
<object>
<name>text</name>
<bndbox>
<x1>817</x1>
<y1>247</y1>
<x2>872</x2>
<y2>250</y2>
<x3>867</x3>
<y3>279</y3>
<x4>811</x4>
<y4>276</y4>
</bndbox>
</object>
<object>
<name>text</name>
<bndbox>
<x1>806</x1>
<y1>74</y1>
<x2>858</x2>
<y2>61</y2>
<x3>860</x3>
<y3>91</y3>
<x4>808</x4>
<y4>104</y4>
</bndbox>
</object>
<object>
<name>text</name>
<bndbox>
<x1>749</x1>
<y1>444</y1>
<x2>763</x2>
<y2>451</y2>
<x3>761</x3>
<y3>482</y3>
<x4>747</x4>
<y4>476</y4>
</bndbox>
</object>
<object>
<name>text</name>
<bndbox>
<x1>761</x1>
<y1>453</y1>
<x2>778</x2>
<y2>461</y2>
<x3>777</x3>
<y3>481</y3>
<x4>760</x4>
<y4>473</y4>
</bndbox>
</object>
<object>
<name>text</name>
<bndbox>
<x1>888</x1>
<y1>565</y1>
<x2>927</x2>
<y2>548</y2>
<x3>929</x3>
<y3>566</y3>
<x4>890</x4>
<y4>583</y4>
</bndbox>
</object>
<object>
<name>text</name>
<bndbox>
<x1>1048</x1>
<y1>456</y1>
<x2>1111</x2>
<y2>485</y2>
<x3>1101</x3>
<y3>490</y3>
<x4>1038</x4>
<y4>460</y4>
</bndbox>
</object>
<object>
<name>text</name>
<bndbox>
<x1>1131</x1>
<y1>434</y1>
<x2>1174</x2>
<y2>451</y2>
<x3>1148</x3>
<y3>460</y3>
<x4>1105</x4>
<y4>443</y4>
</bndbox>
</object>
<object>
<name>text</name>
<bndbox>
<x1>834</x1>
<y1>420</y1>
<x2>855</x2>
<y2>416</y2>
<x3>856</x3>
<y3>428</y3>
<x4>835</x4>
<y4>432</y4>
</bndbox>
</object>
<object>
<name>text</name>
<bndbox>
<x1>251</x1>
<y1>301</y1>
<x2>284</x2>
<y2>304</y2>
<x3>278</x3>
<y3>313</y3>
<x4>245</x4>
<y4>310</y4>
</bndbox>
</object>
<object>
<name>text</name>
<bndbox>
<x1>257</x1>
<y1>293</y1>
<x2>286</x2>
<y2>294</y2>
<x3>283</x3>
<y3>303</y3>
<x4>254</x4>
<y4>302</y4>
</bndbox>
</object>
<object>
<name>text</name>
<bndbox>
<x1>466</x1>
<y1>180</y1>
<x2>516</x2>
<y2>175</y2>
<x3>519</x3>
<y3>188</y3>
<x4>469</x4>
<y4>192</y4>
</bndbox>
</object>
<object>
<name>text</name>
<bndbox>
<x1>1037</x1>
<y1>458</y1>
<x2>1108</x2>
<y2>492</y2>
<x3>1096</x3>
<y3>498</y3>
<x4>1026</x4>
<y4>464</y4>
</bndbox>
</object>
</annotation>