<?xml version="1.0" ?>
<annotation>
<folder>JPEGImages</folder>
<filename>img_143.xml</filename>
<path>xxxx</path>
<source>
<database>Unknown</database>
<annotation>xxx</annotation>
<image>xxx</image>
<flickrid>0</flickrid>
</source>
<size>
<width>1280</width>
<height>720</height>
<depth>3</depth>
</size>
<segmented>0</segmented>
<object>
<name>text</name>
<bndbox>
<x1>691</x1>
<y1>187</y1>
<x2>720</x2>
<y2>185</y2>
<x3>721</x3>
<y3>196</y3>
<x4>692</x4>
<y4>199</y4>
</bndbox>
</object>
<object>
<name>text</name>
<bndbox>
<x1>677</x1>
<y1>191</y1>
<x2>691</x2>
<y2>189</y2>
<x3>692</x3>
<y3>200</y3>
<x4>678</x4>
<y4>202</y4>
</bndbox>
</object>
<object>
<name>text</name>
<bndbox>
<x1>682</x1>
<y1>175</y1>
<x2>703</x2>
<y2>172</y2>
<x3>708</x3>
<y3>182</y3>
<x4>687</x4>
<y4>185</y4>
</bndbox>
</object>
<object>
<name>text</name>
<bndbox>
<x1>704</x1>
<y1>171</y1>
<x2>733</x2>
<y2>166</y2>
<x3>736</x3>
<y3>177</y3>
<x4>707</x4>
<y4>182</y4>
</bndbox>
</object>
<object>
<name>text</name>
<bndbox>
<x1>666</x1>
<y1>195</y1>
<x2>674</x2>
<y2>192</y2>
<x3>676</x3>
<y3>205</y3>
<x4>668</x4>
<y4>207</y4>
</bndbox>
</object>
<object>
<name>text</name>
<bndbox>
<x1>672</x1>
<y1>177</y1>
<x2>686</x2>
<y2>175</y2>
<x3>687</x3>
<y3>185</y3>
<x4>673</x4>
<y4>187</y4>
</bndbox>
</object>
<object>
<name>text</name>
<bndbox>
<x1>656</x1>
<y1>179</y1>
<x2>666</x2>
<y2>177</y2>
<x3>671</x3>
<y3>188</y3>
<x4>661</x4>
<y4>190</y4>
</bndbox>
</object>
<object>
<name>text</name>
<bndbox>
<x1>719</x1>
<y1>182</y1>
<x2>736</x2>
<y2>181</y2>
<x3>738</x3>
<y3>192</y3>
<x4>721</x4>
<y4>193</y4>
</bndbox>
</object>
<object>
<name>text</name>
<bndbox>
<x1>668</x1>
<y1>208</y1>
<x2>680</x2>
<y2>207</y2>
<x3>683</x3>
<y3>219</y3>
<x4>672</x4>
<y4>220</y4>
</bndbox>
</object>
<object>
<name>text</name>
<bndbox>
<x1>683</x1>
<y1>205</y1>
<x2>697</x2>
<y2>204</y2>
<x3>699</x3>
<y3>216</y3>
<x4>685</x4>
<y4>217</y4>
</bndbox>
</object>
<object>
<name>text</name>
<bndbox>
<x1>697</x1>
<y1>201</y1>
<x2>735</x2>
<y2>196</y2>
<x3>737</x3>
<y3>209</y3>
<x4>699</x4>
<y4>214</y4>
</bndbox>
</object>
<object>
<name>text</name>
<bndbox>
<x1>736</x1>
<y1>194</y1>
<x2>773</x2>
<y2>187</y2>
<x3>774</x3>
<y3>200</y3>
<x4>737</x4>
<y4>206</y4>
</bndbox>
</object>
</annotation>