<?xml version="1.0" ?>
<annotation>
<folder>JPEGImages</folder>
<filename>img_1000.xml</filename>
<path>xxxx</path>
<source>
<database>Unknown</database>
<annotation>xxx</annotation>
<image>xxx</image>
<flickrid>0</flickrid>
</source>
<size>
<width>1280</width>
<height>720</height>
<depth>3</depth>
</size>
<segmented>0</segmented>
<object>
<name>text</name>
<bndbox>
<x1>486</x1>
<y1>216</y1>
<x2>554</x2>
<y2>211</y2>
<x3>558</x3>
<y3>243</y3>
<x4>489</x4>
<y4>248</y4>
</bndbox>
</object>
<object>
<name>text</name>
<bndbox>
<x1>1</x1>
<y1>360</y1>
<x2>86</x2>
<y2>354</y2>
<x3>91</x3>
<y3>385</y3>
<x4>0</x4>
<y4>401</y4>
</bndbox>
</object>
<object>
<name>text</name>
<bndbox>
<x1>48</x1>
<y1>395</y1>
<x2>62</x2>
<y2>393</y2>
<x3>64</x3>
<y3>407</y3>
<x4>50</x4>
<y4>411</y4>
</bndbox>
</object>
<object>
<name>text</name>
<bndbox>
<x1>264</x1>
<y1>234</y1>
<x2>287</x2>
<y2>226</y2>
<x3>295</x3>
<y3>243</y3>
<x4>266</x4>
<y4>255</y4>
</bndbox>
</object>
</annotation>