<?xml version="1.0" ?>
<annotation>
<folder>JPEGImages</folder>
<filename>img_420.xml</filename>
<path>xxxx</path>
<source>
<database>Unknown</database>
<annotation>xxx</annotation>
<image>xxx</image>
<flickrid>0</flickrid>
</source>
<size>
<width>1280</width>
<height>720</height>
<depth>3</depth>
</size>
<segmented>0</segmented>
<object>
<name>text</name>
<bndbox>
<x1>787</x1>
<y1>190</y1>
<x2>904</x2>
<y2>205</y2>
<x3>900</x3>
<y3>275</y3>
<x4>784</x4>
<y4>260</y4>
</bndbox>
</object>
<object>
<name>text</name>
<bndbox>
<x1>601</x1>
<y1>103</y1>
<x2>624</x2>
<y2>106</y2>
<x3>620</x3>
<y3>129</y3>
<x4>597</x4>
<y4>126</y4>
</bndbox>
</object>
<object>
<name>text</name>
<bndbox>
<x1>1103</x1>
<y1>40</y1>
<x2>1179</x2>
<y2>35</y2>
<x3>1177</x3>
<y3>76</y3>
<x4>1101</x4>
<y4>80</y4>
</bndbox>
</object>
<object>
<name>text</name>
<bndbox>
<x1>733</x1>
<y1>75</y1>
<x2>764</x2>
<y2>82</y2>
<x3>760</x3>
<y3>109</y3>
<x4>729</x4>
<y4>101</y4>
</bndbox>
</object>
<object>
<name>text</name>
<bndbox>
<x1>678</x1>
<y1>89</y1>
<x2>706</x2>
<y2>92</y2>
<x3>701</x3>
<y3>119</y3>
<x4>673</x4>
<y4>115</y4>
</bndbox>
</object>
<object>
<name>text</name>
<bndbox>
<x1>913</x1>
<y1>200</y1>
<x2>1047</x2>
<y2>214</y2>
<x3>1046</x3>
<y3>286</y3>
<x4>912</x4>
<y4>272</y4>
</bndbox>
</object>
<object>
<name>text</name>
<bndbox>
<x1>637</x1>
<y1>97</y1>
<x2>661</x2>
<y2>100</y2>
<x3>658</x3>
<y3>125</y3>
<x4>633</x4>
<y4>122</y4>
</bndbox>
</object>
<object>
<name>text</name>
<bndbox>
<x1>1182</x1>
<y1>28</y1>
<x2>1275</x2>
<y2>30</y2>
<x3>1273</x3>
<y3>76</y3>
<x4>1180</x4>
<y4>74</y4>
</bndbox>
</object>
<object>
<name>text</name>
<bndbox>
<x1>309</x1>
<y1>40</y1>
<x2>346</x2>
<y2>45</y2>
<x3>344</x3>
<y3>66</y3>
<x4>307</x4>
<y4>61</y4>
</bndbox>
</object>
<object>
<name>text</name>
<bndbox>
<x1>52</x1>
<y1>95</y1>
<x2>181</x2>
<y2>112</y2>
<x3>179</x3>
<y3>138</y3>
<x4>50</x4>
<y4>121</y4>
</bndbox>
</object>
<object>
<name>text</name>
<bndbox>
<x1>861</x1>
<y1>80</y1>
<x2>939</x2>
<y2>71</y2>
<x3>938</x3>
<y3>96</y3>
<x4>860</x4>
<y4>104</y4>
</bndbox>
</object>
<object>
<name>text</name>
<bndbox>
<x1>778</x1>
<y1>70</y1>
<x2>848</x2>
<y2>58</y2>
<x3>850</x3>
<y3>85</y3>
<x4>780</x4>
<y4>97</y4>
</bndbox>
</object>
<object>
<name>text</name>
<bndbox>
<x1>781</x1>
<y1>100</y1>
<x2>851</x2>
<y2>86</y2>
<x3>849</x3>
<y3>100</y3>
<x4>779</x4>
<y4>114</y4>
</bndbox>
</object>
<object>
<name>text</name>
<bndbox>
<x1>780</x1>
<y1>115</y1>
<x2>847</x2>
<y2>107</y2>
<x3>845</x3>
<y3>124</y3>
<x4>778</x4>
<y4>132</y4>
</bndbox>
</object>
<object>
<name>text</name>
<bndbox>
<x1>658</x1>
<y1>407</y1>
<x2>685</x2>
<y2>412</y2>
<x3>678</x3>
<y3>439</y3>
<x4>651</x4>
<y4>434</y4>
</bndbox>
</object>
</annotation>