<?xml version="1.0" ?>
<annotation>
<folder>JPEGImages</folder>
<filename>img_243.xml</filename>
<path>xxxx</path>
<source>
<database>Unknown</database>
<annotation>xxx</annotation>
<image>xxx</image>
<flickrid>0</flickrid>
</source>
<size>
<width>1280</width>
<height>720</height>
<depth>3</depth>
</size>
<segmented>0</segmented>
<object>
<name>text</name>
<bndbox>
<x1>855</x1>
<y1>324</y1>
<x2>885</x2>
<y2>331</y2>
<x3>883</x3>
<y3>353</y3>
<x4>852</x4>
<y4>345</y4>
</bndbox>
</object>
<object>
<name>text</name>
<bndbox>
<x1>884</x1>
<y1>329</y1>
<x2>904</x2>
<y2>338</y2>
<x3>901</x3>
<y3>361</y3>
<x4>882</x4>
<y4>352</y4>
</bndbox>
</object>
<object>
<name>text</name>
<bndbox>
<x1>900</x1>
<y1>334</y1>
<x2>942</x2>
<y2>350</y2>
<x3>940</x3>
<y3>377</y3>
<x4>899</x4>
<y4>360</y4>
</bndbox>
</object>
<object>
<name>text</name>
<bndbox>
<x1>855</x1>
<y1>343</y1>
<x2>869</x2>
<y2>346</y2>
<x3>865</x3>
<y3>372</y3>
<x4>852</x4>
<y4>370</y4>
</bndbox>
</object>
<object>
<name>text</name>
<bndbox>
<x1>867</x1>
<y1>348</y1>
<x2>918</x2>
<y2>367</y2>
<x3>910</x3>
<y3>390</y3>
<x4>859</x4>
<y4>371</y4>
</bndbox>
</object>
<object>
<name>text</name>
<bndbox>
<x1>861</x1>
<y1>273</y1>
<x2>926</x2>
<y2>288</y2>
<x3>925</x3>
<y3>301</y3>
<x4>860</x4>
<y4>286</y4>
</bndbox>
</object>
</annotation>