<?xml version="1.0" ?>
<annotation>
<folder>JPEGImages</folder>
<filename>img_472.xml</filename>
<path>xxxx</path>
<source>
<database>Unknown</database>
<annotation>xxx</annotation>
<image>xxx</image>
<flickrid>0</flickrid>
</source>
<size>
<width>1280</width>
<height>720</height>
<depth>3</depth>
</size>
<segmented>0</segmented>
<object>
<name>text</name>
<bndbox>
<x1>184</x1>
<y1>88</y1>
<x2>286</x2>
<y2>86</y2>
<x3>288</x3>
<y3>110</y3>
<x4>186</x4>
<y4>112</y4>
</bndbox>
</object>
<object>
<name>text</name>
<bndbox>
<x1>562</x1>
<y1>106</y1>
<x2>626</x2>
<y2>96</y2>
<x3>631</x3>
<y3>123</y3>
<x4>567</x4>
<y4>133</y4>
</bndbox>
</object>
<object>
<name>text</name>
<bndbox>
<x1>756</x1>
<y1>186</y1>
<x2>772</x2>
<y2>183</y2>
<x3>775</x3>
<y3>200</y3>
<x4>758</x4>
<y4>204</y4>
</bndbox>
</object>
<object>
<name>text</name>
<bndbox>
<x1>768</x1>
<y1>180</y1>
<x2>808</x2>
<y2>174</y2>
<x3>811</x3>
<y3>193</y3>
<x4>771</x4>
<y4>199</y4>
</bndbox>
</object>
<object>
<name>text</name>
<bndbox>
<x1>760</x1>
<y1>201</y1>
<x2>852</x2>
<y2>185</y2>
<x3>853</x3>
<y3>204</y3>
<x4>761</x4>
<y4>220</y4>
</bndbox>
</object>
<object>
<name>text</name>
<bndbox>
<x1>752</x1>
<y1>163</y1>
<x2>843</x2>
<y2>146</y2>
<x3>843</x3>
<y3>168</y3>
<x4>752</x4>
<y4>184</y4>
</bndbox>
</object>
<object>
<name>text</name>
<bndbox>
<x1>761</x1>
<y1>97</y1>
<x2>788</x2>
<y2>90</y2>
<x3>788</x3>
<y3>98</y3>
<x4>761</x4>
<y4>106</y4>
</bndbox>
</object>
<object>
<name>text</name>
<bndbox>
<x1>761</x1>
<y1>105</y1>
<x2>805</x2>
<y2>95</y2>
<x3>805</x3>
<y3>106</y3>
<x4>761</x4>
<y4>116</y4>
</bndbox>
</object>
<object>
<name>text</name>
<bndbox>
<x1>765</x1>
<y1>218</y1>
<x2>889</x2>
<y2>204</y2>
<x3>896</x3>
<y3>221</y3>
<x4>772</x4>
<y4>236</y4>
</bndbox>
</object>
<object>
<name>text</name>
<bndbox>
<x1>771</x1>
<y1>256</y1>
<x2>828</x2>
<y2>251</y2>
<x3>834</x3>
<y3>277</y3>
<x4>777</x4>
<y4>282</y4>
</bndbox>
</object>
<object>
<name>text</name>
<bndbox>
<x1>965</x1>
<y1>69</y1>
<x2>1043</x2>
<y2>51</y2>
<x3>1043</x3>
<y3>57</y3>
<x4>965</x4>
<y4>75</y4>
</bndbox>
</object>
</annotation>