<?xml version="1.0" ?>
<annotation>
<folder>JPEGImages</folder>
<filename>img_435.xml</filename>
<path>xxxx</path>
<source>
<database>Unknown</database>
<annotation>xxx</annotation>
<image>xxx</image>
<flickrid>0</flickrid>
</source>
<size>
<width>1280</width>
<height>720</height>
<depth>3</depth>
</size>
<segmented>0</segmented>
<object>
<name>text</name>
<bndbox>
<x1>212</x1>
<y1>130</y1>
<x2>253</x2>
<y2>129</y2>
<x3>254</x3>
<y3>145</y3>
<x4>213</x4>
<y4>147</y4>
</bndbox>
</object>
<object>
<name>text</name>
<bndbox>
<x1>104</x1>
<y1>150</y1>
<x2>136</x2>
<y2>142</y2>
<x3>138</x3>
<y3>153</y3>
<x4>105</x4>
<y4>162</y4>
</bndbox>
</object>
<object>
<name>text</name>
<bndbox>
<x1>863</x1>
<y1>0</y1>
<x2>879</x2>
<y2>0</y2>
<x3>885</x3>
<y3>86</y3>
<x4>869</x4>
<y4>86</y4>
</bndbox>
</object>
<object>
<name>text</name>
<bndbox>
<x1>917</x1>
<y1>137</y1>
<x2>968</x2>
<y2>133</y2>
<x3>969</x3>
<y3>151</y3>
<x4>918</x4>
<y4>155</y4>
</bndbox>
</object>
<object>
<name>text</name>
<bndbox>
<x1>983</x1>
<y1>138</y1>
<x2>1040</x2>
<y2>126</y2>
<x3>1043</x3>
<y3>144</y3>
<x4>989</x4>
<y4>160</y4>
</bndbox>
</object>
<object>
<name>text</name>
<bndbox>
<x1>1048</x1>
<y1>133</y1>
<x2>1105</x2>
<y2>118</y2>
<x3>1111</x3>
<y3>138</y3>
<x4>1054</x4>
<y4>154</y4>
</bndbox>
</object>
<object>
<name>text</name>
<bndbox>
<x1>1117</x1>
<y1>132</y1>
<x2>1182</x2>
<y2>110</y2>
<x3>1188</x3>
<y3>127</y3>
<x4>1122</x4>
<y4>150</y4>
</bndbox>
</object>
<object>
<name>text</name>
<bndbox>
<x1>1196</x1>
<y1>118</y1>
<x2>1266</x2>
<y2>103</y2>
<x3>1271</x3>
<y3>124</y3>
<x4>1201</x4>
<y4>140</y4>
</bndbox>
</object>
<object>
<name>text</name>
<bndbox>
<x1>941</x1>
<y1>175</y1>
<x2>971</x2>
<y2>173</y2>
<x3>971</x3>
<y3>185</y3>
<x4>941</x4>
<y4>187</y4>
</bndbox>
</object>
<object>
<name>text</name>
<bndbox>
<x1>1037</x1>
<y1>245</y1>
<x2>1071</x2>
<y2>226</y2>
<x3>1073</x3>
<y3>238</y3>
<x4>1039</x4>
<y4>257</y4>
</bndbox>
</object>
<object>
<name>text</name>
<bndbox>
<x1>539</x1>
<y1>21</y1>
<x2>559</x2>
<y2>23</y2>
<x3>571</x3>
<y3>131</y3>
<x4>551</x4>
<y4>128</y4>
</bndbox>
</object>
<object>
<name>text</name>
<bndbox>
<x1>103</x1>
<y1>224</y1>
<x2>179</x2>
<y2>198</y2>
<x3>182</x3>
<y3>213</y3>
<x4>107</x4>
<y4>238</y4>
</bndbox>
</object>
<object>
<name>text</name>
<bndbox>
<x1>238</x1>
<y1>42</y1>
<x2>365</x2>
<y2>0</y2>
<x3>372</x3>
<y3>25</y3>
<x4>246</x4>
<y4>67</y4>
</bndbox>
</object>
<object>
<name>text</name>
<bndbox>
<x1>107</x1>
<y1>208</y1>
<x2>157</x2>
<y2>191</y2>
<x3>159</x3>
<y3>201</y3>
<x4>109</x4>
<y4>218</y4>
</bndbox>
</object>
<object>
<name>text</name>
<bndbox>
<x1>919</x1>
<y1>41</y1>
<x2>955</x2>
<y2>30</y2>
<x3>958</x3>
<y3>46</y3>
<x4>922</x4>
<y4>57</y4>
</bndbox>
</object>
<object>
<name>text</name>
<bndbox>
<x1>956</x1>
<y1>33</y1>
<x2>991</x2>
<y2>22</y2>
<x3>993</x3>
<y3>37</y3>
<x4>958</x4>
<y4>48</y4>
</bndbox>
</object>
<object>
<name>text</name>
<bndbox>
<x1>1041</x1>
<y1>19</y1>
<x2>1075</x2>
<y2>6</y2>
<x3>1080</x3>
<y3>18</y3>
<x4>1047</x4>
<y4>31</y4>
</bndbox>
</object>
<object>
<name>text</name>
<bndbox>
<x1>470</x1>
<y1>105</y1>
<x2>492</x2>
<y2>102</y2>
<x3>494</x3>
<y3>111</y3>
<x4>469</x4>
<y4>115</y4>
</bndbox>
</object>
<object>
<name>text</name>
<bndbox>
<x1>470</x1>
<y1>128</y1>
<x2>499</x2>
<y2>124</y2>
<x3>500</x3>
<y3>135</y3>
<x4>471</x4>
<y4>140</y4>
</bndbox>
</object>
<object>
<name>text</name>
<bndbox>
<x1>470</x1>
<y1>140</y1>
<x2>499</x2>
<y2>136</y2>
<x3>500</x3>
<y3>147</y3>
<x4>471</x4>
<y4>151</y4>
</bndbox>
</object>
<object>
<name>text</name>
<bndbox>
<x1>122</x1>
<y1>234</y1>
<x2>170</x2>
<y2>216</y2>
<x3>174</x3>
<y3>226</y3>
<x4>126</x4>
<y4>244</y4>
</bndbox>
</object>
<object>
<name>text</name>
<bndbox>
<x1>115</x1>
<y1>248</y1>
<x2>129</x2>
<y2>242</y2>
<x3>133</x3>
<y3>251</y3>
<x4>119</x4>
<y4>257</y4>
</bndbox>
</object>
<object>
<name>text</name>
<bndbox>
<x1>129</x1>
<y1>241</y1>
<x2>158</x2>
<y2>230</y2>
<x3>162</x3>
<y3>238</y3>
<x4>133</x4>
<y4>250</y4>
</bndbox>
</object>
<object>
<name>text</name>
<bndbox>
<x1>159</x1>
<y1>230</y1>
<x2>183</x2>
<y2>222</y2>
<x3>187</x3>
<y3>230</y3>
<x4>162</x4>
<y4>238</y4>
</bndbox>
</object>
<object>
<name>text</name>
<bndbox>
<x1>120</x1>
<y1>255</y1>
<x2>139</x2>
<y2>247</y2>
<x3>144</x3>
<y3>257</y3>
<x4>124</x4>
<y4>264</y4>
</bndbox>
</object>
<object>
<name>text</name>
<bndbox>
<x1>139</x1>
<y1>246</y1>
<x2>186</x2>
<y2>230</y2>
<x3>190</x3>
<y3>240</y3>
<x4>143</x4>
<y4>256</y4>
</bndbox>
</object>
<object>
<name>text</name>
<bndbox>
<x1>511</x1>
<y1>103</y1>
<x2>545</x2>
<y2>100</y2>
<x3>546</x3>
<y3>112</y3>
<x4>512</x4>
<y4>115</y4>
</bndbox>
</object>
</annotation>