<?xml version="1.0" ?>
<annotation>
<folder>JPEGImages</folder>
<filename>img_525.xml</filename>
<path>xxxx</path>
<source>
<database>Unknown</database>
<annotation>xxx</annotation>
<image>xxx</image>
<flickrid>0</flickrid>
</source>
<size>
<width>1280</width>
<height>720</height>
<depth>3</depth>
</size>
<segmented>0</segmented>
<object>
<name>text</name>
<bndbox>
<x1>902</x1>
<y1>263</y1>
<x2>943</x2>
<y2>263</y2>
<x3>945</x3>
<y3>281</y3>
<x4>903</x4>
<y4>281</y4>
</bndbox>
</object>
<object>
<name>text</name>
<bndbox>
<x1>971</x1>
<y1>178</y1>
<x2>986</x2>
<y2>176</y2>
<x3>987</x3>
<y3>205</y3>
<x4>972</x4>
<y4>206</y4>
</bndbox>
</object>
<object>
<name>text</name>
<bndbox>
<x1>871</x1>
<y1>136</y1>
<x2>931</x2>
<y2>129</y2>
<x3>931</x3>
<y3>146</y3>
<x4>871</x4>
<y4>154</y4>
</bndbox>
</object>
<object>
<name>text</name>
<bndbox>
<x1>930</x1>
<y1>126</y1>
<x2>1041</x2>
<y2>111</y2>
<x3>1043</x3>
<y3>134</y3>
<x4>932</x4>
<y4>149</y4>
</bndbox>
</object>
<object>
<name>text</name>
<bndbox>
<x1>882</x1>
<y1>156</y1>
<x2>921</x2>
<y2>153</y2>
<x3>921</x3>
<y3>171</y3>
<x4>882</x4>
<y4>175</y4>
</bndbox>
</object>
<object>
<name>text</name>
<bndbox>
<x1>870</x1>
<y1>100</y1>
<x2>1045</x2>
<y2>74</y2>
<x3>1043</x3>
<y3>108</y3>
<x4>868</x4>
<y4>134</y4>
</bndbox>
</object>
<object>
<name>text</name>
<bndbox>
<x1>920</x1>
<y1>149</y1>
<x2>1031</x2>
<y2>139</y2>
<x3>1031</x3>
<y3>161</y3>
<x4>920</x4>
<y4>171</y4>
</bndbox>
</object>
<object>
<name>text</name>
<bndbox>
<x1>983</x1>
<y1>178</y1>
<x2>1038</x2>
<y2>173</y2>
<x3>1040</x3>
<y3>220</y3>
<x4>985</x4>
<y4>225</y4>
</bndbox>
</object>
<object>
<name>text</name>
<bndbox>
<x1>921</x1>
<y1>70</y1>
<x2>973</x2>
<y2>60</y2>
<x3>976</x3>
<y3>81</y3>
<x4>923</x4>
<y4>91</y4>
</bndbox>
</object>
<object>
<name>text</name>
<bndbox>
<x1>966</x1>
<y1>256</y1>
<x2>1018</x2>
<y2>258</y2>
<x3>1018</x3>
<y3>279</y3>
<x4>966</x4>
<y4>278</y4>
</bndbox>
</object>
<object>
<name>text</name>
<bndbox>
<x1>943</x1>
<y1>260</y1>
<x2>967</x2>
<y2>259</y2>
<x3>967</x3>
<y3>279</y3>
<x4>943</x4>
<y4>280</y4>
</bndbox>
</object>
<object>
<name>text</name>
<bndbox>
<x1>891</x1>
<y1>455</y1>
<x2>1064</x2>
<y2>483</y2>
<x3>1061</x3>
<y3>506</y3>
<x4>887</x4>
<y4>478</y4>
</bndbox>
</object>
<object>
<name>text</name>
<bndbox>
<x1>145</x1>
<y1>231</y1>
<x2>201</x2>
<y2>227</y2>
<x3>201</x3>
<y3>248</y3>
<x4>145</x4>
<y4>252</y4>
</bndbox>
</object>
<object>
<name>text</name>
<bndbox>
<x1>657</x1>
<y1>35</y1>
<x2>711</x2>
<y2>0</y2>
<x3>725</x3>
<y3>48</y3>
<x4>675</x4>
<y4>102</y4>
</bndbox>
</object>
<object>
<name>text</name>
<bndbox>
<x1>713</x1>
<y1>110</y1>
<x2>773</x2>
<y2>90</y2>
<x3>775</x3>
<y3>110</y3>
<x4>715</x4>
<y4>130</y4>
</bndbox>
</object>
<object>
<name>text</name>
<bndbox>
<x1>706</x1>
<y1>151</y1>
<x2>777</x2>
<y2>138</y2>
<x3>780</x3>
<y3>158</y3>
<x4>709</x4>
<y4>171</y4>
</bndbox>
</object>
<object>
<name>text</name>
<bndbox>
<x1>723</x1>
<y1>173</y1>
<x2>767</x2>
<y2>164</y2>
<x3>770</x3>
<y3>180</y3>
<x4>726</x4>
<y4>190</y4>
</bndbox>
</object>
<object>
<name>text</name>
<bndbox>
<x1>733</x1>
<y1>125</y1>
<x2>749</x2>
<y2>123</y2>
<x3>751</x3>
<y3>142</y3>
<x4>736</x4>
<y4>144</y4>
</bndbox>
</object>
</annotation>