<?xml version="1.0" ?>
<annotation>
<folder>JPEGImages</folder>
<filename>img_370.xml</filename>
<path>xxxx</path>
<source>
<database>Unknown</database>
<annotation>xxx</annotation>
<image>xxx</image>
<flickrid>0</flickrid>
</source>
<size>
<width>1280</width>
<height>720</height>
<depth>3</depth>
</size>
<segmented>0</segmented>
<object>
<name>text</name>
<bndbox>
<x1>46</x1>
<y1>130</y1>
<x2>137</x2>
<y2>127</y2>
<x3>135</x3>
<y3>160</y3>
<x4>45</x4>
<y4>163</y4>
</bndbox>
</object>
<object>
<name>text</name>
<bndbox>
<x1>47</x1>
<y1>162</y1>
<x2>109</x2>
<y2>163</y2>
<x3>111</x3>
<y3>196</y3>
<x4>49</x4>
<y4>195</y4>
</bndbox>
</object>
<object>
<name>text</name>
<bndbox>
<x1>114</x1>
<y1>163</y1>
<x2>178</x2>
<y2>162</y2>
<x3>178</x3>
<y3>193</y3>
<x4>114</x4>
<y4>194</y4>
</bndbox>
</object>
<object>
<name>text</name>
<bndbox>
<x1>47</x1>
<y1>194</y1>
<x2>133</x2>
<y2>193</y2>
<x3>133</x3>
<y3>233</y3>
<x4>46</x4>
<y4>234</y4>
</bndbox>
</object>
<object>
<name>text</name>
<bndbox>
<x1>277</x1>
<y1>220</y1>
<x2>313</x2>
<y2>220</y2>
<x3>313</x3>
<y3>231</y3>
<x4>276</x4>
<y4>231</y4>
</bndbox>
</object>
<object>
<name>text</name>
<bndbox>
<x1>606</x1>
<y1>83</y1>
<x2>766</x2>
<y2>83</y2>
<x3>766</x3>
<y3>125</y3>
<x4>606</x4>
<y4>125</y4>
</bndbox>
</object>
<object>
<name>text</name>
<bndbox>
<x1>346</x1>
<y1>545</y1>
<x2>430</x2>
<y2>544</y2>
<x3>430</x3>
<y3>570</y3>
<x4>346</x4>
<y4>571</y4>
</bndbox>
</object>
<object>
<name>text</name>
<bndbox>
<x1>633</x1>
<y1>178</y1>
<x2>669</x2>
<y2>178</y2>
<x3>668</x3>
<y3>186</y3>
<x4>632</x4>
<y4>186</y4>
</bndbox>
</object>
<object>
<name>text</name>
<bndbox>
<x1>232</x1>
<y1>536</y1>
<x2>271</x2>
<y2>534</y2>
<x3>270</x3>
<y3>557</y3>
<x4>231</x4>
<y4>560</y4>
</bndbox>
</object>
</annotation>