<?xml version="1.0" ?>
<annotation>
<folder>JPEGImages</folder>
<filename>img_187.xml</filename>
<path>xxxx</path>
<source>
<database>Unknown</database>
<annotation>xxx</annotation>
<image>xxx</image>
<flickrid>0</flickrid>
</source>
<size>
<width>1280</width>
<height>720</height>
<depth>3</depth>
</size>
<segmented>0</segmented>
<object>
<name>text</name>
<bndbox>
<x1>328</x1>
<y1>230</y1>
<x2>533</x2>
<y2>226</y2>
<x3>535</x3>
<y3>264</y3>
<x4>330</x4>
<y4>268</y4>
</bndbox>
</object>
<object>
<name>text</name>
<bndbox>
<x1>329</x1>
<y1>313</y1>
<x2>357</x2>
<y2>312</y2>
<x3>358</x3>
<y3>324</y3>
<x4>330</x4>
<y4>325</y4>
</bndbox>
</object>
<object>
<name>text</name>
<bndbox>
<x1>358</x1>
<y1>310</y1>
<x2>411</x2>
<y2>310</y2>
<x3>411</x3>
<y3>322</y3>
<x4>358</x4>
<y4>322</y4>
</bndbox>
</object>
<object>
<name>text</name>
<bndbox>
<x1>410</x1>
<y1>309</y1>
<x2>453</x2>
<y2>309</y2>
<x3>455</x3>
<y3>320</y3>
<x4>412</x4>
<y4>321</y4>
</bndbox>
</object>
<object>
<name>text</name>
<bndbox>
<x1>456</x1>
<y1>308</y1>
<x2>475</x2>
<y2>308</y2>
<x3>475</x3>
<y3>319</y3>
<x4>455</x4>
<y4>319</y4>
</bndbox>
</object>
<object>
<name>text</name>
<bndbox>
<x1>475</x1>
<y1>305</y1>
<x2>496</x2>
<y2>306</y2>
<x3>496</x3>
<y3>318</y3>
<x4>475</x4>
<y4>317</y4>
</bndbox>
</object>
<object>
<name>text</name>
<bndbox>
<x1>495</x1>
<y1>305</y1>
<x2>533</x2>
<y2>304</y2>
<x3>535</x3>
<y3>319</y3>
<x4>497</x4>
<y4>319</y4>
</bndbox>
</object>
</annotation>