<?xml version="1.0" ?>
<annotation>
<folder>JPEGImages</folder>
<filename>img_177.xml</filename>
<path>xxxx</path>
<source>
<database>Unknown</database>
<annotation>xxx</annotation>
<image>xxx</image>
<flickrid>0</flickrid>
</source>
<size>
<width>1280</width>
<height>720</height>
<depth>3</depth>
</size>
<segmented>0</segmented>
<object>
<name>text</name>
<bndbox>
<x1>502</x1>
<y1>69</y1>
<x2>543</x2>
<y2>70</y2>
<x3>542</x3>
<y3>92</y3>
<x4>501</x4>
<y4>91</y4>
</bndbox>
</object>
</annotation>