<?xml version="1.0" ?>
<annotation>
<folder>JPEGImages</folder>
<filename>img_281.xml</filename>
<path>xxxx</path>
<source>
<database>Unknown</database>
<annotation>xxx</annotation>
<image>xxx</image>
<flickrid>0</flickrid>
</source>
<size>
<width>1280</width>
<height>720</height>
<depth>3</depth>
</size>
<segmented>0</segmented>
<object>
<name>text</name>
<bndbox>
<x1>296</x1>
<y1>197</y1>
<x2>337</x2>
<y2>194</y2>
<x3>337</x3>
<y3>213</y3>
<x4>296</x4>
<y4>216</y4>
</bndbox>
</object>
<object>
<name>text</name>
<bndbox>
<x1>303</x1>
<y1>214</y1>
<x2>357</x2>
<y2>211</y2>
<x3>358</x3>
<y3>230</y3>
<x4>303</x4>
<y4>234</y4>
</bndbox>
</object>
<object>
<name>text</name>
<bndbox>
<x1>429</x1>
<y1>259</y1>
<x2>485</x2>
<y2>256</y2>
<x3>486</x3>
<y3>265</y3>
<x4>430</x4>
<y4>268</y4>
</bndbox>
</object>
<object>
<name>text</name>
<bndbox>
<x1>437</x1>
<y1>268</y1>
<x2>478</x2>
<y2>265</y2>
<x3>479</x3>
<y3>274</y3>
<x4>438</x4>
<y4>277</y4>
</bndbox>
</object>
</annotation>