<?xml version="1.0" ?>
<annotation>
<folder>JPEGImages</folder>
<filename>img_39.xml</filename>
<path>xxxx</path>
<source>
<database>Unknown</database>
<annotation>xxx</annotation>
<image>xxx</image>
<flickrid>0</flickrid>
</source>
<size>
<width>1280</width>
<height>720</height>
<depth>3</depth>
</size>
<segmented>0</segmented>
<object>
<name>text</name>
<bndbox>
<x1>435</x1>
<y1>61</y1>
<x2>475</x2>
<y2>63</y2>
<x3>472</x3>
<y3>81</y3>
<x4>432</x4>
<y4>80</y4>
</bndbox>
</object>
<object>
<name>text</name>
<bndbox>
<x1>485</x1>
<y1>64</y1>
<x2>538</x2>
<y2>67</y2>
<x3>536</x3>
<y3>86</y3>
<x4>483</x4>
<y4>83</y4>
</bndbox>
</object>
<object>
<name>text</name>
<bndbox>
<x1>464</x1>
<y1>15</y1>
<x2>498</x2>
<y2>18</y2>
<x3>495</x3>
<y3>34</y3>
<x4>461</x4>
<y4>33</y4>
</bndbox>
</object>
<object>
<name>text</name>
<bndbox>
<x1>500</x1>
<y1>18</y1>
<x2>527</x2>
<y2>21</y2>
<x3>522</x3>
<y3>37</y3>
<x4>496</x4>
<y4>34</y4>
</bndbox>
</object>
<object>
<name>text</name>
<bndbox>
<x1>526</x1>
<y1>21</y1>
<x2>545</x2>
<y2>24</y2>
<x3>542</x3>
<y3>38</y3>
<x4>523</x4>
<y4>36</y4>
</bndbox>
</object>
<object>
<name>text</name>
<bndbox>
<x1>438</x1>
<y1>14</y1>
<x2>463</x2>
<y2>17</y2>
<x3>461</x3>
<y3>33</y3>
<x4>436</x4>
<y4>34</y4>
</bndbox>
</object>
<object>
<name>text</name>
<bndbox>
<x1>401</x1>
<y1>35</y1>
<x2>455</x2>
<y2>38</y2>
<x3>454</x3>
<y3>56</y3>
<x4>401</x4>
<y4>53</y4>
</bndbox>
</object>
<object>
<name>text</name>
<bndbox>
<x1>489</x1>
<y1>40</y1>
<x2>522</x2>
<y2>41</y2>
<x3>519</x3>
<y3>57</y3>
<x4>486</x4>
<y4>56</y4>
</bndbox>
</object>
<object>
<name>text</name>
<bndbox>
<x1>419</x1>
<y1>9</y1>
<x2>438</x2>
<y2>11</y2>
<x3>434</x3>
<y3>29</y3>
<x4>415</x4>
<y4>28</y4>
</bndbox>
</object>
<object>
<name>text</name>
<bndbox>
<x1>455</x1>
<y1>37</y1>
<x2>489</x2>
<y2>39</y2>
<x3>487</x3>
<y3>55</y3>
<x4>453</x4>
<y4>53</y4>
</bndbox>
</object>
<object>
<name>text</name>
<bndbox>
<x1>521</x1>
<y1>41</y1>
<x2>554</x2>
<y2>43</y2>
<x3>550</x3>
<y3>60</y3>
<x4>517</x4>
<y4>58</y4>
</bndbox>
</object>
<object>
<name>text</name>
<bndbox>
<x1>474</x1>
<y1>67</y1>
<x2>485</x2>
<y2>68</y2>
<x3>483</x3>
<y3>82</y3>
<x4>472</x4>
<y4>80</y4>
</bndbox>
</object>
<object>
<name>text</name>
<bndbox>
<x1>413</x1>
<y1>61</y1>
<x2>433</x2>
<y2>61</y2>
<x3>431</x3>
<y3>79</y3>
<x4>411</x4>
<y4>79</y4>
</bndbox>
</object>
<object>
<name>text</name>
<bndbox>
<x1>402</x1>
<y1>85</y1>
<x2>460</x2>
<y2>86</y2>
<x3>457</x3>
<y3>106</y3>
<x4>399</x4>
<y4>105</y4>
</bndbox>
</object>
<object>
<name>text</name>
<bndbox>
<x1>460</x1>
<y1>86</y1>
<x2>499</x2>
<y2>88</y2>
<x3>497</x3>
<y3>104</y3>
<x4>458</x4>
<y4>103</y4>
</bndbox>
</object>
<object>
<name>text</name>
<bndbox>
<x1>510</x1>
<y1>88</y1>
<x2>538</x2>
<y2>88</y2>
<x3>535</x3>
<y3>109</y3>
<x4>507</x4>
<y4>109</y4>
</bndbox>
</object>
<object>
<name>text</name>
<bndbox>
<x1>499</x1>
<y1>90</y1>
<x2>510</x2>
<y2>91</y2>
<x3>508</x3>
<y3>103</y3>
<x4>498</x4>
<y4>103</y4>
</bndbox>
</object>
<object>
<name>text</name>
<bndbox>
<x1>382</x1>
<y1>108</y1>
<x2>464</x2>
<y2>107</y2>
<x3>461</x3>
<y3>130</y3>
<x4>379</x4>
<y4>130</y4>
</bndbox>
</object>
<object>
<name>text</name>
<bndbox>
<x1>466</x1>
<y1>108</y1>
<x2>503</x2>
<y2>109</y2>
<x3>500</x3>
<y3>126</y3>
<x4>462</x4>
<y4>126</y4>
</bndbox>
</object>
<object>
<name>text</name>
<bndbox>
<x1>502</x1>
<y1>112</y1>
<x2>512</x2>
<y2>113</y2>
<x3>511</x3>
<y3>126</y3>
<x4>501</x4>
<y4>126</y4>
</bndbox>
</object>
<object>
<name>text</name>
<bndbox>
<x1>512</x1>
<y1>112</y1>
<x2>539</x2>
<y2>113</y2>
<x3>537</x3>
<y3>126</y3>
<x4>510</x4>
<y4>126</y4>
</bndbox>
</object>
<object>
<name>text</name>
<bndbox>
<x1>504</x1>
<y1>313</y1>
<x2>555</x2>
<y2>304</y2>
<x3>556</x3>
<y3>322</y3>
<x4>505</x4>
<y4>330</y4>
</bndbox>
</object>
<object>
<name>text</name>
<bndbox>
<x1>825</x1>
<y1>59</y1>
<x2>886</x2>
<y2>65</y2>
<x3>877</x3>
<y3>88</y3>
<x4>815</x4>
<y4>82</y4>
</bndbox>
</object>
<object>
<name>text</name>
<bndbox>
<x1>890</x1>
<y1>66</y1>
<x2>928</x2>
<y2>71</y2>
<x3>916</x3>
<y3>92</y3>
<x4>878</x4>
<y4>87</y4>
</bndbox>
</object>
<object>
<name>text</name>
<bndbox>
<x1>816</x1>
<y1>83</y1>
<x2>915</x2>
<y2>91</y2>
<x3>907</x3>
<y3>114</y3>
<x4>808</x4>
<y4>106</y4>
</bndbox>
</object>
<object>
<name>text</name>
<bndbox>
<x1>431</x1>
<y1>326</y1>
<x2>457</x2>
<y2>322</y2>
<x3>457</x3>
<y3>340</y3>
<x4>431</x4>
<y4>344</y4>
</bndbox>
</object>
<object>
<name>text</name>
<bndbox>
<x1>487</x1>
<y1>316</y1>
<x2>500</x2>
<y2>312</y2>
<x3>501</x3>
<y3>330</y3>
<x4>489</x4>
<y4>334</y4>
</bndbox>
</object>
<object>
<name>text</name>
<bndbox>
<x1>400</x1>
<y1>136</y1>
<x2>516</x2>
<y2>135</y2>
<x3>513</x3>
<y3>153</y3>
<x4>398</x4>
<y4>153</y4>
</bndbox>
</object>
<object>
<name>text</name>
<bndbox>
<x1>810</x1>
<y1>113</y1>
<x2>906</x2>
<y2>115</y2>
<x3>902</x3>
<y3>124</y3>
<x4>806</x4>
<y4>122</y4>
</bndbox>
</object>
<object>
<name>text</name>
<bndbox>
<x1>811</x1>
<y1>133</y1>
<x2>836</x2>
<y2>132</y2>
<x3>833</x3>
<y3>144</y3>
<x4>808</x4>
<y4>145</y4>
</bndbox>
</object>
<object>
<name>text</name>
<bndbox>
<x1>837</x1>
<y1>132</y1>
<x2>857</x2>
<y2>133</y2>
<x3>853</x3>
<y3>143</y3>
<x4>833</x4>
<y4>143</y4>
</bndbox>
</object>
<object>
<name>text</name>
<bndbox>
<x1>857</x1>
<y1>133</y1>
<x2>886</x2>
<y2>135</y2>
<x3>883</x3>
<y3>146</y3>
<x4>853</x4>
<y4>145</y4>
</bndbox>
</object>
<object>
<name>text</name>
<bndbox>
<x1>811</x1>
<y1>146</y1>
<x2>871</x2>
<y2>148</y2>
<x3>870</x3>
<y3>158</y3>
<x4>810</x4>
<y4>155</y4>
</bndbox>
</object>
</annotation>