<?xml version="1.0" ?>
<annotation>
<folder>JPEGImages</folder>
<filename>img_438.xml</filename>
<path>xxxx</path>
<source>
<database>Unknown</database>
<annotation>xxx</annotation>
<image>xxx</image>
<flickrid>0</flickrid>
</source>
<size>
<width>1280</width>
<height>720</height>
<depth>3</depth>
</size>
<segmented>0</segmented>
<object>
<name>text</name>
<bndbox>
<x1>667</x1>
<y1>165</y1>
<x2>738</x2>
<y2>156</y2>
<x3>740</x3>
<y3>177</y3>
<x4>669</x4>
<y4>186</y4>
</bndbox>
</object>
<object>
<name>text</name>
<bndbox>
<x1>741</x1>
<y1>160</y1>
<x2>760</x2>
<y2>156</y2>
<x3>761</x3>
<y3>175</y3>
<x4>742</x4>
<y4>178</y4>
</bndbox>
</object>
<object>
<name>text</name>
<bndbox>
<x1>768</x1>
<y1>155</y1>
<x2>855</x2>
<y2>144</y2>
<x3>855</x3>
<y3>166</y3>
<x4>768</x4>
<y4>177</y4>
</bndbox>
</object>
<object>
<name>text</name>
<bndbox>
<x1>532</x1>
<y1>227</y1>
<x2>602</x2>
<y2>223</y2>
<x3>602</x3>
<y3>236</y3>
<x4>532</x4>
<y4>241</y4>
</bndbox>
</object>
<object>
<name>text</name>
<bndbox>
<x1>1003</x1>
<y1>284</y1>
<x2>1090</x2>
<y2>274</y2>
<x3>1093</x3>
<y3>284</y3>
<x4>1007</x4>
<y4>294</y4>
</bndbox>
</object>
<object>
<name>text</name>
<bndbox>
<x1>1021</x1>
<y1>294</y1>
<x2>1086</x2>
<y2>285</y2>
<x3>1086</x3>
<y3>293</y3>
<x4>1021</x4>
<y4>302</y4>
</bndbox>
</object>
<object>
<name>text</name>
<bndbox>
<x1>1019</x1>
<y1>301</y1>
<x2>1088</x2>
<y2>294</y2>
<x3>1090</x3>
<y3>306</y3>
<x4>1021</x4>
<y4>313</y4>
</bndbox>
</object>
<object>
<name>text</name>
<bndbox>
<x1>998</x1>
<y1>177</y1>
<x2>1036</x2>
<y2>175</y2>
<x3>1033</x3>
<y3>187</y3>
<x4>996</x4>
<y4>190</y4>
</bndbox>
</object>
<object>
<name>text</name>
<bndbox>
<x1>1029</x1>
<y1>358</y1>
<x2>1057</x2>
<y2>354</y2>
<x3>1058</x3>
<y3>364</y3>
<x4>1030</x4>
<y4>368</y4>
</bndbox>
</object>
<object>
<name>text</name>
<bndbox>
<x1>1065</x1>
<y1>401</y1>
<x2>1098</x2>
<y2>398</y2>
<x3>1098</x3>
<y3>408</y3>
<x4>1065</x4>
<y4>411</y4>
</bndbox>
</object>
<object>
<name>text</name>
<bndbox>
<x1>1029</x1>
<y1>268</y1>
<x2>1067</x2>
<y2>264</y2>
<x3>1068</x3>
<y3>274</y3>
<x4>1030</x4>
<y4>278</y4>
</bndbox>
</object>
</annotation>