<?xml version="1.0" ?>
<annotation>
<folder>JPEGImages</folder>
<filename>img_203.xml</filename>
<path>xxxx</path>
<source>
<database>Unknown</database>
<annotation>xxx</annotation>
<image>xxx</image>
<flickrid>0</flickrid>
</source>
<size>
<width>1280</width>
<height>720</height>
<depth>3</depth>
</size>
<segmented>0</segmented>
<object>
<name>text</name>
<bndbox>
<x1>990</x1>
<y1>212</y1>
<x2>1029</x2>
<y2>213</y2>
<x3>1028</x3>
<y3>227</y3>
<x4>990</x4>
<y4>226</y4>
</bndbox>
</object>
<object>
<name>text</name>
<bndbox>
<x1>1032</x1>
<y1>211</y1>
<x2>1078</x2>
<y2>211</y2>
<x3>1079</x3>
<y3>227</y3>
<x4>1032</x4>
<y4>227</y4>
</bndbox>
</object>
<object>
<name>text</name>
<bndbox>
<x1>1083</x1>
<y1>211</y1>
<x2>1114</x2>
<y2>210</y2>
<x3>1114</x3>
<y3>225</y3>
<x4>1083</x4>
<y4>226</y4>
</bndbox>
</object>
<object>
<name>text</name>
<bndbox>
<x1>1052</x1>
<y1>359</y1>
<x2>1110</x2>
<y2>358</y2>
<x3>1109</x3>
<y3>373</y3>
<x4>1052</x4>
<y4>374</y4>
</bndbox>
</object>
</annotation>