<?xml version="1.0" ?>
<annotation>
<folder>JPEGImages</folder>
<filename>img_15.xml</filename>
<path>xxxx</path>
<source>
<database>Unknown</database>
<annotation>xxx</annotation>
<image>xxx</image>
<flickrid>0</flickrid>
</source>
<size>
<width>1280</width>
<height>720</height>
<depth>3</depth>
</size>
<segmented>0</segmented>
<object>
<name>text</name>
<bndbox>
<x1>43</x1>
<y1>169</y1>
<x2>153</x2>
<y2>172</y2>
<x3>154</x3>
<y3>206</y3>
<x4>44</x4>
<y4>202</y4>
</bndbox>
</object>
<object>
<name>text</name>
<bndbox>
<x1>47</x1>
<y1>214</y1>
<x2>155</x2>
<y2>214</y2>
<x3>155</x3>
<y3>246</y3>
<x4>46</x4>
<y4>246</y4>
</bndbox>
</object>
<object>
<name>text</name>
<bndbox>
<x1>30</x1>
<y1>258</y1>
<x2>174</x2>
<y2>254</y2>
<x3>175</x3>
<y3>286</y3>
<x4>31</x4>
<y4>290</y4>
</bndbox>
</object>
<object>
<name>text</name>
<bndbox>
<x1>142</x1>
<y1>136</y1>
<x2>159</x2>
<y2>136</y2>
<x3>160</x3>
<y3>165</y3>
<x4>142</x4>
<y4>165</y4>
</bndbox>
</object>
<object>
<name>text</name>
<bndbox>
<x1>34</x1>
<y1>124</y1>
<x2>128</x2>
<y2>135</y2>
<x3>131</x3>
<y3>163</y3>
<x4>35</x4>
<y4>155</y4>
</bndbox>
</object>
</annotation>