<?xml version="1.0" ?>
<annotation>
<folder>JPEGImages</folder>
<filename>img_356.xml</filename>
<path>xxxx</path>
<source>
<database>Unknown</database>
<annotation>xxx</annotation>
<image>xxx</image>
<flickrid>0</flickrid>
</source>
<size>
<width>1280</width>
<height>720</height>
<depth>3</depth>
</size>
<segmented>0</segmented>
<object>
<name>text</name>
<bndbox>
<x1>762</x1>
<y1>444</y1>
<x2>780</x2>
<y2>447</y2>
<x3>780</x3>
<y3>513</y3>
<x4>761</x4>
<y4>510</y4>
</bndbox>
</object>
<object>
<name>text</name>
<bndbox>
<x1>766</x1>
<y1>301</y1>
<x2>779</x2>
<y2>302</y2>
<x3>777</x3>
<y3>362</y3>
<x4>764</x4>
<y4>361</y4>
</bndbox>
</object>
<object>
<name>text</name>
<bndbox>
<x1>739</x1>
<y1>106</y1>
<x2>874</x2>
<y2>94</y2>
<x3>875</x3>
<y3>141</y3>
<x4>741</x4>
<y4>153</y4>
</bndbox>
</object>
<object>
<name>text</name>
<bndbox>
<x1>730</x1>
<y1>145</y1>
<x2>889</x2>
<y2>142</y2>
<x3>891</x3>
<y3>219</y3>
<x4>731</x4>
<y4>222</y4>
</bndbox>
</object>
<object>
<name>text</name>
<bndbox>
<x1>694</x1>
<y1>218</y1>
<x2>775</x2>
<y2>220</y2>
<x3>772</x3>
<y3>248</y3>
<x4>691</x4>
<y4>246</y4>
</bndbox>
</object>
<object>
<name>text</name>
<bndbox>
<x1>753</x1>
<y1>79</y1>
<x2>849</x2>
<y2>67</y2>
<x3>848</x3>
<y3>91</y3>
<x4>752</x4>
<y4>103</y4>
</bndbox>
</object>
<object>
<name>text</name>
<bndbox>
<x1>778</x1>
<y1>220</y1>
<x2>849</x2>
<y2>222</y2>
<x3>842</x3>
<y3>249</y3>
<x4>770</x4>
<y4>247</y4>
</bndbox>
</object>
<object>
<name>text</name>
<bndbox>
<x1>613</x1>
<y1>47</y1>
<x2>706</x2>
<y2>0</y2>
<x3>737</x3>
<y3>44</y3>
<x4>614</x4>
<y4>94</y4>
</bndbox>
</object>
<object>
<name>text</name>
<bndbox>
<x1>849</x1>
<y1>218</y1>
<x2>912</x2>
<y2>221</y2>
<x3>903</x3>
<y3>252</y3>
<x4>840</x4>
<y4>250</y4>
</bndbox>
</object>
<object>
<name>text</name>
<bndbox>
<x1>683</x1>
<y1>358</y1>
<x2>712</x2>
<y2>356</y2>
<x3>712</x3>
<y3>367</y3>
<x4>683</x4>
<y4>369</y4>
</bndbox>
</object>
<object>
<name>text</name>
<bndbox>
<x1>642</x1>
<y1>177</y1>
<x2>671</x2>
<y2>176</y2>
<x3>670</x3>
<y3>189</y3>
<x4>640</x4>
<y4>189</y4>
</bndbox>
</object>
<object>
<name>text</name>
<bndbox>
<x1>696</x1>
<y1>321</y1>
<x2>720</x2>
<y2>321</y2>
<x3>720</x3>
<y3>339</y3>
<x4>695</x4>
<y4>339</y4>
</bndbox>
</object>
<object>
<name>text</name>
<bndbox>
<x1>711</x1>
<y1>356</y1>
<x2>732</x2>
<y2>356</y2>
<x3>731</x3>
<y3>367</y3>
<x4>712</x4>
<y4>367</y4>
</bndbox>
</object>
<object>
<name>text</name>
<bndbox>
<x1>688</x1>
<y1>370</y1>
<x2>707</x2>
<y2>369</y2>
<x3>707</x3>
<y3>379</y3>
<x4>688</x4>
<y4>380</y4>
</bndbox>
</object>
<object>
<name>text</name>
<bndbox>
<x1>705</x1>
<y1>368</y1>
<x2>726</x2>
<y2>367</y2>
<x3>726</x3>
<y3>379</y3>
<x4>705</x4>
<y4>380</y4>
</bndbox>
</object>
<object>
<name>text</name>
<bndbox>
<x1>764</x1>
<y1>362</y1>
<x2>781</x2>
<y2>365</y2>
<x3>780</x3>
<y3>445</y3>
<x4>763</x4>
<y4>442</y4>
</bndbox>
</object>
<object>
<name>text</name>
<bndbox>
<x1>967</x1>
<y1>177</y1>
<x2>1027</x2>
<y2>179</y2>
<x3>1025</x3>
<y3>202</y3>
<x4>965</x4>
<y4>201</y4>
</bndbox>
</object>
<object>
<name>text</name>
<bndbox>
<x1>1022</x1>
<y1>151</y1>
<x2>1247</x2>
<y2>162</y2>
<x3>1249</x3>
<y3>216</y3>
<x4>1024</x4>
<y4>205</y4>
</bndbox>
</object>
<object>
<name>text</name>
<bndbox>
<x1>1155</x1>
<y1>146</y1>
<x2>1247</x2>
<y2>147</y2>
<x3>1247</x3>
<y3>169</y3>
<x4>1155</x4>
<y4>168</y4>
</bndbox>
</object>
<object>
<name>text</name>
<bndbox>
<x1>964</x1>
<y1>204</y1>
<x2>1035</x2>
<y2>205</y2>
<x3>1037</x3>
<y3>235</y3>
<x4>965</x4>
<y4>234</y4>
</bndbox>
</object>
<object>
<name>text</name>
<bndbox>
<x1>1039</x1>
<y1>201</y1>
<x2>1110</x2>
<y2>202</y2>
<x3>1112</x3>
<y3>235</y3>
<x4>1041</x4>
<y4>234</y4>
</bndbox>
</object>
<object>
<name>text</name>
<bndbox>
<x1>959</x1>
<y1>226</y1>
<x2>1239</x2>
<y2>243</y2>
<x3>1238</x3>
<y3>351</y3>
<x4>957</x4>
<y4>334</y4>
</bndbox>
</object>
<object>
<name>text</name>
<bndbox>
<x1>936</x1>
<y1>340</y1>
<x2>1004</x2>
<y2>350</y2>
<x3>1005</x3>
<y3>374</y3>
<x4>937</x4>
<y4>365</y4>
</bndbox>
</object>
<object>
<name>text</name>
<bndbox>
<x1>1049</x1>
<y1>345</y1>
<x2>1125</x2>
<y2>354</y2>
<x3>1126</x3>
<y3>381</y3>
<x4>1050</x4>
<y4>372</y4>
</bndbox>
</object>
<object>
<name>text</name>
<bndbox>
<x1>1184</x1>
<y1>356</y1>
<x2>1271</x2>
<y2>363</y2>
<x3>1270</x3>
<y3>391</y3>
<x4>1182</x4>
<y4>384</y4>
</bndbox>
</object>
<object>
<name>text</name>
<bndbox>
<x1>937</x1>
<y1>430</y1>
<x2>996</x2>
<y2>444</y2>
<x3>995</x3>
<y3>466</y3>
<x4>935</x4>
<y4>452</y4>
</bndbox>
</object>
<object>
<name>text</name>
<bndbox>
<x1>937</x1>
<y1>528</y1>
<x2>995</x2>
<y2>548</y2>
<x3>995</x3>
<y3>569</y3>
<x4>937</x4>
<y4>549</y4>
</bndbox>
</object>
<object>
<name>text</name>
<bndbox>
<x1>1100</x1>
<y1>531</y1>
<x2>1202</x2>
<y2>578</y2>
<x3>1193</x3>
<y3>608</y3>
<x4>1092</x4>
<y4>562</y4>
</bndbox>
</object>
<object>
<name>text</name>
<bndbox>
<x1>1111</x1>
<y1>506</y1>
<x2>1212</x2>
<y2>549</y2>
<x3>1206</x3>
<y3>571</y3>
<x4>1105</x4>
<y4>528</y4>
</bndbox>
</object>
<object>
<name>text</name>
<bndbox>
<x1>1137</x1>
<y1>495</y1>
<x2>1197</x2>
<y2>519</y2>
<x3>1190</x3>
<y3>535</y3>
<x4>1130</x4>
<y4>510</y4>
</bndbox>
</object>
</annotation>