<?xml version="1.0" ?>
<annotation>
<folder>JPEGImages</folder>
<filename>img_233.xml</filename>
<path>xxxx</path>
<source>
<database>Unknown</database>
<annotation>xxx</annotation>
<image>xxx</image>
<flickrid>0</flickrid>
</source>
<size>
<width>1280</width>
<height>720</height>
<depth>3</depth>
</size>
<segmented>0</segmented>
<object>
<name>text</name>
<bndbox>
<x1>495</x1>
<y1>126</y1>
<x2>553</x2>
<y2>118</y2>
<x3>555</x3>
<y3>139</y3>
<x4>497</x4>
<y4>146</y4>
</bndbox>
</object>
<object>
<name>text</name>
<bndbox>
<x1>459</x1>
<y1>131</y1>
<x2>495</x2>
<y2>127</y2>
<x3>496</x3>
<y3>145</y3>
<x4>460</x4>
<y4>149</y4>
</bndbox>
</object>
<object>
<name>text</name>
<bndbox>
<x1>500</x1>
<y1>5</y1>
<x2>530</x2>
<y2>0</y2>
<x3>533</x3>
<y3>15</y3>
<x4>504</x4>
<y4>20</y4>
</bndbox>
</object>
<object>
<name>text</name>
<bndbox>
<x1>437</x1>
<y1>34</y1>
<x2>523</x2>
<y2>22</y2>
<x3>525</x3>
<y3>51</y3>
<x4>439</x4>
<y4>62</y4>
</bndbox>
</object>
<object>
<name>text</name>
<bndbox>
<x1>431</x1>
<y1>136</y1>
<x2>459</x2>
<y2>132</y2>
<x3>460</x3>
<y3>151</y3>
<x4>431</x4>
<y4>154</y4>
</bndbox>
</object>
<object>
<name>text</name>
<bndbox>
<x1>447</x1>
<y1>12</y1>
<x2>501</x2>
<y2>6</y2>
<x3>502</x3>
<y3>20</y3>
<x4>448</x4>
<y4>26</y4>
</bndbox>
</object>
<object>
<name>text</name>
<bndbox>
<x1>425</x1>
<y1>15</y1>
<x2>446</x2>
<y2>12</y2>
<x3>448</x3>
<y3>26</y3>
<x4>427</x4>
<y4>29</y4>
</bndbox>
</object>
<object>
<name>text</name>
<bndbox>
<x1>460</x1>
<y1>153</y1>
<x2>498</x2>
<y2>148</y2>
<x3>499</x3>
<y3>166</y3>
<x4>460</x4>
<y4>171</y4>
</bndbox>
</object>
<object>
<name>text</name>
<bndbox>
<x1>499</x1>
<y1>150</y1>
<x2>527</x2>
<y2>147</y2>
<x3>527</x3>
<y3>163</y3>
<x4>499</x4>
<y4>166</y4>
</bndbox>
</object>
<object>
<name>text</name>
<bndbox>
<x1>446</x1>
<y1>180</y1>
<x2>491</x2>
<y2>173</y2>
<x3>493</x3>
<y3>193</y3>
<x4>448</x4>
<y4>200</y4>
</bndbox>
</object>
<object>
<name>text</name>
<bndbox>
<x1>497</x1>
<y1>172</y1>
<x2>548</x2>
<y2>167</y2>
<x3>547</x3>
<y3>187</y3>
<x4>496</x4>
<y4>192</y4>
</bndbox>
</object>
<object>
<name>text</name>
<bndbox>
<x1>453</x1>
<y1>202</y1>
<x2>546</x2>
<y2>190</y2>
<x3>548</x3>
<y3>211</y3>
<x4>454</x4>
<y4>222</y4>
</bndbox>
</object>
</annotation>