<?xml version="1.0" ?>
<annotation>
<folder>JPEGImages</folder>
<filename>img_535.xml</filename>
<path>xxxx</path>
<source>
<database>Unknown</database>
<annotation>xxx</annotation>
<image>xxx</image>
<flickrid>0</flickrid>
</source>
<size>
<width>1280</width>
<height>720</height>
<depth>3</depth>
</size>
<segmented>0</segmented>
<object>
<name>text</name>
<bndbox>
<x1>198</x1>
<y1>554</y1>
<x2>320</x2>
<y2>500</y2>
<x3>326</x3>
<y3>511</y3>
<x4>205</x4>
<y4>565</y4>
</bndbox>
</object>
<object>
<name>text</name>
<bndbox>
<x1>225</x1>
<y1>514</y1>
<x2>291</x2>
<y2>486</y2>
<x3>293</x3>
<y3>499</y3>
<x4>227</x4>
<y4>526</y4>
</bndbox>
</object>
<object>
<name>text</name>
<bndbox>
<x1>693</x1>
<y1>144</y1>
<x2>709</x2>
<y2>140</y2>
<x3>713</x3>
<y3>154</y3>
<x4>696</x4>
<y4>158</y4>
</bndbox>
</object>
<object>
<name>text</name>
<bndbox>
<x1>564</x1>
<y1>186</y1>
<x2>580</x2>
<y2>182</y2>
<x3>582</x3>
<y3>191</y3>
<x4>566</x4>
<y4>196</y4>
</bndbox>
</object>
<object>
<name>text</name>
<bndbox>
<x1>674</x1>
<y1>149</y1>
<x2>686</x2>
<y2>145</y2>
<x3>691</x3>
<y3>159</y3>
<x4>680</x4>
<y4>163</y4>
</bndbox>
</object>
<object>
<name>text</name>
<bndbox>
<x1>281</x1>
<y1>244</y1>
<x2>365</x2>
<y2>224</y2>
<x3>368</x3>
<y3>239</y3>
<x4>285</x4>
<y4>259</y4>
</bndbox>
</object>
<object>
<name>text</name>
<bndbox>
<x1>275</x1>
<y1>224</y1>
<x2>362</x2>
<y2>203</y2>
<x3>367</x3>
<y3>225</y3>
<x4>280</x4>
<y4>246</y4>
</bndbox>
</object>
<object>
<name>text</name>
<bndbox>
<x1>727</x1>
<y1>151</y1>
<x2>768</x2>
<y2>139</y2>
<x3>772</x3>
<y3>154</y3>
<x4>731</x4>
<y4>165</y4>
</bndbox>
</object>
<object>
<name>text</name>
<bndbox>
<x1>197</x1>
<y1>538</y1>
<x2>313</x2>
<y2>490</y2>
<x3>320</x3>
<y3>501</y3>
<x4>203</x4>
<y4>549</y4>
</bndbox>
</object>
<object>
<name>text</name>
<bndbox>
<x1>262</x1>
<y1>0</y1>
<x2>367</x2>
<y2>78</y2>
<x3>370</x3>
<y3>130</y3>
<x4>149</x4>
<y4>2</y4>
</bndbox>
</object>
<object>
<name>text</name>
<bndbox>
<x1>416</x1>
<y1>139</y1>
<x2>457</x2>
<y2>151</y2>
<x3>461</x3>
<y3>191</y3>
<x4>420</x4>
<y4>179</y4>
</bndbox>
</object>
<object>
<name>text</name>
<bndbox>
<x1>319</x1>
<y1>651</y1>
<x2>392</x2>
<y2>612</y2>
<x3>406</x3>
<y3>650</y3>
<x4>333</x4>
<y4>689</y4>
</bndbox>
</object>
<object>
<name>text</name>
<bndbox>
<x1>410</x1>
<y1>318</y1>
<x2>448</x2>
<y2>309</y2>
<x3>450</x3>
<y3>326</y3>
<x4>412</x4>
<y4>335</y4>
</bndbox>
</object>
<object>
<name>text</name>
<bndbox>
<x1>177</x1>
<y1>589</y1>
<x2>316</x2>
<y2>528</y2>
<x3>338</x3>
<y3>578</y3>
<x4>198</x4>
<y4>638</y4>
</bndbox>
</object>
<object>
<name>text</name>
<bndbox>
<x1>156</x1>
<y1>522</y1>
<x2>333</x2>
<y2>455</y2>
<x3>338</x3>
<y3>471</y3>
<x4>162</x4>
<y4>538</y4>
</bndbox>
</object>
<object>
<name>text</name>
<bndbox>
<x1>259</x1>
<y1>272</y1>
<x2>291</x2>
<y2>267</y2>
<x3>294</x3>
<y3>289</y3>
<x4>262</x4>
<y4>294</y4>
</bndbox>
</object>
</annotation>