<?xml version="1.0" ?>
<annotation>
<folder>JPEGImages</folder>
<filename>img_317.xml</filename>
<path>xxxx</path>
<source>
<database>Unknown</database>
<annotation>xxx</annotation>
<image>xxx</image>
<flickrid>0</flickrid>
</source>
<size>
<width>1280</width>
<height>720</height>
<depth>3</depth>
</size>
<segmented>0</segmented>
<object>
<name>text</name>
<bndbox>
<x1>516</x1>
<y1>327</y1>
<x2>619</x2>
<y2>329</y2>
<x3>619</x3>
<y3>352</y3>
<x4>515</x4>
<y4>351</y4>
</bndbox>
</object>
<object>
<name>text</name>
<bndbox>
<x1>352</x1>
<y1>105</y1>
<x2>454</x2>
<y2>109</y2>
<x3>455</x3>
<y3>144</y3>
<x4>353</x4>
<y4>140</y4>
</bndbox>
</object>
<object>
<name>text</name>
<bndbox>
<x1>598</x1>
<y1>133</y1>
<x2>635</x2>
<y2>131</y2>
<x3>635</x3>
<y3>144</y3>
<x4>598</x4>
<y4>146</y4>
</bndbox>
</object>
<object>
<name>text</name>
<bndbox>
<x1>1090</x1>
<y1>132</y1>
<x2>1138</x2>
<y2>131</y2>
<x3>1137</x3>
<y3>144</y3>
<x4>1088</x4>
<y4>145</y4>
</bndbox>
</object>
<object>
<name>text</name>
<bndbox>
<x1>175</x1>
<y1>719</y1>
<x2>267</x2>
<y2>662</y2>
<x3>274</x3>
<y3>682</y3>
<x4>205</x4>
<y4>719</y4>
</bndbox>
</object>
<object>
<name>text</name>
<bndbox>
<x1>212</x1>
<y1>718</y1>
<x2>250</x2>
<y2>697</y2>
<x3>254</x3>
<y3>703</y3>
<x4>225</x4>
<y4>719</y4>
</bndbox>
</object>
<object>
<name>text</name>
<bndbox>
<x1>552</x1>
<y1>139</y1>
<x2>592</x2>
<y2>136</y2>
<x3>594</x3>
<y3>146</y3>
<x4>554</x4>
<y4>149</y4>
</bndbox>
</object>
</annotation>