<?xml version="1.0" ?>
<annotation>
<folder>JPEGImages</folder>
<filename>img_399.xml</filename>
<path>xxxx</path>
<source>
<database>Unknown</database>
<annotation>xxx</annotation>
<image>xxx</image>
<flickrid>0</flickrid>
</source>
<size>
<width>1280</width>
<height>720</height>
<depth>3</depth>
</size>
<segmented>0</segmented>
<object>
<name>text</name>
<bndbox>
<x1>278</x1>
<y1>65</y1>
<x2>530</x2>
<y2>97</y2>
<x3>536</x3>
<y3>139</y3>
<x4>278</x4>
<y4>119</y4>
</bndbox>
</object>
<object>
<name>text</name>
<bndbox>
<x1>541</x1>
<y1>96</y1>
<x2>644</x2>
<y2>111</y2>
<x3>647</x3>
<y3>151</y3>
<x4>542</x4>
<y4>141</y4>
</bndbox>
</object>
<object>
<name>text</name>
<bndbox>
<x1>157</x1>
<y1>203</y1>
<x2>223</x2>
<y2>198</y2>
<x3>223</x3>
<y3>218</y3>
<x4>157</x4>
<y4>224</y4>
</bndbox>
</object>
<object>
<name>text</name>
<bndbox>
<x1>301</x1>
<y1>236</y1>
<x2>387</x2>
<y2>231</y2>
<x3>387</x3>
<y3>249</y3>
<x4>302</x4>
<y4>254</y4>
</bndbox>
</object>
<object>
<name>text</name>
<bndbox>
<x1>389</x1>
<y1>230</y1>
<x2>424</x2>
<y2>228</y2>
<x3>425</x3>
<y3>246</y3>
<x4>390</x4>
<y4>248</y4>
</bndbox>
</object>
<object>
<name>text</name>
<bndbox>
<x1>881</x1>
<y1>94</y1>
<x2>946</x2>
<y2>107</y2>
<x3>945</x3>
<y3>139</y3>
<x4>880</x4>
<y4>126</y4>
</bndbox>
</object>
<object>
<name>text</name>
<bndbox>
<x1>506</x1>
<y1>349</y1>
<x2>546</x2>
<y2>341</y2>
<x3>546</x3>
<y3>355</y3>
<x4>506</x4>
<y4>363</y4>
</bndbox>
</object>
<object>
<name>text</name>
<bndbox>
<x1>545</x1>
<y1>341</y1>
<x2>570</x2>
<y2>336</y2>
<x3>571</x3>
<y3>351</y3>
<x4>546</x4>
<y4>356</y4>
</bndbox>
</object>
<object>
<name>text</name>
<bndbox>
<x1>0</x1>
<y1>124</y1>
<x2>152</x2>
<y2>129</y2>
<x3>152</x3>
<y3>186</y3>
<x4>0</x4>
<y4>181</y4>
</bndbox>
</object>
</annotation>