<?xml version="1.0" ?>
<annotation>
<folder>JPEGImages</folder>
<filename>img_496.xml</filename>
<path>xxxx</path>
<source>
<database>Unknown</database>
<annotation>xxx</annotation>
<image>xxx</image>
<flickrid>0</flickrid>
</source>
<size>
<width>1280</width>
<height>720</height>
<depth>3</depth>
</size>
<segmented>0</segmented>
<object>
<name>text</name>
<bndbox>
<x1>306</x1>
<y1>79</y1>
<x2>360</x2>
<y2>84</y2>
<x3>361</x3>
<y3>109</y3>
<x4>307</x4>
<y4>104</y4>
</bndbox>
</object>
<object>
<name>text</name>
<bndbox>
<x1>360</x1>
<y1>84</y1>
<x2>373</x2>
<y2>86</y2>
<x3>370</x3>
<y3>108</y3>
<x4>356</x4>
<y4>105</y4>
</bndbox>
</object>
<object>
<name>text</name>
<bndbox>
<x1>368</x1>
<y1>88</y1>
<x2>416</x2>
<y2>94</y2>
<x3>418</x3>
<y3>114</y3>
<x4>371</x4>
<y4>108</y4>
</bndbox>
</object>
</annotation>