<?xml version="1.0" ?>
<annotation>
<folder>JPEGImages</folder>
<filename>img_277.xml</filename>
<path>xxxx</path>
<source>
<database>Unknown</database>
<annotation>xxx</annotation>
<image>xxx</image>
<flickrid>0</flickrid>
</source>
<size>
<width>1280</width>
<height>720</height>
<depth>3</depth>
</size>
<segmented>0</segmented>
<object>
<name>text</name>
<bndbox>
<x1>290</x1>
<y1>301</y1>
<x2>398</x2>
<y2>283</y2>
<x3>398</x3>
<y3>310</y3>
<x4>289</x4>
<y4>332</y4>
</bndbox>
</object>
<object>
<name>text</name>
<bndbox>
<x1>398</x1>
<y1>286</y1>
<x2>451</x2>
<y2>275</y2>
<x3>452</x3>
<y3>298</y3>
<x4>397</x4>
<y4>311</y4>
</bndbox>
</object>
<object>
<name>text</name>
<bndbox>
<x1>369</x1>
<y1>189</y1>
<x2>436</x2>
<y2>191</y2>
<x3>437</x3>
<y3>218</y3>
<x4>370</x4>
<y4>220</y4>
</bndbox>
</object>
<object>
<name>text</name>
<bndbox>
<x1>439</x1>
<y1>193</y1>
<x2>468</x2>
<y2>192</y2>
<x3>467</x3>
<y3>217</y3>
<x4>441</x4>
<y4>218</y4>
</bndbox>
</object>
<object>
<name>text</name>
<bndbox>
<x1>471</x1>
<y1>192</y1>
<x2>523</x2>
<y2>193</y2>
<x3>523</x3>
<y3>216</y3>
<x4>472</x4>
<y4>218</y4>
</bndbox>
</object>
<object>
<name>text</name>
<bndbox>
<x1>184</x1>
<y1>158</y1>
<x2>361</x2>
<y2>168</y2>
<x3>367</x3>
<y3>236</y3>
<x4>192</x4>
<y4>249</y4>
</bndbox>
</object>
</annotation>