<?xml version="1.0" ?>
<annotation>
<folder>JPEGImages</folder>
<filename>img_23.xml</filename>
<path>xxxx</path>
<source>
<database>Unknown</database>
<annotation>xxx</annotation>
<image>xxx</image>
<flickrid>0</flickrid>
</source>
<size>
<width>1280</width>
<height>720</height>
<depth>3</depth>
</size>
<segmented>0</segmented>
<object>
<name>text</name>
<bndbox>
<x1>864</x1>
<y1>398</y1>
<x2>1115</x2>
<y2>388</y2>
<x3>1116</x3>
<y3>392</y3>
<x4>866</x4>
<y4>402</y4>
</bndbox>
</object>
<object>
<name>text</name>
<bndbox>
<x1>587</x1>
<y1>170</y1>
<x2>685</x2>
<y2>148</y2>
<x3>690</x3>
<y3>165</y3>
<x4>591</x4>
<y4>188</y4>
</bndbox>
</object>
<object>
<name>text</name>
<bndbox>
<x1>691</x1>
<y1>406</y1>
<x2>731</x2>
<y2>407</y2>
<x3>735</x3>
<y3>425</y3>
<x4>694</x4>
<y4>425</y4>
</bndbox>
</object>
<object>
<name>text</name>
<bndbox>
<x1>731</x1>
<y1>403</y1>
<x2>781</x2>
<y2>403</y2>
<x3>784</x3>
<y3>423</y3>
<x4>733</x4>
<y4>423</y4>
</bndbox>
</object>
<object>
<name>text</name>
<bndbox>
<x1>988</x1>
<y1>53</y1>
<x2>1059</x2>
<y2>36</y2>
<x3>1065</x3>
<y3>61</y3>
<x4>995</x4>
<y4>78</y4>
</bndbox>
</object>
<object>
<name>text</name>
<bndbox>
<x1>970</x1>
<y1>71</y1>
<x2>989</x2>
<y2>68</y2>
<x3>990</x3>
<y3>78</y3>
<x4>970</x4>
<y4>83</y4>
</bndbox>
</object>
<object>
<name>text</name>
<bndbox>
<x1>930</x1>
<y1>81</y1>
<x2>969</x2>
<y2>72</y2>
<x3>969</x3>
<y3>83</y3>
<x4>930</x4>
<y4>92</y4>
</bndbox>
</object>
<object>
<name>text</name>
<bndbox>
<x1>947</x1>
<y1>110</y1>
<x2>1031</x2>
<y2>91</y2>
<x3>1031</x3>
<y3>102</y3>
<x4>947</x4>
<y4>120</y4>
</bndbox>
</object>
<object>
<name>text</name>
<bndbox>
<x1>951</x1>
<y1>130</y1>
<x2>992</x2>
<y2>122</y2>
<x3>992</x3>
<y3>133</y3>
<x4>951</x4>
<y4>141</y4>
</bndbox>
</object>
<object>
<name>text</name>
<bndbox>
<x1>970</x1>
<y1>202</y1>
<x2>1046</x2>
<y2>191</y2>
<x3>1046</x3>
<y3>200</y3>
<x4>970</x4>
<y4>211</y4>
</bndbox>
</object>
<object>
<name>text</name>
<bndbox>
<x1>973</x1>
<y1>304</y1>
<x2>1086</x2>
<y2>293</y2>
<x3>1084</x3>
<y3>304</y3>
<x4>971</x4>
<y4>316</y4>
</bndbox>
</object>
<object>
<name>text</name>
<bndbox>
<x1>589</x1>
<y1>189</y1>
<x2>689</x2>
<y2>166</y2>
<x3>690</x3>
<y3>175</y3>
<x4>590</x4>
<y4>198</y4>
</bndbox>
</object>
<object>
<name>text</name>
<bndbox>
<x1>693</x1>
<y1>431</y1>
<x2>763</x2>
<y2>430</y2>
<x3>764</x3>
<y3>439</y3>
<x4>695</x4>
<y4>440</y4>
</bndbox>
</object>
<object>
<name>text</name>
<bndbox>
<x1>861</x1>
<y1>380</y1>
<x2>921</x2>
<y2>378</y2>
<x3>921</x3>
<y3>386</y3>
<x4>862</x4>
<y4>388</y4>
</bndbox>
</object>
<object>
<name>text</name>
<bndbox>
<x1>657</x1>
<y1>408</y1>
<x2>690</x2>
<y2>408</y2>
<x3>694</x3>
<y3>426</y3>
<x4>661</x4>
<y4>427</y4>
</bndbox>
</object>
<object>
<name>text</name>
<bndbox>
<x1>866</x1>
<y1>405</y1>
<x2>883</x2>
<y2>405</y2>
<x3>883</x3>
<y3>413</y3>
<x4>866</x4>
<y4>413</y4>
</bndbox>
</object>
<object>
<name>text</name>
<bndbox>
<x1>868</x1>
<y1>418</y1>
<x2>969</x2>
<y2>415</y2>
<x3>969</x3>
<y3>423</y3>
<x4>869</x4>
<y4>426</y4>
</bndbox>
</object>
<object>
<name>text</name>
<bndbox>
<x1>873</x1>
<y1>438</y1>
<x2>950</x2>
<y2>437</y2>
<x3>950</x3>
<y3>445</y3>
<x4>873</x4>
<y4>446</y4>
</bndbox>
</object>
<object>
<name>text</name>
<bndbox>
<x1>885</x1>
<y1>446</y1>
<x2>1054</x2>
<y2>444</y2>
<x3>1054</x3>
<y3>452</y3>
<x4>885</x4>
<y4>453</y4>
</bndbox>
</object>
<object>
<name>text</name>
<bndbox>
<x1>886</x1>
<y1>453</y1>
<x2>1065</x2>
<y2>452</y2>
<x3>1066</x3>
<y3>460</y3>
<x4>887</x4>
<y4>460</y4>
</bndbox>
</object>
<object>
<name>text</name>
<bndbox>
<x1>880</x1>
<y1>476</y1>
<x2>910</x2>
<y2>476</y2>
<x3>910</x3>
<y3>484</y3>
<x4>880</x4>
<y4>484</y4>
</bndbox>
</object>
<object>
<name>text</name>
<bndbox>
<x1>885</x1>
<y1>495</y1>
<x2>928</x2>
<y2>497</y2>
<x3>928</x3>
<y3>504</y3>
<x4>885</x4>
<y4>502</y4>
</bndbox>
</object>
<object>
<name>text</name>
<bndbox>
<x1>885</x1>
<y1>502</y1>
<x2>930</x2>
<y2>504</y2>
<x3>931</x3>
<y3>511</y3>
<x4>887</x4>
<y4>509</y4>
</bndbox>
</object>
<object>
<name>text</name>
<bndbox>
<x1>885</x1>
<y1>509</y1>
<x2>961</x2>
<y2>511</y2>
<x3>961</x3>
<y3>518</y3>
<x4>885</x4>
<y4>516</y4>
</bndbox>
</object>
<object>
<name>text</name>
<bndbox>
<x1>806</x1>
<y1>243</y1>
<x2>898</x2>
<y2>229</y2>
<x3>899</x3>
<y3>249</y3>
<x4>807</x4>
<y4>263</y4>
</bndbox>
</object>
<object>
<name>text</name>
<bndbox>
<x1>539</x1>
<y1>176</y1>
<x2>564</x2>
<y2>169</y2>
<x3>567</x3>
<y3>177</y3>
<x4>541</x4>
<y4>184</y4>
</bndbox>
</object>
<object>
<name>text</name>
<bndbox>
<x1>504</x1>
<y1>193</y1>
<x2>536</x2>
<y2>185</y2>
<x3>536</x3>
<y3>194</y3>
<x4>504</x4>
<y4>203</y4>
</bndbox>
</object>
<object>
<name>text</name>
<bndbox>
<x1>504</x1>
<y1>204</y1>
<x2>541</x2>
<y2>194</y2>
<x3>542</x3>
<y3>202</y3>
<x4>505</x4>
<y4>213</y4>
</bndbox>
</object>
</annotation>