<?xml version="1.0" ?>
<annotation>
<folder>JPEGImages</folder>
<filename>img_33.xml</filename>
<path>xxxx</path>
<source>
<database>Unknown</database>
<annotation>xxx</annotation>
<image>xxx</image>
<flickrid>0</flickrid>
</source>
<size>
<width>1280</width>
<height>720</height>
<depth>3</depth>
</size>
<segmented>0</segmented>
<object>
<name>text</name>
<bndbox>
<x1>376</x1>
<y1>237</y1>
<x2>402</x2>
<y2>235</y2>
<x3>401</x3>
<y3>247</y3>
<x4>375</x4>
<y4>249</y4>
</bndbox>
</object>
<object>
<name>text</name>
<bndbox>
<x1>405</x1>
<y1>233</y1>
<x2>478</x2>
<y2>228</y2>
<x3>478</x3>
<y3>241</y3>
<x4>405</x4>
<y4>246</y4>
</bndbox>
</object>
</annotation>