<?xml version="1.0" ?>
<annotation>
<folder>JPEGImages</folder>
<filename>img_188.xml</filename>
<path>xxxx</path>
<source>
<database>Unknown</database>
<annotation>xxx</annotation>
<image>xxx</image>
<flickrid>0</flickrid>
</source>
<size>
<width>1280</width>
<height>720</height>
<depth>3</depth>
</size>
<segmented>0</segmented>
<object>
<name>text</name>
<bndbox>
<x1>502</x1>
<y1>6</y1>
<x2>568</x2>
<y2>9</y2>
<x3>567</x3>
<y3>33</y3>
<x4>501</x4>
<y4>30</y4>
</bndbox>
</object>
<object>
<name>text</name>
<bndbox>
<x1>663</x1>
<y1>298</y1>
<x2>722</x2>
<y2>285</y2>
<x3>733</x3>
<y3>321</y3>
<x4>675</x4>
<y4>333</y4>
</bndbox>
</object>
<object>
<name>text</name>
<bndbox>
<x1>495</x1>
<y1>62</y1>
<x2>567</x2>
<y2>69</y2>
<x3>568</x3>
<y3>95</y3>
<x4>496</x4>
<y4>88</y4>
</bndbox>
</object>
<object>
<name>text</name>
<bndbox>
<x1>455</x1>
<y1>128</y1>
<x2>605</x2>
<y2>124</y2>
<x3>605</x3>
<y3>136</y3>
<x4>455</x4>
<y4>140</y4>
</bndbox>
</object>
<object>
<name>text</name>
<bndbox>
<x1>466</x1>
<y1>140</y1>
<x2>606</x2>
<y2>136</y2>
<x3>607</x3>
<y3>148</y3>
<x4>467</x4>
<y4>152</y4>
</bndbox>
</object>
<object>
<name>text</name>
<bndbox>
<x1>2</x1>
<y1>421</y1>
<x2>99</x2>
<y2>399</y2>
<x3>98</x3>
<y3>451</y3>
<x4>1</x4>
<y4>473</y4>
</bndbox>
</object>
<object>
<name>text</name>
<bndbox>
<x1>49</x1>
<y1>355</y1>
<x2>89</x2>
<y2>329</y2>
<x3>99</x3>
<y3>343</y3>
<x4>59</x4>
<y4>368</y4>
</bndbox>
</object>
<object>
<name>text</name>
<bndbox>
<x1>1</x1>
<y1>354</y1>
<x2>46</x2>
<y2>345</y2>
<x3>48</x3>
<y3>363</y3>
<x4>3</x4>
<y4>373</y4>
</bndbox>
</object>
<object>
<name>text</name>
<bndbox>
<x1>450</x1>
<y1>125</y1>
<x2>605</x2>
<y2>123</y2>
<x3>611</x3>
<y3>148</y3>
<x4>463</x4>
<y4>154</y4>
</bndbox>
</object>
<object>
<name>text</name>
<bndbox>
<x1>490</x1>
<y1>163</y1>
<x2>595</x2>
<y2>158</y2>
<x3>602</x3>
<y3>171</y3>
<x4>496</x4>
<y4>176</y4>
</bndbox>
</object>
<object>
<name>text</name>
<bndbox>
<x1>462</x1>
<y1>207</y1>
<x2>635</x2>
<y2>191</y2>
<x3>644</x3>
<y3>210</y3>
<x4>471</x4>
<y4>227</y4>
</bndbox>
</object>
</annotation>