<?xml version="1.0" ?>
<annotation>
<folder>JPEGImages</folder>
<filename>img_323.xml</filename>
<path>xxxx</path>
<source>
<database>Unknown</database>
<annotation>xxx</annotation>
<image>xxx</image>
<flickrid>0</flickrid>
</source>
<size>
<width>1280</width>
<height>720</height>
<depth>3</depth>
</size>
<segmented>0</segmented>
<object>
<name>text</name>
<bndbox>
<x1>654</x1>
<y1>42</y1>
<x2>691</x2>
<y2>26</y2>
<x3>693</x3>
<y3>53</y3>
<x4>656</x4>
<y4>69</y4>
</bndbox>
</object>
<object>
<name>text</name>
<bndbox>
<x1>691</x1>
<y1>25</y1>
<x2>714</x2>
<y2>16</y2>
<x3>714</x3>
<y3>46</y3>
<x4>691</x4>
<y4>55</y4>
</bndbox>
</object>
<object>
<name>text</name>
<bndbox>
<x1>1024</x1>
<y1>555</y1>
<x2>1121</x2>
<y2>590</y2>
<x3>1119</x3>
<y3>611</y3>
<x4>1018</x4>
<y4>575</y4>
</bndbox>
</object>
<object>
<name>text</name>
<bndbox>
<x1>1047</x1>
<y1>585</y1>
<x2>1118</x2>
<y2>611</y2>
<x3>1117</x3>
<y3>633</y3>
<x4>1042</x4>
<y4>606</y4>
</bndbox>
</object>
<object>
<name>text</name>
<bndbox>
<x1>617</x1>
<y1>57</y1>
<x2>628</x2>
<y2>53</y2>
<x3>630</x3>
<y3>79</y3>
<x4>617</x4>
<y4>84</y4>
</bndbox>
</object>
<object>
<name>text</name>
<bndbox>
<x1>988</x1>
<y1>518</y1>
<x2>1120</x2>
<y2>566</y2>
<x3>1118</x3>
<y3>588</y3>
<x4>988</x4>
<y4>540</y4>
</bndbox>
</object>
<object>
<name>text</name>
<bndbox>
<x1>631</x1>
<y1>51</y1>
<x2>655</x2>
<y2>45</y2>
<x3>655</x3>
<y3>69</y3>
<x4>630</x4>
<y4>79</y4>
</bndbox>
</object>
<object>
<name>text</name>
<bndbox>
<x1>1185</x1>
<y1>582</y1>
<x2>1275</x2>
<y2>608</y2>
<x3>1277</x3>
<y3>668</y3>
<x4>1182</x4>
<y4>637</y4>
</bndbox>
</object>
<object>
<name>text</name>
<bndbox>
<x1>710</x1>
<y1>61</y1>
<x2>727</x2>
<y2>53</y2>
<x3>730</x3>
<y3>83</y3>
<x4>712</x4>
<y4>91</y4>
</bndbox>
</object>
<object>
<name>text</name>
<bndbox>
<x1>730</x1>
<y1>53</y1>
<x2>755</x2>
<y2>44</y2>
<x3>755</x3>
<y3>76</y3>
<x4>731</x4>
<y4>85</y4>
</bndbox>
</object>
<object>
<name>text</name>
<bndbox>
<x1>759</x1>
<y1>38</y1>
<x2>874</x2>
<y2>3</y2>
<x3>874</x3>
<y3>42</y3>
<x4>758</x4>
<y4>77</y4>
</bndbox>
</object>
<object>
<name>text</name>
<bndbox>
<x1>415</x1>
<y1>147</y1>
<x2>471</x2>
<y2>126</y2>
<x3>472</x3>
<y3>139</y3>
<x4>418</x4>
<y4>158</y4>
</bndbox>
</object>
<object>
<name>text</name>
<bndbox>
<x1>440</x1>
<y1>154</y1>
<x2>485</x2>
<y2>140</y2>
<x3>485</x3>
<y3>158</y3>
<x4>441</x4>
<y4>170</y4>
</bndbox>
</object>
<object>
<name>text</name>
<bndbox>
<x1>824</x1>
<y1>140</y1>
<x2>859</x2>
<y2>103</y2>
<x3>870</x3>
<y3>125</y3>
<x4>834</x4>
<y4>163</y4>
</bndbox>
</object>
<object>
<name>text</name>
<bndbox>
<x1>262</x1>
<y1>174</y1>
<x2>292</x2>
<y2>175</y2>
<x3>292</x3>
<y3>191</y3>
<x4>262</x4>
<y4>190</y4>
</bndbox>
</object>
<object>
<name>text</name>
<bndbox>
<x1>714</x1>
<y1>15</y1>
<x2>753</x2>
<y2>1</y2>
<x3>827</x3>
<y3>3</y3>
<x4>715</x4>
<y4>47</y4>
</bndbox>
</object>
<object>
<name>text</name>
<bndbox>
<x1>881</x1>
<y1>3</y1>
<x2>952</x2>
<y2>0</y2>
<x3>952</x3>
<y3>15</y3>
<x4>882</x4>
<y4>35</y4>
</bndbox>
</object>
<object>
<name>text</name>
<bndbox>
<x1>950</x1>
<y1>0</y1>
<x2>964</x2>
<y2>0</y2>
<x3>965</x3>
<y3>13</y3>
<x4>951</x4>
<y4>14</y4>
</bndbox>
</object>
<object>
<name>text</name>
<bndbox>
<x1>524</x1>
<y1>358</y1>
<x2>597</x2>
<y2>373</y2>
<x3>598</x3>
<y3>417</y3>
<x4>525</x4>
<y4>398</y4>
</bndbox>
</object>
</annotation>