<?xml version="1.0" ?>
<annotation>
<folder>JPEGImages</folder>
<filename>img_113.xml</filename>
<path>xxxx</path>
<source>
<database>Unknown</database>
<annotation>xxx</annotation>
<image>xxx</image>
<flickrid>0</flickrid>
</source>
<size>
<width>1280</width>
<height>720</height>
<depth>3</depth>
</size>
<segmented>0</segmented>
<object>
<name>text</name>
<bndbox>
<x1>5</x1>
<y1>605</y1>
<x2>60</x2>
<y2>584</y2>
<x3>61</x3>
<y3>616</y3>
<x4>6</x4>
<y4>638</y4>
</bndbox>
</object>
<object>
<name>text</name>
<bndbox>
<x1>803</x1>
<y1>563</y1>
<x2>924</x2>
<y2>568</y2>
<x3>928</x3>
<y3>591</y3>
<x4>807</x4>
<y4>586</y4>
</bndbox>
</object>
<object>
<name>text</name>
<bndbox>
<x1>375</x1>
<y1>382</y1>
<x2>451</x2>
<y2>369</y2>
<x3>452</x3>
<y3>399</y3>
<x4>375</x4>
<y4>419</y4>
</bndbox>
</object>
<object>
<name>text</name>
<bndbox>
<x1>472</x1>
<y1>367</y1>
<x2>499</x2>
<y2>360</y2>
<x3>499</x3>
<y3>387</y3>
<x4>472</x4>
<y4>394</y4>
</bndbox>
</object>
<object>
<name>text</name>
<bndbox>
<x1>504</x1>
<y1>360</y1>
<x2>550</x2>
<y2>356</y2>
<x3>551</x3>
<y3>375</y3>
<x4>504</x4>
<y4>387</y4>
</bndbox>
</object>
<object>
<name>text</name>
<bndbox>
<x1>310</x1>
<y1>395</y1>
<x2>365</x2>
<y2>384</y2>
<x3>365</x3>
<y3>422</y3>
<x4>309</x4>
<y4>438</y4>
</bndbox>
</object>
<object>
<name>text</name>
<bndbox>
<x1>558</x1>
<y1>351</y1>
<x2>577</x2>
<y2>347</y2>
<x3>578</x3>
<y3>366</y3>
<x4>559</x4>
<y4>372</y4>
</bndbox>
</object>
<object>
<name>text</name>
<bndbox>
<x1>303</x1>
<y1>216</y1>
<x2>565</x2>
<y2>245</y2>
<x3>564</x3>
<y3>325</y3>
<x4>301</x4>
<y4>351</y4>
</bndbox>
</object>
<object>
<name>text</name>
<bndbox>
<x1>579</x1>
<y1>345</y1>
<x2>595</x2>
<y2>344</y2>
<x3>596</x3>
<y3>362</y3>
<x4>580</x4>
<y4>364</y4>
</bndbox>
</object>
<object>
<name>text</name>
<bndbox>
<x1>628</x1>
<y1>146</y1>
<x2>684</x2>
<y2>142</y2>
<x3>686</x3>
<y3>190</y3>
<x4>630</x4>
<y4>194</y4>
</bndbox>
</object>
<object>
<name>text</name>
<bndbox>
<x1>694</x1>
<y1>154</y1>
<x2>822</x2>
<y2>144</y2>
<x3>822</x3>
<y3>162</y3>
<x4>694</x4>
<y4>172</y4>
</bndbox>
</object>
<object>
<name>text</name>
<bndbox>
<x1>1042</x1>
<y1>130</y1>
<x2>1142</x2>
<y2>124</y2>
<x3>1143</x3>
<y3>151</y3>
<x4>1043</x4>
<y4>157</y4>
</bndbox>
</object>
<object>
<name>text</name>
<bndbox>
<x1>844</x1>
<y1>245</y1>
<x2>854</x2>
<y2>244</y2>
<x3>854</x3>
<y3>261</y3>
<x4>844</x4>
<y4>261</y4>
</bndbox>
</object>
<object>
<name>text</name>
<bndbox>
<x1>6</x1>
<y1>264</y1>
<x2>68</x2>
<y2>264</y2>
<x3>64</x3>
<y3>286</y3>
<x4>2</x4>
<y4>286</y4>
</bndbox>
</object>
<object>
<name>text</name>
<bndbox>
<x1>856</x1>
<y1>244</y1>
<x2>937</x2>
<y2>241</y2>
<x3>937</x3>
<y3>258</y3>
<x4>857</x4>
<y4>261</y4>
</bndbox>
</object>
<object>
<name>text</name>
<bndbox>
<x1>5</x1>
<y1>143</y1>
<x2>137</x2>
<y2>164</y2>
<x3>136</x3>
<y3>222</y3>
<x4>4</x4>
<y4>201</y4>
</bndbox>
</object>
<object>
<name>text</name>
<bndbox>
<x1>20</x1>
<y1>342</y1>
<x2>128</x2>
<y2>335</y2>
<x3>124</x3>
<y3>365</y3>
<x4>16</x4>
<y4>372</y4>
</bndbox>
</object>
<object>
<name>text</name>
<bndbox>
<x1>17</x1>
<y1>430</y1>
<x2>127</x2>
<y2>412</y2>
<x3>120</x3>
<y3>442</y3>
<x4>10</x4>
<y4>461</y4>
</bndbox>
</object>
<object>
<name>text</name>
<bndbox>
<x1>0</x1>
<y1>516</y1>
<x2>58</x2>
<y2>500</y2>
<x3>59</x3>
<y3>528</y3>
<x4>1</x4>
<y4>545</y4>
</bndbox>
</object>
<object>
<name>text</name>
<bndbox>
<x1>946</x1>
<y1>569</y1>
<x2>1067</x2>
<y2>570</y2>
<x3>1069</x3>
<y3>590</y3>
<x4>948</x4>
<y4>589</y4>
</bndbox>
</object>
<object>
<name>text</name>
<bndbox>
<x1>1042</x1>
<y1>114</y1>
<x2>1065</x2>
<y2>113</y2>
<x3>1065</x3>
<y3>124</y3>
<x4>1042</x4>
<y4>125</y4>
</bndbox>
</object>
<object>
<name>text</name>
<bndbox>
<x1>1064</x1>
<y1>112</y1>
<x2>1119</x2>
<y2>109</y2>
<x3>1119</x3>
<y3>119</y3>
<x4>1065</x4>
<y4>123</y4>
</bndbox>
</object>
<object>
<name>text</name>
<bndbox>
<x1>1119</x1>
<y1>108</y1>
<x2>1145</x2>
<y2>107</y2>
<x3>1146</x3>
<y3>118</y3>
<x4>1120</x4>
<y4>119</y4>
</bndbox>
</object>
<object>
<name>text</name>
<bndbox>
<x1>822</x1>
<y1>267</y1>
<x2>860</x2>
<y2>266</y2>
<x3>861</x3>
<y3>283</y3>
<x4>823</x4>
<y4>284</y4>
</bndbox>
</object>
<object>
<name>text</name>
<bndbox>
<x1>861</x1>
<y1>266</y1>
<x2>920</x2>
<y2>265</y2>
<x3>921</x3>
<y3>279</y3>
<x4>862</x4>
<y4>280</y4>
</bndbox>
</object>
<object>
<name>text</name>
<bndbox>
<x1>920</x1>
<y1>264</y1>
<x2>961</x2>
<y2>264</y2>
<x3>964</x3>
<y3>278</y3>
<x4>922</x4>
<y4>277</y4>
</bndbox>
</object>
<object>
<name>text</name>
<bndbox>
<x1>878</x1>
<y1>284</y1>
<x2>942</x2>
<y2>282</y2>
<x3>943</x3>
<y3>298</y3>
<x4>879</x4>
<y4>299</y4>
</bndbox>
</object>
<object>
<name>text</name>
<bndbox>
<x1>842</x1>
<y1>285</y1>
<x2>879</x2>
<y2>284</y2>
<x3>879</x3>
<y3>299</y3>
<x4>842</x4>
<y4>300</y4>
</bndbox>
</object>
<object>
<name>text</name>
<bndbox>
<x1>1085</x1>
<y1>567</y1>
<x2>1153</x2>
<y2>568</y2>
<x3>1155</x3>
<y3>580</y3>
<x4>1087</x4>
<y4>578</y4>
</bndbox>
</object>
<object>
<name>text</name>
<bndbox>
<x1>1045</x1>
<y1>259</y1>
<x2>1157</x2>
<y2>255</y2>
<x3>1161</x3>
<y3>293</y3>
<x4>1049</x4>
<y4>297</y4>
</bndbox>
</object>
<object>
<name>text</name>
<bndbox>
<x1>1050</x1>
<y1>304</y1>
<x2>1174</x2>
<y2>299</y2>
<x3>1177</x3>
<y3>335</y3>
<x4>1053</x4>
<y4>340</y4>
</bndbox>
</object>
<object>
<name>text</name>
<bndbox>
<x1>832</x1>
<y1>310</y1>
<x2>961</x2>
<y2>307</y2>
<x3>965</x3>
<y3>343</y3>
<x4>836</x4>
<y4>345</y4>
</bndbox>
</object>
<object>
<name>text</name>
<bndbox>
<x1>903</x1>
<y1>405</y1>
<x2>992</x2>
<y2>408</y2>
<x3>994</x3>
<y3>437</y3>
<x4>905</x4>
<y4>435</y4>
</bndbox>
</object>
<object>
<name>text</name>
<bndbox>
<x1>825</x1>
<y1>496</y1>
<x2>950</x2>
<y2>496</y2>
<x3>951</x3>
<y3>510</y3>
<x4>826</x4>
<y4>510</y4>
</bndbox>
</object>
<object>
<name>text</name>
<bndbox>
<x1>12</x1>
<y1>690</y1>
<x2>48</x2>
<y2>681</y2>
<x3>46</x3>
<y3>708</y3>
<x4>10</x4>
<y4>717</y4>
</bndbox>
</object>
<object>
<name>text</name>
<bndbox>
<x1>1106</x1>
<y1>553</y1>
<x2>1129</x2>
<y2>555</y2>
<x3>1137</x3>
<y3>568</y3>
<x4>1103</x4>
<y4>571</y4>
</bndbox>
</object>
</annotation>