<?xml version="1.0" ?>
<annotation>
<folder>JPEGImages</folder>
<filename>img_344.xml</filename>
<path>xxxx</path>
<source>
<database>Unknown</database>
<annotation>xxx</annotation>
<image>xxx</image>
<flickrid>0</flickrid>
</source>
<size>
<width>1280</width>
<height>720</height>
<depth>3</depth>
</size>
<segmented>0</segmented>
<object>
<name>text</name>
<bndbox>
<x1>488</x1>
<y1>329</y1>
<x2>770</x2>
<y2>323</y2>
<x3>772</x3>
<y3>392</y3>
<x4>490</x4>
<y4>398</y4>
</bndbox>
</object>
</annotation>