<?xml version="1.0" ?>
<annotation>
<folder>JPEGImages</folder>
<filename>img_353.xml</filename>
<path>xxxx</path>
<source>
<database>Unknown</database>
<annotation>xxx</annotation>
<image>xxx</image>
<flickrid>0</flickrid>
</source>
<size>
<width>1280</width>
<height>720</height>
<depth>3</depth>
</size>
<segmented>0</segmented>
<object>
<name>text</name>
<bndbox>
<x1>654</x1>
<y1>471</y1>
<x2>822</x2>
<y2>443</y2>
<x3>819</x3>
<y3>489</y3>
<x4>650</x4>
<y4>517</y4>
</bndbox>
</object>
<object>
<name>text</name>
<bndbox>
<x1>679</x1>
<y1>509</y1>
<x2>737</x2>
<y2>503</y2>
<x3>735</x3>
<y3>524</y3>
<x4>677</x4>
<y4>530</y4>
</bndbox>
</object>
<object>
<name>text</name>
<bndbox>
<x1>735</x1>
<y1>502</y1>
<x2>791</x2>
<y2>494</y2>
<x3>789</x3>
<y3>515</y3>
<x4>733</x4>
<y4>523</y4>
</bndbox>
</object>
<object>
<name>text</name>
<bndbox>
<x1>787</x1>
<y1>494</y1>
<x2>832</x2>
<y2>487</y2>
<x3>835</x3>
<y3>507</y3>
<x4>790</x4>
<y4>514</y4>
</bndbox>
</object>
</annotation>