<?xml version="1.0" ?>
<annotation>
<folder>JPEGImages</folder>
<filename>img_104.xml</filename>
<path>xxxx</path>
<source>
<database>Unknown</database>
<annotation>xxx</annotation>
<image>xxx</image>
<flickrid>0</flickrid>
</source>
<size>
<width>1280</width>
<height>720</height>
<depth>3</depth>
</size>
<segmented>0</segmented>
<object>
<name>text</name>
<bndbox>
<x1>1101</x1>
<y1>471</y1>
<x2>1254</x2>
<y2>375</y2>
<x3>1279</x3>
<y3>415</y3>
<x4>1127</x4>
<y4>511</y4>
</bndbox>
</object>
<object>
<name>text</name>
<bndbox>
<x1>1116</x1>
<y1>527</y1>
<x2>1256</x2>
<y2>442</y2>
<x3>1278</x3>
<y3>482</y3>
<x4>1137</x4>
<y4>567</y4>
</bndbox>
</object>
<object>
<name>text</name>
<bndbox>
<x1>1143</x1>
<y1>572</y1>
<x2>1263</x2>
<y2>499</y2>
<x3>1279</x3>
<y3>534</y3>
<x4>1158</x4>
<y4>607</y4>
</bndbox>
</object>
<object>
<name>text</name>
<bndbox>
<x1>353</x1>
<y1>300</y1>
<x2>385</x2>
<y2>290</y2>
<x3>389</x3>
<y3>303</y3>
<x4>356</x4>
<y4>312</y4>
</bndbox>
</object>
</annotation>