<?xml version="1.0" ?>
<annotation>
<folder>JPEGImages</folder>
<filename>img_482.xml</filename>
<path>xxxx</path>
<source>
<database>Unknown</database>
<annotation>xxx</annotation>
<image>xxx</image>
<flickrid>0</flickrid>
</source>
<size>
<width>1280</width>
<height>720</height>
<depth>3</depth>
</size>
<segmented>0</segmented>
<object>
<name>text</name>
<bndbox>
<x1>965</x1>
<y1>38</y1>
<x2>1056</x2>
<y2>45</y2>
<x3>1053</x3>
<y3>71</y3>
<x4>962</x4>
<y4>64</y4>
</bndbox>
</object>
<object>
<name>text</name>
<bndbox>
<x1>1055</x1>
<y1>44</y1>
<x2>1112</x2>
<y2>49</y2>
<x3>1110</x3>
<y3>74</y3>
<x4>1052</x4>
<y4>69</y4>
</bndbox>
</object>
</annotation>