<?xml version="1.0" ?>
<annotation>
<folder>JPEGImages</folder>
<filename>img_102.xml</filename>
<path>xxxx</path>
<source>
<database>Unknown</database>
<annotation>xxx</annotation>
<image>xxx</image>
<flickrid>0</flickrid>
</source>
<size>
<width>1280</width>
<height>720</height>
<depth>3</depth>
</size>
<segmented>0</segmented>
<object>
<name>text</name>
<bndbox>
<x1>310</x1>
<y1>504</y1>
<x2>524</x2>
<y2>426</y2>
<x3>555</x3>
<y3>517</y3>
<x4>340</x4>
<y4>594</y4>
</bndbox>
</object>
<object>
<name>text</name>
<bndbox>
<x1>594</x1>
<y1>398</y1>
<x2>775</x2>
<y2>336</y2>
<x3>801</x3>
<y3>413</y3>
<x4>620</x4>
<y4>474</y4>
</bndbox>
</object>
<object>
<name>text</name>
<bndbox>
<x1>501</x1>
<y1>533</y1>
<x2>777</x2>
<y2>431</y2>
<x3>795</x3>
<y3>503</y3>
<x4>518</x4>
<y4>605</y4>
</bndbox>
</object>
</annotation>