<?xml version="1.0" ?>
<annotation>
<folder>JPEGImages</folder>
<filename>img_38.xml</filename>
<path>xxxx</path>
<source>
<database>Unknown</database>
<annotation>xxx</annotation>
<image>xxx</image>
<flickrid>0</flickrid>
</source>
<size>
<width>1280</width>
<height>720</height>
<depth>3</depth>
</size>
<segmented>0</segmented>
<object>
<name>text</name>
<bndbox>
<x1>826</x1>
<y1>372</y1>
<x2>879</x2>
<y2>387</y2>
<x3>880</x3>
<y3>423</y3>
<x4>828</x4>
<y4>406</y4>
</bndbox>
</object>
<object>
<name>text</name>
<bndbox>
<x1>882</x1>
<y1>387</y1>
<x2>969</x2>
<y2>409</y2>
<x3>972</x3>
<y3>450</y3>
<x4>886</x4>
<y4>423</y4>
</bndbox>
</object>
<object>
<name>text</name>
<bndbox>
<x1>972</x1>
<y1>410</y1>
<x2>1112</x2>
<y2>443</y2>
<x3>1112</x3>
<y3>489</y3>
<x4>972</x4>
<y4>449</y4>
</bndbox>
</object>
<object>
<name>text</name>
<bndbox>
<x1>873</x1>
<y1>427</y1>
<x2>957</x2>
<y2>453</y2>
<x3>957</x3>
<y3>496</y3>
<x4>875</x4>
<y4>463</y4>
</bndbox>
</object>
<object>
<name>text</name>
<bndbox>
<x1>1115</x1>
<y1>448</y1>
<x2>1240</x2>
<y2>477</y2>
<x3>1242</x3>
<y3>529</y3>
<x4>1116</x4>
<y4>491</y4>
</bndbox>
</object>
<object>
<name>text</name>
<bndbox>
<x1>959</x1>
<y1>455</y1>
<x2>1242</x2>
<y2>541</y2>
<x3>1238</x3>
<y3>594</y3>
<x4>959</x4>
<y4>493</y4>
</bndbox>
</object>
<object>
<name>text</name>
<bndbox>
<x1>748</x1>
<y1>252</y1>
<x2>915</x2>
<y2>263</y2>
<x3>897</x3>
<y3>281</y3>
<x4>735</x4>
<y4>264</y4>
</bndbox>
</object>
</annotation>