<?xml version="1.0" ?>
<annotation>
<folder>JPEGImages</folder>
<filename>img_32.xml</filename>
<path>xxxx</path>
<source>
<database>Unknown</database>
<annotation>xxx</annotation>
<image>xxx</image>
<flickrid>0</flickrid>
</source>
<size>
<width>1280</width>
<height>720</height>
<depth>3</depth>
</size>
<segmented>0</segmented>
<object>
<name>text</name>
<bndbox>
<x1>1024</x1>
<y1>114</y1>
<x2>1057</x2>
<y2>114</y2>
<x3>1060</x3>
<y3>139</y3>
<x4>1028</x4>
<y4>140</y4>
</bndbox>
</object>
<object>
<name>text</name>
<bndbox>
<x1>879</x1>
<y1>125</y1>
<x2>959</x2>
<y2>120</y2>
<x3>964</x3>
<y3>147</y3>
<x4>881</x4>
<y4>153</y4>
</bndbox>
</object>
<object>
<name>text</name>
<bndbox>
<x1>556</x1>
<y1>149</y1>
<x2>620</x2>
<y2>144</y2>
<x3>625</x3>
<y3>176</y3>
<x4>559</x4>
<y4>181</y4>
</bndbox>
</object>
<object>
<name>text</name>
<bndbox>
<x1>621</x1>
<y1>145</y1>
<x2>670</x2>
<y2>141</y2>
<x3>671</x3>
<y3>165</y3>
<x4>623</x4>
<y4>169</y4>
</bndbox>
</object>
<object>
<name>text</name>
<bndbox>
<x1>673</x1>
<y1>141</y1>
<x2>718</x2>
<y2>138</y2>
<x3>721</x3>
<y3>167</y3>
<x4>677</x4>
<y4>170</y4>
</bndbox>
</object>
<object>
<name>text</name>
<bndbox>
<x1>343</x1>
<y1>163</y1>
<x2>412</x2>
<y2>158</y2>
<x3>417</x3>
<y3>186</y3>
<x4>347</x4>
<y4>192</y4>
</bndbox>
</object>
<object>
<name>text</name>
<bndbox>
<x1>418</x1>
<y1>158</y1>
<x2>532</x2>
<y2>150</y2>
<x3>537</x3>
<y3>177</y3>
<x4>421</x4>
<y4>186</y4>
</bndbox>
</object>
<object>
<name>text</name>
<bndbox>
<x1>735</x1>
<y1>137</y1>
<x2>814</x2>
<y2>131</y2>
<x3>820</x3>
<y3>158</y3>
<x4>740</x4>
<y4>165</y4>
</bndbox>
</object>
<object>
<name>text</name>
<bndbox>
<x1>832</x1>
<y1>129</y1>
<x2>877</x2>
<y2>125</y2>
<x3>880</x3>
<y3>148</y3>
<x4>835</x4>
<y4>151</y4>
</bndbox>
</object>
<object>
<name>text</name>
<bndbox>
<x1>972</x1>
<y1>120</y1>
<x2>1021</x2>
<y2>116</y2>
<x3>1026</x3>
<y3>139</y3>
<x4>975</x4>
<y4>142</y4>
</bndbox>
</object>
<object>
<name>text</name>
<bndbox>
<x1>1065</x1>
<y1>112</y1>
<x2>1113</x2>
<y2>108</y2>
<x3>1117</x3>
<y3>130</y3>
<x4>1069</x4>
<y4>134</y4>
</bndbox>
</object>
<object>
<name>text</name>
<bndbox>
<x1>1112</x1>
<y1>109</y1>
<x2>1143</x2>
<y2>106</y2>
<x3>1146</x3>
<y3>129</y3>
<x4>1115</x4>
<y4>132</y4>
</bndbox>
</object>
<object>
<name>text</name>
<bndbox>
<x1>1149</x1>
<y1>107</y1>
<x2>1192</x2>
<y2>104</y2>
<x3>1197</x3>
<y3>122</y3>
<x4>1153</x4>
<y4>125</y4>
</bndbox>
</object>
<object>
<name>text</name>
<bndbox>
<x1>1194</x1>
<y1>103</y1>
<x2>1242</x2>
<y2>101</y2>
<x3>1245</x3>
<y3>120</y3>
<x4>1197</x4>
<y4>122</y4>
</bndbox>
</object>
<object>
<name>text</name>
<bndbox>
<x1>749</x1>
<y1>207</y1>
<x2>794</x2>
<y2>202</y2>
<x3>802</x3>
<y3>243</y3>
<x4>757</x4>
<y4>247</y4>
</bndbox>
</object>
<object>
<name>text</name>
<bndbox>
<x1>1000</x1>
<y1>403</y1>
<x2>1202</x2>
<y2>343</y2>
<x3>1219</x3>
<y3>398</y3>
<x4>1014</x4>
<y4>462</y4>
</bndbox>
</object>
<object>
<name>text</name>
<bndbox>
<x1>1032</x1>
<y1>461</y1>
<x2>1060</x2>
<y2>451</y2>
<x3>1065</x3>
<y3>475</y3>
<x4>1035</x4>
<y4>485</y4>
</bndbox>
</object>
<object>
<name>text</name>
<bndbox>
<x1>1071</x1>
<y1>449</y1>
<x2>1179</x2>
<y2>416</y2>
<x3>1184</x3>
<y3>436</y3>
<x4>1075</x4>
<y4>469</y4>
</bndbox>
</object>
<object>
<name>text</name>
<bndbox>
<x1>795</x1>
<y1>204</y1>
<x2>826</x2>
<y2>201</y2>
<x3>829</x3>
<y3>216</y3>
<x4>797</x4>
<y4>219</y4>
</bndbox>
</object>
<object>
<name>text</name>
<bndbox>
<x1>826</x1>
<y1>200</y1>
<x2>856</x2>
<y2>198</y2>
<x3>858</x3>
<y3>213</y3>
<x4>829</x4>
<y4>216</y4>
</bndbox>
</object>
<object>
<name>text</name>
<bndbox>
<x1>856</x1>
<y1>198</y1>
<x2>888</x2>
<y2>194</y2>
<x3>891</x3>
<y3>209</y3>
<x4>859</x4>
<y4>212</y4>
</bndbox>
</object>
<object>
<name>text</name>
<bndbox>
<x1>798</x1>
<y1>222</y1>
<x2>839</x2>
<y2>216</y2>
<x3>842</x3>
<y3>233</y3>
<x4>801</x4>
<y4>238</y4>
</bndbox>
</object>
<object>
<name>text</name>
<bndbox>
<x1>840</x1>
<y1>216</y1>
<x2>853</x2>
<y2>214</y2>
<x3>854</x3>
<y3>230</y3>
<x4>842</x4>
<y4>231</y4>
</bndbox>
</object>
<object>
<name>text</name>
<bndbox>
<x1>1247</x1>
<y1>101</y1>
<x2>1277</x2>
<y2>101</y2>
<x3>1278</x3>
<y3>117</y3>
<x4>1251</x4>
<y4>117</y4>
</bndbox>
</object>
</annotation>