<?xml version="1.0" ?>
<annotation>
<folder>JPEGImages</folder>
<filename>img_209.xml</filename>
<path>xxxx</path>
<source>
<database>Unknown</database>
<annotation>xxx</annotation>
<image>xxx</image>
<flickrid>0</flickrid>
</source>
<size>
<width>1280</width>
<height>720</height>
<depth>3</depth>
</size>
<segmented>0</segmented>
<object>
<name>text</name>
<bndbox>
<x1>659</x1>
<y1>157</y1>
<x2>698</x2>
<y2>154</y2>
<x3>698</x3>
<y3>178</y3>
<x4>659</x4>
<y4>180</y4>
</bndbox>
</object>
<object>
<name>text</name>
<bndbox>
<x1>902</x1>
<y1>239</y1>
<x2>909</x2>
<y2>239</y2>
<x3>909</x3>
<y3>248</y3>
<x4>902</x4>
<y4>248</y4>
</bndbox>
</object>
<object>
<name>text</name>
<bndbox>
<x1>654</x1>
<y1>224</y1>
<x2>702</x2>
<y2>222</y2>
<x3>703</x3>
<y3>233</y3>
<x4>655</x4>
<y4>235</y4>
</bndbox>
</object>
<object>
<name>text</name>
<bndbox>
<x1>671</x1>
<y1>216</y1>
<x2>688</x2>
<y2>217</y2>
<x3>688</x3>
<y3>223</y3>
<x4>670</x4>
<y4>223</y4>
</bndbox>
</object>
<object>
<name>text</name>
<bndbox>
<x1>907</x1>
<y1>159</y1>
<x2>913</x2>
<y2>158</y2>
<x3>914</x3>
<y3>167</y3>
<x4>907</x4>
<y4>166</y4>
</bndbox>
</object>
<object>
<name>text</name>
<bndbox>
<x1>662</x1>
<y1>180</y1>
<x2>693</x2>
<y2>179</y2>
<x3>692</x3>
<y3>201</y3>
<x4>662</x4>
<y4>202</y4>
</bndbox>
</object>
<object>
<name>text</name>
<bndbox>
<x1>906</x1>
<y1>191</y1>
<x2>913</x2>
<y2>190</y2>
<x3>913</x3>
<y3>199</y3>
<x4>906</x4>
<y4>199</y4>
</bndbox>
</object>
<object>
<name>text</name>
<bndbox>
<x1>905</x1>
<y1>133</y1>
<x2>918</x2>
<y2>133</y2>
<x3>918</x3>
<y3>141</y3>
<x4>905</x4>
<y4>141</y4>
</bndbox>
</object>
<object>
<name>text</name>
<bndbox>
<x1>920</x1>
<y1>133</y1>
<x2>953</x2>
<y2>130</y2>
<x3>953</x3>
<y3>139</y3>
<x4>920</x4>
<y4>141</y4>
</bndbox>
</object>
<object>
<name>text</name>
<bndbox>
<x1>910</x1>
<y1>241</y1>
<x2>959</x2>
<y2>239</y2>
<x3>960</x3>
<y3>245</y3>
<x4>910</x4>
<y4>247</y4>
</bndbox>
</object>
<object>
<name>text</name>
<bndbox>
<x1>914</x1>
<y1>192</y1>
<x2>953</x2>
<y2>191</y2>
<x3>953</x3>
<y3>198</y3>
<x4>914</x4>
<y4>199</y4>
</bndbox>
</object>
<object>
<name>text</name>
<bndbox>
<x1>915</x1>
<y1>160</y1>
<x2>953</x2>
<y2>159</y2>
<x3>953</x3>
<y3>165</y3>
<x4>915</x4>
<y4>166</y4>
</bndbox>
</object>
</annotation>