<?xml version="1.0" ?>
<annotation>
<folder>JPEGImages</folder>
<filename>img_272.xml</filename>
<path>xxxx</path>
<source>
<database>Unknown</database>
<annotation>xxx</annotation>
<image>xxx</image>
<flickrid>0</flickrid>
</source>
<size>
<width>1280</width>
<height>720</height>
<depth>3</depth>
</size>
<segmented>0</segmented>
<object>
<name>text</name>
<bndbox>
<x1>603</x1>
<y1>53</y1>
<x2>693</x2>
<y2>66</y2>
<x3>692</x3>
<y3>99</y3>
<x4>602</x4>
<y4>86</y4>
</bndbox>
</object>
<object>
<name>text</name>
<bndbox>
<x1>696</x1>
<y1>63</y1>
<x2>831</x2>
<y2>84</y2>
<x3>829</x3>
<y3>120</y3>
<x4>694</x4>
<y4>99</y4>
</bndbox>
</object>
<object>
<name>text</name>
<bndbox>
<x1>922</x1>
<y1>98</y1>
<x2>982</x2>
<y2>108</y2>
<x3>979</x3>
<y3>136</y3>
<x4>919</x4>
<y4>126</y4>
</bndbox>
</object>
<object>
<name>text</name>
<bndbox>
<x1>750</x1>
<y1>215</y1>
<x2>792</x2>
<y2>218</y2>
<x3>792</x3>
<y3>230</y3>
<x4>750</x4>
<y4>228</y4>
</bndbox>
</object>
<object>
<name>text</name>
<bndbox>
<x1>1070</x1>
<y1>89</y1>
<x2>1133</x2>
<y2>91</y2>
<x3>1131</x3>
<y3>108</y3>
<x4>1068</x4>
<y4>105</y4>
</bndbox>
</object>
<object>
<name>text</name>
<bndbox>
<x1>1021</x1>
<y1>219</y1>
<x2>1041</x2>
<y2>221</y2>
<x3>1041</x3>
<y3>238</y3>
<x4>1021</x4>
<y4>236</y4>
</bndbox>
</object>
<object>
<name>text</name>
<bndbox>
<x1>1018</x1>
<y1>287</y1>
<x2>1036</x2>
<y2>287</y2>
<x3>1034</x3>
<y3>302</y3>
<x4>1016</x4>
<y4>302</y4>
</bndbox>
</object>
</annotation>