<?xml version="1.0" ?>
<annotation>
<folder>JPEGImages</folder>
<filename>img_284.xml</filename>
<path>xxxx</path>
<source>
<database>Unknown</database>
<annotation>xxx</annotation>
<image>xxx</image>
<flickrid>0</flickrid>
</source>
<size>
<width>1280</width>
<height>720</height>
<depth>3</depth>
</size>
<segmented>0</segmented>
<object>
<name>text</name>
<bndbox>
<x1>943</x1>
<y1>317</y1>
<x2>1160</x2>
<y2>349</y2>
<x3>1160</x3>
<y3>384</y3>
<x4>943</x4>
<y4>351</y4>
</bndbox>
</object>
<object>
<name>text</name>
<bndbox>
<x1>865</x1>
<y1>341</y1>
<x2>1276</x2>
<y2>409</y2>
<x3>1276</x3>
<y3>501</y3>
<x4>861</x4>
<y4>410</y4>
</bndbox>
</object>
<object>
<name>text</name>
<bndbox>
<x1>594</x1>
<y1>215</y1>
<x2>610</x2>
<y2>214</y2>
<x3>610</x3>
<y3>228</y3>
<x4>594</x4>
<y4>229</y4>
</bndbox>
</object>
<object>
<name>text</name>
<bndbox>
<x1>612</x1>
<y1>214</y1>
<x2>643</x2>
<y2>210</y2>
<x3>643</x3>
<y3>224</y3>
<x4>611</x4>
<y4>228</y4>
</bndbox>
</object>
<object>
<name>text</name>
<bndbox>
<x1>564</x1>
<y1>262</y1>
<x2>587</x2>
<y2>261</y2>
<x3>586</x3>
<y3>288</y3>
<x4>563</x4>
<y4>288</y4>
</bndbox>
</object>
<object>
<name>text</name>
<bndbox>
<x1>549</x1>
<y1>218</y1>
<x2>594</x2>
<y2>215</y2>
<x3>594</x3>
<y3>230</y3>
<x4>549</x4>
<y4>233</y4>
</bndbox>
</object>
<object>
<name>text</name>
<bndbox>
<x1>593</x1>
<y1>262</y1>
<x2>655</x2>
<y2>266</y2>
<x3>655</x3>
<y3>296</y3>
<x4>593</x4>
<y4>292</y4>
</bndbox>
</object>
<object>
<name>text</name>
<bndbox>
<x1>404</x1>
<y1>215</y1>
<x2>425</x2>
<y2>213</y2>
<x3>425</x3>
<y3>238</y3>
<x4>404</x4>
<y4>239</y4>
</bndbox>
</object>
<object>
<name>text</name>
<bndbox>
<x1>654</x1>
<y1>263</y1>
<x2>672</x2>
<y2>263</y2>
<x3>671</x3>
<y3>282</y3>
<x4>653</x4>
<y4>283</y4>
</bndbox>
</object>
<object>
<name>text</name>
<bndbox>
<x1>579</x1>
<y1>288</y1>
<x2>731</x2>
<y2>303</y2>
<x3>731</x3>
<y3>330</y3>
<x4>578</x4>
<y4>315</y4>
</bndbox>
</object>
<object>
<name>text</name>
<bndbox>
<x1>572</x1>
<y1>313</y1>
<x2>659</x2>
<y2>324</y2>
<x3>659</x3>
<y3>351</y3>
<x4>571</x4>
<y4>339</y4>
</bndbox>
</object>
<object>
<name>text</name>
<bndbox>
<x1>661</x1>
<y1>323</y1>
<x2>733</x2>
<y2>332</y2>
<x3>734</x3>
<y3>354</y3>
<x4>661</x4>
<y4>345</y4>
</bndbox>
</object>
<object>
<name>text</name>
<bndbox>
<x1>661</x1>
<y1>344</y1>
<x2>746</x2>
<y2>356</y2>
<x3>746</x3>
<y3>380</y3>
<x4>661</x4>
<y4>368</y4>
</bndbox>
</object>
<object>
<name>text</name>
<bndbox>
<x1>592</x1>
<y1>387</y1>
<x2>629</x2>
<y2>395</y2>
<x3>628</x3>
<y3>407</y3>
<x4>592</x4>
<y4>399</y4>
</bndbox>
</object>
<object>
<name>text</name>
<bndbox>
<x1>628</x1>
<y1>396</y1>
<x2>643</x2>
<y2>399</y2>
<x3>642</x3>
<y3>410</y3>
<x4>628</x4>
<y4>407</y4>
</bndbox>
</object>
<object>
<name>text</name>
<bndbox>
<x1>643</x1>
<y1>398</y1>
<x2>683</x2>
<y2>406</y2>
<x3>684</x3>
<y3>419</y3>
<x4>644</x4>
<y4>412</y4>
</bndbox>
</object>
<object>
<name>text</name>
<bndbox>
<x1>654</x1>
<y1>468</y1>
<x2>685</x2>
<y2>477</y2>
<x3>684</x3>
<y3>493</y3>
<x4>654</x4>
<y4>484</y4>
</bndbox>
</object>
<object>
<name>text</name>
<bndbox>
<x1>684</x1>
<y1>478</y1>
<x2>752</x2>
<y2>496</y2>
<x3>752</x3>
<y3>511</y3>
<x4>684</x4>
<y4>493</y4>
</bndbox>
</object>
<object>
<name>text</name>
<bndbox>
<x1>650</x1>
<y1>481</y1>
<x2>692</x2>
<y2>494</y2>
<x3>692</x3>
<y3>511</y3>
<x4>650</x4>
<y4>497</y4>
</bndbox>
</object>
<object>
<name>text</name>
<bndbox>
<x1>649</x1>
<y1>498</y1>
<x2>751</x2>
<y2>529</y2>
<x3>751</x3>
<y3>544</y3>
<x4>650</x4>
<y4>514</y4>
</bndbox>
</object>
<object>
<name>text</name>
<bndbox>
<x1>649</x1>
<y1>526</y1>
<x2>720</x2>
<y2>549</y2>
<x3>722</x3>
<y3>566</y3>
<x4>650</x4>
<y4>544</y4>
</bndbox>
</object>
<object>
<name>text</name>
<bndbox>
<x1>651</x1>
<y1>550</y1>
<x2>739</x2>
<y2>580</y2>
<x3>740</x3>
<y3>595</y3>
<x4>652</x4>
<y4>565</y4>
</bndbox>
</object>
<object>
<name>text</name>
<bndbox>
<x1>648</x1>
<y1>513</y1>
<x2>696</x2>
<y2>527</y2>
<x3>698</x3>
<y3>543</y3>
<x4>649</x4>
<y4>528</y4>
</bndbox>
</object>
<object>
<name>text</name>
<bndbox>
<x1>1034</x1>
<y1>259</y1>
<x2>1078</x2>
<y2>263</y2>
<x3>1076</x3>
<y3>291</y3>
<x4>1032</x4>
<y4>287</y4>
</bndbox>
</object>
<object>
<name>text</name>
<bndbox>
<x1>1074</x1>
<y1>262</y1>
<x2>1204</x2>
<y2>273</y2>
<x3>1206</x3>
<y3>301</y3>
<x4>1076</x4>
<y4>291</y4>
</bndbox>
</object>
<object>
<name>text</name>
<bndbox>
<x1>930</x1>
<y1>251</y1>
<x2>1027</x2>
<y2>260</y2>
<x3>1026</x3>
<y3>285</y3>
<x4>930</x4>
<y4>276</y4>
</bndbox>
</object>
<object>
<name>text</name>
<bndbox>
<x1>963</x1>
<y1>284</y1>
<x2>1161</x2>
<y2>307</y2>
<x3>1160</x3>
<y3>324</y3>
<x4>962</x4>
<y4>302</y4>
</bndbox>
</object>
<object>
<name>text</name>
<bndbox>
<x1>860</x1>
<y1>407</y1>
<x2>1074</x2>
<y2>458</y2>
<x3>1075</x3>
<y3>496</y3>
<x4>861</x4>
<y4>445</y4>
</bndbox>
</object>
<object>
<name>text</name>
<bndbox>
<x1>1081</x1>
<y1>456</y1>
<x2>1276</x2>
<y2>505</y2>
<x3>1274</x3>
<y3>545</y3>
<x4>1079</x4>
<y4>496</y4>
</bndbox>
</object>
<object>
<name>text</name>
<bndbox>
<x1>1013</x1>
<y1>502</y1>
<x2>1067</x2>
<y2>519</y2>
<x3>1062</x3>
<y3>539</y3>
<x4>1007</x4>
<y4>522</y4>
</bndbox>
</object>
<object>
<name>text</name>
<bndbox>
<x1>945</x1>
<y1>617</y1>
<x2>1120</x2>
<y2>690</y2>
<x3>1110</x3>
<y3>718</y3>
<x4>935</x4>
<y4>645</y4>
</bndbox>
</object>
<object>
<name>text</name>
<bndbox>
<x1>854</x1>
<y1>634</y1>
<x2>920</x2>
<y2>664</y2>
<x3>912</x3>
<y3>693</y3>
<x4>845</x4>
<y4>663</y4>
</bndbox>
</object>
<object>
<name>text</name>
<bndbox>
<x1>576</x1>
<y1>523</y1>
<x2>616</x2>
<y2>537</y2>
<x3>616</x3>
<y3>548</y3>
<x4>576</x4>
<y4>534</y4>
</bndbox>
</object>
<object>
<name>text</name>
<bndbox>
<x1>568</x1>
<y1>533</y1>
<x2>618</x2>
<y2>551</y2>
<x3>620</x3>
<y3>562</y3>
<x4>569</x4>
<y4>544</y4>
</bndbox>
</object>
<object>
<name>text</name>
<bndbox>
<x1>566</x1>
<y1>543</y1>
<x2>623</x2>
<y2>563</y2>
<x3>623</x3>
<y3>576</y3>
<x4>566</x4>
<y4>556</y4>
</bndbox>
</object>
<object>
<name>text</name>
<bndbox>
<x1>966</x1>
<y1>190</y1>
<x2>980</x2>
<y2>190</y2>
<x3>980</x3>
<y3>206</y3>
<x4>967</x4>
<y4>206</y4>
</bndbox>
</object>
<object>
<name>text</name>
<bndbox>
<x1>1089</x1>
<y1>180</y1>
<x2>1107</x2>
<y2>181</y2>
<x3>1107</x3>
<y3>197</y3>
<x4>1088</x4>
<y4>197</y4>
</bndbox>
</object>
<object>
<name>text</name>
<bndbox>
<x1>1219</x1>
<y1>199</y1>
<x2>1240</x2>
<y2>200</y2>
<x3>1240</x3>
<y3>216</y3>
<x4>1218</x4>
<y4>215</y4>
</bndbox>
</object>
<object>
<name>text</name>
<bndbox>
<x1>1247</x1>
<y1>172</y1>
<x2>1276</x2>
<y2>172</y2>
<x3>1277</x3>
<y3>208</y3>
<x4>1248</x4>
<y4>208</y4>
</bndbox>
</object>
<object>
<name>text</name>
<bndbox>
<x1>923</x1>
<y1>669</y1>
<x2>980</x2>
<y2>694</y2>
<x3>971</x3>
<y3>718</y3>
<x4>914</x4>
<y4>693</y4>
</bndbox>
</object>
<object>
<name>text</name>
<bndbox>
<x1>364</x1>
<y1>475</y1>
<x2>419</x2>
<y2>454</y2>
<x3>428</x3>
<y3>472</y3>
<x4>373</x4>
<y4>493</y4>
</bndbox>
</object>
<object>
<name>text</name>
<bndbox>
<x1>783</x1>
<y1>112</y1>
<x2>817</x2>
<y2>111</y2>
<x3>816</x3>
<y3>119</y3>
<x4>782</x4>
<y4>120</y4>
</bndbox>
</object>
<object>
<name>text</name>
<bndbox>
<x1>826</x1>
<y1>111</y1>
<x2>850</x2>
<y2>112</y2>
<x3>849</x3>
<y3>121</y3>
<x4>825</x4>
<y4>120</y4>
</bndbox>
</object>
<object>
<name>text</name>
<bndbox>
<x1>1055</x1>
<y1>190</y1>
<x2>1091</x2>
<y2>191</y2>
<x3>1090</x3>
<y3>198</y3>
<x4>1055</x4>
<y4>198</y4>
</bndbox>
</object>
<object>
<name>text</name>
<bndbox>
<x1>648</x1>
<y1>565</y1>
<x2>781</x2>
<y2>612</y2>
<x3>767</x3>
<y3>689</y3>
<x4>633</x4>
<y4>642</y4>
</bndbox>
</object>
<object>
<name>text</name>
<bndbox>
<x1>1123</x1>
<y1>186</y1>
<x2>1150</x2>
<y2>189</y2>
<x3>1154</x3>
<y3>198</y3>
<x4>1124</x4>
<y4>195</y4>
</bndbox>
</object>
<object>
<name>text</name>
<bndbox>
<x1>1163</x1>
<y1>183</y1>
<x2>1189</x2>
<y2>183</y2>
<x3>1186</x3>
<y3>191</y3>
<x4>1160</x4>
<y4>191</y4>
</bndbox>
</object>
<object>
<name>text</name>
<bndbox>
<x1>617</x1>
<y1>86</y1>
<x2>651</x2>
<y2>88</y2>
<x3>649</x3>
<y3>96</y3>
<x4>615</x4>
<y4>94</y4>
</bndbox>
</object>
<object>
<name>text</name>
<bndbox>
<x1>53</x1>
<y1>263</y1>
<x2>133</x2>
<y2>260</y2>
<x3>132</x3>
<y3>284</y3>
<x4>52</x4>
<y4>287</y4>
</bndbox>
</object>
<object>
<name>text</name>
<bndbox>
<x1>303</x1>
<y1>243</y1>
<x2>343</x2>
<y2>215</y2>
<x3>361</x3>
<y3>245</y3>
<x4>325</x4>
<y4>272</y4>
</bndbox>
</object>
<object>
<name>text</name>
<bndbox>
<x1>44</x1>
<y1>181</y1>
<x2>125</x2>
<y2>183</y2>
<x3>124</x3>
<y3>193</y3>
<x4>43</x4>
<y4>191</y4>
</bndbox>
</object>
<object>
<name>text</name>
<bndbox>
<x1>987</x1>
<y1>192</y1>
<x2>1022</x2>
<y2>195</y2>
<x3>1022</x3>
<y3>215</y3>
<x4>986</x4>
<y4>211</y4>
</bndbox>
</object>
<object>
<name>text</name>
<bndbox>
<x1>904</x1>
<y1>193</y1>
<x2>930</x2>
<y2>192</y2>
<x3>930</x3>
<y3>213</y3>
<x4>904</x4>
<y4>214</y4>
</bndbox>
</object>
</annotation>