<?xml version="1.0" ?>
<annotation>
<folder>JPEGImages</folder>
<filename>img_196.xml</filename>
<path>xxxx</path>
<source>
<database>Unknown</database>
<annotation>xxx</annotation>
<image>xxx</image>
<flickrid>0</flickrid>
</source>
<size>
<width>1280</width>
<height>720</height>
<depth>3</depth>
</size>
<segmented>0</segmented>
<object>
<name>text</name>
<bndbox>
<x1>615</x1>
<y1>98</y1>
<x2>675</x2>
<y2>102</y2>
<x3>674</x3>
<y3>117</y3>
<x4>614</x4>
<y4>114</y4>
</bndbox>
</object>
<object>
<name>text</name>
<bndbox>
<x1>101</x1>
<y1>267</y1>
<x2>200</x2>
<y2>267</y2>
<x3>201</x3>
<y3>288</y3>
<x4>102</x4>
<y4>288</y4>
</bndbox>
</object>
<object>
<name>text</name>
<bndbox>
<x1>462</x1>
<y1>93</y1>
<x2>516</x2>
<y2>95</y2>
<x3>517</x3>
<y3>112</y3>
<x4>463</x4>
<y4>110</y4>
</bndbox>
</object>
<object>
<name>text</name>
<bndbox>
<x1>523</x1>
<y1>96</y1>
<x2>577</x2>
<y2>97</y2>
<x3>576</x3>
<y3>114</y3>
<x4>522</x4>
<y4>113</y4>
</bndbox>
</object>
<object>
<name>text</name>
<bndbox>
<x1>582</x1>
<y1>98</y1>
<x2>606</x2>
<y2>98</y2>
<x3>607</x3>
<y3>113</y3>
<x4>583</x4>
<y4>113</y4>
</bndbox>
</object>
<object>
<name>text</name>
<bndbox>
<x1>198</x1>
<y1>270</y1>
<x2>274</x2>
<y2>268</y2>
<x3>275</x3>
<y3>287</y3>
<x4>200</x4>
<y4>288</y4>
</bndbox>
</object>
<object>
<name>text</name>
<bndbox>
<x1>901</x1>
<y1>104</y1>
<x2>963</x2>
<y2>106</y2>
<x3>960</x3>
<y3>123</y3>
<x4>897</x4>
<y4>121</y4>
</bndbox>
</object>
<object>
<name>text</name>
<bndbox>
<x1>961</x1>
<y1>108</y1>
<x2>1014</x2>
<y2>111</y2>
<x3>1012</x3>
<y3>125</y3>
<x4>958</x4>
<y4>123</y4>
</bndbox>
</object>
<object>
<name>text</name>
<bndbox>
<x1>1011</x1>
<y1>110</y1>
<x2>1055</x2>
<y2>112</y2>
<x3>1054</x3>
<y3>125</y3>
<x4>1010</x4>
<y4>123</y4>
</bndbox>
</object>
<object>
<name>text</name>
<bndbox>
<x1>1057</x1>
<y1>112</y1>
<x2>1098</x2>
<y2>114</y2>
<x3>1097</x3>
<y3>128</y3>
<x4>1056</x4>
<y4>126</y4>
</bndbox>
</object>
<object>
<name>text</name>
<bndbox>
<x1>1115</x1>
<y1>115</y1>
<x2>1253</x2>
<y2>120</y2>
<x3>1251</x3>
<y3>131</y3>
<x4>1113</x4>
<y4>126</y4>
</bndbox>
</object>
</annotation>