<?xml version="1.0" ?>
<annotation>
<folder>JPEGImages</folder>
<filename>img_297.xml</filename>
<path>xxxx</path>
<source>
<database>Unknown</database>
<annotation>xxx</annotation>
<image>xxx</image>
<flickrid>0</flickrid>
</source>
<size>
<width>1280</width>
<height>720</height>
<depth>3</depth>
</size>
<segmented>0</segmented>
<object>
<name>text</name>
<bndbox>
<x1>693</x1>
<y1>267</y1>
<x2>724</x2>
<y2>261</y2>
<x3>726</x3>
<y3>272</y3>
<x4>695</x4>
<y4>277</y4>
</bndbox>
</object>
<object>
<name>text</name>
<bndbox>
<x1>669</x1>
<y1>352</y1>
<x2>705</x2>
<y2>340</y2>
<x3>708</x3>
<y3>353</y3>
<x4>672</x4>
<y4>365</y4>
</bndbox>
</object>
<object>
<name>text</name>
<bndbox>
<x1>514</x1>
<y1>177</y1>
<x2>528</x2>
<y2>173</y2>
<x3>532</x3>
<y3>187</y3>
<x4>517</x4>
<y4>190</y4>
</bndbox>
</object>
<object>
<name>text</name>
<bndbox>
<x1>861</x1>
<y1>72</y1>
<x2>904</x2>
<y2>63</y2>
<x3>908</x3>
<y3>81</y3>
<x4>865</x4>
<y4>90</y4>
</bndbox>
</object>
<object>
<name>text</name>
<bndbox>
<x1>907</x1>
<y1>60</y1>
<x2>952</x2>
<y2>49</y2>
<x3>955</x3>
<y3>68</y3>
<x4>911</x4>
<y4>79</y4>
</bndbox>
</object>
<object>
<name>text</name>
<bndbox>
<x1>531</x1>
<y1>171</y1>
<x2>585</x2>
<y2>162</y2>
<x3>588</x3>
<y3>178</y3>
<x4>535</x4>
<y4>187</y4>
</bndbox>
</object>
<object>
<name>text</name>
<bndbox>
<x1>316</x1>
<y1>360</y1>
<x2>347</x2>
<y2>352</y2>
<x3>349</x3>
<y3>361</y3>
<x4>318</x4>
<y4>369</y4>
</bndbox>
</object>
<object>
<name>text</name>
<bndbox>
<x1>454</x1>
<y1>186</y1>
<x2>512</x2>
<y2>175</y2>
<x3>516</x3>
<y3>191</y3>
<x4>457</x4>
<y4>202</y4>
</bndbox>
</object>
<object>
<name>text</name>
<bndbox>
<x1>350</x1>
<y1>380</y1>
<x2>394</x2>
<y2>368</y2>
<x3>396</x3>
<y3>380</y3>
<x4>352</x4>
<y4>392</y4>
</bndbox>
</object>
<object>
<name>text</name>
<bndbox>
<x1>546</x1>
<y1>323</y1>
<x2>575</x2>
<y2>316</y2>
<x3>576</x3>
<y3>325</y3>
<x4>547</x4>
<y4>333</y4>
</bndbox>
</object>
<object>
<name>text</name>
<bndbox>
<x1>651</x1>
<y1>137</y1>
<x2>700</x2>
<y2>127</y2>
<x3>701</x3>
<y3>139</y3>
<x4>652</x4>
<y4>149</y4>
</bndbox>
</object>
<object>
<name>text</name>
<bndbox>
<x1>663</x1>
<y1>156</y1>
<x2>697</x2>
<y2>148</y2>
<x3>699</x3>
<y3>159</y3>
<x4>664</x4>
<y4>167</y4>
</bndbox>
</object>
<object>
<name>text</name>
<bndbox>
<x1>554</x1>
<y1>200</y1>
<x2>631</x2>
<y2>186</y2>
<x3>632</x3>
<y3>196</y3>
<x4>556</x4>
<y4>210</y4>
</bndbox>
</object>
<object>
<name>text</name>
<bndbox>
<x1>771</x1>
<y1>306</y1>
<x2>795</x2>
<y2>298</y2>
<x3>796</x3>
<y3>310</y3>
<x4>772</x4>
<y4>318</y4>
</bndbox>
</object>
<object>
<name>text</name>
<bndbox>
<x1>811</x1>
<y1>405</y1>
<x2>827</x2>
<y2>402</y2>
<x3>843</x3>
<y3>473</y3>
<x4>827</x4>
<y4>476</y4>
</bndbox>
</object>
<object>
<name>text</name>
<bndbox>
<x1>893</x1>
<y1>350</y1>
<x2>905</x2>
<y2>350</y2>
<x3>915</x3>
<y3>406</y3>
<x4>902</x4>
<y4>406</y4>
</bndbox>
</object>
<object>
<name>text</name>
<bndbox>
<x1>930</x1>
<y1>325</y1>
<x2>942</x2>
<y2>377</y2>
<x3>931</x3>
<y3>378</y3>
<x4>919</x4>
<y4>327</y4>
</bndbox>
</object>
<object>
<name>text</name>
<bndbox>
<x1>50</x1>
<y1>62</y1>
<x2>177</x2>
<y2>64</y2>
<x3>180</x3>
<y3>93</y3>
<x4>53</x4>
<y4>91</y4>
</bndbox>
</object>
<object>
<name>text</name>
<bndbox>
<x1>31</x1>
<y1>70</y1>
<x2>48</x2>
<y2>69</y2>
<x3>51</x3>
<y3>91</y3>
<x4>33</x4>
<y4>92</y4>
</bndbox>
</object>
<object>
<name>text</name>
<bndbox>
<x1>980</x1>
<y1>24</y1>
<x2>1038</x2>
<y2>10</y2>
<x3>1041</x3>
<y3>23</y3>
<x4>982</x4>
<y4>38</y4>
</bndbox>
</object>
<object>
<name>text</name>
<bndbox>
<x1>1039</x1>
<y1>9</y1>
<x2>1069</x2>
<y2>0</y2>
<x3>1072</x3>
<y3>13</y3>
<x4>1041</x4>
<y4>22</y4>
</bndbox>
</object>
<object>
<name>text</name>
<bndbox>
<x1>998</x1>
<y1>32</y1>
<x2>1063</x2>
<y2>16</y2>
<x3>1067</x3>
<y3>31</y3>
<x4>1002</x4>
<y4>48</y4>
</bndbox>
</object>
<object>
<name>text</name>
<bndbox>
<x1>1017</x1>
<y1>104</y1>
<x2>1088</x2>
<y2>88</y2>
<x3>1090</x3>
<y3>98</y3>
<x4>1019</x4>
<y4>114</y4>
</bndbox>
</object>
<object>
<name>text</name>
<bndbox>
<x1>1021</x1>
<y1>112</y1>
<x2>1088</x2>
<y2>98</y2>
<x3>1089</x3>
<y3>106</y3>
<x4>1022</x4>
<y4>121</y4>
</bndbox>
</object>
<object>
<name>text</name>
<bndbox>
<x1>1098</x1>
<y1>86</y1>
<x2>1237</x2>
<y2>56</y2>
<x3>1239</x3>
<y3>66</y3>
<x4>1100</x4>
<y4>96</y4>
</bndbox>
</object>
<object>
<name>text</name>
<bndbox>
<x1>1112</x1>
<y1>92</y1>
<x2>1233</x2>
<y2>65</y2>
<x3>1235</x3>
<y3>75</y3>
<x4>1113</x4>
<y4>102</y4>
</bndbox>
</object>
<object>
<name>text</name>
<bndbox>
<x1>1</x1>
<y1>228</y1>
<x2>122</x2>
<y2>214</y2>
<x3>127</x3>
<y3>235</y3>
<x4>0</x4>
<y4>251</y4>
</bndbox>
</object>
<object>
<name>text</name>
<bndbox>
<x1>174</x1>
<y1>600</y1>
<x2>214</x2>
<y2>598</y2>
<x3>233</x3>
<y3>708</y3>
<x4>203</x4>
<y4>711</y4>
</bndbox>
</object>
<object>
<name>text</name>
<bndbox>
<x1>1065</x1>
<y1>16</y1>
<x2>1132</x2>
<y2>0</y2>
<x3>1134</x3>
<y3>9</y3>
<x4>1069</x4>
<y4>27</y4>
</bndbox>
</object>
<object>
<name>text</name>
<bndbox>
<x1>1069</x1>
<y1>2</y1>
<x2>1096</x2>
<y2>0</y2>
<x3>1098</x3>
<y3>5</y3>
<x4>1073</x4>
<y4>11</y4>
</bndbox>
</object>
</annotation>