<?xml version="1.0" ?>
<annotation>
<folder>JPEGImages</folder>
<filename>img_443.xml</filename>
<path>xxxx</path>
<source>
<database>Unknown</database>
<annotation>xxx</annotation>
<image>xxx</image>
<flickrid>0</flickrid>
</source>
<size>
<width>1280</width>
<height>720</height>
<depth>3</depth>
</size>
<segmented>0</segmented>
<object>
<name>text</name>
<bndbox>
<x1>471</x1>
<y1>124</y1>
<x2>491</x2>
<y2>123</y2>
<x3>493</x3>
<y3>136</y3>
<x4>473</x4>
<y4>137</y4>
</bndbox>
</object>
<object>
<name>text</name>
<bndbox>
<x1>463</x1>
<y1>138</y1>
<x2>502</x2>
<y2>134</y2>
<x3>506</x3>
<y3>147</y3>
<x4>467</x4>
<y4>152</y4>
</bndbox>
</object>
<object>
<name>text</name>
<bndbox>
<x1>630</x1>
<y1>115</y1>
<x2>667</x2>
<y2>111</y2>
<x3>669</x3>
<y3>124</y3>
<x4>632</x4>
<y4>128</y4>
</bndbox>
</object>
<object>
<name>text</name>
<bndbox>
<x1>638</x1>
<y1>124</y1>
<x2>669</x2>
<y2>124</y2>
<x3>669</x3>
<y3>137</y3>
<x4>638</x4>
<y4>137</y4>
</bndbox>
</object>
<object>
<name>text</name>
<bndbox>
<x1>436</x1>
<y1>3</y1>
<x2>452</x2>
<y2>2</y2>
<x3>459</x3>
<y3>54</y3>
<x4>442</x4>
<y4>55</y4>
</bndbox>
</object>
<object>
<name>text</name>
<bndbox>
<x1>611</x1>
<y1>4</y1>
<x2>623</x2>
<y2>3</y2>
<x3>632</x3>
<y3>42</y3>
<x4>620</x4>
<y4>43</y4>
</bndbox>
</object>
<object>
<name>text</name>
<bndbox>
<x1>1156</x1>
<y1>103</y1>
<x2>1210</x2>
<y2>93</y2>
<x3>1210</x3>
<y3>112</y3>
<x4>1156</x4>
<y4>122</y4>
</bndbox>
</object>
<object>
<name>text</name>
<bndbox>
<x1>972</x1>
<y1>137</y1>
<x2>1021</x2>
<y2>128</y2>
<x3>1023</x3>
<y3>144</y3>
<x4>975</x4>
<y4>153</y4>
</bndbox>
</object>
<object>
<name>text</name>
<bndbox>
<x1>1000</x1>
<y1>84</y1>
<x2>1029</x2>
<y2>83</y2>
<x3>1032</x3>
<y3>107</y3>
<x4>1003</x4>
<y4>108</y4>
</bndbox>
</object>
<object>
<name>text</name>
<bndbox>
<x1>1097</x1>
<y1>78</y1>
<x2>1127</x2>
<y2>77</y2>
<x3>1125</x3>
<y3>100</y3>
<x4>1095</x4>
<y4>101</y4>
</bndbox>
</object>
<object>
<name>text</name>
<bndbox>
<x1>476</x1>
<y1>188</y1>
<x2>508</x2>
<y2>184</y2>
<x3>510</x3>
<y3>203</y3>
<x4>478</x4>
<y4>207</y4>
</bndbox>
</object>
</annotation>