<?xml version="1.0" ?>
<annotation>
<folder>JPEGImages</folder>
<filename>img_237.xml</filename>
<path>xxxx</path>
<source>
<database>Unknown</database>
<annotation>xxx</annotation>
<image>xxx</image>
<flickrid>0</flickrid>
</source>
<size>
<width>1280</width>
<height>720</height>
<depth>3</depth>
</size>
<segmented>0</segmented>
<object>
<name>text</name>
<bndbox>
<x1>830</x1>
<y1>497</y1>
<x2>861</x2>
<y2>498</y2>
<x3>863</x3>
<y3>527</y3>
<x4>832</x4>
<y4>526</y4>
</bndbox>
</object>
<object>
<name>text</name>
<bndbox>
<x1>791</x1>
<y1>531</y1>
<x2>812</x2>
<y2>531</y2>
<x3>814</x3>
<y3>560</y3>
<x4>792</x4>
<y4>560</y4>
</bndbox>
</object>
<object>
<name>text</name>
<bndbox>
<x1>938</x1>
<y1>333</y1>
<x2>1107</x2>
<y2>328</y2>
<x3>1110</x3>
<y3>361</y3>
<x4>941</x4>
<y4>366</y4>
</bndbox>
</object>
<object>
<name>text</name>
<bndbox>
<x1>768</x1>
<y1>372</y1>
<x2>983</x2>
<y2>368</y2>
<x3>982</x3>
<y3>401</y3>
<x4>768</x4>
<y4>405</y4>
</bndbox>
</object>
<object>
<name>text</name>
<bndbox>
<x1>790</x1>
<y1>464</y1>
<x2>859</x2>
<y2>463</y2>
<x3>861</x3>
<y3>498</y3>
<x4>792</x4>
<y4>499</y4>
</bndbox>
</object>
<object>
<name>text</name>
<bndbox>
<x1>767</x1>
<y1>338</y1>
<x2>933</x2>
<y2>335</y2>
<x3>934</x3>
<y3>368</y3>
<x4>768</x4>
<y4>371</y4>
</bndbox>
</object>
<object>
<name>text</name>
<bndbox>
<x1>790</x1>
<y1>500</y1>
<x2>828</x2>
<y2>501</y2>
<x3>829</x3>
<y3>527</y3>
<x4>791</x4>
<y4>527</y4>
</bndbox>
</object>
<object>
<name>text</name>
<bndbox>
<x1>766</x1>
<y1>310</y1>
<x2>872</x2>
<y2>308</y2>
<x3>875</x3>
<y3>335</y3>
<x4>768</x4>
<y4>337</y4>
</bndbox>
</object>
<object>
<name>text</name>
<bndbox>
<x1>810</x1>
<y1>527</y1>
<x2>866</x2>
<y2>529</y2>
<x3>867</x3>
<y3>572</y3>
<x4>811</x4>
<y4>569</y4>
</bndbox>
</object>
<object>
<name>text</name>
<bndbox>
<x1>777</x1>
<y1>598</y1>
<x2>800</x2>
<y2>599</y2>
<x3>802</x3>
<y3>629</y3>
<x4>779</x4>
<y4>629</y4>
</bndbox>
</object>
<object>
<name>text</name>
<bndbox>
<x1>782</x1>
<y1>630</y1>
<x2>800</x2>
<y2>629</y2>
<x3>802</x3>
<y3>660</y3>
<x4>783</x4>
<y4>661</y4>
</bndbox>
</object>
<object>
<name>text</name>
<bndbox>
<x1>804</x1>
<y1>596</y1>
<x2>894</x2>
<y2>599</y2>
<x3>895</x3>
<y3>633</y3>
<x4>805</x4>
<y4>630</y4>
</bndbox>
</object>
<object>
<name>text</name>
<bndbox>
<x1>804</x1>
<y1>631</y1>
<x2>889</x2>
<y2>634</y2>
<x3>889</x3>
<y3>663</y3>
<x4>803</x4>
<y4>660</y4>
</bndbox>
</object>
<object>
<name>text</name>
<bndbox>
<x1>806</x1>
<y1>668</y1>
<x2>875</x2>
<y2>668</y2>
<x3>876</x3>
<y3>686</y3>
<x4>807</x4>
<y4>685</y4>
</bndbox>
</object>
<object>
<name>text</name>
<bndbox>
<x1>808</x1>
<y1>688</y1>
<x2>876</x2>
<y2>688</y2>
<x3>876</x3>
<y3>706</y3>
<x4>808</x4>
<y4>705</y4>
</bndbox>
</object>
<object>
<name>text</name>
<bndbox>
<x1>808</x1>
<y1>708</y1>
<x2>886</x2>
<y2>707</y2>
<x3>886</x3>
<y3>718</y3>
<x4>808</x4>
<y4>719</y4>
</bndbox>
</object>
</annotation>