<?xml version="1.0" ?>
<annotation>
<folder>JPEGImages</folder>
<filename>img_239.xml</filename>
<path>xxxx</path>
<source>
<database>Unknown</database>
<annotation>xxx</annotation>
<image>xxx</image>
<flickrid>0</flickrid>
</source>
<size>
<width>1280</width>
<height>720</height>
<depth>3</depth>
</size>
<segmented>0</segmented>
<object>
<name>text</name>
<bndbox>
<x1>583</x1>
<y1>213</y1>
<x2>619</x2>
<y2>213</y2>
<x3>619</x3>
<y3>229</y3>
<x4>583</x4>
<y4>229</y4>
</bndbox>
</object>
<object>
<name>text</name>
<bndbox>
<x1>895</x1>
<y1>351</y1>
<x2>926</x2>
<y2>351</y2>
<x3>926</x3>
<y3>365</y3>
<x4>895</x4>
<y4>365</y4>
</bndbox>
</object>
<object>
<name>text</name>
<bndbox>
<x1>675</x1>
<y1>368</y1>
<x2>698</x2>
<y2>368</y2>
<x3>697</x3>
<y3>374</y3>
<x4>675</x4>
<y4>374</y4>
</bndbox>
</object>
<object>
<name>text</name>
<bndbox>
<x1>679</x1>
<y1>377</y1>
<x2>698</x2>
<y2>377</y2>
<x3>699</x3>
<y3>384</y3>
<x4>679</x4>
<y4>384</y4>
</bndbox>
</object>
<object>
<name>text</name>
<bndbox>
<x1>535</x1>
<y1>183</y1>
<x2>565</x2>
<y2>185</y2>
<x3>565</x3>
<y3>202</y3>
<x4>535</x4>
<y4>201</y4>
</bndbox>
</object>
<object>
<name>text</name>
<bndbox>
<x1>674</x1>
<y1>358</y1>
<x2>692</x2>
<y2>358</y2>
<x3>693</x3>
<y3>363</y3>
<x4>675</x4>
<y4>364</y4>
</bndbox>
</object>
<object>
<name>text</name>
<bndbox>
<x1>568</x1>
<y1>183</y1>
<x2>603</x2>
<y2>185</y2>
<x3>603</x3>
<y3>204</y3>
<x4>568</x4>
<y4>202</y4>
</bndbox>
</object>
<object>
<name>text</name>
<bndbox>
<x1>606</x1>
<y1>186</y1>
<x2>630</x2>
<y2>186</y2>
<x3>630</x3>
<y3>202</y3>
<x4>607</x4>
<y4>202</y4>
</bndbox>
</object>
<object>
<name>text</name>
<bndbox>
<x1>622</x1>
<y1>213</y1>
<x2>639</x2>
<y2>213</y2>
<x3>640</x3>
<y3>229</y3>
<x4>623</x4>
<y4>229</y4>
</bndbox>
</object>
<object>
<name>text</name>
<bndbox>
<x1>619</x1>
<y1>240</y1>
<x2>645</x2>
<y2>240</y2>
<x3>645</x3>
<y3>256</y3>
<x4>619</x4>
<y4>256</y4>
</bndbox>
</object>
<object>
<name>text</name>
<bndbox>
<x1>578</x1>
<y1>257</y1>
<x2>594</x2>
<y2>257</y2>
<x3>594</x3>
<y3>273</y3>
<x4>578</x4>
<y4>273</y4>
</bndbox>
</object>
<object>
<name>text</name>
<bndbox>
<x1>544</x1>
<y1>240</y1>
<x2>617</x2>
<y2>240</y2>
<x3>617</x3>
<y3>256</y3>
<x4>544</x4>
<y4>255</y4>
</bndbox>
</object>
<object>
<name>text</name>
<bndbox>
<x1>549</x1>
<y1>258</y1>
<x2>573</x2>
<y2>258</y2>
<x3>573</x3>
<y3>272</y3>
<x4>549</x4>
<y4>272</y4>
</bndbox>
</object>
<object>
<name>text</name>
<bndbox>
<x1>862</x1>
<y1>212</y1>
<x2>873</x2>
<y2>212</y2>
<x3>872</x3>
<y3>232</y3>
<x4>861</x4>
<y4>231</y4>
</bndbox>
</object>
<object>
<name>text</name>
<bndbox>
<x1>696</x1>
<y1>291</y1>
<x2>716</x2>
<y2>288</y2>
<x3>717</x3>
<y3>306</y3>
<x4>696</x4>
<y4>309</y4>
</bndbox>
</object>
</annotation>