<?xml version="1.0" ?>
<annotation>
<folder>JPEGImages</folder>
<filename>img_238.xml</filename>
<path>xxxx</path>
<source>
<database>Unknown</database>
<annotation>xxx</annotation>
<image>xxx</image>
<flickrid>0</flickrid>
</source>
<size>
<width>1280</width>
<height>720</height>
<depth>3</depth>
</size>
<segmented>0</segmented>
<object>
<name>text</name>
<bndbox>
<x1>658</x1>
<y1>167</y1>
<x2>777</x2>
<y2>169</y2>
<x3>777</x3>
<y3>188</y3>
<x4>658</x4>
<y4>186</y4>
</bndbox>
</object>
<object>
<name>text</name>
<bndbox>
<x1>659</x1>
<y1>187</y1>
<x2>777</x2>
<y2>188</y2>
<x3>777</x3>
<y3>196</y3>
<x4>658</x4>
<y4>195</y4>
</bndbox>
</object>
<object>
<name>text</name>
<bndbox>
<x1>790</x1>
<y1>91</y1>
<x2>809</x2>
<y2>92</y2>
<x3>810</x3>
<y3>100</y3>
<x4>789</x4>
<y4>100</y4>
</bndbox>
</object>
</annotation>