<?xml version="1.0" ?>
<annotation>
<folder>JPEGImages</folder>
<filename>img_219.xml</filename>
<path>xxxx</path>
<source>
<database>Unknown</database>
<annotation>xxx</annotation>
<image>xxx</image>
<flickrid>0</flickrid>
</source>
<size>
<width>1280</width>
<height>720</height>
<depth>3</depth>
</size>
<segmented>0</segmented>
<object>
<name>text</name>
<bndbox>
<x1>712</x1>
<y1>159</y1>
<x2>740</x2>
<y2>156</y2>
<x3>741</x3>
<y3>164</y3>
<x4>713</x4>
<y4>167</y4>
</bndbox>
</object>
<object>
<name>text</name>
<bndbox>
<x1>681</x1>
<y1>149</y1>
<x2>737</x2>
<y2>142</y2>
<x3>738</x3>
<y3>158</y3>
<x4>682</x4>
<y4>165</y4>
</bndbox>
</object>
<object>
<name>text</name>
<bndbox>
<x1>680</x1>
<y1>141</y1>
<x2>701</x2>
<y2>140</y2>
<x3>702</x3>
<y3>149</y3>
<x4>681</x4>
<y4>150</y4>
</bndbox>
</object>
</annotation>