<?xml version="1.0" ?>
<annotation>
<folder>JPEGImages</folder>
<filename>img_531.xml</filename>
<path>xxxx</path>
<source>
<database>Unknown</database>
<annotation>xxx</annotation>
<image>xxx</image>
<flickrid>0</flickrid>
</source>
<size>
<width>1280</width>
<height>720</height>
<depth>3</depth>
</size>
<segmented>0</segmented>
<object>
<name>text</name>
<bndbox>
<x1>535</x1>
<y1>60</y1>
<x2>577</x2>
<y2>59</y2>
<x3>573</x3>
<y3>85</y3>
<x4>531</x4>
<y4>86</y4>
</bndbox>
</object>
<object>
<name>text</name>
<bndbox>
<x1>576</x1>
<y1>109</y1>
<x2>618</x2>
<y2>111</y2>
<x3>617</x3>
<y3>124</y3>
<x4>575</x4>
<y4>122</y4>
</bndbox>
</object>
<object>
<name>text</name>
<bndbox>
<x1>532</x1>
<y1>104</y1>
<x2>558</x2>
<y2>105</y2>
<x3>553</x3>
<y3>120</y3>
<x4>527</x4>
<y4>119</y4>
</bndbox>
</object>
<object>
<name>text</name>
<bndbox>
<x1>541</x1>
<y1>116</y1>
<x2>574</x2>
<y2>122</y2>
<x3>574</x3>
<y3>140</y3>
<x4>541</x4>
<y4>135</y4>
</bndbox>
</object>
<object>
<name>text</name>
<bndbox>
<x1>530</x1>
<y1>134</y1>
<x2>567</x2>
<y2>138</y2>
<x3>565</x3>
<y3>150</y3>
<x4>528</x4>
<y4>146</y4>
</bndbox>
</object>
<object>
<name>text</name>
<bndbox>
<x1>570</x1>
<y1>61</y1>
<x2>615</x2>
<y2>64</y2>
<x3>613</x3>
<y3>88</y3>
<x4>568</x4>
<y4>85</y4>
</bndbox>
</object>
<object>
<name>text</name>
<bndbox>
<x1>554</x1>
<y1>108</y1>
<x2>575</x2>
<y2>109</y2>
<x3>575</x3>
<y3>122</y3>
<x4>554</x4>
<y4>121</y4>
</bndbox>
</object>
<object>
<name>text</name>
<bndbox>
<x1>535</x1>
<y1>146</y1>
<x2>575</x2>
<y2>151</y2>
<x3>575</x3>
<y3>165</y3>
<x4>535</x4>
<y4>160</y4>
</bndbox>
</object>
<object>
<name>text</name>
<bndbox>
<x1>574</x1>
<y1>123</y1>
<x2>602</x2>
<y2>126</y2>
<x3>602</x3>
<y3>139</y3>
<x4>574</x4>
<y4>137</y4>
</bndbox>
</object>
<object>
<name>text</name>
<bndbox>
<x1>565</x1>
<y1>138</y1>
<x2>593</x2>
<y2>141</y2>
<x3>592</x3>
<y3>154</y3>
<x4>565</x4>
<y4>151</y4>
</bndbox>
</object>
<object>
<name>text</name>
<bndbox>
<x1>592</x1>
<y1>142</y1>
<x2>616</x2>
<y2>144</y2>
<x3>616</x3>
<y3>155</y3>
<x4>592</x4>
<y4>153</y4>
</bndbox>
</object>
<object>
<name>text</name>
<bndbox>
<x1>574</x1>
<y1>153</y1>
<x2>588</x2>
<y2>155</y2>
<x3>588</x3>
<y3>167</y3>
<x4>574</x4>
<y4>165</y4>
</bndbox>
</object>
<object>
<name>text</name>
<bndbox>
<x1>587</x1>
<y1>154</y1>
<x2>610</x2>
<y2>157</y2>
<x3>609</x3>
<y3>170</y3>
<x4>586</x4>
<y4>167</y4>
</bndbox>
</object>
<object>
<name>text</name>
<bndbox>
<x1>2</x1>
<y1>560</y1>
<x2>56</x2>
<y2>531</y2>
<x3>113</x3>
<y3>595</y3>
<x4>41</x4>
<y4>627</y4>
</bndbox>
</object>
<object>
<name>text</name>
<bndbox>
<x1>997</x1>
<y1>656</y1>
<x2>1062</x2>
<y2>685</y2>
<x3>1040</x3>
<y3>718</y3>
<x4>992</x4>
<y4>700</y4>
</bndbox>
</object>
<object>
<name>text</name>
<bndbox>
<x1>0</x1>
<y1>513</y1>
<x2>5</x2>
<y2>486</y2>
<x3>42</x3>
<y3>538</y3>
<x4>4</x4>
<y4>550</y4>
</bndbox>
</object>
<object>
<name>text</name>
<bndbox>
<x1>251</x1>
<y1>72</y1>
<x2>285</x2>
<y2>70</y2>
<x3>277</x3>
<y3>107</y3>
<x4>260</x4>
<y4>108</y4>
</bndbox>
</object>
</annotation>