<?xml version="1.0" ?>
<annotation>
<folder>JPEGImages</folder>
<filename>img_408.xml</filename>
<path>xxxx</path>
<source>
<database>Unknown</database>
<annotation>xxx</annotation>
<image>xxx</image>
<flickrid>0</flickrid>
</source>
<size>
<width>1280</width>
<height>720</height>
<depth>3</depth>
</size>
<segmented>0</segmented>
<object>
<name>text</name>
<bndbox>
<x1>290</x1>
<y1>192</y1>
<x2>415</x2>
<y2>192</y2>
<x3>414</x3>
<y3>222</y3>
<x4>289</x4>
<y4>222</y4>
</bndbox>
</object>
<object>
<name>text</name>
<bndbox>
<x1>789</x1>
<y1>209</y1>
<x2>914</x2>
<y2>214</y2>
<x3>911</x3>
<y3>258</y3>
<x4>787</x4>
<y4>253</y4>
</bndbox>
</object>
<object>
<name>text</name>
<bndbox>
<x1>918</x1>
<y1>209</y1>
<x2>1124</x2>
<y2>214</y2>
<x3>1125</x3>
<y3>263</y3>
<x4>919</x4>
<y4>258</y4>
</bndbox>
</object>
<object>
<name>text</name>
<bndbox>
<x1>936</x1>
<y1>361</y1>
<x2>1048</x2>
<y2>372</y2>
<x3>1048</x3>
<y3>392</y3>
<x4>935</x4>
<y4>381</y4>
</bndbox>
</object>
<object>
<name>text</name>
<bndbox>
<x1>940</x1>
<y1>385</y1>
<x2>1033</x2>
<y2>392</y2>
<x3>1033</x3>
<y3>410</y3>
<x4>939</x4>
<y4>402</y4>
</bndbox>
</object>
<object>
<name>text</name>
<bndbox>
<x1>949</x1>
<y1>401</y1>
<x2>1049</x2>
<y2>409</y2>
<x3>1047</x3>
<y3>431</y3>
<x4>946</x4>
<y4>422</y4>
</bndbox>
</object>
</annotation>