<?xml version="1.0" ?>
<annotation>
<folder>JPEGImages</folder>
<filename>img_252.xml</filename>
<path>xxxx</path>
<source>
<database>Unknown</database>
<annotation>xxx</annotation>
<image>xxx</image>
<flickrid>0</flickrid>
</source>
<size>
<width>1280</width>
<height>720</height>
<depth>3</depth>
</size>
<segmented>0</segmented>
<object>
<name>text</name>
<bndbox>
<x1>148</x1>
<y1>239</y1>
<x2>187</x2>
<y2>237</y2>
<x3>187</x3>
<y3>268</y3>
<x4>148</x4>
<y4>271</y4>
</bndbox>
</object>
<object>
<name>text</name>
<bndbox>
<x1>188</x1>
<y1>240</y1>
<x2>273</x2>
<y2>230</y2>
<x3>273</x3>
<y3>258</y3>
<x4>188</x4>
<y4>267</y4>
</bndbox>
</object>
<object>
<name>text</name>
<bndbox>
<x1>272</x1>
<y1>232</y1>
<x2>286</x2>
<y2>230</y2>
<x3>286</x3>
<y3>254</y3>
<x4>272</x4>
<y4>256</y4>
</bndbox>
</object>
<object>
<name>text</name>
<bndbox>
<x1>284</x1>
<y1>235</y1>
<x2>337</x2>
<y2>227</y2>
<x3>337</x3>
<y3>248</y3>
<x4>285</x4>
<y4>255</y4>
</bndbox>
</object>
<object>
<name>text</name>
<bndbox>
<x1>327</x1>
<y1>198</y1>
<x2>358</x2>
<y2>198</y2>
<x3>357</x3>
<y3>207</y3>
<x4>327</x4>
<y4>207</y4>
</bndbox>
</object>
</annotation>