<?xml version="1.0" ?>
<annotation>
<folder>JPEGImages</folder>
<filename>img_117.xml</filename>
<path>xxxx</path>
<source>
<database>Unknown</database>
<annotation>xxx</annotation>
<image>xxx</image>
<flickrid>0</flickrid>
</source>
<size>
<width>1280</width>
<height>720</height>
<depth>3</depth>
</size>
<segmented>0</segmented>
<object>
<name>text</name>
<bndbox>
<x1>499</x1>
<y1>377</y1>
<x2>536</x2>
<y2>373</y2>
<x3>536</x3>
<y3>415</y3>
<x4>499</x4>
<y4>419</y4>
</bndbox>
</object>
<object>
<name>text</name>
<bndbox>
<x1>323</x1>
<y1>363</y1>
<x2>385</x2>
<y2>365</y2>
<x3>382</x3>
<y3>386</y3>
<x4>321</x4>
<y4>384</y4>
</bndbox>
</object>
<object>
<name>text</name>
<bndbox>
<x1>451</x1>
<y1>362</y1>
<x2>493</x2>
<y2>360</y2>
<x3>493</x3>
<y3>378</y3>
<x4>451</x4>
<y4>380</y4>
</bndbox>
</object>
<object>
<name>text</name>
<bndbox>
<x1>456</x1>
<y1>448</y1>
<x2>521</x2>
<y2>439</y2>
<x3>522</x3>
<y3>457</y3>
<x4>457</x4>
<y4>465</y4>
</bndbox>
</object>
<object>
<name>text</name>
<bndbox>
<x1>525</x1>
<y1>442</y1>
<x2>571</x2>
<y2>436</y2>
<x3>571</x3>
<y3>451</y3>
<x4>525</x4>
<y4>456</y4>
</bndbox>
</object>
<object>
<name>text</name>
<bndbox>
<x1>452</x1>
<y1>383</y1>
<x2>499</x2>
<y2>378</y2>
<x3>503</x3>
<y3>441</y3>
<x4>456</x4>
<y4>446</y4>
</bndbox>
</object>
<object>
<name>text</name>
<bndbox>
<x1>328</x1>
<y1>396</y1>
<x2>389</x2>
<y2>386</y2>
<x3>392</x3>
<y3>400</y3>
<x4>331</x4>
<y4>410</y4>
</bndbox>
</object>
<object>
<name>text</name>
<bndbox>
<x1>599</x1>
<y1>557</y1>
<x2>630</x2>
<y2>552</y2>
<x3>631</x3>
<y3>565</y3>
<x4>600</x4>
<y4>570</y4>
</bndbox>
</object>
<object>
<name>text</name>
<bndbox>
<x1>267</x1>
<y1>489</y1>
<x2>312</x2>
<y2>499</y2>
<x3>311</x3>
<y3>515</y3>
<x4>265</x4>
<y4>505</y4>
</bndbox>
</object>
<object>
<name>text</name>
<bndbox>
<x1>274</x1>
<y1>510</y1>
<x2>301</x2>
<y2>517</y2>
<x3>302</x3>
<y3>534</y3>
<x4>275</x4>
<y4>528</y4>
</bndbox>
</object>
<object>
<name>text</name>
<bndbox>
<x1>263</x1>
<y1>525</y1>
<x2>314</x2>
<y2>538</y2>
<x3>314</x3>
<y3>560</y3>
<x4>263</x4>
<y4>547</y4>
</bndbox>
</object>
<object>
<name>text</name>
<bndbox>
<x1>56</x1>
<y1>142</y1>
<x2>180</x2>
<y2>113</y2>
<x3>180</x3>
<y3>134</y3>
<x4>56</x4>
<y4>163</y4>
</bndbox>
</object>
<object>
<name>text</name>
<bndbox>
<x1>274</x1>
<y1>130</y1>
<x2>319</x2>
<y2>124</y2>
<x3>320</x3>
<y3>144</y3>
<x4>275</x4>
<y4>149</y4>
</bndbox>
</object>
<object>
<name>text</name>
<bndbox>
<x1>274</x1>
<y1>151</y1>
<x2>317</x2>
<y2>146</y2>
<x3>320</x3>
<y3>161</y3>
<x4>276</x4>
<y4>167</y4>
</bndbox>
</object>
<object>
<name>text</name>
<bndbox>
<x1>274</x1>
<y1>170</y1>
<x2>314</x2>
<y2>163</y2>
<x3>316</x3>
<y3>183</y3>
<x4>276</x4>
<y4>190</y4>
</bndbox>
</object>
<object>
<name>text</name>
<bndbox>
<x1>575</x1>
<y1>322</y1>
<x2>611</x2>
<y2>319</y2>
<x3>611</x3>
<y3>327</y3>
<x4>575</x4>
<y4>329</y4>
</bndbox>
</object>
<object>
<name>text</name>
<bndbox>
<x1>325</x1>
<y1>167</y1>
<x2>376</x2>
<y2>158</y2>
<x3>375</x3>
<y3>169</y3>
<x4>324</x4>
<y4>179</y4>
</bndbox>
</object>
<object>
<name>text</name>
<bndbox>
<x1>326</x1>
<y1>177</y1>
<x2>372</x2>
<y2>171</y2>
<x3>372</x3>
<y3>183</y3>
<x4>326</x4>
<y4>189</y4>
</bndbox>
</object>
<object>
<name>text</name>
<bndbox>
<x1>324</x1>
<y1>193</y1>
<x2>367</x2>
<y2>185</y2>
<x3>367</x3>
<y3>199</y3>
<x4>323</x4>
<y4>207</y4>
</bndbox>
</object>
<object>
<name>text</name>
<bndbox>
<x1>320</x1>
<y1>559</y1>
<x2>350</x2>
<y2>568</y2>
<x3>347</x3>
<y3>582</y3>
<x4>317</x4>
<y4>572</y4>
</bndbox>
</object>
<object>
<name>text</name>
<bndbox>
<x1>319</x1>
<y1>574</y1>
<x2>360</x2>
<y2>585</y2>
<x3>359</x3>
<y3>602</y3>
<x4>318</x4>
<y4>592</y4>
</bndbox>
</object>
<object>
<name>text</name>
<bndbox>
<x1>459</x1>
<y1>515</y1>
<x2>522</x2>
<y2>506</y2>
<x3>522</x3>
<y3>518</y3>
<x4>460</x4>
<y4>527</y4>
</bndbox>
</object>
<object>
<name>text</name>
<bndbox>
<x1>458</x1>
<y1>556</y1>
<x2>509</x2>
<y2>548</y2>
<x3>509</x3>
<y3>555</y3>
<x4>458</x4>
<y4>563</y4>
</bndbox>
</object>
<object>
<name>text</name>
<bndbox>
<x1>457</x1>
<y1>562</y1>
<x2>584</x2>
<y2>542</y2>
<x3>584</x3>
<y3>550</y3>
<x4>457</x4>
<y4>571</y4>
</bndbox>
</object>
</annotation>