<?xml version="1.0" ?>
<annotation>
<folder>JPEGImages</folder>
<filename>img_205.xml</filename>
<path>xxxx</path>
<source>
<database>Unknown</database>
<annotation>xxx</annotation>
<image>xxx</image>
<flickrid>0</flickrid>
</source>
<size>
<width>1280</width>
<height>720</height>
<depth>3</depth>
</size>
<segmented>0</segmented>
<object>
<name>text</name>
<bndbox>
<x1>595</x1>
<y1>276</y1>
<x2>624</x2>
<y2>277</y2>
<x3>624</x3>
<y3>291</y3>
<x4>595</x4>
<y4>290</y4>
</bndbox>
</object>
<object>
<name>text</name>
<bndbox>
<x1>23</x1>
<y1>117</y1>
<x2>33</x2>
<y2>116</y2>
<x3>34</x3>
<y3>132</y3>
<x4>24</x4>
<y4>133</y4>
</bndbox>
</object>
<object>
<name>text</name>
<bndbox>
<x1>90</x1>
<y1>109</y1>
<x2>104</x2>
<y2>110</y2>
<x3>97</x3>
<y3>128</y3>
<x4>83</x4>
<y4>126</y4>
</bndbox>
</object>
<object>
<name>text</name>
<bndbox>
<x1>240</x1>
<y1>213</y1>
<x2>282</x2>
<y2>189</y2>
<x3>291</x3>
<y3>203</y3>
<x4>250</x4>
<y4>227</y4>
</bndbox>
</object>
<object>
<name>text</name>
<bndbox>
<x1>964</x1>
<y1>486</y1>
<x2>985</x2>
<y2>482</y2>
<x3>995</x3>
<y3>510</y3>
<x4>974</x4>
<y4>514</y4>
</bndbox>
</object>
<object>
<name>text</name>
<bndbox>
<x1>37</x1>
<y1>109</y1>
<x2>84</x2>
<y2>105</y2>
<x3>83</x3>
<y3>125</y3>
<x4>36</x4>
<y4>129</y4>
</bndbox>
</object>
<object>
<name>text</name>
<bndbox>
<x1>991</x1>
<y1>476</y1>
<x2>1084</x2>
<y2>478</y2>
<x3>1085</x3>
<y3>511</y3>
<x4>992</x4>
<y4>509</y4>
</bndbox>
</object>
<object>
<name>text</name>
<bndbox>
<x1>1100</x1>
<y1>480</y1>
<x2>1130</x2>
<y2>491</y2>
<x3>1115</x3>
<y3>520</y3>
<x4>1086</x4>
<y4>509</y4>
</bndbox>
</object>
<object>
<name>text</name>
<bndbox>
<x1>629</x1>
<y1>277</y1>
<x2>675</x2>
<y2>276</y2>
<x3>674</x3>
<y3>291</y3>
<x4>628</x4>
<y4>291</y4>
</bndbox>
</object>
<object>
<name>text</name>
<bndbox>
<x1>592</x1>
<y1>313</y1>
<x2>635</x2>
<y2>314</y2>
<x3>635</x3>
<y3>329</y3>
<x4>592</x4>
<y4>329</y4>
</bndbox>
</object>
<object>
<name>text</name>
<bndbox>
<x1>1031</x1>
<y1>191</y1>
<x2>1125</x2>
<y2>189</y2>
<x3>1127</x3>
<y3>292</y3>
<x4>1033</x4>
<y4>294</y4>
</bndbox>
</object>
<object>
<name>text</name>
<bndbox>
<x1>594</x1>
<y1>180</y1>
<x2>734</x2>
<y2>180</y2>
<x3>736</x3>
<y3>203</y3>
<x4>596</x4>
<y4>203</y4>
</bndbox>
</object>
<object>
<name>text</name>
<bndbox>
<x1>985</x1>
<y1>154</y1>
<x2>1154</x2>
<y2>150</y2>
<x3>1154</x3>
<y3>168</y3>
<x4>985</x4>
<y4>172</y4>
</bndbox>
</object>
<object>
<name>text</name>
<bndbox>
<x1>866</x1>
<y1>173</y1>
<x2>948</x2>
<y2>172</y2>
<x3>948</x3>
<y3>183</y3>
<x4>866</x4>
<y4>184</y4>
</bndbox>
</object>
<object>
<name>text</name>
<bndbox>
<x1>972</x1>
<y1>507</y1>
<x2>1125</x2>
<y2>510</y2>
<x3>1117</x3>
<y3>542</y3>
<x4>979</x4>
<y4>539</y4>
</bndbox>
</object>
</annotation>