<?xml version="1.0" ?>
<annotation>
<folder>JPEGImages</folder>
<filename>img_13.xml</filename>
<path>xxxx</path>
<source>
<database>Unknown</database>
<annotation>xxx</annotation>
<image>xxx</image>
<flickrid>0</flickrid>
</source>
<size>
<width>1280</width>
<height>720</height>
<depth>3</depth>
</size>
<segmented>0</segmented>
<object>
<name>text</name>
<bndbox>
<x1>1205</x1>
<y1>161</y1>
<x2>1275</x2>
<y2>148</y2>
<x3>1279</x3>
<y3>175</y3>
<x4>1209</x4>
<y4>189</y4>
</bndbox>
</object>
<object>
<name>text</name>
<bndbox>
<x1>1138</x1>
<y1>371</y1>
<x2>1194</x2>
<y2>373</y2>
<x3>1196</x3>
<y3>396</y3>
<x4>1141</x4>
<y4>395</y4>
</bndbox>
</object>
<object>
<name>text</name>
<bndbox>
<x1>1200</x1>
<y1>370</y1>
<x2>1276</x2>
<y2>375</y2>
<x3>1277</x3>
<y3>401</y3>
<x4>1201</x4>
<y4>397</y4>
</bndbox>
</object>
<object>
<name>text</name>
<bndbox>
<x1>1211</x1>
<y1>417</y1>
<x2>1276</x2>
<y2>422</y2>
<x3>1278</x3>
<y3>437</y3>
<x4>1213</x4>
<y4>431</y4>
</bndbox>
</object>
<object>
<name>text</name>
<bndbox>
<x1>1148</x1>
<y1>409</y1>
<x2>1207</x2>
<y2>415</y2>
<x3>1207</x3>
<y3>431</y3>
<x4>1148</x4>
<y4>425</y4>
</bndbox>
</object>
<object>
<name>text</name>
<bndbox>
<x1>1156</x1>
<y1>443</y1>
<x2>1237</x2>
<y2>453</y2>
<x3>1237</x3>
<y3>469</y3>
<x4>1156</x4>
<y4>460</y4>
</bndbox>
</object>
<object>
<name>text</name>
<bndbox>
<x1>1245</x1>
<y1>452</y1>
<x2>1279</x2>
<y2>458</y2>
<x3>1279</x3>
<y3>473</y3>
<x4>1245</x4>
<y4>468</y4>
</bndbox>
</object>
<object>
<name>text</name>
<bndbox>
<x1>1142</x1>
<y1>329</y1>
<x2>1278</x2>
<y2>327</y2>
<x3>1279</x3>
<y3>338</y3>
<x4>1143</x4>
<y4>340</y4>
</bndbox>
</object>
</annotation>