<?xml version="1.0" ?>
<annotation>
<folder>JPEGImages</folder>
<filename>img_515.xml</filename>
<path>xxxx</path>
<source>
<database>Unknown</database>
<annotation>xxx</annotation>
<image>xxx</image>
<flickrid>0</flickrid>
</source>
<size>
<width>1280</width>
<height>720</height>
<depth>3</depth>
</size>
<segmented>0</segmented>
<object>
<name>text</name>
<bndbox>
<x1>305</x1>
<y1>96</y1>
<x2>472</x2>
<y2>65</y2>
<x3>481</x3>
<y3>139</y3>
<x4>313</x4>
<y4>170</y4>
</bndbox>
</object>
<object>
<name>text</name>
<bndbox>
<x1>37</x1>
<y1>163</y1>
<x2>68</x2>
<y2>163</y2>
<x3>70</x3>
<y3>180</y3>
<x4>38</x4>
<y4>180</y4>
</bndbox>
</object>
<object>
<name>text</name>
<bndbox>
<x1>187</x1>
<y1>124</y1>
<x2>211</x2>
<y2>121</y2>
<x3>215</x3>
<y3>166</y3>
<x4>192</x4>
<y4>170</y4>
</bndbox>
</object>
<object>
<name>text</name>
<bndbox>
<x1>517</x1>
<y1>38</y1>
<x2>710</x2>
<y2>1</y2>
<x3>718</x3>
<y3>76</y3>
<x4>530</x4>
<y4>126</y4>
</bndbox>
</object>
<object>
<name>text</name>
<bndbox>
<x1>0</x1>
<y1>169</y1>
<x2>24</x2>
<y2>167</y2>
<x3>24</x3>
<y3>200</y3>
<x4>0</x4>
<y4>201</y4>
</bndbox>
</object>
<object>
<name>text</name>
<bndbox>
<x1>903</x1>
<y1>238</y1>
<x2>994</x2>
<y2>232</y2>
<x3>995</x3>
<y3>266</y3>
<x4>904</x4>
<y4>272</y4>
</bndbox>
</object>
<object>
<name>text</name>
<bndbox>
<x1>905</x1>
<y1>271</y1>
<x2>998</x2>
<y2>270</y2>
<x3>995</x3>
<y3>313</y3>
<x4>902</x4>
<y4>314</y4>
</bndbox>
</object>
</annotation>