<?xml version="1.0" ?>
<annotation>
<folder>JPEGImages</folder>
<filename>img_314.xml</filename>
<path>xxxx</path>
<source>
<database>Unknown</database>
<annotation>xxx</annotation>
<image>xxx</image>
<flickrid>0</flickrid>
</source>
<size>
<width>1280</width>
<height>720</height>
<depth>3</depth>
</size>
<segmented>0</segmented>
<object>
<name>text</name>
<bndbox>
<x1>11</x1>
<y1>99</y1>
<x2>129</x2>
<y2>103</y2>
<x3>126</x3>
<y3>139</y3>
<x4>8</x4>
<y4>135</y4>
</bndbox>
</object>
<object>
<name>text</name>
<bndbox>
<x1>1201</x1>
<y1>56</y1>
<x2>1258</x2>
<y2>46</y2>
<x3>1259</x3>
<y3>62</y3>
<x4>1202</x4>
<y4>71</y4>
</bndbox>
</object>
<object>
<name>text</name>
<bndbox>
<x1>1128</x1>
<y1>157</y1>
<x2>1168</x2>
<y2>161</y2>
<x3>1168</x3>
<y3>180</y3>
<x4>1126</x4>
<y4>178</y4>
</bndbox>
</object>
</annotation>