<?xml version="1.0" ?>
<annotation>
<folder>JPEGImages</folder>
<filename>img_217.xml</filename>
<path>xxxx</path>
<source>
<database>Unknown</database>
<annotation>xxx</annotation>
<image>xxx</image>
<flickrid>0</flickrid>
</source>
<size>
<width>1280</width>
<height>720</height>
<depth>3</depth>
</size>
<segmented>0</segmented>
<object>
<name>text</name>
<bndbox>
<x1>800</x1>
<y1>217</y1>
<x2>856</x2>
<y2>219</y2>
<x3>855</x3>
<y3>241</y3>
<x4>799</x4>
<y4>239</y4>
</bndbox>
</object>
<object>
<name>text</name>
<bndbox>
<x1>806</x1>
<y1>241</y1>
<x2>846</x2>
<y2>242</y2>
<x3>846</x3>
<y3>264</y3>
<x4>807</x4>
<y4>263</y4>
</bndbox>
</object>
<object>
<name>text</name>
<bndbox>
<x1>797</x1>
<y1>267</y1>
<x2>821</x2>
<y2>267</y2>
<x3>821</x3>
<y3>279</y3>
<x4>797</x4>
<y4>279</y4>
</bndbox>
</object>
<object>
<name>text</name>
<bndbox>
<x1>820</x1>
<y1>265</y1>
<x2>856</x2>
<y2>266</y2>
<x3>856</x3>
<y3>280</y3>
<x4>821</x4>
<y4>278</y4>
</bndbox>
</object>
</annotation>