<?xml version="1.0" ?>
<annotation>
<folder>JPEGImages</folder>
<filename>img_406.xml</filename>
<path>xxxx</path>
<source>
<database>Unknown</database>
<annotation>xxx</annotation>
<image>xxx</image>
<flickrid>0</flickrid>
</source>
<size>
<width>1280</width>
<height>720</height>
<depth>3</depth>
</size>
<segmented>0</segmented>
<object>
<name>text</name>
<bndbox>
<x1>514</x1>
<y1>106</y1>
<x2>590</x2>
<y2>30</y2>
<x3>601</x3>
<y3>74</y3>
<x4>526</x4>
<y4>139</y4>
</bndbox>
</object>
<object>
<name>text</name>
<bndbox>
<x1>587</x1>
<y1>339</y1>
<x2>623</x2>
<y2>333</y2>
<x3>624</x3>
<y3>354</y3>
<x4>589</x4>
<y4>359</y4>
</bndbox>
</object>
<object>
<name>text</name>
<bndbox>
<x1>588</x1>
<y1>362</y1>
<x2>623</x2>
<y2>358</y2>
<x3>625</x3>
<y3>399</y3>
<x4>590</x4>
<y4>403</y4>
</bndbox>
</object>
<object>
<name>text</name>
<bndbox>
<x1>988</x1>
<y1>149</y1>
<x2>1027</x2>
<y2>140</y2>
<x3>1032</x3>
<y3>163</y3>
<x4>992</x4>
<y4>171</y4>
</bndbox>
</object>
<object>
<name>text</name>
<bndbox>
<x1>1008</x1>
<y1>164</y1>
<x2>1055</x2>
<y2>152</y2>
<x3>1061</x3>
<y3>174</y3>
<x4>1014</x4>
<y4>185</y4>
</bndbox>
</object>
<object>
<name>text</name>
<bndbox>
<x1>986</x1>
<y1>193</y1>
<x2>1078</x2>
<y2>174</y2>
<x3>1083</x3>
<y3>199</y3>
<x4>991</x4>
<y4>218</y4>
</bndbox>
</object>
</annotation>