<?xml version="1.0" ?>
<annotation>
<folder>JPEGImages</folder>
<filename>img_409.xml</filename>
<path>xxxx</path>
<source>
<database>Unknown</database>
<annotation>xxx</annotation>
<image>xxx</image>
<flickrid>0</flickrid>
</source>
<size>
<width>1280</width>
<height>720</height>
<depth>3</depth>
</size>
<segmented>0</segmented>
<object>
<name>text</name>
<bndbox>
<x1>626</x1>
<y1>98</y1>
<x2>793</x2>
<y2>65</y2>
<x3>800</x3>
<y3>102</y3>
<x4>634</x4>
<y4>136</y4>
</bndbox>
</object>
<object>
<name>text</name>
<bndbox>
<x1>798</x1>
<y1>63</y1>
<x2>917</x2>
<y2>36</y2>
<x3>924</x3>
<y3>72</y3>
<x4>805</x4>
<y4>99</y4>
</bndbox>
</object>
<object>
<name>text</name>
<bndbox>
<x1>189</x1>
<y1>244</y1>
<x2>342</x2>
<y2>211</y2>
<x3>347</x3>
<y3>246</y3>
<x4>195</x4>
<y4>280</y4>
</bndbox>
</object>
<object>
<name>text</name>
<bndbox>
<x1>377</x1>
<y1>214</y1>
<x2>431</x2>
<y2>206</y2>
<x3>433</x3>
<y3>231</y3>
<x4>379</x4>
<y4>239</y4>
</bndbox>
</object>
<object>
<name>text</name>
<bndbox>
<x1>506</x1>
<y1>1</y1>
<x2>545</x2>
<y2>1</y2>
<x3>552</x3>
<y3>39</y3>
<x4>513</x4>
<y4>39</y4>
</bndbox>
</object>
<object>
<name>text</name>
<bndbox>
<x1>541</x1>
<y1>1</y1>
<x2>579</x2>
<y2>0</y2>
<x3>595</x3>
<y3>63</y3>
<x4>555</x4>
<y4>69</y4>
</bndbox>
</object>
<object>
<name>text</name>
<bndbox>
<x1>788</x1>
<y1>184</y1>
<x2>862</x2>
<y2>168</y2>
<x3>863</x3>
<y3>185</y3>
<x4>789</x4>
<y4>201</y4>
</bndbox>
</object>
<object>
<name>text</name>
<bndbox>
<x1>338</x1>
<y1>204</y1>
<x2>380</x2>
<y2>201</y2>
<x3>391</x3>
<y3>253</y3>
<x4>349</x4>
<y4>256</y4>
</bndbox>
</object>
<object>
<name>text</name>
<bndbox>
<x1>1036</x1>
<y1>665</y1>
<x2>1152</x2>
<y2>690</y2>
<x3>1118</x3>
<y3>718</y3>
<x4>1033</x4>
<y4>698</y4>
</bndbox>
</object>
<object>
<name>text</name>
<bndbox>
<x1>814</x1>
<y1>193</y1>
<x2>866</x2>
<y2>183</y2>
<x3>867</x3>
<y3>201</y3>
<x4>815</x4>
<y4>210</y4>
</bndbox>
</object>
<object>
<name>text</name>
<bndbox>
<x1>1031</x1>
<y1>17</y1>
<x2>1132</x2>
<y2>1</y2>
<x3>1276</x3>
<y3>26</y3>
<x4>1045</x4>
<y4>72</y4>
</bndbox>
</object>
</annotation>