<?xml version="1.0" ?>
<annotation>
<folder>JPEGImages</folder>
<filename>img_105.xml</filename>
<path>xxxx</path>
<source>
<database>Unknown</database>
<annotation>xxx</annotation>
<image>xxx</image>
<flickrid>0</flickrid>
</source>
<size>
<width>1280</width>
<height>720</height>
<depth>3</depth>
</size>
<segmented>0</segmented>
<object>
<name>text</name>
<bndbox>
<x1>1131</x1>
<y1>147</y1>
<x2>1186</x2>
<y2>146</y2>
<x3>1187</x3>
<y3>162</y3>
<x4>1131</x4>
<y4>164</y4>
</bndbox>
</object>
<object>
<name>text</name>
<bndbox>
<x1>1189</x1>
<y1>145</y1>
<x2>1225</x2>
<y2>144</y2>
<x3>1226</x3>
<y3>162</y3>
<x4>1190</x4>
<y4>162</y4>
</bndbox>
</object>
<object>
<name>text</name>
<bndbox>
<x1>1121</x1>
<y1>170</y1>
<x2>1152</x2>
<y2>169</y2>
<x3>1152</x3>
<y3>186</y3>
<x4>1121</x4>
<y4>187</y4>
</bndbox>
</object>
<object>
<name>text</name>
<bndbox>
<x1>1156</x1>
<y1>169</y1>
<x2>1240</x2>
<y2>168</y2>
<x3>1240</x3>
<y3>187</y3>
<x4>1156</x4>
<y4>188</y4>
</bndbox>
</object>
</annotation>