<?xml version="1.0" ?>
<annotation>
<folder>JPEGImages</folder>
<filename>img_174.xml</filename>
<path>xxxx</path>
<source>
<database>Unknown</database>
<annotation>xxx</annotation>
<image>xxx</image>
<flickrid>0</flickrid>
</source>
<size>
<width>1280</width>
<height>720</height>
<depth>3</depth>
</size>
<segmented>0</segmented>
<object>
<name>text</name>
<bndbox>
<x1>997</x1>
<y1>117</y1>
<x2>1033</x2>
<y2>116</y2>
<x3>1037</x3>
<y3>140</y3>
<x4>1001</x4>
<y4>141</y4>
</bndbox>
</object>
<object>
<name>text</name>
<bndbox>
<x1>1040</x1>
<y1>116</y1>
<x2>1068</x2>
<y2>116</y2>
<x3>1070</x3>
<y3>140</y3>
<x4>1041</x4>
<y4>140</y4>
</bndbox>
</object>
<object>
<name>text</name>
<bndbox>
<x1>1075</x1>
<y1>118</y1>
<x2>1091</x2>
<y2>118</y2>
<x3>1093</x3>
<y3>140</y3>
<x4>1076</x4>
<y4>140</y4>
</bndbox>
</object>
<object>
<name>text</name>
<bndbox>
<x1>998</x1>
<y1>146</y1>
<x2>1045</x2>
<y2>146</y2>
<x3>1046</x3>
<y3>167</y3>
<x4>999</x4>
<y4>168</y4>
</bndbox>
</object>
<object>
<name>text</name>
<bndbox>
<x1>1047</x1>
<y1>144</y1>
<x2>1099</x2>
<y2>143</y2>
<x3>1101</x3>
<y3>165</y3>
<x4>1050</x4>
<y4>166</y4>
</bndbox>
</object>
</annotation>