<?xml version="1.0" ?>
<annotation>
<folder>JPEGImages</folder>
<filename>img_404.xml</filename>
<path>xxxx</path>
<source>
<database>Unknown</database>
<annotation>xxx</annotation>
<image>xxx</image>
<flickrid>0</flickrid>
</source>
<size>
<width>1280</width>
<height>720</height>
<depth>3</depth>
</size>
<segmented>0</segmented>
<object>
<name>text</name>
<bndbox>
<x1>0</x1>
<y1>8</y1>
<x2>30</x2>
<y2>8</y2>
<x3>31</x3>
<y3>50</y3>
<x4>1</x4>
<y4>50</y4>
</bndbox>
</object>
<object>
<name>text</name>
<bndbox>
<x1>67</x1>
<y1>18</y1>
<x2>214</x2>
<y2>29</y2>
<x3>215</x3>
<y3>64</y3>
<x4>68</x4>
<y4>53</y4>
</bndbox>
</object>
<object>
<name>text</name>
<bndbox>
<x1>589</x1>
<y1>75</y1>
<x2>758</x2>
<y2>86</y2>
<x3>761</x3>
<y3>123</y3>
<x4>591</x4>
<y4>112</y4>
</bndbox>
</object>
<object>
<name>text</name>
<bndbox>
<x1>940</x1>
<y1>112</y1>
<x2>1018</x2>
<y2>117</y2>
<x3>1019</x3>
<y3>139</y3>
<x4>941</x4>
<y4>135</y4>
</bndbox>
</object>
<object>
<name>text</name>
<bndbox>
<x1>266</x1>
<y1>141</y1>
<x2>341</x2>
<y2>143</y2>
<x3>341</x3>
<y3>161</y3>
<x4>266</x4>
<y4>160</y4>
</bndbox>
</object>
</annotation>