<?xml version="1.0" ?>
<annotation>
<folder>JPEGImages</folder>
<filename>img_246.xml</filename>
<path>xxxx</path>
<source>
<database>Unknown</database>
<annotation>xxx</annotation>
<image>xxx</image>
<flickrid>0</flickrid>
</source>
<size>
<width>1280</width>
<height>720</height>
<depth>3</depth>
</size>
<segmented>0</segmented>
<object>
<name>text</name>
<bndbox>
<x1>649</x1>
<y1>216</y1>
<x2>728</x2>
<y2>215</y2>
<x3>729</x3>
<y3>229</y3>
<x4>649</x4>
<y4>230</y4>
</bndbox>
</object>
<object>
<name>text</name>
<bndbox>
<x1>437</x1>
<y1>272</y1>
<x2>543</x2>
<y2>271</y2>
<x3>544</x3>
<y3>351</y3>
<x4>438</x4>
<y4>351</y4>
</bndbox>
</object>
<object>
<name>text</name>
<bndbox>
<x1>446</x1>
<y1>127</y1>
<x2>481</x2>
<y2>128</y2>
<x3>480</x3>
<y3>140</y3>
<x4>446</x4>
<y4>139</y4>
</bndbox>
</object>
<object>
<name>text</name>
<bndbox>
<x1>539</x1>
<y1>125</y1>
<x2>591</x2>
<y2>124</y2>
<x3>590</x3>
<y3>139</y3>
<x4>538</x4>
<y4>140</y4>
</bndbox>
</object>
<object>
<name>text</name>
<bndbox>
<x1>445</x1>
<y1>158</y1>
<x2>479</x2>
<y2>158</y2>
<x3>479</x3>
<y3>171</y3>
<x4>445</x4>
<y4>171</y4>
</bndbox>
</object>
<object>
<name>text</name>
<bndbox>
<x1>446</x1>
<y1>96</y1>
<x2>529</x2>
<y2>94</y2>
<x3>529</x3>
<y3>107</y3>
<x4>446</x4>
<y4>109</y4>
</bndbox>
</object>
<object>
<name>text</name>
<bndbox>
<x1>536</x1>
<y1>92</y1>
<x2>592</x2>
<y2>92</y2>
<x3>592</x3>
<y3>106</y3>
<x4>536</x4>
<y4>107</y4>
</bndbox>
</object>
<object>
<name>text</name>
<bndbox>
<x1>538</x1>
<y1>154</y1>
<x2>592</x2>
<y2>154</y2>
<x3>592</x3>
<y3>170</y3>
<x4>537</x4>
<y4>170</y4>
</bndbox>
</object>
<object>
<name>text</name>
<bndbox>
<x1>536</x1>
<y1>374</y1>
<x2>563</x2>
<y2>373</y2>
<x3>563</x3>
<y3>388</y3>
<x4>537</x4>
<y4>388</y4>
</bndbox>
</object>
<object>
<name>text</name>
<bndbox>
<x1>536</x1>
<y1>444</y1>
<x2>581</x2>
<y2>443</y2>
<x3>581</x3>
<y3>458</y3>
<x4>536</x4>
<y4>459</y4>
</bndbox>
</object>
<object>
<name>text</name>
<bndbox>
<x1>536</x1>
<y1>408</y1>
<x2>590</x2>
<y2>408</y2>
<x3>590</x3>
<y3>423</y3>
<x4>536</x4>
<y4>423</y4>
</bndbox>
</object>
<object>
<name>text</name>
<bndbox>
<x1>439</x1>
<y1>377</y1>
<x2>510</x2>
<y2>378</y2>
<x3>511</x3>
<y3>389</y3>
<x4>439</x4>
<y4>388</y4>
</bndbox>
</object>
<object>
<name>text</name>
<bndbox>
<x1>439</x1>
<y1>413</y1>
<x2>469</x2>
<y2>412</y2>
<x3>469</x3>
<y3>422</y3>
<x4>439</x4>
<y4>423</y4>
</bndbox>
</object>
<object>
<name>text</name>
<bndbox>
<x1>439</x1>
<y1>445</y1>
<x2>478</x2>
<y2>445</y2>
<x3>477</x3>
<y3>459</y3>
<x4>438</x4>
<y4>460</y4>
</bndbox>
</object>
</annotation>