<?xml version="1.0" ?>
<annotation>
<folder>JPEGImages</folder>
<filename>img_178.xml</filename>
<path>xxxx</path>
<source>
<database>Unknown</database>
<annotation>xxx</annotation>
<image>xxx</image>
<flickrid>0</flickrid>
</source>
<size>
<width>1280</width>
<height>720</height>
<depth>3</depth>
</size>
<segmented>0</segmented>
<object>
<name>text</name>
<bndbox>
<x1>163</x1>
<y1>201</y1>
<x2>293</x2>
<y2>203</y2>
<x3>291</x3>
<y3>286</y3>
<x4>161</x4>
<y4>284</y4>
</bndbox>
</object>
<object>
<name>text</name>
<bndbox>
<x1>177</x1>
<y1>300</y1>
<x2>278</x2>
<y2>300</y2>
<x3>277</x3>
<y3>322</y3>
<x4>176</x4>
<y4>322</y4>
</bndbox>
</object>
<object>
<name>text</name>
<bndbox>
<x1>212</x1>
<y1>323</y1>
<x2>247</x2>
<y2>324</y2>
<x3>244</x3>
<y3>345</y3>
<x4>208</x4>
<y4>344</y4>
</bndbox>
</object>
</annotation>