<?xml version="1.0" ?>
<annotation>
<folder>JPEGImages</folder>
<filename>img_302.xml</filename>
<path>xxxx</path>
<source>
<database>Unknown</database>
<annotation>xxx</annotation>
<image>xxx</image>
<flickrid>0</flickrid>
</source>
<size>
<width>1280</width>
<height>720</height>
<depth>3</depth>
</size>
<segmented>0</segmented>
<object>
<name>text</name>
<bndbox>
<x1>63</x1>
<y1>349</y1>
<x2>130</x2>
<y2>301</y2>
<x3>140</x3>
<y3>337</y3>
<x4>76</x4>
<y4>401</y4>
</bndbox>
</object>
<object>
<name>text</name>
<bndbox>
<x1>530</x1>
<y1>91</y1>
<x2>625</x2>
<y2>78</y2>
<x3>626</x3>
<y3>89</y3>
<x4>532</x4>
<y4>102</y4>
</bndbox>
</object>
<object>
<name>text</name>
<bndbox>
<x1>453</x1>
<y1>70</y1>
<x2>594</x2>
<y2>50</y2>
<x3>601</x3>
<y3>88</y3>
<x4>460</x4>
<y4>108</y4>
</bndbox>
</object>
<object>
<name>text</name>
<bndbox>
<x1>597</x1>
<y1>52</y1>
<x2>656</x2>
<y2>45</y2>
<x3>663</x3>
<y3>78</y3>
<x4>604</x4>
<y4>85</y4>
</bndbox>
</object>
</annotation>