<?xml version="1.0" ?>
<annotation>
<folder>JPEGImages</folder>
<filename>img_429.xml</filename>
<path>xxxx</path>
<source>
<database>Unknown</database>
<annotation>xxx</annotation>
<image>xxx</image>
<flickrid>0</flickrid>
</source>
<size>
<width>1280</width>
<height>720</height>
<depth>3</depth>
</size>
<segmented>0</segmented>
<object>
<name>text</name>
<bndbox>
<x1>585</x1>
<y1>357</y1>
<x2>690</x2>
<y2>328</y2>
<x3>695</x3>
<y3>367</y3>
<x4>589</x4>
<y4>396</y4>
</bndbox>
</object>
<object>
<name>text</name>
<bndbox>
<x1>791</x1>
<y1>96</y1>
<x2>862</x2>
<y2>97</y2>
<x3>860</x3>
<y3>121</y3>
<x4>789</x4>
<y4>120</y4>
</bndbox>
</object>
<object>
<name>text</name>
<bndbox>
<x1>798</x1>
<y1>126</y1>
<x2>866</x2>
<y2>126</y2>
<x3>861</x3>
<y3>142</y3>
<x4>793</x4>
<y4>142</y4>
</bndbox>
</object>
<object>
<name>text</name>
<bndbox>
<x1>779</x1>
<y1>146</y1>
<x2>831</x2>
<y2>146</y2>
<x3>828</x3>
<y3>176</y3>
<x4>776</x4>
<y4>176</y4>
</bndbox>
</object>
<object>
<name>text</name>
<bndbox>
<x1>830</x1>
<y1>148</y1>
<x2>872</x2>
<y2>146</y2>
<x3>870</x3>
<y3>174</y3>
<x4>828</x4>
<y4>176</y4>
</bndbox>
</object>
<object>
<name>text</name>
<bndbox>
<x1>777</x1>
<y1>191</y1>
<x2>871</x2>
<y2>191</y2>
<x3>869</x3>
<y3>216</y3>
<x4>775</x4>
<y4>216</y4>
</bndbox>
</object>
<object>
<name>text</name>
<bndbox>
<x1>917</x1>
<y1>331</y1>
<x2>1000</x2>
<y2>308</y2>
<x3>1005</x3>
<y3>342</y3>
<x4>921</x4>
<y4>364</y4>
</bndbox>
</object>
<object>
<name>text</name>
<bndbox>
<x1>736</x1>
<y1>650</y1>
<x2>843</x2>
<y2>605</y2>
<x3>852</x3>
<y3>638</y3>
<x4>745</x4>
<y4>683</y4>
</bndbox>
</object>
<object>
<name>text</name>
<bndbox>
<x1>831</x1>
<y1>368</y1>
<x2>877</x2>
<y2>350</y2>
<x3>882</x3>
<y3>364</y3>
<x4>837</x4>
<y4>383</y4>
</bndbox>
</object>
<object>
<name>text</name>
<bndbox>
<x1>707</x1>
<y1>482</y1>
<x2>755</x2>
<y2>466</y2>
<x3>761</x3>
<y3>484</y3>
<x4>713</x4>
<y4>500</y4>
</bndbox>
</object>
<object>
<name>text</name>
<bndbox>
<x1>773</x1>
<y1>468</y1>
<x2>828</x2>
<y2>452</y2>
<x3>833</x3>
<y3>471</y3>
<x4>779</x4>
<y4>487</y4>
</bndbox>
</object>
<object>
<name>text</name>
<bndbox>
<x1>843</x1>
<y1>452</y1>
<x2>889</x2>
<y2>440</y2>
<x3>893</x3>
<y3>460</y3>
<x4>848</x4>
<y4>472</y4>
</bndbox>
</object>
<object>
<name>text</name>
<bndbox>
<x1>707</x1>
<y1>568</y1>
<x2>752</x2>
<y2>552</y2>
<x3>756</x3>
<y3>572</y3>
<x4>710</x4>
<y4>588</y4>
</bndbox>
</object>
<object>
<name>text</name>
<bndbox>
<x1>769</x1>
<y1>536</y1>
<x2>825</x2>
<y2>531</y2>
<x3>827</x3>
<y3>548</y3>
<x4>771</x4>
<y4>554</y4>
</bndbox>
</object>
<object>
<name>text</name>
<bndbox>
<x1>829</x1>
<y1>541</y1>
<x2>870</x2>
<y2>516</y2>
<x3>878</x3>
<y3>531</y3>
<x4>837</x4>
<y4>555</y4>
</bndbox>
</object>
<object>
<name>text</name>
<bndbox>
<x1>716</x1>
<y1>343</y1>
<x2>726</x2>
<y2>343</y2>
<x3>725</x3>
<y3>355</y3>
<x4>715</x4>
<y4>355</y4>
</bndbox>
</object>
<object>
<name>text</name>
<bndbox>
<x1>942</x1>
<y1>51</y1>
<x2>1031</x2>
<y2>56</y2>
<x3>1030</x3>
<y3>72</y3>
<x4>941</x4>
<y4>66</y4>
</bndbox>
</object>
<object>
<name>text</name>
<bndbox>
<x1>1118</x1>
<y1>62</y1>
<x2>1191</x2>
<y2>68</y2>
<x3>1189</x3>
<y3>82</y3>
<x4>1116</x4>
<y4>75</y4>
</bndbox>
</object>
<object>
<name>text</name>
<bndbox>
<x1>511</x1>
<y1>58</y1>
<x2>523</x2>
<y2>57</y2>
<x3>523</x3>
<y3>70</y3>
<x4>511</x4>
<y4>71</y4>
</bndbox>
</object>
<object>
<name>text</name>
<bndbox>
<x1>582</x1>
<y1>31</y1>
<x2>593</x2>
<y2>32</y2>
<x3>592</x3>
<y3>50</y3>
<x4>581</x4>
<y4>48</y4>
</bndbox>
</object>
<object>
<name>text</name>
<bndbox>
<x1>451</x1>
<y1>141</y1>
<x2>461</x2>
<y2>141</y2>
<x3>460</x3>
<y3>153</y3>
<x4>450</x4>
<y4>153</y4>
</bndbox>
</object>
</annotation>