<?xml version="1.0" ?>
<annotation>
<folder>JPEGImages</folder>
<filename>img_135.xml</filename>
<path>xxxx</path>
<source>
<database>Unknown</database>
<annotation>xxx</annotation>
<image>xxx</image>
<flickrid>0</flickrid>
</source>
<size>
<width>1280</width>
<height>720</height>
<depth>3</depth>
</size>
<segmented>0</segmented>
<object>
<name>text</name>
<bndbox>
<x1>757</x1>
<y1>120</y1>
<x2>907</x2>
<y2>32</y2>
<x3>908</x3>
<y3>94</y3>
<x4>758</x4>
<y4>166</y4>
</bndbox>
</object>
</annotation>