<?xml version="1.0" ?>
<annotation>
<folder>JPEGImages</folder>
<filename>img_501.xml</filename>
<path>xxxx</path>
<source>
<database>Unknown</database>
<annotation>xxx</annotation>
<image>xxx</image>
<flickrid>0</flickrid>
</source>
<size>
<width>1280</width>
<height>720</height>
<depth>3</depth>
</size>
<segmented>0</segmented>
<object>
<name>text</name>
<bndbox>
<x1>970</x1>
<y1>143</y1>
<x2>1048</x2>
<y2>159</y2>
<x3>1048</x3>
<y3>215</y3>
<x4>970</x4>
<y4>199</y4>
</bndbox>
</object>
<object>
<name>text</name>
<bndbox>
<x1>1238</x1>
<y1>32</y1>
<x2>1278</x2>
<y2>30</y2>
<x3>1278</x3>
<y3>53</y3>
<x4>1238</x4>
<y4>55</y4>
</bndbox>
</object>
</annotation>