<?xml version="1.0" ?>
<annotation>
<folder>JPEGImages</folder>
<filename>img_52.xml</filename>
<path>xxxx</path>
<source>
<database>Unknown</database>
<annotation>xxx</annotation>
<image>xxx</image>
<flickrid>0</flickrid>
</source>
<size>
<width>1280</width>
<height>720</height>
<depth>3</depth>
</size>
<segmented>0</segmented>
<object>
<name>text</name>
<bndbox>
<x1>645</x1>
<y1>312</y1>
<x2>755</x2>
<y2>338</y2>
<x3>752</x3>
<y3>355</y3>
<x4>642</x4>
<y4>329</y4>
</bndbox>
</object>
<object>
<name>text</name>
<bndbox>
<x1>916</x1>
<y1>339</y1>
<x2>946</x2>
<y2>346</y2>
<x3>942</x3>
<y3>362</y3>
<x4>911</x4>
<y4>355</y4>
</bndbox>
</object>
<object>
<name>text</name>
<bndbox>
<x1>628</x1>
<y1>676</y1>
<x2>660</x2>
<y2>693</y2>
<x3>649</x3>
<y3>706</y3>
<x4>617</x4>
<y4>689</y4>
</bndbox>
</object>
<object>
<name>text</name>
<bndbox>
<x1>1</x1>
<y1>415</y1>
<x2>109</x2>
<y2>390</y2>
<x3>109</x3>
<y3>408</y3>
<x4>1</x4>
<y4>433</y4>
</bndbox>
</object>
<object>
<name>text</name>
<bndbox>
<x1>493</x1>
<y1>291</y1>
<x2>524</x2>
<y2>286</y2>
<x3>523</x3>
<y3>302</y3>
<x4>492</x4>
<y4>307</y4>
</bndbox>
</object>
<object>
<name>text</name>
<bndbox>
<x1>523</x1>
<y1>285</y1>
<x2>560</x2>
<y2>278</y2>
<x3>560</x3>
<y3>297</y3>
<x4>523</x4>
<y4>304</y4>
</bndbox>
</object>
<object>
<name>text</name>
<bndbox>
<x1>622</x1>
<y1>335</y1>
<x2>644</x2>
<y2>340</y2>
<x3>643</x3>
<y3>347</y3>
<x4>621</x4>
<y4>342</y4>
</bndbox>
</object>
<object>
<name>text</name>
<bndbox>
<x1>624</x1>
<y1>344</y1>
<x2>641</x2>
<y2>348</y2>
<x3>640</x3>
<y3>354</y3>
<x4>624</x4>
<y4>350</y4>
</bndbox>
</object>
<object>
<name>text</name>
<bndbox>
<x1>649</x1>
<y1>347</y1>
<x2>697</x2>
<y2>359</y2>
<x3>696</x3>
<y3>367</y3>
<x4>648</x4>
<y4>355</y4>
</bndbox>
</object>
<object>
<name>text</name>
<bndbox>
<x1>742</x1>
<y1>370</y1>
<x2>770</x2>
<y2>376</y2>
<x3>769</x3>
<y3>385</y3>
<x4>742</x4>
<y4>379</y4>
</bndbox>
</object>
</annotation>