<?xml version="1.0" ?>
<annotation>
<folder>JPEGImages</folder>
<filename>img_12.xml</filename>
<path>xxxx</path>
<source>
<database>Unknown</database>
<annotation>xxx</annotation>
<image>xxx</image>
<flickrid>0</flickrid>
</source>
<size>
<width>1280</width>
<height>720</height>
<depth>3</depth>
</size>
<segmented>0</segmented>
<object>
<name>text</name>
<bndbox>
<x1>416</x1>
<y1>243</y1>
<x2>476</x2>
<y2>245</y2>
<x3>477</x3>
<y3>254</y3>
<x4>420</x4>
<y4>263</y4>
</bndbox>
</object>
<object>
<name>text</name>
<bndbox>
<x1>420</x1>
<y1>253</y1>
<x2>553</x2>
<y2>248</y2>
<x3>556</x3>
<y3>265</y3>
<x4>425</x4>
<y4>276</y4>
</bndbox>
</object>
<object>
<name>text</name>
<bndbox>
<x1>516</x1>
<y1>139</y1>
<x2>591</x2>
<y2>142</y2>
<x3>595</x3>
<y3>162</y3>
<x4>520</x4>
<y4>159</y4>
</bndbox>
</object>
<object>
<name>text</name>
<bndbox>
<x1>593</x1>
<y1>145</y1>
<x2>641</x2>
<y2>146</y2>
<x3>646</x3>
<y3>163</y3>
<x4>598</x4>
<y4>162</y4>
</bndbox>
</object>
<object>
<name>text</name>
<bndbox>
<x1>644</x1>
<y1>148</y1>
<x2>670</x2>
<y2>149</y2>
<x3>673</x3>
<y3>165</y3>
<x4>647</x4>
<y4>164</y4>
</bndbox>
</object>
<object>
<name>text</name>
<bndbox>
<x1>479</x1>
<y1>136</y1>
<x2>514</x2>
<y2>136</y2>
<x3>517</x3>
<y3>158</y3>
<x4>482</x4>
<y4>158</y4>
</bndbox>
</object>
<object>
<name>text</name>
<bndbox>
<x1>672</x1>
<y1>150</y1>
<x2>699</x2>
<y2>151</y2>
<x3>701</x3>
<y3>166</y3>
<x4>675</x4>
<y4>165</y4>
</bndbox>
</object>
<object>
<name>text</name>
<bndbox>
<x1>406</x1>
<y1>179</y1>
<x2>478</x2>
<y2>176</y2>
<x3>483</x3>
<y3>208</y3>
<x4>411</x4>
<y4>211</y4>
</bndbox>
</object>
<object>
<name>text</name>
<bndbox>
<x1>699</x1>
<y1>152</y1>
<x2>711</x2>
<y2>152</y2>
<x3>714</x3>
<y3>167</y3>
<x4>702</x4>
<y4>167</y4>
</bndbox>
</object>
<object>
<name>text</name>
<bndbox>
<x1>646</x1>
<y1>181</y1>
<x2>678</x2>
<y2>179</y2>
<x3>683</x3>
<y3>202</y3>
<x4>651</x4>
<y4>203</y4>
</bndbox>
</object>
<object>
<name>text</name>
<bndbox>
<x1>711</x1>
<y1>152</y1>
<x2>736</x2>
<y2>153</y2>
<x3>739</x3>
<y3>170</y3>
<x4>715</x4>
<y4>169</y4>
</bndbox>
</object>
<object>
<name>text</name>
<bndbox>
<x1>772</x1>
<y1>180</y1>
<x2>804</x2>
<y2>179</y2>
<x3>810</x3>
<y3>198</y3>
<x4>777</x4>
<y4>200</y4>
</bndbox>
</object>
<object>
<name>text</name>
<bndbox>
<x1>414</x1>
<y1>215</y1>
<x2>488</x2>
<y2>208</y2>
<x3>488</x3>
<y3>224</y3>
<x4>415</x4>
<y4>228</y4>
</bndbox>
</object>
<object>
<name>text</name>
<bndbox>
<x1>413</x1>
<y1>228</y1>
<x2>527</x2>
<y2>224</y2>
<x3>530</x3>
<y3>240</y3>
<x4>417</x4>
<y4>244</y4>
</bndbox>
</object>
<object>
<name>text</name>
<bndbox>
<x1>423</x1>
<y1>274</y1>
<x2>504</x2>
<y2>267</y2>
<x3>504</x3>
<y3>286</y3>
<x4>425</x4>
<y4>295</y4>
</bndbox>
</object>
<object>
<name>text</name>
<bndbox>
<x1>442</x1>
<y1>291</y1>
<x2>511</x2>
<y2>282</y2>
<x3>513</x3>
<y3>297</y3>
<x4>446</x4>
<y4>312</y4>
</bndbox>
</object>
<object>
<name>text</name>
<bndbox>
<x1>461</x1>
<y1>307</y1>
<x2>505</x2>
<y2>296</y2>
<x3>507</x3>
<y3>311</y3>
<x4>465</x4>
<y4>316</y4>
</bndbox>
</object>
<object>
<name>text</name>
<bndbox>
<x1>482</x1>
<y1>312</y1>
<x2>524</x2>
<y2>310</y2>
<x3>525</x3>
<y3>328</y3>
<x4>493</x4>
<y4>331</y4>
</bndbox>
</object>
<object>
<name>text</name>
<bndbox>
<x1>647</x1>
<y1>204</y1>
<x2>714</x2>
<y2>193</y2>
<x3>752</x3>
<y3>364</y3>
<x4>683</x4>
<y4>391</y4>
</bndbox>
</object>
<object>
<name>text</name>
<bndbox>
<x1>773</x1>
<y1>206</y1>
<x2>822</x2>
<y2>202</y2>
<x3>834</x3>
<y3>282</y3>
<x4>805</x4>
<y4>325</y4>
</bndbox>
</object>
<object>
<name>text</name>
<bndbox>
<x1>828</x1>
<y1>175</y1>
<x2>870</x2>
<y2>173</y2>
<x3>868</x3>
<y3>206</y3>
<x4>840</x4>
<y4>212</y4>
</bndbox>
</object>
<object>
<name>text</name>
<bndbox>
<x1>968</x1>
<y1>145</y1>
<x2>1035</x2>
<y2>155</y2>
<x3>1042</x3>
<y3>207</y3>
<x4>986</x4>
<y4>211</y4>
</bndbox>
</object>
<object>
<name>text</name>
<bndbox>
<x1>858</x1>
<y1>223</y1>
<x2>925</x2>
<y2>198</y2>
<x3>936</x3>
<y3>218</y3>
<x4>865</x4>
<y4>238</y4>
</bndbox>
</object>
<object>
<name>text</name>
<bndbox>
<x1>862</x1>
<y1>306</y1>
<x2>904</x2>
<y2>295</y2>
<x3>905</x3>
<y3>318</y3>
<x4>867</x4>
<y4>324</y4>
</bndbox>
</object>
<object>
<name>text</name>
<bndbox>
<x1>860</x1>
<y1>402</y1>
<x2>903</x2>
<y2>397</y2>
<x3>902</x3>
<y3>415</y3>
<x4>867</x4>
<y4>426</y4>
</bndbox>
</object>
<object>
<name>text</name>
<bndbox>
<x1>771</x1>
<y1>385</y1>
<x2>803</x2>
<y2>381</y2>
<x3>803</x3>
<y3>403</y3>
<x4>777</x4>
<y4>405</y4>
</bndbox>
</object>
<object>
<name>text</name>
<bndbox>
<x1>952</x1>
<y1>488</y1>
<x2>990</x2>
<y2>495</y2>
<x3>992</x3>
<y3>516</y3>
<x4>956</x4>
<y4>516</y4>
</bndbox>
</object>
</annotation>