<?xml version="1.0" ?>
<annotation>
<folder>JPEGImages</folder>
<filename>img_266.xml</filename>
<path>xxxx</path>
<source>
<database>Unknown</database>
<annotation>xxx</annotation>
<image>xxx</image>
<flickrid>0</flickrid>
</source>
<size>
<width>1280</width>
<height>720</height>
<depth>3</depth>
</size>
<segmented>0</segmented>
<object>
<name>text</name>
<bndbox>
<x1>564</x1>
<y1>148</y1>
<x2>590</x2>
<y2>148</y2>
<x3>589</x3>
<y3>158</y3>
<x4>564</x4>
<y4>158</y4>
</bndbox>
</object>
<object>
<name>text</name>
<bndbox>
<x1>793</x1>
<y1>85</y1>
<x2>945</x2>
<y2>36</y2>
<x3>945</x3>
<y3>68</y3>
<x4>795</x4>
<y4>107</y4>
</bndbox>
</object>
<object>
<name>text</name>
<bndbox>
<x1>771</x1>
<y1>1</y1>
<x2>927</x2>
<y2>0</y2>
<x3>926</x3>
<y3>17</y3>
<x4>766</x4>
<y4>91</y4>
</bndbox>
</object>
<object>
<name>text</name>
<bndbox>
<x1>540</x1>
<y1>85</y1>
<x2>553</x2>
<y2>86</y2>
<x3>553</x3>
<y3>95</y3>
<x4>540</x4>
<y4>95</y4>
</bndbox>
</object>
</annotation>