<?xml version="1.0" ?>
<annotation>
<folder>JPEGImages</folder>
<filename>img_397.xml</filename>
<path>xxxx</path>
<source>
<database>Unknown</database>
<annotation>xxx</annotation>
<image>xxx</image>
<flickrid>0</flickrid>
</source>
<size>
<width>1280</width>
<height>720</height>
<depth>3</depth>
</size>
<segmented>0</segmented>
<object>
<name>text</name>
<bndbox>
<x1>1182</x1>
<y1>191</y1>
<x2>1275</x2>
<y2>193</y2>
<x3>1275</x3>
<y3>221</y3>
<x4>1182</x4>
<y4>218</y4>
</bndbox>
</object>
<object>
<name>text</name>
<bndbox>
<x1>416</x1>
<y1>231</y1>
<x2>512</x2>
<y2>233</y2>
<x3>512</x3>
<y3>256</y3>
<x4>416</x4>
<y4>253</y4>
</bndbox>
</object>
<object>
<name>text</name>
<bndbox>
<x1>452</x1>
<y1>149</y1>
<x2>470</x2>
<y2>150</y2>
<x3>470</x3>
<y3>169</y3>
<x4>452</x4>
<y4>169</y4>
</bndbox>
</object>
<object>
<name>text</name>
<bndbox>
<x1>472</x1>
<y1>148</y1>
<x2>538</x2>
<y2>145</y2>
<x3>537</x3>
<y3>165</y3>
<x4>471</x4>
<y4>168</y4>
</bndbox>
</object>
<object>
<name>text</name>
<bndbox>
<x1>402</x1>
<y1>177</y1>
<x2>438</x2>
<y2>177</y2>
<x3>437</x3>
<y3>210</y3>
<x4>402</x4>
<y4>210</y4>
</bndbox>
</object>
<object>
<name>text</name>
<bndbox>
<x1>409</x1>
<y1>152</y1>
<x2>451</x2>
<y2>151</y2>
<x3>451</x3>
<y3>168</y3>
<x4>408</x4>
<y4>170</y4>
</bndbox>
</object>
<object>
<name>text</name>
<bndbox>
<x1>437</x1>
<y1>175</y1>
<x2>501</x2>
<y2>174</y2>
<x3>501</x3>
<y3>230</y3>
<x4>437</x4>
<y4>232</y4>
</bndbox>
</object>
<object>
<name>text</name>
<bndbox>
<x1>426</x1>
<y1>116</y1>
<x2>514</x2>
<y2>110</y2>
<x3>516</x3>
<y3>143</y3>
<x4>427</x4>
<y4>150</y4>
</bndbox>
</object>
<object>
<name>text</name>
<bndbox>
<x1>410</x1>
<y1>211</y1>
<x2>436</x2>
<y2>212</y2>
<x3>436</x3>
<y3>232</y3>
<x4>409</x4>
<y4>231</y4>
</bndbox>
</object>
<object>
<name>text</name>
<bndbox>
<x1>451</x1>
<y1>258</y1>
<x2>472</x2>
<y2>258</y2>
<x3>473</x3>
<y3>281</y3>
<x4>451</x4>
<y4>280</y4>
</bndbox>
</object>
<object>
<name>text</name>
<bndbox>
<x1>1124</x1>
<y1>236</y1>
<x2>1279</x2>
<y2>237</y2>
<x3>1278</x3>
<y3>264</y3>
<x4>1123</x4>
<y4>263</y4>
</bndbox>
</object>
<object>
<name>text</name>
<bndbox>
<x1>1141</x1>
<y1>271</y1>
<x2>1278</x2>
<y2>272</y2>
<x3>1278</x3>
<y3>294</y3>
<x4>1141</x4>
<y4>293</y4>
</bndbox>
</object>
<object>
<name>text</name>
<bndbox>
<x1>1138</x1>
<y1>296</y1>
<x2>1212</x2>
<y2>297</y2>
<x3>1214</x3>
<y3>323</y3>
<x4>1141</x4>
<y4>322</y4>
</bndbox>
</object>
<object>
<name>text</name>
<bndbox>
<x1>1121</x1>
<y1>332</y1>
<x2>1277</x2>
<y2>331</y2>
<x3>1277</x3>
<y3>356</y3>
<x4>1121</x4>
<y4>357</y4>
</bndbox>
</object>
<object>
<name>text</name>
<bndbox>
<x1>1163</x1>
<y1>365</y1>
<x2>1275</x2>
<y2>362</y2>
<x3>1278</x3>
<y3>392</y3>
<x4>1166</x4>
<y4>395</y4>
</bndbox>
</object>
<object>
<name>text</name>
<bndbox>
<x1>1122</x1>
<y1>414</y1>
<x2>1274</x2>
<y2>413</y2>
<x3>1276</x3>
<y3>448</y3>
<x4>1124</x4>
<y4>450</y4>
</bndbox>
</object>
<object>
<name>text</name>
<bndbox>
<x1>1135</x1>
<y1>455</y1>
<x2>1245</x2>
<y2>452</y2>
<x3>1250</x3>
<y3>490</y3>
<x4>1140</x4>
<y4>493</y4>
</bndbox>
</object>
<object>
<name>text</name>
<bndbox>
<x1>1176</x1>
<y1>518</y1>
<x2>1252</x2>
<y2>523</y2>
<x3>1252</x3>
<y3>563</y3>
<x4>1176</x4>
<y4>558</y4>
</bndbox>
</object>
</annotation>