<?xml version="1.0" ?>
<annotation>
<folder>JPEGImages</folder>
<filename>img_490.xml</filename>
<path>xxxx</path>
<source>
<database>Unknown</database>
<annotation>xxx</annotation>
<image>xxx</image>
<flickrid>0</flickrid>
</source>
<size>
<width>1280</width>
<height>720</height>
<depth>3</depth>
</size>
<segmented>0</segmented>
<object>
<name>text</name>
<bndbox>
<x1>153</x1>
<y1>185</y1>
<x2>230</x2>
<y2>149</y2>
<x3>236</x3>
<y3>214</y3>
<x4>160</x4>
<y4>250</y4>
</bndbox>
</object>
<object>
<name>text</name>
<bndbox>
<x1>250</x1>
<y1>169</y1>
<x2>282</x2>
<y2>153</y2>
<x3>287</x3>
<y3>193</y3>
<x4>255</x4>
<y4>209</y4>
</bndbox>
</object>
<object>
<name>text</name>
<bndbox>
<x1>280</x1>
<y1>149</y1>
<x2>323</x2>
<y2>130</y2>
<x3>331</x3>
<y3>173</y3>
<x4>287</x4>
<y4>191</y4>
</bndbox>
</object>
<object>
<name>text</name>
<bndbox>
<x1>326</x1>
<y1>121</y1>
<x2>406</x2>
<y2>88</y2>
<x3>413</x3>
<y3>139</y3>
<x4>333</x4>
<y4>173</y4>
</bndbox>
</object>
<object>
<name>text</name>
<bndbox>
<x1>407</x1>
<y1>73</y1>
<x2>528</x2>
<y2>23</y2>
<x3>533</x3>
<y3>85</y3>
<x4>412</x4>
<y4>135</y4>
</bndbox>
</object>
<object>
<name>text</name>
<bndbox>
<x1>267</x1>
<y1>205</y1>
<x2>544</x2>
<y2>90</y2>
<x3>546</x3>
<y3>108</y3>
<x4>268</x4>
<y4>223</y4>
</bndbox>
</object>
<object>
<name>text</name>
<bndbox>
<x1>110</x1>
<y1>213</y1>
<x2>156</x2>
<y2>191</y2>
<x3>166</x3>
<y3>243</y3>
<x4>120</x4>
<y4>264</y4>
</bndbox>
</object>
<object>
<name>text</name>
<bndbox>
<x1>355</x1>
<y1>312</y1>
<x2>458</x2>
<y2>298</y2>
<x3>455</x3>
<y3>324</y3>
<x4>352</x4>
<y4>339</y4>
</bndbox>
</object>
<object>
<name>text</name>
<bndbox>
<x1>351</x1>
<y1>348</y1>
<x2>453</x2>
<y2>343</y2>
<x3>449</x3>
<y3>400</y3>
<x4>347</x4>
<y4>405</y4>
</bndbox>
</object>
<object>
<name>text</name>
<bndbox>
<x1>347</x1>
<y1>435</y1>
<x2>437</x2>
<y2>441</y2>
<x3>434</x3>
<y3>458</y3>
<x4>344</x4>
<y4>452</y4>
</bndbox>
</object>
</annotation>