<?xml version="1.0" ?>
<annotation>
<folder>JPEGImages</folder>
<filename>img_173.xml</filename>
<path>xxxx</path>
<source>
<database>Unknown</database>
<annotation>xxx</annotation>
<image>xxx</image>
<flickrid>0</flickrid>
</source>
<size>
<width>1280</width>
<height>720</height>
<depth>3</depth>
</size>
<segmented>0</segmented>
<object>
<name>text</name>
<bndbox>
<x1>342</x1>
<y1>200</y1>
<x2>400</x2>
<y2>186</y2>
<x3>400</x3>
<y3>202</y3>
<x4>342</x4>
<y4>215</y4>
</bndbox>
</object>
<object>
<name>text</name>
<bndbox>
<x1>232</x1>
<y1>132</y1>
<x2>263</x2>
<y2>127</y2>
<x3>265</x3>
<y3>138</y3>
<x4>235</x4>
<y4>143</y4>
</bndbox>
</object>
<object>
<name>text</name>
<bndbox>
<x1>295</x1>
<y1>119</y1>
<x2>316</x2>
<y2>116</y2>
<x3>317</x3>
<y3>127</y3>
<x4>296</x4>
<y4>130</y4>
</bndbox>
</object>
<object>
<name>text</name>
<bndbox>
<x1>315</x1>
<y1>116</y1>
<x2>345</x2>
<y2>110</y2>
<x3>346</x3>
<y3>121</y3>
<x4>317</x4>
<y4>127</y4>
</bndbox>
</object>
<object>
<name>text</name>
<bndbox>
<x1>345</x1>
<y1>111</y1>
<x2>384</x2>
<y2>103</y2>
<x3>386</x3>
<y3>113</y3>
<x4>347</x4>
<y4>120</y4>
</bndbox>
</object>
<object>
<name>text</name>
<bndbox>
<x1>265</x1>
<y1>125</y1>
<x2>296</x2>
<y2>119</y2>
<x3>296</x3>
<y3>131</y3>
<x4>266</x4>
<y4>137</y4>
</bndbox>
</object>
<object>
<name>text</name>
<bndbox>
<x1>385</x1>
<y1>103</y1>
<x2>423</x2>
<y2>96</y2>
<x3>425</x3>
<y3>105</y3>
<x4>387</x4>
<y4>113</y4>
</bndbox>
</object>
<object>
<name>text</name>
<bndbox>
<x1>468</x1>
<y1>86</y1>
<x2>511</x2>
<y2>78</y2>
<x3>512</x3>
<y3>88</y3>
<x4>470</x4>
<y4>96</y4>
</bndbox>
</object>
<object>
<name>text</name>
<bndbox>
<x1>326</x1>
<y1>185</y1>
<x2>337</x2>
<y2>183</y2>
<x3>338</x3>
<y3>192</y3>
<x4>327</x4>
<y4>194</y4>
</bndbox>
</object>
<object>
<name>text</name>
<bndbox>
<x1>337</x1>
<y1>184</y1>
<x2>346</x2>
<y2>183</y2>
<x3>346</x3>
<y3>189</y3>
<x4>338</x4>
<y4>190</y4>
</bndbox>
</object>
<object>
<name>text</name>
<bndbox>
<x1>328</x1>
<y1>196</y1>
<x2>357</x2>
<y2>190</y2>
<x3>359</x3>
<y3>197</y3>
<x4>329</x4>
<y4>203</y4>
</bndbox>
</object>
<object>
<name>text</name>
<bndbox>
<x1>356</x1>
<y1>188</y1>
<x2>395</x2>
<y2>180</y2>
<x3>396</x3>
<y3>188</y3>
<x4>358</x4>
<y4>195</y4>
</bndbox>
</object>
<object>
<name>text</name>
<bndbox>
<x1>332</x1>
<y1>204</y1>
<x2>344</x2>
<y2>202</y2>
<x3>344</x3>
<y3>208</y3>
<x4>332</x4>
<y4>211</y4>
</bndbox>
</object>
<object>
<name>text</name>
<bndbox>
<x1>339</x1>
<y1>161</y1>
<x2>387</x2>
<y2>149</y2>
<x3>395</x3>
<y3>178</y3>
<x4>347</x4>
<y4>190</y4>
</bndbox>
</object>
<object>
<name>text</name>
<bndbox>
<x1>150</x1>
<y1>150</y1>
<x2>171</x2>
<y2>146</y2>
<x3>172</x3>
<y3>154</y3>
<x4>151</x4>
<y4>157</y4>
</bndbox>
</object>
<object>
<name>text</name>
<bndbox>
<x1>151</x1>
<y1>157</y1>
<x2>185</x2>
<y2>150</y2>
<x3>185</x3>
<y3>157</y3>
<x4>152</x4>
<y4>164</y4>
</bndbox>
</object>
</annotation>