<?xml version="1.0" ?>
<annotation>
<folder>JPEGImages</folder>
<filename>img_401.xml</filename>
<path>xxxx</path>
<source>
<database>Unknown</database>
<annotation>xxx</annotation>
<image>xxx</image>
<flickrid>0</flickrid>
</source>
<size>
<width>1280</width>
<height>720</height>
<depth>3</depth>
</size>
<segmented>0</segmented>
<object>
<name>text</name>
<bndbox>
<x1>586</x1>
<y1>1</y1>
<x2>661</x2>
<y2>7</y2>
<x3>660</x3>
<y3>21</y3>
<x4>585</x4>
<y4>14</y4>
</bndbox>
</object>
<object>
<name>text</name>
<bndbox>
<x1>584</x1>
<y1>14</y1>
<x2>631</x2>
<y2>18</y2>
<x3>630</x3>
<y3>29</y3>
<x4>583</x4>
<y4>25</y4>
</bndbox>
</object>
<object>
<name>text</name>
<bndbox>
<x1>965</x1>
<y1>157</y1>
<x2>1036</x2>
<y2>127</y2>
<x3>1033</x3>
<y3>163</y3>
<x4>963</x4>
<y4>193</y4>
</bndbox>
</object>
<object>
<name>text</name>
<bndbox>
<x1>523</x1>
<y1>116</y1>
<x2>576</x2>
<y2>148</y2>
<x3>571</x3>
<y3>179</y3>
<x4>517</x4>
<y4>154</y4>
</bndbox>
</object>
<object>
<name>text</name>
<bndbox>
<x1>579</x1>
<y1>154</y1>
<x2>614</x2>
<y2>174</y2>
<x3>610</x3>
<y3>199</y3>
<x4>574</x4>
<y4>183</y4>
</bndbox>
</object>
<object>
<name>text</name>
<bndbox>
<x1>184</x1>
<y1>178</y1>
<x2>432</x2>
<y2>215</y2>
<x3>422</x3>
<y3>262</y3>
<x4>174</x4>
<y4>225</y4>
</bndbox>
</object>
<object>
<name>text</name>
<bndbox>
<x1>855</x1>
<y1>53</y1>
<x2>883</x2>
<y2>56</y2>
<x3>880</x3>
<y3>86</y3>
<x4>852</x4>
<y4>83</y4>
</bndbox>
</object>
<object>
<name>text</name>
<bndbox>
<x1>193</x1>
<y1>107</y1>
<x2>444</x2>
<y2>149</y2>
<x3>434</x3>
<y3>196</y3>
<x4>183</x4>
<y4>154</y4>
</bndbox>
</object>
<object>
<name>text</name>
<bndbox>
<x1>878</x1>
<y1>57</y1>
<x2>907</x2>
<y2>60</y2>
<x3>901</x3>
<y3>107</y3>
<x4>872</x4>
<y4>104</y4>
</bndbox>
</object>
<object>
<name>text</name>
<bndbox>
<x1>583</x1>
<y1>24</y1>
<x2>613</x2>
<y2>28</y2>
<x3>611</x3>
<y3>40</y3>
<x4>582</x4>
<y4>36</y4>
</bndbox>
</object>
<object>
<name>text</name>
<bndbox>
<x1>614</x1>
<y1>27</y1>
<x2>646</x2>
<y2>31</y2>
<x3>643</x3>
<y3>44</y3>
<x4>611</x4>
<y4>39</y4>
</bndbox>
</object>
<object>
<name>text</name>
<bndbox>
<x1>582</x1>
<y1>38</y1>
<x2>615</x2>
<y2>40</y2>
<x3>615</x3>
<y3>52</y3>
<x4>581</x4>
<y4>49</y4>
</bndbox>
</object>
<object>
<name>text</name>
<bndbox>
<x1>617</x1>
<y1>40</y1>
<x2>657</x2>
<y2>44</y2>
<x3>656</x3>
<y3>56</y3>
<x4>616</x4>
<y4>53</y4>
</bndbox>
</object>
<object>
<name>text</name>
<bndbox>
<x1>632</x1>
<y1>17</y1>
<x2>649</x2>
<y2>18</y2>
<x3>649</x3>
<y3>31</y3>
<x4>632</x4>
<y4>31</y4>
</bndbox>
</object>
<object>
<name>text</name>
<bndbox>
<x1>647</x1>
<y1>30</y1>
<x2>659</x2>
<y2>31</y2>
<x3>657</x3>
<y3>44</y3>
<x4>645</x4>
<y4>43</y4>
</bndbox>
</object>
<object>
<name>text</name>
<bndbox>
<x1>658</x1>
<y1>42</y1>
<x2>671</x2>
<y2>44</y2>
<x3>668</x3>
<y3>58</y3>
<x4>655</x4>
<y4>56</y4>
</bndbox>
</object>
<object>
<name>text</name>
<bndbox>
<x1>1183</x1>
<y1>214</y1>
<x2>1217</x2>
<y2>213</y2>
<x3>1216</x3>
<y3>254</y3>
<x4>1182</x4>
<y4>255</y4>
</bndbox>
</object>
</annotation>