<?xml version="1.0" ?>
<annotation>
<folder>JPEGImages</folder>
<filename>img_163.xml</filename>
<path>xxxx</path>
<source>
<database>Unknown</database>
<annotation>xxx</annotation>
<image>xxx</image>
<flickrid>0</flickrid>
</source>
<size>
<width>1280</width>
<height>720</height>
<depth>3</depth>
</size>
<segmented>0</segmented>
<object>
<name>text</name>
<bndbox>
<x1>910</x1>
<y1>134</y1>
<x2>928</x2>
<y2>128</y2>
<x3>929</x3>
<y3>140</y3>
<x4>911</x4>
<y4>144</y4>
</bndbox>
</object>
<object>
<name>text</name>
<bndbox>
<x1>930</x1>
<y1>128</y1>
<x2>954</x2>
<y2>121</y2>
<x3>953</x3>
<y3>132</y3>
<x4>930</x4>
<y4>139</y4>
</bndbox>
</object>
<object>
<name>text</name>
<bndbox>
<x1>986</x1>
<y1>125</y1>
<x2>1018</x2>
<y2>117</y2>
<x3>1018</x3>
<y3>135</y3>
<x4>986</x4>
<y4>140</y4>
</bndbox>
</object>
<object>
<name>text</name>
<bndbox>
<x1>974</x1>
<y1>147</y1>
<x2>997</x2>
<y2>144</y2>
<x3>997</x3>
<y3>161</y3>
<x4>974</x4>
<y4>164</y4>
</bndbox>
</object>
<object>
<name>text</name>
<bndbox>
<x1>998</x1>
<y1>141</y1>
<x2>1019</x2>
<y2>139</y2>
<x3>1020</x3>
<y3>158</y3>
<x4>999</x4>
<y4>160</y4>
</bndbox>
</object>
<object>
<name>text</name>
<bndbox>
<x1>975</x1>
<y1>127</y1>
<x2>984</x2>
<y2>125</y2>
<x3>984</x3>
<y3>140</y3>
<x4>975</x4>
<y4>142</y4>
</bndbox>
</object>
<object>
<name>text</name>
<bndbox>
<x1>951</x1>
<y1>237</y1>
<x2>988</x2>
<y2>239</y2>
<x3>989</x3>
<y3>258</y3>
<x4>952</x4>
<y4>256</y4>
</bndbox>
</object>
<object>
<name>text</name>
<bndbox>
<x1>985</x1>
<y1>102</y1>
<x2>1006</x2>
<y2>97</y2>
<x3>1006</x3>
<y3>115</y3>
<x4>984</x4>
<y4>119</y4>
</bndbox>
</object>
<object>
<name>text</name>
<bndbox>
<x1>990</x1>
<y1>236</y1>
<x2>1006</x2>
<y2>237</y2>
<x3>1007</x3>
<y3>258</y3>
<x4>990</x4>
<y4>257</y4>
</bndbox>
</object>
<object>
<name>text</name>
<bndbox>
<x1>1022</x1>
<y1>244</y1>
<x2>1078</x2>
<y2>244</y2>
<x3>1078</x3>
<y3>264</y3>
<x4>1022</x4>
<y4>264</y4>
</bndbox>
</object>
<object>
<name>text</name>
<bndbox>
<x1>1018</x1>
<y1>270</y1>
<x2>1070</x2>
<y2>274</y2>
<x3>1071</x3>
<y3>296</y3>
<x4>1020</x4>
<y4>292</y4>
</bndbox>
</object>
<object>
<name>text</name>
<bndbox>
<x1>1073</x1>
<y1>274</y1>
<x2>1090</x2>
<y2>274</y2>
<x3>1090</x3>
<y3>297</y3>
<x4>1073</x4>
<y4>297</y4>
</bndbox>
</object>
<object>
<name>text</name>
<bndbox>
<x1>912</x1>
<y1>144</y1>
<x2>954</x2>
<y2>135</y2>
<x3>953</x3>
<y3>147</y3>
<x4>911</x4>
<y4>156</y4>
</bndbox>
</object>
<object>
<name>text</name>
<bndbox>
<x1>910</x1>
<y1>242</y1>
<x2>922</x2>
<y2>242</y2>
<x3>920</x3>
<y3>254</y3>
<x4>909</x4>
<y4>256</y4>
</bndbox>
</object>
<object>
<name>text</name>
<bndbox>
<x1>920</x1>
<y1>240</y1>
<x2>939</x2>
<y2>241</y2>
<x3>940</x3>
<y3>256</y3>
<x4>921</x4>
<y4>255</y4>
</bndbox>
</object>
<object>
<name>text</name>
<bndbox>
<x1>919</x1>
<y1>260</y1>
<x2>945</x2>
<y2>261</y2>
<x3>946</x3>
<y3>276</y3>
<x4>920</x4>
<y4>275</y4>
</bndbox>
</object>
<object>
<name>text</name>
<bndbox>
<x1>906</x1>
<y1>258</y1>
<x2>920</x2>
<y2>260</y2>
<x3>920</x3>
<y3>273</y3>
<x4>906</x4>
<y4>272</y4>
</bndbox>
</object>
<object>
<name>text</name>
<bndbox>
<x1>966</x1>
<y1>262</y1>
<x2>993</x2>
<y2>265</y2>
<x3>992</x3>
<y3>284</y3>
<x4>967</x4>
<y4>283</y4>
</bndbox>
</object>
<object>
<name>text</name>
<bndbox>
<x1>781</x1>
<y1>200</y1>
<x2>822</x2>
<y2>136</y2>
<x3>826</x3>
<y3>215</y3>
<x4>781</x4>
<y4>242</y4>
</bndbox>
</object>
<object>
<name>text</name>
<bndbox>
<x1>762</x1>
<y1>289</y1>
<x2>803</x2>
<y2>274</y2>
<x3>804</x3>
<y3>330</y3>
<x4>764</x4>
<y4>323</y4>
</bndbox>
</object>
<object>
<name>text</name>
<bndbox>
<x1>770</x1>
<y1>218</y1>
<x2>779</x2>
<y2>201</y2>
<x3>781</x3>
<y3>241</y3>
<x4>771</x4>
<y4>247</y4>
</bndbox>
</object>
<object>
<name>text</name>
<bndbox>
<x1>749</x1>
<y1>337</y1>
<x2>763</x2>
<y2>346</y2>
<x3>763</x3>
<y3>381</y3>
<x4>748</x4>
<y4>374</y4>
</bndbox>
</object>
<object>
<name>text</name>
<bndbox>
<x1>764</x1>
<y1>349</y1>
<x2>780</x2>
<y2>359</y2>
<x3>778</x3>
<y3>389</y3>
<x4>762</x4>
<y4>380</y4>
</bndbox>
</object>
<object>
<name>text</name>
<bndbox>
<x1>780</x1>
<y1>357</y1>
<x2>795</x2>
<y2>364</y2>
<x3>792</x3>
<y3>395</y3>
<x4>777</x4>
<y4>387</y4>
</bndbox>
</object>
</annotation>