<?xml version="1.0" ?>
<annotation>
<folder>JPEGImages</folder>
<filename>img_528.xml</filename>
<path>xxxx</path>
<source>
<database>Unknown</database>
<annotation>xxx</annotation>
<image>xxx</image>
<flickrid>0</flickrid>
</source>
<size>
<width>1280</width>
<height>720</height>
<depth>3</depth>
</size>
<segmented>0</segmented>
<object>
<name>text</name>
<bndbox>
<x1>412</x1>
<y1>253</y1>
<x2>467</x2>
<y2>244</y2>
<x3>476</x3>
<y3>271</y3>
<x4>421</x4>
<y4>280</y4>
</bndbox>
</object>
<object>
<name>text</name>
<bndbox>
<x1>472</x1>
<y1>243</y1>
<x2>525</x2>
<y2>235</y2>
<x3>528</x3>
<y3>260</y3>
<x4>476</x4>
<y4>268</y4>
</bndbox>
</object>
<object>
<name>text</name>
<bndbox>
<x1>465</x1>
<y1>273</y1>
<x2>572</x2>
<y2>246</y2>
<x3>576</x3>
<y3>276</y3>
<x4>468</x4>
<y4>303</y4>
</bndbox>
</object>
<object>
<name>text</name>
<bndbox>
<x1>233</x1>
<y1>543</y1>
<x2>265</x2>
<y2>528</y2>
<x3>271</x3>
<y3>551</y3>
<x4>240</x4>
<y4>566</y4>
</bndbox>
</object>
<object>
<name>text</name>
<bndbox>
<x1>266</x1>
<y1>533</y1>
<x2>301</x2>
<y2>511</y2>
<x3>306</x3>
<y3>530</y3>
<x4>271</x4>
<y4>551</y4>
</bndbox>
</object>
<object>
<name>text</name>
<bndbox>
<x1>295</x1>
<y1>509</y1>
<x2>325</x2>
<y2>496</y2>
<x3>337</x3>
<y3>516</y3>
<x4>307</x4>
<y4>529</y4>
</bndbox>
</object>
<object>
<name>text</name>
<bndbox>
<x1>248</x1>
<y1>565</y1>
<x2>333</x2>
<y2>520</y2>
<x3>342</x3>
<y3>543</y3>
<x4>257</x4>
<y4>588</y4>
</bndbox>
</object>
<object>
<name>text</name>
<bndbox>
<x1>670</x1>
<y1>27</y1>
<x2>726</x2>
<y2>44</y2>
<x3>725</x3>
<y3>66</y3>
<x4>668</x4>
<y4>50</y4>
</bndbox>
</object>
<object>
<name>text</name>
<bndbox>
<x1>932</x1>
<y1>105</y1>
<x2>971</x2>
<y2>100</y2>
<x3>970</x3>
<y3>113</y3>
<x4>931</x4>
<y4>118</y4>
</bndbox>
</object>
<object>
<name>text</name>
<bndbox>
<x1>1141</x1>
<y1>111</y1>
<x2>1186</x2>
<y2>110</y2>
<x3>1186</x3>
<y3>127</y3>
<x4>1141</x4>
<y4>128</y4>
</bndbox>
</object>
</annotation>