<?xml version="1.0" ?>
<annotation>
<folder>JPEGImages</folder>
<filename>img_301.xml</filename>
<path>xxxx</path>
<source>
<database>Unknown</database>
<annotation>xxx</annotation>
<image>xxx</image>
<flickrid>0</flickrid>
</source>
<size>
<width>1280</width>
<height>720</height>
<depth>3</depth>
</size>
<segmented>0</segmented>
<object>
<name>text</name>
<bndbox>
<x1>206</x1>
<y1>389</y1>
<x2>300</x2>
<y2>368</y2>
<x3>303</x3>
<y3>391</y3>
<x4>209</x4>
<y4>412</y4>
</bndbox>
</object>
<object>
<name>text</name>
<bndbox>
<x1>164</x1>
<y1>250</y1>
<x2>230</x2>
<y2>252</y2>
<x3>232</x3>
<y3>268</y3>
<x4>166</x4>
<y4>266</y4>
</bndbox>
</object>
<object>
<name>text</name>
<bndbox>
<x1>463</x1>
<y1>251</y1>
<x2>524</x2>
<y2>253</y2>
<x3>524</x3>
<y3>265</y3>
<x4>463</x4>
<y4>264</y4>
</bndbox>
</object>
<object>
<name>text</name>
<bndbox>
<x1>572</x1>
<y1>410</y1>
<x2>647</x2>
<y2>412</y2>
<x3>647</x3>
<y3>423</y3>
<x4>573</x4>
<y4>421</y4>
</bndbox>
</object>
<object>
<name>text</name>
<bndbox>
<x1>674</x1>
<y1>412</y1>
<x2>743</x2>
<y2>417</y2>
<x3>743</x3>
<y3>429</y3>
<x4>674</x4>
<y4>424</y4>
</bndbox>
</object>
<object>
<name>text</name>
<bndbox>
<x1>1083</x1>
<y1>407</y1>
<x2>1124</x2>
<y2>407</y2>
<x3>1124</x3>
<y3>424</y3>
<x4>1082</x4>
<y4>424</y4>
</bndbox>
</object>
<object>
<name>text</name>
<bndbox>
<x1>585</x1>
<y1>442</y1>
<x2>632</x2>
<y2>444</y2>
<x3>631</x3>
<y3>458</y3>
<x4>584</x4>
<y4>455</y4>
</bndbox>
</object>
<object>
<name>text</name>
<bndbox>
<x1>489</x1>
<y1>414</y1>
<x2>524</x2>
<y2>414</y2>
<x3>524</x3>
<y3>430</y3>
<x4>489</x4>
<y4>430</y4>
</bndbox>
</object>
<object>
<name>text</name>
<bndbox>
<x1>138</x1>
<y1>491</y1>
<x2>180</x2>
<y2>500</y2>
<x3>178</x3>
<y3>520</y3>
<x4>136</x4>
<y4>511</y4>
</bndbox>
</object>
<object>
<name>text</name>
<bndbox>
<x1>182</x1>
<y1>284</y1>
<x2>199</x2>
<y2>285</y2>
<x3>199</x3>
<y3>301</y3>
<x4>182</x4>
<y4>299</y4>
</bndbox>
</object>
<object>
<name>text</name>
<bndbox>
<x1>189</x1>
<y1>269</y1>
<x2>215</x2>
<y2>271</y2>
<x3>218</x3>
<y3>311</y3>
<x4>192</x4>
<y4>309</y4>
</bndbox>
</object>
<object>
<name>text</name>
<bndbox>
<x1>263</x1>
<y1>274</y1>
<x2>290</x2>
<y2>257</y2>
<x3>292</x3>
<y3>282</y3>
<x4>264</x4>
<y4>299</y4>
</bndbox>
</object>
<object>
<name>text</name>
<bndbox>
<x1>258</x1>
<y1>259</y1>
<x2>297</x2>
<y2>236</y2>
<x3>297</x3>
<y3>250</y3>
<x4>257</x4>
<y4>273</y4>
</bndbox>
</object>
<object>
<name>text</name>
<bndbox>
<x1>265</x1>
<y1>310</y1>
<x2>302</x2>
<y2>285</y2>
<x3>302</x3>
<y3>299</y3>
<x4>265</x4>
<y4>325</y4>
</bndbox>
</object>
<object>
<name>text</name>
<bndbox>
<x1>131</x1>
<y1>103</y1>
<x2>139</x2>
<y2>103</y2>
<x3>147</x3>
<y3>147</y3>
<x4>138</x4>
<y4>147</y4>
</bndbox>
</object>
<object>
<name>text</name>
<bndbox>
<x1>699</x1>
<y1>266</y1>
<x2>738</x2>
<y2>268</y2>
<x3>737</x3>
<y3>279</y3>
<x4>698</x4>
<y4>278</y4>
</bndbox>
</object>
<object>
<name>text</name>
<bndbox>
<x1>974</x1>
<y1>262</y1>
<x2>1018</x2>
<y2>266</y2>
<x3>1017</x3>
<y3>291</y3>
<x4>973</x4>
<y4>286</y4>
</bndbox>
</object>
<object>
<name>text</name>
<bndbox>
<x1>459</x1>
<y1>284</y1>
<x2>506</x2>
<y2>286</y2>
<x3>506</x3>
<y3>293</y3>
<x4>459</x4>
<y4>291</y4>
</bndbox>
</object>
<object>
<name>text</name>
<bndbox>
<x1>459</x1>
<y1>292</y1>
<x2>501</x2>
<y2>293</y2>
<x3>501</x3>
<y3>297</y3>
<x4>459</x4>
<y4>296</y4>
</bndbox>
</object>
<object>
<name>text</name>
<bndbox>
<x1>68</x1>
<y1>86</y1>
<x2>86</x2>
<y2>88</y2>
<x3>115</x3>
<y3>200</y3>
<x4>96</x4>
<y4>199</y4>
</bndbox>
</object>
<object>
<name>text</name>
<bndbox>
<x1>230</x1>
<y1>429</y1>
<x2>263</x2>
<y2>436</y2>
<x3>260</x3>
<y3>447</y3>
<x4>228</x4>
<y4>439</y4>
</bndbox>
</object>
<object>
<name>text</name>
<bndbox>
<x1>1204</x1>
<y1>442</y1>
<x2>1251</x2>
<y2>444</y2>
<x3>1252</x3>
<y3>457</y3>
<x4>1205</x4>
<y4>456</y4>
</bndbox>
</object>
<object>
<name>text</name>
<bndbox>
<x1>910</x1>
<y1>486</y1>
<x2>937</x2>
<y2>486</y2>
<x3>937</x3>
<y3>496</y3>
<x4>910</x4>
<y4>496</y4>
</bndbox>
</object>
<object>
<name>text</name>
<bndbox>
<x1>904</x1>
<y1>496</y1>
<x2>949</x2>
<y2>500</y2>
<x3>949</x3>
<y3>507</y3>
<x4>904</x4>
<y4>502</y4>
</bndbox>
</object>
<object>
<name>text</name>
<bndbox>
<x1>900</x1>
<y1>503</y1>
<x2>957</x2>
<y2>509</y2>
<x3>958</x3>
<y3>516</y3>
<x4>901</x4>
<y4>509</y4>
</bndbox>
</object>
<object>
<name>text</name>
<bndbox>
<x1>909</x1>
<y1>507</y1>
<x2>950</x2>
<y2>511</y2>
<x3>950</x3>
<y3>518</y3>
<x4>909</x4>
<y4>514</y4>
</bndbox>
</object>
<object>
<name>text</name>
<bndbox>
<x1>925</x1>
<y1>526</y1>
<x2>959</x2>
<y2>529</y2>
<x3>959</x3>
<y3>536</y3>
<x4>925</x4>
<y4>533</y4>
</bndbox>
</object>
<object>
<name>text</name>
<bndbox>
<x1>931</x1>
<y1>553</y1>
<x2>965</x2>
<y2>558</y2>
<x3>965</x3>
<y3>566</y3>
<x4>931</x4>
<y4>560</y4>
</bndbox>
</object>
<object>
<name>text</name>
<bndbox>
<x1>933</x1>
<y1>585</y1>
<x2>968</x2>
<y2>589</y2>
<x3>968</x3>
<y3>596</y3>
<x4>933</x4>
<y4>592</y4>
</bndbox>
</object>
<object>
<name>text</name>
<bndbox>
<x1>940</x1>
<y1>614</y1>
<x2>978</x2>
<y2>619</y2>
<x3>979</x3>
<y3>628</y3>
<x4>941</x4>
<y4>623</y4>
</bndbox>
</object>
<object>
<name>text</name>
<bndbox>
<x1>941</x1>
<y1>621</y1>
<x2>963</x2>
<y2>623</y2>
<x3>963</x3>
<y3>631</y3>
<x4>941</x4>
<y4>628</y4>
</bndbox>
</object>
<object>
<name>text</name>
<bndbox>
<x1>945</x1>
<y1>649</y1>
<x2>970</x2>
<y2>653</y2>
<x3>971</x3>
<y3>663</y3>
<x4>947</x4>
<y4>658</y4>
</bndbox>
</object>
<object>
<name>text</name>
<bndbox>
<x1>943</x1>
<y1>659</y1>
<x2>976</x2>
<y2>662</y2>
<x3>977</x3>
<y3>671</y3>
<x4>945</x4>
<y4>668</y4>
</bndbox>
</object>
</annotation>