<?xml version="1.0" ?>
<annotation>
<folder>JPEGImages</folder>
<filename>img_44.xml</filename>
<path>xxxx</path>
<source>
<database>Unknown</database>
<annotation>xxx</annotation>
<image>xxx</image>
<flickrid>0</flickrid>
</source>
<size>
<width>1280</width>
<height>720</height>
<depth>3</depth>
</size>
<segmented>0</segmented>
<object>
<name>text</name>
<bndbox>
<x1>104</x1>
<y1>181</y1>
<x2>175</x2>
<y2>187</y2>
<x3>171</x3>
<y3>230</y3>
<x4>99</x4>
<y4>226</y4>
</bndbox>
</object>
</annotation>