<?xml version="1.0" ?>
<annotation>
<folder>JPEGImages</folder>
<filename>img_453.xml</filename>
<path>xxxx</path>
<source>
<database>Unknown</database>
<annotation>xxx</annotation>
<image>xxx</image>
<flickrid>0</flickrid>
</source>
<size>
<width>1280</width>
<height>720</height>
<depth>3</depth>
</size>
<segmented>0</segmented>
<object>
<name>text</name>
<bndbox>
<x1>152</x1>
<y1>47</y1>
<x2>228</x2>
<y2>4</y2>
<x3>245</x3>
<y3>30</y3>
<x4>168</x4>
<y4>73</y4>
</bndbox>
</object>
<object>
<name>text</name>
<bndbox>
<x1>120</x1>
<y1>64</y1>
<x2>272</x2>
<y2>34</y2>
<x3>280</x3>
<y3>111</y3>
<x4>127</x4>
<y4>141</y4>
</bndbox>
</object>
</annotation>