<?xml version="1.0" ?>
<annotation>
<folder>JPEGImages</folder>
<filename>img_395.xml</filename>
<path>xxxx</path>
<source>
<database>Unknown</database>
<annotation>xxx</annotation>
<image>xxx</image>
<flickrid>0</flickrid>
</source>
<size>
<width>1280</width>
<height>720</height>
<depth>3</depth>
</size>
<segmented>0</segmented>
<object>
<name>text</name>
<bndbox>
<x1>345</x1>
<y1>129</y1>
<x2>388</x2>
<y2>116</y2>
<x3>394</x3>
<y3>147</y3>
<x4>351</x4>
<y4>160</y4>
</bndbox>
</object>
<object>
<name>text</name>
<bndbox>
<x1>390</x1>
<y1>110</y1>
<x2>465</x2>
<y2>93</y2>
<x3>469</x3>
<y3>132</y3>
<x4>394</x4>
<y4>149</y4>
</bndbox>
</object>
<object>
<name>text</name>
<bndbox>
<x1>461</x1>
<y1>90</y1>
<x2>569</x2>
<y2>60</y2>
<x3>579</x3>
<y3>98</y3>
<x4>471</x4>
<y4>128</y4>
</bndbox>
</object>
<object>
<name>text</name>
<bndbox>
<x1>898</x1>
<y1>186</y1>
<x2>935</x2>
<y2>183</y2>
<x3>939</x3>
<y3>201</y3>
<x4>902</x4>
<y4>203</y4>
</bndbox>
</object>
<object>
<name>text</name>
<bndbox>
<x1>158</x1>
<y1>400</y1>
<x2>196</x2>
<y2>398</y2>
<x3>195</x3>
<y3>421</y3>
<x4>157</x4>
<y4>422</y4>
</bndbox>
</object>
</annotation>