<?xml version="1.0" ?>
<annotation>
<folder>JPEGImages</folder>
<filename>img_507.xml</filename>
<path>xxxx</path>
<source>
<database>Unknown</database>
<annotation>xxx</annotation>
<image>xxx</image>
<flickrid>0</flickrid>
</source>
<size>
<width>1280</width>
<height>720</height>
<depth>3</depth>
</size>
<segmented>0</segmented>
<object>
<name>text</name>
<bndbox>
<x1>266</x1>
<y1>425</y1>
<x2>323</x2>
<y2>416</y2>
<x3>325</x3>
<y3>430</y3>
<x4>267</x4>
<y4>439</y4>
</bndbox>
</object>
<object>
<name>text</name>
<bndbox>
<x1>736</x1>
<y1>129</y1>
<x2>781</x2>
<y2>121</y2>
<x3>783</x3>
<y3>140</y3>
<x4>738</x4>
<y4>148</y4>
</bndbox>
</object>
<object>
<name>text</name>
<bndbox>
<x1>275</x1>
<y1>406</y1>
<x2>315</x2>
<y2>401</y2>
<x3>316</x3>
<y3>419</y3>
<x4>276</x4>
<y4>424</y4>
</bndbox>
</object>
<object>
<name>text</name>
<bndbox>
<x1>313</x1>
<y1>400</y1>
<x2>377</x2>
<y2>395</y2>
<x3>378</x3>
<y3>413</y3>
<x4>315</x4>
<y4>418</y4>
</bndbox>
</object>
<object>
<name>text</name>
<bndbox>
<x1>246</x1>
<y1>428</y1>
<x2>266</x2>
<y2>425</y2>
<x3>270</x3>
<y3>439</y3>
<x4>250</x4>
<y4>441</y4>
</bndbox>
</object>
<object>
<name>text</name>
<bndbox>
<x1>228</x1>
<y1>416</y1>
<x2>271</x2>
<y2>406</y2>
<x3>275</x3>
<y3>425</y3>
<x4>232</x4>
<y4>435</y4>
</bndbox>
</object>
<object>
<name>text</name>
<bndbox>
<x1>321</x1>
<y1>415</y1>
<x2>363</x2>
<y2>411</y2>
<x3>363</x3>
<y3>425</y3>
<x4>321</x4>
<y4>429</y4>
</bndbox>
</object>
<object>
<name>text</name>
<bndbox>
<x1>235</x1>
<y1>388</y1>
<x2>296</x2>
<y2>379</y2>
<x3>297</x3>
<y3>391</y3>
<x4>236</x4>
<y4>400</y4>
</bndbox>
</object>
<object>
<name>text</name>
<bndbox>
<x1>301</x1>
<y1>378</y1>
<x2>372</x2>
<y2>370</y2>
<x3>373</x3>
<y3>383</y3>
<x4>302</x4>
<y4>390</y4>
</bndbox>
</object>
<object>
<name>text</name>
<bndbox>
<x1>423</x1>
<y1>358</y1>
<x2>581</x2>
<y2>365</y2>
<x3>581</x3>
<y3>379</y3>
<x4>423</x4>
<y4>371</y4>
</bndbox>
</object>
<object>
<name>text</name>
<bndbox>
<x1>230</x1>
<y1>196</y1>
<x2>240</x2>
<y2>196</y2>
<x3>245</x3>
<y3>264</y3>
<x4>235</x4>
<y4>264</y4>
</bndbox>
</object>
</annotation>