<?xml version="1.0" ?>
<annotation>
<folder>JPEGImages</folder>
<filename>img_538.xml</filename>
<path>xxxx</path>
<source>
<database>Unknown</database>
<annotation>xxx</annotation>
<image>xxx</image>
<flickrid>0</flickrid>
</source>
<size>
<width>1280</width>
<height>720</height>
<depth>3</depth>
</size>
<segmented>0</segmented>
<object>
<name>text</name>
<bndbox>
<x1>243</x1>
<y1>153</y1>
<x2>302</x2>
<y2>144</y2>
<x3>307</x3>
<y3>168</y3>
<x4>248</x4>
<y4>176</y4>
</bndbox>
</object>
<object>
<name>text</name>
<bndbox>
<x1>252</x1>
<y1>175</y1>
<x2>302</x2>
<y2>165</y2>
<x3>307</x3>
<y3>189</y3>
<x4>257</x4>
<y4>199</y4>
</bndbox>
</object>
<object>
<name>text</name>
<bndbox>
<x1>1032</x1>
<y1>344</y1>
<x2>1091</x2>
<y2>336</y2>
<x3>1097</x3>
<y3>354</y3>
<x4>1038</x4>
<y4>361</y4>
</bndbox>
</object>
<object>
<name>text</name>
<bndbox>
<x1>1021</x1>
<y1>355</y1>
<x2>1113</x2>
<y2>345</y2>
<x3>1117</x3>
<y3>378</y3>
<x4>1025</x4>
<y4>388</y4>
</bndbox>
</object>
<object>
<name>text</name>
<bndbox>
<x1>1026</x1>
<y1>386</y1>
<x2>1113</x2>
<y2>378</y2>
<x3>1117</x3>
<y3>394</y3>
<x4>1030</x4>
<y4>403</y4>
</bndbox>
</object>
<object>
<name>text</name>
<bndbox>
<x1>1025</x1>
<y1>404</y1>
<x2>1118</x2>
<y2>394</y2>
<x3>1121</x3>
<y3>413</y3>
<x4>1027</x4>
<y4>423</y4>
</bndbox>
</object>
<object>
<name>text</name>
<bndbox>
<x1>155</x1>
<y1>0</y1>
<x2>498</x2>
<y2>65</y2>
<x3>501</x3>
<y3>121</y3>
<x4>150</x4>
<y4>57</y4>
</bndbox>
</object>
<object>
<name>text</name>
<bndbox>
<x1>1150</x1>
<y1>227</y1>
<x2>1185</x2>
<y2>214</y2>
<x3>1200</x3>
<y3>307</y3>
<x4>1163</x4>
<y4>315</y4>
</bndbox>
</object>
<object>
<name>text</name>
<bndbox>
<x1>1040</x1>
<y1>425</y1>
<x2>1120</x2>
<y2>414</y2>
<x3>1146</x3>
<y3>547</y3>
<x4>1058</x4>
<y4>555</y4>
</bndbox>
</object>
<object>
<name>text</name>
<bndbox>
<x1>730</x1>
<y1>291</y1>
<x2>758</x2>
<y2>293</y2>
<x3>760</x3>
<y3>312</y3>
<x4>732</x4>
<y4>310</y4>
</bndbox>
</object>
<object>
<name>text</name>
<bndbox>
<x1>772</x1>
<y1>185</y1>
<x2>803</x2>
<y2>183</y2>
<x3>803</x3>
<y3>202</y3>
<x4>777</x4>
<y4>204</y4>
</bndbox>
</object>
<object>
<name>text</name>
<bndbox>
<x1>798</x1>
<y1>118</y1>
<x2>833</x2>
<y2>120</y2>
<x3>839</x3>
<y3>149</y3>
<x4>803</x4>
<y4>147</y4>
</bndbox>
</object>
<object>
<name>text</name>
<bndbox>
<x1>79</x1>
<y1>302</y1>
<x2>206</x2>
<y2>283</y2>
<x3>208</x3>
<y3>298</y3>
<x4>81</x4>
<y4>318</y4>
</bndbox>
</object>
</annotation>