<?xml version="1.0" ?>
<annotation>
<folder>JPEGImages</folder>
<filename>img_381.xml</filename>
<path>xxxx</path>
<source>
<database>Unknown</database>
<annotation>xxx</annotation>
<image>xxx</image>
<flickrid>0</flickrid>
</source>
<size>
<width>1280</width>
<height>720</height>
<depth>3</depth>
</size>
<segmented>0</segmented>
<object>
<name>text</name>
<bndbox>
<x1>657</x1>
<y1>643</y1>
<x2>708</x2>
<y2>655</y2>
<x3>706</x3>
<y3>684</y3>
<x4>655</x4>
<y4>671</y4>
</bndbox>
</object>
<object>
<name>text</name>
<bndbox>
<x1>602</x1>
<y1>345</y1>
<x2>633</x2>
<y2>340</y2>
<x3>633</x3>
<y3>352</y3>
<x4>602</x4>
<y4>357</y4>
</bndbox>
</object>
<object>
<name>text</name>
<bndbox>
<x1>641</x1>
<y1>264</y1>
<x2>792</x2>
<y2>224</y2>
<x3>795</x3>
<y3>238</y3>
<x4>644</x4>
<y4>277</y4>
</bndbox>
</object>
<object>
<name>text</name>
<bndbox>
<x1>883</x1>
<y1>124</y1>
<x2>932</x2>
<y2>108</y2>
<x3>938</x3>
<y3>148</y3>
<x4>889</x4>
<y4>165</y4>
</bndbox>
</object>
<object>
<name>text</name>
<bndbox>
<x1>317</x1>
<y1>204</y1>
<x2>383</x2>
<y2>165</y2>
<x3>384</x3>
<y3>187</y3>
<x4>317</x4>
<y4>228</y4>
</bndbox>
</object>
<object>
<name>text</name>
<bndbox>
<x1>644</x1>
<y1>250</y1>
<x2>804</x2>
<y2>206</y2>
<x3>804</x3>
<y3>219</y3>
<x4>644</x4>
<y4>264</y4>
</bndbox>
</object>
<object>
<name>text</name>
<bndbox>
<x1>243</x1>
<y1>252</y1>
<x2>289</x2>
<y2>226</y2>
<x3>290</x3>
<y3>243</y3>
<x4>242</x4>
<y4>271</y4>
</bndbox>
</object>
<object>
<name>text</name>
<bndbox>
<x1>648</x1>
<y1>218</y1>
<x2>725</x2>
<y2>195</y2>
<x3>726</x3>
<y3>218</y3>
<x4>649</x4>
<y4>240</y4>
</bndbox>
</object>
<object>
<name>text</name>
<bndbox>
<x1>373</x1>
<y1>303</y1>
<x2>398</x2>
<y2>296</y2>
<x3>398</x3>
<y3>316</y3>
<x4>373</x4>
<y4>322</y4>
</bndbox>
</object>
<object>
<name>text</name>
<bndbox>
<x1>723</x1>
<y1>321</y1>
<x2>768</x2>
<y2>316</y2>
<x3>768</x3>
<y3>330</y3>
<x4>724</x4>
<y4>335</y4>
</bndbox>
</object>
<object>
<name>text</name>
<bndbox>
<x1>869</x1>
<y1>287</y1>
<x2>934</x2>
<y2>278</y2>
<x3>936</x3>
<y3>295</y3>
<x4>872</x4>
<y4>304</y4>
</bndbox>
</object>
<object>
<name>text</name>
<bndbox>
<x1>600</x1>
<y1>462</y1>
<x2>634</x2>
<y2>463</y2>
<x3>634</x3>
<y3>475</y3>
<x4>600</x4>
<y4>475</y4>
</bndbox>
</object>
<object>
<name>text</name>
<bndbox>
<x1>719</x1>
<y1>466</y1>
<x2>765</x2>
<y2>468</y2>
<x3>765</x3>
<y3>482</y3>
<x4>719</x4>
<y4>480</y4>
</bndbox>
</object>
<object>
<name>text</name>
<bndbox>
<x1>896</x1>
<y1>464</y1>
<x2>963</x2>
<y2>464</y2>
<x3>962</x3>
<y3>481</y3>
<x4>895</x4>
<y4>481</y4>
</bndbox>
</object>
<object>
<name>text</name>
<bndbox>
<x1>603</x1>
<y1>596</y1>
<x2>635</x2>
<y2>603</y2>
<x3>635</x3>
<y3>613</y3>
<x4>602</x4>
<y4>606</y4>
</bndbox>
</object>
<object>
<name>text</name>
<bndbox>
<x1>736</x1>
<y1>618</y1>
<x2>787</x2>
<y2>628</y2>
<x3>786</x3>
<y3>642</y3>
<x4>735</x4>
<y4>633</y4>
</bndbox>
</object>
<object>
<name>text</name>
<bndbox>
<x1>913</x1>
<y1>650</y1>
<x2>982</x2>
<y2>660</y2>
<x3>983</x3>
<y3>678</y3>
<x4>914</x4>
<y4>668</y4>
</bndbox>
</object>
</annotation>