<?xml version="1.0" ?>
<annotation>
<folder>JPEGImages</folder>
<filename>img_536.xml</filename>
<path>xxxx</path>
<source>
<database>Unknown</database>
<annotation>xxx</annotation>
<image>xxx</image>
<flickrid>0</flickrid>
</source>
<size>
<width>1280</width>
<height>720</height>
<depth>3</depth>
</size>
<segmented>0</segmented>
<object>
<name>text</name>
<bndbox>
<x1>712</x1>
<y1>90</y1>
<x2>741</x2>
<y2>86</y2>
<x3>746</x3>
<y3>121</y3>
<x4>717</x4>
<y4>125</y4>
</bndbox>
</object>
<object>
<name>text</name>
<bndbox>
<x1>240</x1>
<y1>59</y1>
<x2>273</x2>
<y2>53</y2>
<x3>278</x3>
<y3>79</y3>
<x4>245</x4>
<y4>85</y4>
</bndbox>
</object>
<object>
<name>text</name>
<bndbox>
<x1>448</x1>
<y1>41</y1>
<x2>497</x2>
<y2>26</y2>
<x3>527</x3>
<y3>188</y3>
<x4>478</x4>
<y4>203</y4>
</bndbox>
</object>
<object>
<name>text</name>
<bndbox>
<x1>477</x1>
<y1>216</y1>
<x2>526</x2>
<y2>191</y2>
<x3>531</x3>
<y3>218</y3>
<x4>482</x4>
<y4>243</y4>
</bndbox>
</object>
<object>
<name>text</name>
<bndbox>
<x1>186</x1>
<y1>58</y1>
<x2>211</x2>
<y2>51</y2>
<x3>221</x3>
<y3>93</y3>
<x4>196</x4>
<y4>99</y4>
</bndbox>
</object>
<object>
<name>text</name>
<bndbox>
<x1>430</x1>
<y1>33</y1>
<x2>456</x2>
<y2>28</y2>
<x3>475</x3>
<y3>121</y3>
<x4>448</x4>
<y4>126</y4>
</bndbox>
</object>
<object>
<name>text</name>
<bndbox>
<x1>998</x1>
<y1>60</y1>
<x2>1056</x2>
<y2>58</y2>
<x3>1056</x3>
<y3>80</y3>
<x4>998</x4>
<y4>83</y4>
</bndbox>
</object>
<object>
<name>text</name>
<bndbox>
<x1>1051</x1>
<y1>51</y1>
<x2>1130</x2>
<y2>48</y2>
<x3>1131</x3>
<y3>73</y3>
<x4>1052</x4>
<y4>76</y4>
</bndbox>
</object>
<object>
<name>text</name>
<bndbox>
<x1>1008</x1>
<y1>209</y1>
<x2>1072</x2>
<y2>209</y2>
<x3>1073</x3>
<y3>234</y3>
<x4>1010</x4>
<y4>234</y4>
</bndbox>
</object>
<object>
<name>text</name>
<bndbox>
<x1>503</x1>
<y1>266</y1>
<x2>524</x2>
<y2>253</y2>
<x3>528</x3>
<y3>272</y3>
<x4>507</x4>
<y4>285</y4>
</bndbox>
</object>
<object>
<name>text</name>
<bndbox>
<x1>578</x1>
<y1>111</y1>
<x2>605</x2>
<y2>105</y2>
<x3>611</x3>
<y3>136</y3>
<x4>584</x4>
<y4>142</y4>
</bndbox>
</object>
</annotation>