<?xml version="1.0" ?>
<annotation>
<folder>JPEGImages</folder>
<filename>img_145.xml</filename>
<path>xxxx</path>
<source>
<database>Unknown</database>
<annotation>xxx</annotation>
<image>xxx</image>
<flickrid>0</flickrid>
</source>
<size>
<width>1280</width>
<height>720</height>
<depth>3</depth>
</size>
<segmented>0</segmented>
<object>
<name>text</name>
<bndbox>
<x1>1264</x1>
<y1>95</y1>
<x2>1276</x2>
<y2>94</y2>
<x3>1276</x3>
<y3>110</y3>
<x4>1264</x4>
<y4>110</y4>
</bndbox>
</object>
<object>
<name>text</name>
<bndbox>
<x1>528</x1>
<y1>423</y1>
<x2>575</x2>
<y2>424</y2>
<x3>574</x3>
<y3>437</y3>
<x4>526</x4>
<y4>435</y4>
</bndbox>
</object>
<object>
<name>text</name>
<bndbox>
<x1>443</x1>
<y1>485</y1>
<x2>485</x2>
<y2>367</y2>
<x3>510</x3>
<y3>381</y3>
<x4>468</x4>
<y4>499</y4>
</bndbox>
</object>
<object>
<name>text</name>
<bndbox>
<x1>390</x1>
<y1>427</y1>
<x2>451</x2>
<y2>426</y2>
<x3>451</x3>
<y3>445</y3>
<x4>390</x4>
<y4>446</y4>
</bndbox>
</object>
<object>
<name>text</name>
<bndbox>
<x1>530</x1>
<y1>390</y1>
<x2>586</x2>
<y2>393</y2>
<x3>584</x3>
<y3>409</y3>
<x4>528</x4>
<y4>407</y4>
</bndbox>
</object>
<object>
<name>text</name>
<bndbox>
<x1>534</x1>
<y1>327</y1>
<x2>599</x2>
<y2>328</y2>
<x3>596</x3>
<y3>354</y3>
<x4>531</x4>
<y4>353</y4>
</bndbox>
</object>
<object>
<name>text</name>
<bndbox>
<x1>527</x1>
<y1>409</y1>
<x2>585</x2>
<y2>409</y2>
<x3>584</x3>
<y3>423</y3>
<x4>525</x4>
<y4>423</y4>
</bndbox>
</object>
<object>
<name>text</name>
<bndbox>
<x1>528</x1>
<y1>437</y1>
<x2>585</x2>
<y2>438</y2>
<x3>584</x3>
<y3>448</y3>
<x4>527</x4>
<y4>446</y4>
</bndbox>
</object>
<object>
<name>text</name>
<bndbox>
<x1>1229</x1>
<y1>13</y1>
<x2>1278</x2>
<y2>19</y2>
<x3>1279</x3>
<y3>41</y3>
<x4>1230</x4>
<y4>36</y4>
</bndbox>
</object>
<object>
<name>text</name>
<bndbox>
<x1>1244</x1>
<y1>39</y1>
<x2>1278</x2>
<y2>42</y2>
<x3>1279</x3>
<y3>68</y3>
<x4>1245</x4>
<y4>64</y4>
</bndbox>
</object>
<object>
<name>text</name>
<bndbox>
<x1>456</x1>
<y1>272</y1>
<x2>519</x2>
<y2>276</y2>
<x3>518</x3>
<y3>285</y3>
<x4>455</x4>
<y4>285</y4>
</bndbox>
</object>
<object>
<name>text</name>
<bndbox>
<x1>1246</x1>
<y1>70</y1>
<x2>1278</x2>
<y2>71</y2>
<x3>1279</x3>
<y3>88</y3>
<x4>1247</x4>
<y4>86</y4>
</bndbox>
</object>
<object>
<name>text</name>
<bndbox>
<x1>1254</x1>
<y1>226</y1>
<x2>1277</x2>
<y2>227</y2>
<x3>1279</x3>
<y3>245</y3>
<x4>1256</x4>
<y4>244</y4>
</bndbox>
</object>
<object>
<name>text</name>
<bndbox>
<x1>1167</x1>
<y1>238</y1>
<x2>1219</x2>
<y2>234</y2>
<x3>1219</x3>
<y3>246</y3>
<x4>1167</x4>
<y4>249</y4>
</bndbox>
</object>
<object>
<name>text</name>
<bndbox>
<x1>281</x1>
<y1>88</y1>
<x2>297</x2>
<y2>107</y2>
<x3>296</x3>
<y3>117</y3>
<x4>280</x4>
<y4>98</y4>
</bndbox>
</object>
<object>
<name>text</name>
<bndbox>
<x1>288</x1>
<y1>84</y1>
<x2>300</x2>
<y2>96</y2>
<x3>297</x3>
<y3>105</y3>
<x4>286</x4>
<y4>92</y4>
</bndbox>
</object>
<object>
<name>text</name>
<bndbox>
<x1>284</x1>
<y1>65</y1>
<x2>301</x2>
<y2>82</y2>
<x3>299</x3>
<y3>94</y3>
<x4>283</x4>
<y4>76</y4>
</bndbox>
</object>
<object>
<name>text</name>
<bndbox>
<x1>568</x1>
<y1>346</y1>
<x2>591</x2>
<y2>346</y2>
<x3>588</x3>
<y3>356</y3>
<x4>565</x4>
<y4>356</y4>
</bndbox>
</object>
<object>
<name>text</name>
<bndbox>
<x1>530</x1>
<y1>362</y1>
<x2>545</x2>
<y2>363</y2>
<x3>545</x3>
<y3>371</y3>
<x4>530</x4>
<y4>370</y4>
</bndbox>
</object>
<object>
<name>text</name>
<bndbox>
<x1>528</x1>
<y1>370</y1>
<x2>544</x2>
<y2>371</y2>
<x3>544</x3>
<y3>380</y3>
<x4>529</x4>
<y4>379</y4>
</bndbox>
</object>
<object>
<name>text</name>
<bndbox>
<x1>530</x1>
<y1>380</y1>
<x2>545</x2>
<y2>381</y2>
<x3>546</x3>
<y3>389</y3>
<x4>530</x4>
<y4>389</y4>
</bndbox>
</object>
<object>
<name>text</name>
<bndbox>
<x1>1238</x1>
<y1>0</y1>
<x2>1278</x2>
<y2>1</y2>
<x3>1278</x3>
<y3>15</y3>
<x4>1240</x4>
<y4>8</y4>
</bndbox>
</object>
</annotation>