<?xml version="1.0" ?>
<annotation>
<folder>JPEGImages</folder>
<filename>img_256.xml</filename>
<path>xxxx</path>
<source>
<database>Unknown</database>
<annotation>xxx</annotation>
<image>xxx</image>
<flickrid>0</flickrid>
</source>
<size>
<width>1280</width>
<height>720</height>
<depth>3</depth>
</size>
<segmented>0</segmented>
<object>
<name>text</name>
<bndbox>
<x1>43</x1>
<y1>138</y1>
<x2>92</x2>
<y2>137</y2>
<x3>93</x3>
<y3>157</y3>
<x4>45</x4>
<y4>157</y4>
</bndbox>
</object>
<object>
<name>text</name>
<bndbox>
<x1>91</x1>
<y1>136</y1>
<x2>148</x2>
<y2>134</y2>
<x3>148</x3>
<y3>154</y3>
<x4>91</x4>
<y4>155</y4>
</bndbox>
</object>
<object>
<name>text</name>
<bndbox>
<x1>54</x1>
<y1>217</y1>
<x2>129</x2>
<y2>215</y2>
<x3>130</x3>
<y3>234</y3>
<x4>55</x4>
<y4>236</y4>
</bndbox>
</object>
<object>
<name>text</name>
<bndbox>
<x1>131</x1>
<y1>213</y1>
<x2>166</x2>
<y2>211</y2>
<x3>169</x3>
<y3>229</y3>
<x4>134</x4>
<y4>231</y4>
</bndbox>
</object>
<object>
<name>text</name>
<bndbox>
<x1>62</x1>
<y1>293</y1>
<x2>119</x2>
<y2>291</y2>
<x3>121</x3>
<y3>307</y3>
<x4>64</x4>
<y4>310</y4>
</bndbox>
</object>
<object>
<name>text</name>
<bndbox>
<x1>120</x1>
<y1>290</y1>
<x2>172</x2>
<y2>286</y2>
<x3>173</x3>
<y3>302</y3>
<x4>120</x4>
<y4>306</y4>
</bndbox>
</object>
<object>
<name>text</name>
<bndbox>
<x1>70</x1>
<y1>370</y1>
<x2>108</x2>
<y2>367</y2>
<x3>110</x3>
<y3>382</y3>
<x4>72</x4>
<y4>386</y4>
</bndbox>
</object>
<object>
<name>text</name>
<bndbox>
<x1>110</x1>
<y1>365</y1>
<x2>137</x2>
<y2>362</y2>
<x3>140</x3>
<y3>380</y3>
<x4>113</x4>
<y4>383</y4>
</bndbox>
</object>
</annotation>