<?xml version="1.0" ?>
<annotation>
<folder>JPEGImages</folder>
<filename>img_172.xml</filename>
<path>xxxx</path>
<source>
<database>Unknown</database>
<annotation>xxx</annotation>
<image>xxx</image>
<flickrid>0</flickrid>
</source>
<size>
<width>1280</width>
<height>720</height>
<depth>3</depth>
</size>
<segmented>0</segmented>
<object>
<name>text</name>
<bndbox>
<x1>1111</x1>
<y1>177</y1>
<x2>1194</x2>
<y2>177</y2>
<x3>1194</x3>
<y3>194</y3>
<x4>1111</x4>
<y4>194</y4>
</bndbox>
</object>
<object>
<name>text</name>
<bndbox>
<x1>1100</x1>
<y1>198</y1>
<x2>1125</x2>
<y2>198</y2>
<x3>1125</x3>
<y3>210</y3>
<x4>1100</x4>
<y4>210</y4>
</bndbox>
</object>
<object>
<name>text</name>
<bndbox>
<x1>1137</x1>
<y1>198</y1>
<x2>1200</x2>
<y2>199</y2>
<x3>1200</x3>
<y3>210</y3>
<x4>1137</x4>
<y4>209</y4>
</bndbox>
</object>
<object>
<name>text</name>
<bndbox>
<x1>1101</x1>
<y1>215</y1>
<x2>1112</x2>
<y2>215</y2>
<x3>1112</x3>
<y3>224</y3>
<x4>1101</x4>
<y4>224</y4>
</bndbox>
</object>
<object>
<name>text</name>
<bndbox>
<x1>1149</x1>
<y1>214</y1>
<x2>1201</x2>
<y2>215</y2>
<x3>1200</x3>
<y3>227</y3>
<x4>1148</x4>
<y4>226</y4>
</bndbox>
</object>
<object>
<name>text</name>
<bndbox>
<x1>1096</x1>
<y1>230</y1>
<x2>1129</x2>
<y2>230</y2>
<x3>1130</x3>
<y3>241</y3>
<x4>1097</x4>
<y4>241</y4>
</bndbox>
</object>
<object>
<name>text</name>
<bndbox>
<x1>1160</x1>
<y1>230</y1>
<x2>1179</x2>
<y2>230</y2>
<x3>1178</x3>
<y3>241</y3>
<x4>1160</x4>
<y4>241</y4>
</bndbox>
</object>
<object>
<name>text</name>
<bndbox>
<x1>1183</x1>
<y1>230</y1>
<x2>1200</x2>
<y2>230</y2>
<x3>1198</x3>
<y3>242</y3>
<x4>1182</x4>
<y4>241</y4>
</bndbox>
</object>
<object>
<name>text</name>
<bndbox>
<x1>1111</x1>
<y1>246</y1>
<x2>1130</x2>
<y2>246</y2>
<x3>1131</x3>
<y3>256</y3>
<x4>1112</x4>
<y4>255</y4>
</bndbox>
</object>
<object>
<name>text</name>
<bndbox>
<x1>1131</x1>
<y1>245</y1>
<x2>1183</x2>
<y2>245</y2>
<x3>1185</x3>
<y3>255</y3>
<x4>1133</x4>
<y4>255</y4>
</bndbox>
</object>
<object>
<name>text</name>
<bndbox>
<x1>1132</x1>
<y1>644</y1>
<x2>1160</x2>
<y2>645</y2>
<x3>1159</x3>
<y3>665</y3>
<x4>1131</x4>
<y4>664</y4>
</bndbox>
</object>
<object>
<name>text</name>
<bndbox>
<x1>1127</x1>
<y1>687</y1>
<x2>1156</x2>
<y2>688</y2>
<x3>1156</x3>
<y3>707</y3>
<x4>1127</x4>
<y4>706</y4>
</bndbox>
</object>
<object>
<name>text</name>
<bndbox>
<x1>1066</x1>
<y1>685</y1>
<x2>1083</x2>
<y2>685</y2>
<x3>1083</x3>
<y3>706</y3>
<x4>1066</x4>
<y4>705</y4>
</bndbox>
</object>
</annotation>