<?xml version="1.0" ?>
<annotation>
<folder>JPEGImages</folder>
<filename>img_114.xml</filename>
<path>xxxx</path>
<source>
<database>Unknown</database>
<annotation>xxx</annotation>
<image>xxx</image>
<flickrid>0</flickrid>
</source>
<size>
<width>1280</width>
<height>720</height>
<depth>3</depth>
</size>
<segmented>0</segmented>
<object>
<name>text</name>
<bndbox>
<x1>644</x1>
<y1>100</y1>
<x2>672</x2>
<y2>91</y2>
<x3>677</x3>
<y3>108</y3>
<x4>649</x4>
<y4>117</y4>
</bndbox>
</object>
<object>
<name>text</name>
<bndbox>
<x1>717</x1>
<y1>97</y1>
<x2>794</x2>
<y2>82</y2>
<x3>802</x3>
<y3>114</y3>
<x4>725</x4>
<y4>130</y4>
</bndbox>
</object>
<object>
<name>text</name>
<bndbox>
<x1>440</x1>
<y1>273</y1>
<x2>524</x2>
<y2>252</y2>
<x3>534</x3>
<y3>303</y3>
<x4>450</x4>
<y4>325</y4>
</bndbox>
</object>
<object>
<name>text</name>
<bndbox>
<x1>429</x1>
<y1>223</y1>
<x2>510</x2>
<y2>206</y2>
<x3>516</x3>
<y3>245</y3>
<x4>436</x4>
<y4>262</y4>
</bndbox>
</object>
</annotation>