<?xml version="1.0" ?>
<annotation>
<folder>JPEGImages</folder>
<filename>img_18.xml</filename>
<path>xxxx</path>
<source>
<database>Unknown</database>
<annotation>xxx</annotation>
<image>xxx</image>
<flickrid>0</flickrid>
</source>
<size>
<width>1280</width>
<height>720</height>
<depth>3</depth>
</size>
<segmented>0</segmented>
<object>
<name>text</name>
<bndbox>
<x1>811</x1>
<y1>83</y1>
<x2>856</x2>
<y2>79</y2>
<x3>858</x3>
<y3>92</y3>
<x4>812</x4>
<y4>96</y4>
</bndbox>
</object>
<object>
<name>text</name>
<bndbox>
<x1>835</x1>
<y1>115</y1>
<x2>866</x2>
<y2>113</y2>
<x3>868</x3>
<y3>128</y3>
<x4>836</x4>
<y4>130</y4>
</bndbox>
</object>
<object>
<name>text</name>
<bndbox>
<x1>524</x1>
<y1>109</y1>
<x2>540</x2>
<y2>108</y2>
<x3>541</x3>
<y3>121</y3>
<x4>525</x4>
<y4>122</y4>
</bndbox>
</object>
<object>
<name>text</name>
<bndbox>
<x1>544</x1>
<y1>107</y1>
<x2>566</x2>
<y2>107</y2>
<x3>567</x3>
<y3>119</y3>
<x4>545</x4>
<y4>120</y4>
</bndbox>
</object>
<object>
<name>text</name>
<bndbox>
<x1>493</x1>
<y1>131</y1>
<x2>516</x2>
<y2>130</y2>
<x3>518</x3>
<y3>144</y3>
<x4>495</x4>
<y4>145</y4>
</bndbox>
</object>
<object>
<name>text</name>
<bndbox>
<x1>498</x1>
<y1>111</y1>
<x2>514</x2>
<y2>111</y2>
<x3>515</x3>
<y3>125</y3>
<x4>499</x4>
<y4>125</y4>
</bndbox>
</object>
<object>
<name>text</name>
<bndbox>
<x1>519</x1>
<y1>129</y1>
<x2>540</x2>
<y2>127</y2>
<x3>542</x3>
<y3>140</y3>
<x4>521</x4>
<y4>143</y4>
</bndbox>
</object>
<object>
<name>text</name>
<bndbox>
<x1>284</x1>
<y1>141</y1>
<x2>314</x2>
<y2>147</y2>
<x3>314</x3>
<y3>177</y3>
<x4>284</x4>
<y4>171</y4>
</bndbox>
</object>
<object>
<name>text</name>
<bndbox>
<x1>542</x1>
<y1>126</y1>
<x2>567</x2>
<y2>124</y2>
<x3>568</x3>
<y3>139</y3>
<x4>544</x4>
<y4>141</y4>
</bndbox>
</object>
<object>
<name>text</name>
<bndbox>
<x1>745</x1>
<y1>69</y1>
<x2>773</x2>
<y2>67</y2>
<x3>773</x3>
<y3>81</y3>
<x4>746</x4>
<y4>84</y4>
</bndbox>
</object>
<object>
<name>text</name>
<bndbox>
<x1>748</x1>
<y1>105</y1>
<x2>775</x2>
<y2>104</y2>
<x3>775</x3>
<y3>119</y3>
<x4>748</x4>
<y4>120</y4>
</bndbox>
</object>
<object>
<name>text</name>
<bndbox>
<x1>776</x1>
<y1>103</y1>
<x2>812</x2>
<y2>100</y2>
<x3>814</x3>
<y3>115</y3>
<x4>777</x4>
<y4>116</y4>
</bndbox>
</object>
<object>
<name>text</name>
<bndbox>
<x1>816</x1>
<y1>99</y1>
<x2>872</x2>
<y2>96</y2>
<x3>873</x3>
<y3>110</y3>
<x4>817</x4>
<y4>113</y4>
</bndbox>
</object>
<object>
<name>text</name>
<bndbox>
<x1>775</x1>
<y1>121</y1>
<x2>834</x2>
<y2>115</y2>
<x3>836</x3>
<y3>131</y3>
<x4>777</x4>
<y4>137</y4>
</bndbox>
</object>
<object>
<name>text</name>
<bndbox>
<x1>751</x1>
<y1>124</y1>
<x2>775</x2>
<y2>123</y2>
<x3>776</x3>
<y3>137</y3>
<x4>752</x4>
<y4>138</y4>
</bndbox>
</object>
<object>
<name>text</name>
<bndbox>
<x1>747</x1>
<y1>88</y1>
<x2>811</x2>
<y2>83</y2>
<x3>812</x3>
<y3>98</y3>
<x4>747</x4>
<y4>103</y4>
</bndbox>
</object>
<object>
<name>text</name>
<bndbox>
<x1>768</x1>
<y1>139</y1>
<x2>806</x2>
<y2>138</y2>
<x3>807</x3>
<y3>153</y3>
<x4>769</x4>
<y4>154</y4>
</bndbox>
</object>
<object>
<name>text</name>
<bndbox>
<x1>275</x1>
<y1>120</y1>
<x2>308</x2>
<y2>129</y2>
<x3>307</x3>
<y3>145</y3>
<x4>274</x4>
<y4>136</y4>
</bndbox>
</object>
<object>
<name>text</name>
<bndbox>
<x1>470</x1>
<y1>100</y1>
<x2>492</x2>
<y2>98</y2>
<x3>494</x3>
<y3>107</y3>
<x4>471</x4>
<y4>109</y4>
</bndbox>
</object>
<object>
<name>text</name>
<bndbox>
<x1>504</x1>
<y1>97</y1>
<x2>517</x2>
<y2>98</y2>
<x3>519</x3>
<y3>105</y3>
<x4>504</x4>
<y4>106</y4>
</bndbox>
</object>
<object>
<name>text</name>
<bndbox>
<x1>519</x1>
<y1>95</y1>
<x2>551</x2>
<y2>92</y2>
<x3>553</x3>
<y3>102</y3>
<x4>521</x4>
<y4>104</y4>
</bndbox>
</object>
<object>
<name>text</name>
<bndbox>
<x1>584</x1>
<y1>89</y1>
<x2>599</x2>
<y2>91</y2>
<x3>600</x3>
<y3>97</y3>
<x4>584</x4>
<y4>98</y4>
</bndbox>
</object>
<object>
<name>text</name>
<bndbox>
<x1>600</x1>
<y1>87</y1>
<x2>633</x2>
<y2>87</y2>
<x3>634</x3>
<y3>94</y3>
<x4>601</x4>
<y4>97</y4>
</bndbox>
</object>
<object>
<name>text</name>
<bndbox>
<x1>644</x1>
<y1>82</y1>
<x2>667</x2>
<y2>80</y2>
<x3>669</x3>
<y3>90</y3>
<x4>646</x4>
<y4>92</y4>
</bndbox>
</object>
<object>
<name>text</name>
<bndbox>
<x1>475</x1>
<y1>114</y1>
<x2>489</x2>
<y2>114</y2>
<x3>489</x3>
<y3>126</y3>
<x4>475</x4>
<y4>126</y4>
</bndbox>
</object>
<object>
<name>text</name>
<bndbox>
<x1>477</x1>
<y1>134</y1>
<x2>490</x2>
<y2>134</y2>
<x3>491</x3>
<y3>144</y3>
<x4>477</x4>
<y4>145</y4>
</bndbox>
</object>
<object>
<name>text</name>
<bndbox>
<x1>291</x1>
<y1>174</y1>
<x2>310</x2>
<y2>178</y2>
<x3>308</x3>
<y3>189</y3>
<x4>297</x4>
<y4>188</y4>
</bndbox>
</object>
<object>
<name>text</name>
<bndbox>
<x1>277</x1>
<y1>186</y1>
<x2>325</x2>
<y2>193</y2>
<x3>326</x3>
<y3>211</y3>
<x4>278</x4>
<y4>203</y4>
</bndbox>
</object>
<object>
<name>text</name>
<bndbox>
<x1>309</x1>
<y1>131</y1>
<x2>319</x2>
<y2>134</y2>
<x3>319</x3>
<y3>148</y3>
<x4>309</x4>
<y4>145</y4>
</bndbox>
</object>
<object>
<name>text</name>
<bndbox>
<x1>690</x1>
<y1>216</y1>
<x2>720</x2>
<y2>215</y2>
<x3>721</x3>
<y3>229</y3>
<x4>690</x4>
<y4>231</y4>
</bndbox>
</object>
<object>
<name>text</name>
<bndbox>
<x1>755</x1>
<y1>210</y1>
<x2>796</x2>
<y2>208</y2>
<x3>798</x3>
<y3>231</y3>
<x4>756</x4>
<y4>234</y4>
</bndbox>
</object>
<object>
<name>text</name>
<bndbox>
<x1>722</x1>
<y1>213</y1>
<x2>747</x2>
<y2>212</y2>
<x3>747</x3>
<y3>217</y3>
<x4>723</x4>
<y4>219</y4>
</bndbox>
</object>
</annotation>