<?xml version="1.0" ?>
<annotation>
<folder>JPEGImages</folder>
<filename>img_392.xml</filename>
<path>xxxx</path>
<source>
<database>Unknown</database>
<annotation>xxx</annotation>
<image>xxx</image>
<flickrid>0</flickrid>
</source>
<size>
<width>1280</width>
<height>720</height>
<depth>3</depth>
</size>
<segmented>0</segmented>
<object>
<name>text</name>
<bndbox>
<x1>409</x1>
<y1>328</y1>
<x2>477</x2>
<y2>340</y2>
<x3>470</x3>
<y3>402</y3>
<x4>402</x4>
<y4>390</y4>
</bndbox>
</object>
<object>
<name>text</name>
<bndbox>
<x1>476</x1>
<y1>336</y1>
<x2>508</x2>
<y2>342</y2>
<x3>502</x3>
<y3>385</y3>
<x4>470</x4>
<y4>379</y4>
</bndbox>
</object>
<object>
<name>text</name>
<bndbox>
<x1>412</x1>
<y1>308</y1>
<x2>431</x2>
<y2>312</y2>
<x3>428</x3>
<y3>332</y3>
<x4>409</x4>
<y4>329</y4>
</bndbox>
</object>
<object>
<name>text</name>
<bndbox>
<x1>430</x1>
<y1>309</y1>
<x2>449</x2>
<y2>311</y2>
<x3>449</x3>
<y3>334</y3>
<x4>430</x4>
<y4>332</y4>
</bndbox>
</object>
<object>
<name>text</name>
<bndbox>
<x1>294</x1>
<y1>248</y1>
<x2>327</x2>
<y2>249</y2>
<x3>326</x3>
<y3>260</y3>
<x4>293</x4>
<y4>259</y4>
</bndbox>
</object>
<object>
<name>text</name>
<bndbox>
<x1>606</x1>
<y1>0</y1>
<x2>924</x2>
<y2>1</y2>
<x3>917</x3>
<y3>51</y3>
<x4>608</x4>
<y4>87</y4>
</bndbox>
</object>
<object>
<name>text</name>
<bndbox>
<x1>617</x1>
<y1>311</y1>
<x2>636</x2>
<y2>311</y2>
<x3>634</x3>
<y3>347</y3>
<x4>615</x4>
<y4>347</y4>
</bndbox>
</object>
<object>
<name>text</name>
<bndbox>
<x1>109</x1>
<y1>100</y1>
<x2>190</x2>
<y2>85</y2>
<x3>187</x3>
<y3>121</y3>
<x4>105</x4>
<y4>136</y4>
</bndbox>
</object>
</annotation>