<?xml version="1.0" ?>
<annotation>
<folder>JPEGImages</folder>
<filename>img_537.xml</filename>
<path>xxxx</path>
<source>
<database>Unknown</database>
<annotation>xxx</annotation>
<image>xxx</image>
<flickrid>0</flickrid>
</source>
<size>
<width>1280</width>
<height>720</height>
<depth>3</depth>
</size>
<segmented>0</segmented>
<object>
<name>text</name>
<bndbox>
<x1>42</x1>
<y1>370</y1>
<x2>230</x2>
<y2>315</y2>
<x3>282</x3>
<y3>523</y3>
<x4>95</x4>
<y4>578</y4>
</bndbox>
</object>
<object>
<name>text</name>
<bndbox>
<x1>51</x1>
<y1>598</y1>
<x2>155</x2>
<y2>565</y2>
<x3>167</x3>
<y3>614</y3>
<x4>63</x4>
<y4>646</y4>
</bndbox>
</object>
<object>
<name>text</name>
<bndbox>
<x1>153</x1>
<y1>569</y1>
<x2>278</x2>
<y2>530</y2>
<x3>287</x3>
<y3>573</y3>
<x4>162</x4>
<y4>611</y4>
</bndbox>
</object>
<object>
<name>text</name>
<bndbox>
<x1>152</x1>
<y1>663</y1>
<x2>186</x2>
<y2>651</y2>
<x3>195</x3>
<y3>679</y3>
<x4>161</x4>
<y4>690</y4>
</bndbox>
</object>
<object>
<name>text</name>
<bndbox>
<x1>186</x1>
<y1>649</y1>
<x2>242</x2>
<y2>633</y2>
<x3>247</x3>
<y3>660</y3>
<x4>191</x4>
<y4>676</y4>
</bndbox>
</object>
<object>
<name>text</name>
<bndbox>
<x1>830</x1>
<y1>99</y1>
<x2>906</x2>
<y2>69</y2>
<x3>915</x3>
<y3>105</y3>
<x4>838</x4>
<y4>135</y4>
</bndbox>
</object>
<object>
<name>text</name>
<bndbox>
<x1>867</x1>
<y1>125</y1>
<x2>915</x2>
<y2>106</y2>
<x3>918</x3>
<y3>116</y3>
<x4>871</x4>
<y4>135</y4>
</bndbox>
</object>
<object>
<name>text</name>
<bndbox>
<x1>738</x1>
<y1>68</y1>
<x2>782</x2>
<y2>62</y2>
<x3>787</x3>
<y3>84</y3>
<x4>742</x4>
<y4>91</y4>
</bndbox>
</object>
<object>
<name>text</name>
<bndbox>
<x1>716</x1>
<y1>123</y1>
<x2>773</x2>
<y2>116</y2>
<x3>777</x3>
<y3>135</y3>
<x4>721</x4>
<y4>142</y4>
</bndbox>
</object>
<object>
<name>text</name>
<bndbox>
<x1>0</x1>
<y1>380</y1>
<x2>49</x2>
<y2>356</y2>
<x3>75</x3>
<y3>476</y3>
<x4>17</x4>
<y4>491</y4>
</bndbox>
</object>
</annotation>