<?xml version="1.0" ?>
<annotation>
<folder>JPEGImages</folder>
<filename>img_517.xml</filename>
<path>xxxx</path>
<source>
<database>Unknown</database>
<annotation>xxx</annotation>
<image>xxx</image>
<flickrid>0</flickrid>
</source>
<size>
<width>1280</width>
<height>720</height>
<depth>3</depth>
</size>
<segmented>0</segmented>
<object>
<name>text</name>
<bndbox>
<x1>605</x1>
<y1>423</y1>
<x2>652</x2>
<y2>411</y2>
<x3>652</x3>
<y3>436</y3>
<x4>605</x4>
<y4>448</y4>
</bndbox>
</object>
<object>
<name>text</name>
<bndbox>
<x1>346</x1>
<y1>66</y1>
<x2>376</x2>
<y2>65</y2>
<x3>381</x3>
<y3>119</y3>
<x4>351</x4>
<y4>120</y4>
</bndbox>
</object>
<object>
<name>text</name>
<bndbox>
<x1>616</x1>
<y1>259</y1>
<x2>681</x2>
<y2>251</y2>
<x3>681</x3>
<y3>285</y3>
<x4>616</x4>
<y4>293</y4>
</bndbox>
</object>
<object>
<name>text</name>
<bndbox>
<x1>685</x1>
<y1>251</y1>
<x2>736</x2>
<y2>244</y2>
<x3>735</x3>
<y3>274</y3>
<x4>683</x4>
<y4>281</y4>
</bndbox>
</object>
<object>
<name>text</name>
<bndbox>
<x1>616</x1>
<y1>516</y1>
<x2>680</x2>
<y2>495</y2>
<x3>680</x3>
<y3>524</y3>
<x4>616</x4>
<y4>545</y4>
</bndbox>
</object>
<object>
<name>text</name>
<bndbox>
<x1>373</x1>
<y1>75</y1>
<x2>447</x2>
<y2>70</y2>
<x3>450</x3>
<y3>161</y3>
<x4>376</x4>
<y4>166</y4>
</bndbox>
</object>
<object>
<name>text</name>
<bndbox>
<x1>632</x1>
<y1>321</y1>
<x2>661</x2>
<y2>319</y2>
<x3>660</x3>
<y3>343</y3>
<x4>631</x4>
<y4>345</y4>
</bndbox>
</object>
<object>
<name>text</name>
<bndbox>
<x1>1016</x1>
<y1>29</y1>
<x2>1097</x2>
<y2>31</y2>
<x3>1098</x3>
<y3>61</y3>
<x4>1017</x4>
<y4>59</y4>
</bndbox>
</object>
<object>
<name>text</name>
<bndbox>
<x1>570</x1>
<y1>29</y1>
<x2>671</x2>
<y2>30</y2>
<x3>675</x3>
<y3>70</y3>
<x4>573</x4>
<y4>69</y4>
</bndbox>
</object>
<object>
<name>text</name>
<bndbox>
<x1>816</x1>
<y1>87</y1>
<x2>928</x2>
<y2>83</y2>
<x3>931</x3>
<y3>113</y3>
<x4>818</x4>
<y4>117</y4>
</bndbox>
</object>
<object>
<name>text</name>
<bndbox>
<x1>1027</x1>
<y1>82</y1>
<x2>1090</x2>
<y2>83</y2>
<x3>1091</x3>
<y3>108</y3>
<x4>1028</x4>
<y4>107</y4>
</bndbox>
</object>
<object>
<name>text</name>
<bndbox>
<x1>383</x1>
<y1>53</y1>
<x2>447</x2>
<y2>53</y2>
<x3>447</x3>
<y3>69</y3>
<x4>383</x4>
<y4>69</y4>
</bndbox>
</object>
<object>
<name>text</name>
<bndbox>
<x1>372</x1>
<y1>168</y1>
<x2>439</x2>
<y2>165</y2>
<x3>439</x3>
<y3>180</y3>
<x4>372</x4>
<y4>188</y4>
</bndbox>
</object>
<object>
<name>text</name>
<bndbox>
<x1>633</x1>
<y1>300</y1>
<x2>673</x2>
<y2>296</y2>
<x3>673</x3>
<y3>307</y3>
<x4>633</x4>
<y4>313</y4>
</bndbox>
</object>
<object>
<name>text</name>
<bndbox>
<x1>619</x1>
<y1>476</y1>
<x2>670</x2>
<y2>461</y2>
<x3>670</x3>
<y3>481</y3>
<x4>619</x4>
<y4>498</y4>
</bndbox>
</object>
</annotation>