<?xml version="1.0" ?>
<annotation>
<folder>JPEGImages</folder>
<filename>img_484.xml</filename>
<path>xxxx</path>
<source>
<database>Unknown</database>
<annotation>xxx</annotation>
<image>xxx</image>
<flickrid>0</flickrid>
</source>
<size>
<width>1280</width>
<height>720</height>
<depth>3</depth>
</size>
<segmented>0</segmented>
<object>
<name>text</name>
<bndbox>
<x1>643</x1>
<y1>228</y1>
<x2>660</x2>
<y2>224</y2>
<x3>660</x3>
<y3>238</y3>
<x4>643</x4>
<y4>236</y4>
</bndbox>
</object>
<object>
<name>text</name>
<bndbox>
<x1>25</x1>
<y1>213</y1>
<x2>70</x2>
<y2>188</y2>
<x3>81</x3>
<y3>225</y3>
<x4>36</x4>
<y4>250</y4>
</bndbox>
</object>
<object>
<name>text</name>
<bndbox>
<x1>941</x1>
<y1>168</y1>
<x2>980</x2>
<y2>163</y2>
<x3>981</x3>
<y3>175</y3>
<x4>942</x4>
<y4>180</y4>
</bndbox>
</object>
<object>
<name>text</name>
<bndbox>
<x1>978</x1>
<y1>160</y1>
<x2>1006</x2>
<y2>156</y2>
<x3>1006</x3>
<y3>171</y3>
<x4>978</x4>
<y4>175</y4>
</bndbox>
</object>
<object>
<name>text</name>
<bndbox>
<x1>930</x1>
<y1>266</y1>
<x2>967</x2>
<y2>260</y2>
<x3>970</x3>
<y3>275</y3>
<x4>932</x4>
<y4>281</y4>
</bndbox>
</object>
<object>
<name>text</name>
<bndbox>
<x1>917</x1>
<y1>171</y1>
<x2>941</x2>
<y2>169</y2>
<x3>941</x3>
<y3>184</y3>
<x4>917</x4>
<y4>186</y4>
</bndbox>
</object>
<object>
<name>text</name>
<bndbox>
<x1>995</x1>
<y1>248</y1>
<x2>1013</x2>
<y2>245</y2>
<x3>1018</x3>
<y3>268</y3>
<x4>1000</x4>
<y4>270</y4>
</bndbox>
</object>
<object>
<name>text</name>
<bndbox>
<x1>968</x1>
<y1>258</y1>
<x2>996</x2>
<y2>253</y2>
<x3>997</x3>
<y3>269</y3>
<x4>970</x4>
<y4>274</y4>
</bndbox>
</object>
<object>
<name>text</name>
<bndbox>
<x1>910</x1>
<y1>139</y1>
<x2>1002</x2>
<y2>124</y2>
<x3>1005</x3>
<y3>140</y3>
<x4>913</x4>
<y4>156</y4>
</bndbox>
</object>
<object>
<name>text</name>
<bndbox>
<x1>977</x1>
<y1>284</y1>
<x2>1023</x2>
<y2>278</y2>
<x3>1023</x3>
<y3>291</y3>
<x4>977</x4>
<y4>298</y4>
</bndbox>
</object>
<object>
<name>text</name>
<bndbox>
<x1>631</x1>
<y1>215</y1>
<x2>667</x2>
<y2>215</y2>
<x3>667</x3>
<y3>228</y3>
<x4>631</x4>
<y4>228</y4>
</bndbox>
</object>
<object>
<name>text</name>
<bndbox>
<x1>941</x1>
<y1>283</y1>
<x2>1033</x2>
<y2>271</y2>
<x3>1035</x3>
<y3>280</y3>
<x4>942</x4>
<y4>293</y4>
</bndbox>
</object>
<object>
<name>text</name>
<bndbox>
<x1>286</x1>
<y1>238</y1>
<x2>310</x2>
<y2>241</y2>
<x3>310</x3>
<y3>257</y3>
<x4>286</x4>
<y4>255</y4>
</bndbox>
</object>
<object>
<name>text</name>
<bndbox>
<x1>285</x1>
<y1>258</y1>
<x2>316</x2>
<y2>260</y2>
<x3>315</x3>
<y3>273</y3>
<x4>284</x4>
<y4>272</y4>
</bndbox>
</object>
<object>
<name>text</name>
<bndbox>
<x1>1003</x1>
<y1>124</y1>
<x2>1014</x2>
<y2>122</y2>
<x3>1016</x3>
<y3>136</y3>
<x4>1005</x4>
<y4>138</y4>
</bndbox>
</object>
<object>
<name>text</name>
<bndbox>
<x1>913</x1>
<y1>102</y1>
<x2>937</x2>
<y2>96</y2>
<x3>941</x3>
<y3>120</y3>
<x4>916</x4>
<y4>125</y4>
</bndbox>
</object>
<object>
<name>text</name>
<bndbox>
<x1>210</x1>
<y1>236</y1>
<x2>242</x2>
<y2>240</y2>
<x3>245</x3>
<y3>270</y3>
<x4>213</x4>
<y4>266</y4>
</bndbox>
</object>
<object>
<name>text</name>
<bndbox>
<x1>1017</x1>
<y1>258</y1>
<x2>1030</x2>
<y2>255</y2>
<x3>1031</x3>
<y3>263</y3>
<x4>1018</x4>
<y4>266</y4>
</bndbox>
</object>
<object>
<name>text</name>
<bndbox>
<x1>1008</x1>
<y1>158</y1>
<x2>1017</x2>
<y2>157</y2>
<x3>1017</x3>
<y3>166</y3>
<x4>1008</x4>
<y4>167</y4>
</bndbox>
</object>
<object>
<name>text</name>
<bndbox>
<x1>1199</x1>
<y1>147</y1>
<x2>1214</x2>
<y2>145</y2>
<x3>1218</x3>
<y3>171</y3>
<x4>1204</x4>
<y4>173</y4>
</bndbox>
</object>
<object>
<name>text</name>
<bndbox>
<x1>52</x1>
<y1>246</y1>
<x2>102</x2>
<y2>250</y2>
<x3>102</x3>
<y3>257</y3>
<x4>50</x4>
<y4>254</y4>
</bndbox>
</object>
<object>
<name>text</name>
<bndbox>
<x1>1139</x1>
<y1>439</y1>
<x2>1225</x2>
<y2>429</y2>
<x3>1226</x3>
<y3>441</y3>
<x4>1140</x4>
<y4>451</y4>
</bndbox>
</object>
</annotation>