<?xml version="1.0" ?>
<annotation>
<folder>JPEGImages</folder>
<filename>img_498.xml</filename>
<path>xxxx</path>
<source>
<database>Unknown</database>
<annotation>xxx</annotation>
<image>xxx</image>
<flickrid>0</flickrid>
</source>
<size>
<width>1280</width>
<height>720</height>
<depth>3</depth>
</size>
<segmented>0</segmented>
<object>
<name>text</name>
<bndbox>
<x1>695</x1>
<y1>0</y1>
<x2>736</x2>
<y2>1</y2>
<x3>740</x3>
<y3>109</y3>
<x4>698</x4>
<y4>108</y4>
</bndbox>
</object>
<object>
<name>text</name>
<bndbox>
<x1>871</x1>
<y1>134</y1>
<x2>908</x2>
<y2>130</y2>
<x3>925</x3>
<y3>446</y3>
<x4>887</x4>
<y4>450</y4>
</bndbox>
</object>
<object>
<name>text</name>
<bndbox>
<x1>698</x1>
<y1>189</y1>
<x2>738</x2>
<y2>186</y2>
<x3>745</x3>
<y3>268</y3>
<x4>705</x4>
<y4>270</y4>
</bndbox>
</object>
</annotation>