<?xml version="1.0" ?>
<annotation>
<folder>JPEGImages</folder>
<filename>img_186.xml</filename>
<path>xxxx</path>
<source>
<database>Unknown</database>
<annotation>xxx</annotation>
<image>xxx</image>
<flickrid>0</flickrid>
</source>
<size>
<width>1280</width>
<height>720</height>
<depth>3</depth>
</size>
<segmented>0</segmented>
<object>
<name>text</name>
<bndbox>
<x1>652</x1>
<y1>285</y1>
<x2>751</x2>
<y2>282</y2>
<x3>750</x3>
<y3>298</y3>
<x4>651</x4>
<y4>300</y4>
</bndbox>
</object>
</annotation>