<?xml version="1.0" ?>
<annotation>
<folder>JPEGImages</folder>
<filename>img_121.xml</filename>
<path>xxxx</path>
<source>
<database>Unknown</database>
<annotation>xxx</annotation>
<image>xxx</image>
<flickrid>0</flickrid>
</source>
<size>
<width>1280</width>
<height>720</height>
<depth>3</depth>
</size>
<segmented>0</segmented>
<object>
<name>text</name>
<bndbox>
<x1>474</x1>
<y1>393</y1>
<x2>598</x2>
<y2>352</y2>
<x3>631</x3>
<y3>392</y3>
<x4>484</x4>
<y4>439</y4>
</bndbox>
</object>
<object>
<name>text</name>
<bndbox>
<x1>633</x1>
<y1>344</y1>
<x2>744</x2>
<y2>309</y2>
<x3>794</x3>
<y3>336</y3>
<x4>668</x4>
<y4>379</y4>
</bndbox>
</object>
</annotation>