<?xml version="1.0" ?>
<annotation>
<folder>JPEGImages</folder>
<filename>img_500.xml</filename>
<path>xxxx</path>
<source>
<database>Unknown</database>
<annotation>xxx</annotation>
<image>xxx</image>
<flickrid>0</flickrid>
</source>
<size>
<width>1280</width>
<height>720</height>
<depth>3</depth>
</size>
<segmented>0</segmented>
<object>
<name>text</name>
<bndbox>
<x1>278</x1>
<y1>318</y1>
<x2>291</x2>
<y2>312</y2>
<x3>298</x3>
<y3>335</y3>
<x4>285</x4>
<y4>341</y4>
</bndbox>
</object>
<object>
<name>text</name>
<bndbox>
<x1>300</x1>
<y1>334</y1>
<x2>338</x2>
<y2>432</y2>
<x3>323</x3>
<y3>438</y3>
<x4>284</x4>
<y4>340</y4>
</bndbox>
</object>
<object>
<name>text</name>
<bndbox>
<x1>318</x1>
<y1>311</y1>
<x2>358</x2>
<y2>421</y2>
<x3>338</x3>
<y3>429</y3>
<x4>298</x4>
<y4>319</y4>
</bndbox>
</object>
<object>
<name>text</name>
<bndbox>
<x1>340</x1>
<y1>311</y1>
<x2>380</x2>
<y2>422</y2>
<x3>366</x3>
<y3>428</y3>
<x4>326</x4>
<y4>317</y4>
</bndbox>
</object>
<object>
<name>text</name>
<bndbox>
<x1>465</x1>
<y1>229</y1>
<x2>498</x2>
<y2>323</y2>
<x3>484</x3>
<y3>322</y3>
<x4>450</x4>
<y4>229</y4>
</bndbox>
</object>
<object>
<name>text</name>
<bndbox>
<x1>223</x1>
<y1>661</y1>
<x2>260</x2>
<y2>637</y2>
<x3>270</x3>
<y3>659</y3>
<x4>233</x4>
<y4>683</y4>
</bndbox>
</object>
<object>
<name>text</name>
<bndbox>
<x1>215</x1>
<y1>329</y1>
<x2>247</x2>
<y2>414</y2>
<x3>218</x3>
<y3>425</y3>
<x4>186</x4>
<y4>340</y4>
</bndbox>
</object>
<object>
<name>text</name>
<bndbox>
<x1>250</x1>
<y1>407</y1>
<x2>286</x2>
<y2>499</y2>
<x3>257</x3>
<y3>514</y3>
<x4>221</x4>
<y4>422</y4>
</bndbox>
</object>
<object>
<name>text</name>
<bndbox>
<x1>182</x1>
<y1>388</y1>
<x2>211</x2>
<y2>466</y2>
<x3>197</x3>
<y3>474</y3>
<x4>168</x4>
<y4>395</y4>
</bndbox>
</object>
<object>
<name>text</name>
<bndbox>
<x1>356</x1>
<y1>291</y1>
<x2>400</x2>
<y2>410</y2>
<x3>383</x3>
<y3>415</y3>
<x4>340</x4>
<y4>296</y4>
</bndbox>
</object>
<object>
<name>text</name>
<bndbox>
<x1>545</x1>
<y1>224</y1>
<x2>587</x2>
<y2>349</y2>
<x3>573</x3>
<y3>359</y3>
<x4>531</x4>
<y4>234</y4>
</bndbox>
</object>
<object>
<name>text</name>
<bndbox>
<x1>299</x1>
<y1>334</y1>
<x2>338</x2>
<y2>433</y2>
<x3>323</x3>
<y3>439</y3>
<x4>284</x4>
<y4>340</y4>
</bndbox>
</object>
<object>
<name>text</name>
<bndbox>
<x1>268</x1>
<y1>634</y1>
<x2>296</x2>
<y2>616</y2>
<x3>305</x3>
<y3>633</y3>
<x4>277</x4>
<y4>651</y4>
</bndbox>
</object>
<object>
<name>text</name>
<bndbox>
<x1>304</x1>
<y1>612</y1>
<x2>328</x2>
<y2>596</y2>
<x3>335</x3>
<y3>611</y3>
<x4>311</x4>
<y4>627</y4>
</bndbox>
</object>
<object>
<name>text</name>
<bndbox>
<x1>611</x1>
<y1>45</y1>
<x2>664</x2>
<y2>25</y2>
<x3>670</x3>
<y3>37</y3>
<x4>617</x4>
<y4>57</y4>
</bndbox>
</object>
<object>
<name>text</name>
<bndbox>
<x1>616</x1>
<y1>60</y1>
<x2>660</x2>
<y2>42</y2>
<x3>664</x3>
<y3>54</y3>
<x4>620</x4>
<y4>71</y4>
</bndbox>
</object>
<object>
<name>text</name>
<bndbox>
<x1>619</x1>
<y1>70</y1>
<x2>685</x2>
<y2>45</y2>
<x3>690</x3>
<y3>58</y3>
<x4>624</x4>
<y4>84</y4>
</bndbox>
</object>
<object>
<name>text</name>
<bndbox>
<x1>625</x1>
<y1>83</y1>
<x2>659</x2>
<y2>71</y2>
<x3>664</x3>
<y3>84</y3>
<x4>630</x4>
<y4>95</y4>
</bndbox>
</object>
<object>
<name>text</name>
<bndbox>
<x1>446</x1>
<y1>655</y1>
<x2>462</x2>
<y2>646</y2>
<x3>490</x3>
<y3>719</y3>
<x4>477</x4>
<y4>718</y4>
</bndbox>
</object>
</annotation>