<?xml version="1.0" ?>
<annotation>
<folder>JPEGImages</folder>
<filename>img_529.xml</filename>
<path>xxxx</path>
<source>
<database>Unknown</database>
<annotation>xxx</annotation>
<image>xxx</image>
<flickrid>0</flickrid>
</source>
<size>
<width>1280</width>
<height>720</height>
<depth>3</depth>
</size>
<segmented>0</segmented>
<object>
<name>text</name>
<bndbox>
<x1>541</x1>
<y1>58</y1>
<x2>561</x2>
<y2>58</y2>
<x3>566</x3>
<y3>75</y3>
<x4>546</x4>
<y4>75</y4>
</bndbox>
</object>
<object>
<name>text</name>
<bndbox>
<x1>568</x1>
<y1>23</y1>
<x2>638</x2>
<y2>23</y2>
<x3>653</x3>
<y3>91</y3>
<x4>583</x4>
<y4>91</y4>
</bndbox>
</object>
<object>
<name>text</name>
<bndbox>
<x1>641</x1>
<y1>31</y1>
<x2>671</x2>
<y2>31</y2>
<x3>678</x3>
<y3>96</y3>
<x4>648</x4>
<y4>96</y4>
</bndbox>
</object>
<object>
<name>text</name>
<bndbox>
<x1>502</x1>
<y1>34</y1>
<x2>562</x2>
<y2>33</y2>
<x3>565</x3>
<y3>60</y3>
<x4>505</x4>
<y4>61</y4>
</bndbox>
</object>
<object>
<name>text</name>
<bndbox>
<x1>16</x1>
<y1>101</y1>
<x2>227</x2>
<y2>89</y2>
<x3>233</x3>
<y3>153</y3>
<x4>22</x4>
<y4>165</y4>
</bndbox>
</object>
<object>
<name>text</name>
<bndbox>
<x1>518</x1>
<y1>58</y1>
<x2>545</x2>
<y2>56</y2>
<x3>547</x3>
<y3>76</y3>
<x4>521</x4>
<y4>78</y4>
</bndbox>
</object>
<object>
<name>text</name>
<bndbox>
<x1>487</x1>
<y1>0</y1>
<x2>540</x2>
<y2>5</y2>
<x3>547</x3>
<y3>39</y3>
<x4>495</x4>
<y4>34</y4>
</bndbox>
</object>
<object>
<name>text</name>
<bndbox>
<x1>671</x1>
<y1>53</y1>
<x2>712</x2>
<y2>54</y2>
<x3>712</x3>
<y3>78</y3>
<x4>671</x4>
<y4>76</y4>
</bndbox>
</object>
<object>
<name>text</name>
<bndbox>
<x1>241</x1>
<y1>480</y1>
<x2>333</x2>
<y2>440</y2>
<x3>340</x3>
<y3>456</y3>
<x4>247</x4>
<y4>496</y4>
</bndbox>
</object>
<object>
<name>text</name>
<bndbox>
<x1>53</x1>
<y1>260</y1>
<x2>143</x2>
<y2>248</y2>
<x3>147</x3>
<y3>264</y3>
<x4>57</x4>
<y4>276</y4>
</bndbox>
</object>
<object>
<name>text</name>
<bndbox>
<x1>901</x1>
<y1>34</y1>
<x2>964</x2>
<y2>17</y2>
<x3>967</x3>
<y3>36</y3>
<x4>904</x4>
<y4>53</y4>
</bndbox>
</object>
<object>
<name>text</name>
<bndbox>
<x1>448</x1>
<y1>486</y1>
<x2>527</x2>
<y2>486</y2>
<x3>544</x3>
<y3>654</y3>
<x4>490</x4>
<y4>654</y4>
</bndbox>
</object>
<object>
<name>text</name>
<bndbox>
<x1>161</x1>
<y1>575</y1>
<x2>345</x2>
<y2>479</y2>
<x3>366</x3>
<y3>523</y3>
<x4>184</x4>
<y4>622</y4>
</bndbox>
</object>
<object>
<name>text</name>
<bndbox>
<x1>493</x1>
<y1>238</y1>
<x2>554</x2>
<y2>225</y2>
<x3>554</x3>
<y3>236</y3>
<x4>497</x4>
<y4>250</y4>
</bndbox>
</object>
<object>
<name>text</name>
<bndbox>
<x1>457</x1>
<y1>216</y1>
<x2>505</x2>
<y2>199</y2>
<x3>509</x3>
<y3>217</y3>
<x4>459</x4>
<y4>226</y4>
</bndbox>
</object>
<object>
<name>text</name>
<bndbox>
<x1>680</x1>
<y1>1</y1>
<x2>775</x2>
<y2>8</y2>
<x3>775</x3>
<y3>51</y3>
<x4>683</x4>
<y4>33</y4>
</bndbox>
</object>
<object>
<name>text</name>
<bndbox>
<x1>691</x1>
<y1>191</y1>
<x2>736</x2>
<y2>182</y2>
<x3>740</x3>
<y3>201</y3>
<x4>704</x4>
<y4>225</y4>
</bndbox>
</object>
<object>
<name>text</name>
<bndbox>
<x1>1</x1>
<y1>2</y1>
<x2>206</x2>
<y2>0</y2>
<x3>223</x3>
<y3>89</y3>
<x4>1</x4>
<y4>93</y4>
</bndbox>
</object>
</annotation>