<?xml version="1.0" ?>
<annotation>
<folder>JPEGImages</folder>
<filename>img_448.xml</filename>
<path>xxxx</path>
<source>
<database>Unknown</database>
<annotation>xxx</annotation>
<image>xxx</image>
<flickrid>0</flickrid>
</source>
<size>
<width>1280</width>
<height>720</height>
<depth>3</depth>
</size>
<segmented>0</segmented>
<object>
<name>text</name>
<bndbox>
<x1>807</x1>
<y1>80</y1>
<x2>931</x2>
<y2>93</y2>
<x3>929</x3>
<y3>185</y3>
<x4>805</x4>
<y4>172</y4>
</bndbox>
</object>
<object>
<name>text</name>
<bndbox>
<x1>765</x1>
<y1>186</y1>
<x2>973</x2>
<y2>227</y2>
<x3>955</x3>
<y3>355</y3>
<x4>746</x4>
<y4>314</y4>
</bndbox>
</object>
<object>
<name>text</name>
<bndbox>
<x1>726</x1>
<y1>290</y1>
<x2>1032</x2>
<y2>371</y2>
<x3>1013</x3>
<y3>496</y3>
<x4>707</x4>
<y4>415</y4>
</bndbox>
</object>
<object>
<name>text</name>
<bndbox>
<x1>331</x1>
<y1>145</y1>
<x2>406</x2>
<y2>149</y2>
<x3>405</x3>
<y3>171</y3>
<x4>330</x4>
<y4>168</y4>
</bndbox>
</object>
<object>
<name>text</name>
<bndbox>
<x1>208</x1>
<y1>48</y1>
<x2>276</x2>
<y2>53</y2>
<x3>273</x3>
<y3>75</y3>
<x4>206</x4>
<y4>71</y4>
</bndbox>
</object>
</annotation>