<?xml version="1.0" ?>
<annotation>
<folder>JPEGImages</folder>
<filename>img_318.xml</filename>
<path>xxxx</path>
<source>
<database>Unknown</database>
<annotation>xxx</annotation>
<image>xxx</image>
<flickrid>0</flickrid>
</source>
<size>
<width>1280</width>
<height>720</height>
<depth>3</depth>
</size>
<segmented>0</segmented>
<object>
<name>text</name>
<bndbox>
<x1>723</x1>
<y1>160</y1>
<x2>863</x2>
<y2>116</y2>
<x3>867</x3>
<y3>225</y3>
<x4>728</x4>
<y4>234</y4>
</bndbox>
</object>
<object>
<name>text</name>
<bndbox>
<x1>1110</x1>
<y1>171</y1>
<x2>1138</x2>
<y2>170</y2>
<x3>1140</x3>
<y3>203</y3>
<x4>1113</x4>
<y4>204</y4>
</bndbox>
</object>
<object>
<name>text</name>
<bndbox>
<x1>590</x1>
<y1>222</y1>
<x2>605</x2>
<y2>221</y2>
<x3>605</x3>
<y3>241</y3>
<x4>590</x4>
<y4>242</y4>
</bndbox>
</object>
<object>
<name>text</name>
<bndbox>
<x1>298</x1>
<y1>202</y1>
<x2>332</x2>
<y2>197</y2>
<x3>334</x3>
<y3>217</y3>
<x4>301</x4>
<y4>222</y4>
</bndbox>
</object>
<object>
<name>text</name>
<bndbox>
<x1>57</x1>
<y1>218</y1>
<x2>101</x2>
<y2>218</y2>
<x3>101</x3>
<y3>240</y3>
<x4>57</x4>
<y4>240</y4>
</bndbox>
</object>
<object>
<name>text</name>
<bndbox>
<x1>507</x1>
<y1>172</y1>
<x2>574</x2>
<y2>168</y2>
<x3>572</x3>
<y3>184</y3>
<x4>505</x4>
<y4>187</y4>
</bndbox>
</object>
</annotation>