<?xml version="1.0" ?>
<annotation>
<folder>JPEGImages</folder>
<filename>img_506.xml</filename>
<path>xxxx</path>
<source>
<database>Unknown</database>
<annotation>xxx</annotation>
<image>xxx</image>
<flickrid>0</flickrid>
</source>
<size>
<width>1280</width>
<height>720</height>
<depth>3</depth>
</size>
<segmented>0</segmented>
<object>
<name>text</name>
<bndbox>
<x1>728</x1>
<y1>496</y1>
<x2>826</x2>
<y2>494</y2>
<x3>827</x3>
<y3>521</y3>
<x4>730</x4>
<y4>524</y4>
</bndbox>
</object>
<object>
<name>text</name>
<bndbox>
<x1>710</x1>
<y1>521</y1>
<x2>782</x2>
<y2>518</y2>
<x3>786</x3>
<y3>546</y3>
<x4>713</x4>
<y4>550</y4>
</bndbox>
</object>
<object>
<name>text</name>
<bndbox>
<x1>707</x1>
<y1>320</y1>
<x2>788</x2>
<y2>319</y2>
<x3>790</x3>
<y3>348</y3>
<x4>708</x4>
<y4>349</y4>
</bndbox>
</object>
<object>
<name>text</name>
<bndbox>
<x1>787</x1>
<y1>370</y1>
<x2>817</x2>
<y2>369</y2>
<x3>816</x3>
<y3>384</y3>
<x4>786</x4>
<y4>385</y4>
</bndbox>
</object>
<object>
<name>text</name>
<bndbox>
<x1>817</x1>
<y1>364</y1>
<x2>855</x2>
<y2>364</y2>
<x3>852</x3>
<y3>384</y3>
<x4>815</x4>
<y4>384</y4>
</bndbox>
</object>
<object>
<name>text</name>
<bndbox>
<x1>728</x1>
<y1>295</y1>
<x2>828</x2>
<y2>293</y2>
<x3>830</x3>
<y3>320</y3>
<x4>730</x4>
<y4>323</y4>
</bndbox>
</object>
<object>
<name>text</name>
<bndbox>
<x1>705</x1>
<y1>470</y1>
<x2>800</x2>
<y2>466</y2>
<x3>803</x3>
<y3>500</y3>
<x4>708</x4>
<y4>504</y4>
</bndbox>
</object>
<object>
<name>text</name>
<bndbox>
<x1>706</x1>
<y1>259</y1>
<x2>806</x2>
<y2>254</y2>
<x3>807</x3>
<y3>294</y3>
<x4>707</x4>
<y4>299</y4>
</bndbox>
</object>
<object>
<name>text</name>
<bndbox>
<x1>710</x1>
<y1>660</y1>
<x2>797</x2>
<y2>655</y2>
<x3>797</x3>
<y3>689</y3>
<x4>710</x4>
<y4>694</y4>
</bndbox>
</object>
<object>
<name>text</name>
<bndbox>
<x1>725</x1>
<y1>689</y1>
<x2>813</x2>
<y2>685</y2>
<x3>812</x3>
<y3>709</y3>
<x4>723</x4>
<y4>713</y4>
</bndbox>
</object>
<object>
<name>text</name>
<bndbox>
<x1>776</x1>
<y1>568</y1>
<x2>846</x2>
<y2>566</y2>
<x3>848</x3>
<y3>585</y3>
<x4>778</x4>
<y4>586</y4>
</bndbox>
</object>
<object>
<name>text</name>
<bndbox>
<x1>751</x1>
<y1>144</y1>
<x2>855</x2>
<y2>136</y2>
<x3>868</x3>
<y3>156</y3>
<x4>765</x4>
<y4>164</y4>
</bndbox>
</object>
<object>
<name>text</name>
<bndbox>
<x1>788</x1>
<y1>330</y1>
<x2>826</x2>
<y2>329</y2>
<x3>826</x3>
<y3>341</y3>
<x4>788</x4>
<y4>342</y4>
</bndbox>
</object>
<object>
<name>text</name>
<bndbox>
<x1>798</x1>
<y1>172</y1>
<x2>821</x2>
<y2>170</y2>
<x3>823</x3>
<y3>286</y3>
<x4>800</x4>
<y4>287</y4>
</bndbox>
</object>
<object>
<name>text</name>
<bndbox>
<x1>779</x1>
<y1>320</y1>
<x2>838</x2>
<y2>317</y2>
<x3>836</x3>
<y3>360</y3>
<x4>776</x4>
<y4>364</y4>
</bndbox>
</object>
</annotation>