<?xml version="1.0" ?>
<annotation>
<folder>JPEGImages</folder>
<filename>img_431.xml</filename>
<path>xxxx</path>
<source>
<database>Unknown</database>
<annotation>xxx</annotation>
<image>xxx</image>
<flickrid>0</flickrid>
</source>
<size>
<width>1280</width>
<height>720</height>
<depth>3</depth>
</size>
<segmented>0</segmented>
<object>
<name>text</name>
<bndbox>
<x1>1</x1>
<y1>126</y1>
<x2>46</x2>
<y2>128</y2>
<x3>47</x3>
<y3>167</y3>
<x4>2</x4>
<y4>165</y4>
</bndbox>
</object>
<object>
<name>text</name>
<bndbox>
<x1>5</x1>
<y1>7</y1>
<x2>53</x2>
<y2>12</y2>
<x3>52</x3>
<y3>23</y3>
<x4>3</x4>
<y4>18</y4>
</bndbox>
</object>
<object>
<name>text</name>
<bndbox>
<x1>96</x1>
<y1>21</y1>
<x2>158</x2>
<y2>27</y2>
<x3>159</x3>
<y3>40</y3>
<x4>97</x4>
<y4>33</y4>
</bndbox>
</object>
<object>
<name>text</name>
<bndbox>
<x1>208</x1>
<y1>35</y1>
<x2>259</x2>
<y2>40</y2>
<x3>257</x3>
<y3>51</y3>
<x4>206</x4>
<y4>46</y4>
</bndbox>
</object>
<object>
<name>text</name>
<bndbox>
<x1>290</x1>
<y1>51</y1>
<x2>333</x2>
<y2>55</y2>
<x3>330</x3>
<y3>65</y3>
<x4>287</x4>
<y4>61</y4>
</bndbox>
</object>
<object>
<name>text</name>
<bndbox>
<x1>2</x1>
<y1>273</y1>
<x2>47</x2>
<y2>271</y2>
<x3>47</x3>
<y3>283</y3>
<x4>2</x4>
<y4>285</y4>
</bndbox>
</object>
<object>
<name>text</name>
<bndbox>
<x1>100</x1>
<y1>264</y1>
<x2>161</x2>
<y2>261</y2>
<x3>160</x3>
<y3>276</y3>
<x4>99</x4>
<y4>280</y4>
</bndbox>
</object>
<object>
<name>text</name>
<bndbox>
<x1>249</x1>
<y1>250</y1>
<x2>300</x2>
<y2>246</y2>
<x3>303</x3>
<y3>257</y3>
<x4>252</x4>
<y4>261</y4>
</bndbox>
</object>
<object>
<name>text</name>
<bndbox>
<x1>1</x1>
<y1>538</y1>
<x2>66</x2>
<y2>521</y2>
<x3>65</x3>
<y3>536</y3>
<x4>0</x4>
<y4>554</y4>
</bndbox>
</object>
<object>
<name>text</name>
<bndbox>
<x1>101</x1>
<y1>493</y1>
<x2>162</x2>
<y2>486</y2>
<x3>162</x3>
<y3>503</y3>
<x4>101</x4>
<y4>510</y4>
</bndbox>
</object>
<object>
<name>text</name>
<bndbox>
<x1>216</x1>
<y1>477</y1>
<x2>267</x2>
<y2>467</y2>
<x3>267</x3>
<y3>482</y3>
<x4>216</x4>
<y4>492</y4>
</bndbox>
</object>
<object>
<name>text</name>
<bndbox>
<x1>299</x1>
<y1>456</y1>
<x2>346</x2>
<y2>442</y2>
<x3>348</x3>
<y3>453</y3>
<x4>301</x4>
<y4>467</y4>
</bndbox>
</object>
<object>
<name>text</name>
<bndbox>
<x1>362</x1>
<y1>431</y1>
<x2>403</x2>
<y2>422</y2>
<x3>406</x3>
<y3>433</y3>
<x4>365</x4>
<y4>442</y4>
</bndbox>
</object>
<object>
<name>text</name>
<bndbox>
<x1>396</x1>
<y1>667</y1>
<x2>439</x2>
<y2>646</y2>
<x3>438</x3>
<y3>662</y3>
<x4>395</x4>
<y4>683</y4>
</bndbox>
</object>
</annotation>