<?xml version="1.0" ?>
<annotation>
<folder>JPEGImages</folder>
<filename>img_379.xml</filename>
<path>xxxx</path>
<source>
<database>Unknown</database>
<annotation>xxx</annotation>
<image>xxx</image>
<flickrid>0</flickrid>
</source>
<size>
<width>1280</width>
<height>720</height>
<depth>3</depth>
</size>
<segmented>0</segmented>
<object>
<name>text</name>
<bndbox>
<x1>518</x1>
<y1>84</y1>
<x2>603</x2>
<y2>53</y2>
<x3>594</x3>
<y3>113</y3>
<x4>510</x4>
<y4>137</y4>
</bndbox>
</object>
<object>
<name>text</name>
<bndbox>
<x1>648</x1>
<y1>458</y1>
<x2>687</x2>
<y2>468</y2>
<x3>683</x3>
<y3>493</y3>
<x4>644</x4>
<y4>483</y4>
</bndbox>
</object>
<object>
<name>text</name>
<bndbox>
<x1>615</x1>
<y1>454</y1>
<x2>646</x2>
<y2>465</y2>
<x3>642</x3>
<y3>482</y3>
<x4>611</x4>
<y4>472</y4>
</bndbox>
</object>
<object>
<name>text</name>
<bndbox>
<x1>636</x1>
<y1>32</y1>
<x2>722</x2>
<y2>1</y2>
<x3>716</x3>
<y3>73</y3>
<x4>630</x4>
<y4>103</y4>
</bndbox>
</object>
</annotation>