<?xml version="1.0" ?>
<annotation>
<folder>JPEGImages</folder>
<filename>img_357.xml</filename>
<path>xxxx</path>
<source>
<database>Unknown</database>
<annotation>xxx</annotation>
<image>xxx</image>
<flickrid>0</flickrid>
</source>
<size>
<width>1280</width>
<height>720</height>
<depth>3</depth>
</size>
<segmented>0</segmented>
<object>
<name>text</name>
<bndbox>
<x1>119</x1>
<y1>85</y1>
<x2>260</x2>
<y2>95</y2>
<x3>259</x3>
<y3>134</y3>
<x4>118</x4>
<y4>123</y4>
</bndbox>
</object>
<object>
<name>text</name>
<bndbox>
<x1>86</x1>
<y1>92</y1>
<x2>121</x2>
<y2>95</y2>
<x3>116</x3>
<y3>122</y3>
<x4>81</x4>
<y4>119</y4>
</bndbox>
</object>
<object>
<name>text</name>
<bndbox>
<x1>517</x1>
<y1>130</y1>
<x2>627</x2>
<y2>139</y2>
<x3>627</x3>
<y3>164</y3>
<x4>517</x4>
<y4>156</y4>
</bndbox>
</object>
<object>
<name>text</name>
<bndbox>
<x1>2</x1>
<y1>77</y1>
<x2>80</x2>
<y2>82</y2>
<x3>78</x3>
<y3>116</y3>
<x4>1</x4>
<y4>110</y4>
</bndbox>
</object>
<object>
<name>text</name>
<bndbox>
<x1>281</x1>
<y1>168</y1>
<x2>409</x2>
<y2>173</y2>
<x3>408</x3>
<y3>194</y3>
<x4>280</x4>
<y4>189</y4>
</bndbox>
</object>
</annotation>