<?xml version="1.0" ?>
<annotation>
<folder>JPEGImages</folder>
<filename>img_131.xml</filename>
<path>xxxx</path>
<source>
<database>Unknown</database>
<annotation>xxx</annotation>
<image>xxx</image>
<flickrid>0</flickrid>
</source>
<size>
<width>1280</width>
<height>720</height>
<depth>3</depth>
</size>
<segmented>0</segmented>
<object>
<name>text</name>
<bndbox>
<x1>452</x1>
<y1>85</y1>
<x2>541</x2>
<y2>89</y2>
<x3>542</x3>
<y3>135</y3>
<x4>452</x4>
<y4>131</y4>
</bndbox>
</object>
<object>
<name>text</name>
<bndbox>
<x1>854</x1>
<y1>206</y1>
<x2>904</x2>
<y2>205</y2>
<x3>906</x3>
<y3>225</y3>
<x4>855</x4>
<y4>227</y4>
</bndbox>
</object>
<object>
<name>text</name>
<bndbox>
<x1>990</x1>
<y1>220</y1>
<x2>1009</x2>
<y2>215</y2>
<x3>1011</x3>
<y3>229</y3>
<x4>992</x4>
<y4>234</y4>
</bndbox>
</object>
<object>
<name>text</name>
<bndbox>
<x1>1021</x1>
<y1>207</y1>
<x2>1046</x2>
<y2>202</y2>
<x3>1047</x3>
<y3>223</y3>
<x4>1022</x4>
<y4>228</y4>
</bndbox>
</object>
<object>
<name>text</name>
<bndbox>
<x1>1050</x1>
<y1>201</y1>
<x2>1083</x2>
<y2>195</y2>
<x3>1083</x3>
<y3>215</y3>
<x4>1050</x4>
<y4>221</y4>
</bndbox>
</object>
<object>
<name>text</name>
<bndbox>
<x1>1110</x1>
<y1>185</y1>
<x2>1153</x2>
<y2>176</y2>
<x3>1154</x3>
<y3>198</y3>
<x4>1111</x4>
<y4>207</y4>
</bndbox>
</object>
<object>
<name>text</name>
<bndbox>
<x1>1161</x1>
<y1>175</y1>
<x2>1220</x2>
<y2>163</y2>
<x3>1220</x3>
<y3>183</y3>
<x4>1161</x4>
<y4>196</y4>
</bndbox>
</object>
<object>
<name>text</name>
<bndbox>
<x1>1232</x1>
<y1>160</y1>
<x2>1279</x2>
<y2>148</y2>
<x3>1279</x3>
<y3>170</y3>
<x4>1232</x4>
<y4>181</y4>
</bndbox>
</object>
<object>
<name>text</name>
<bndbox>
<x1>743</x1>
<y1>281</y1>
<x2>774</x2>
<y2>274</y2>
<x3>787</x3>
<y3>431</y3>
<x4>755</x4>
<y4>439</y4>
</bndbox>
</object>
<object>
<name>text</name>
<bndbox>
<x1>823</x1>
<y1>345</y1>
<x2>860</x2>
<y2>344</y2>
<x3>862</x3>
<y3>355</y3>
<x4>826</x4>
<y4>357</y4>
</bndbox>
</object>
</annotation>