<?xml version="1.0" ?>
<annotation>
<folder>JPEGImages</folder>
<filename>img_309.xml</filename>
<path>xxxx</path>
<source>
<database>Unknown</database>
<annotation>xxx</annotation>
<image>xxx</image>
<flickrid>0</flickrid>
</source>
<size>
<width>1280</width>
<height>720</height>
<depth>3</depth>
</size>
<segmented>0</segmented>
<object>
<name>text</name>
<bndbox>
<x1>484</x1>
<y1>90</y1>
<x2>540</x2>
<y2>77</y2>
<x3>541</x3>
<y3>91</y3>
<x4>486</x4>
<y4>104</y4>
</bndbox>
</object>
<object>
<name>text</name>
<bndbox>
<x1>396</x1>
<y1>94</y1>
<x2>465</x2>
<y2>80</y2>
<x3>466</x3>
<y3>101</y3>
<x4>397</x4>
<y4>115</y4>
</bndbox>
</object>
<object>
<name>text</name>
<bndbox>
<x1>1245</x1>
<y1>61</y1>
<x2>1266</x2>
<y2>58</y2>
<x3>1270</x3>
<y3>75</y3>
<x4>1248</x4>
<y4>77</y4>
</bndbox>
</object>
<object>
<name>text</name>
<bndbox>
<x1>322</x1>
<y1>111</y1>
<x2>371</x2>
<y2>100</y2>
<x3>372</x3>
<y3>120</y3>
<x4>324</x4>
<y4>131</y4>
</bndbox>
</object>
<object>
<name>text</name>
<bndbox>
<x1>376</x1>
<y1>98</y1>
<x2>396</x2>
<y2>93</y2>
<x3>398</x3>
<y3>113</y3>
<x4>378</x4>
<y4>118</y4>
</bndbox>
</object>
<object>
<name>text</name>
<bndbox>
<x1>1169</x1>
<y1>77</y1>
<x2>1182</x2>
<y2>75</y2>
<x3>1181</x3>
<y3>87</y3>
<x4>1168</x4>
<y4>89</y4>
</bndbox>
</object>
<object>
<name>text</name>
<bndbox>
<x1>1138</x1>
<y1>78</y1>
<x2>1168</x2>
<y2>75</y2>
<x3>1170</x3>
<y3>90</y3>
<x4>1140</x4>
<y4>93</y4>
</bndbox>
</object>
<object>
<name>text</name>
<bndbox>
<x1>363</x1>
<y1>204</y1>
<x2>435</x2>
<y2>206</y2>
<x3>434</x3>
<y3>223</y3>
<x4>362</x4>
<y4>221</y4>
</bndbox>
</object>
<object>
<name>text</name>
<bndbox>
<x1>562</x1>
<y1>180</y1>
<x2>606</x2>
<y2>173</y2>
<x3>606</x3>
<y3>184</y3>
<x4>562</x4>
<y4>191</y4>
</bndbox>
</object>
<object>
<name>text</name>
<bndbox>
<x1>931</x1>
<y1>192</y1>
<x2>971</x2>
<y2>189</y2>
<x3>971</x3>
<y3>204</y3>
<x4>932</x4>
<y4>207</y4>
</bndbox>
</object>
<object>
<name>text</name>
<bndbox>
<x1>1038</x1>
<y1>185</y1>
<x2>1063</x2>
<y2>183</y2>
<x3>1064</x3>
<y3>196</y3>
<x4>1040</x4>
<y4>198</y4>
</bndbox>
</object>
<object>
<name>text</name>
<bndbox>
<x1>1143</x1>
<y1>168</y1>
<x2>1245</x2>
<y2>154</y2>
<x3>1248</x3>
<y3>170</y3>
<x4>1146</x4>
<y4>185</y4>
</bndbox>
</object>
</annotation>