<?xml version="1.0" ?>
<annotation>
<folder>JPEGImages</folder>
<filename>img_477.xml</filename>
<path>xxxx</path>
<source>
<database>Unknown</database>
<annotation>xxx</annotation>
<image>xxx</image>
<flickrid>0</flickrid>
</source>
<size>
<width>1280</width>
<height>720</height>
<depth>3</depth>
</size>
<segmented>0</segmented>
<object>
<name>text</name>
<bndbox>
<x1>460</x1>
<y1>44</y1>
<x2>517</x2>
<y2>54</y2>
<x3>513</x3>
<y3>84</y3>
<x4>456</x4>
<y4>74</y4>
</bndbox>
</object>
<object>
<name>text</name>
<bndbox>
<x1>510</x1>
<y1>49</y1>
<x2>615</x2>
<y2>70</y2>
<x3>611</x3>
<y3>101</y3>
<x4>506</x4>
<y4>80</y4>
</bndbox>
</object>
<object>
<name>text</name>
<bndbox>
<x1>456</x1>
<y1>84</y1>
<x2>507</x2>
<y2>79</y2>
<x3>508</x3>
<y3>106</y3>
<x4>457</x4>
<y4>111</y4>
</bndbox>
</object>
<object>
<name>text</name>
<bndbox>
<x1>511</x1>
<y1>78</y1>
<x2>618</x2>
<y2>99</y2>
<x3>608</x3>
<y3>140</y3>
<x4>501</x4>
<y4>119</y4>
</bndbox>
</object>
<object>
<name>text</name>
<bndbox>
<x1>773</x1>
<y1>104</y1>
<x2>876</x2>
<y2>95</y2>
<x3>881</x3>
<y3>116</y3>
<x4>778</x4>
<y4>125</y4>
</bndbox>
</object>
<object>
<name>text</name>
<bndbox>
<x1>455</x1>
<y1>131</y1>
<x2>490</x2>
<y2>129</y2>
<x3>491</x3>
<y3>145</y3>
<x4>456</x4>
<y4>148</y4>
</bndbox>
</object>
<object>
<name>text</name>
<bndbox>
<x1>486</x1>
<y1>130</y1>
<x2>512</x2>
<y2>130</y2>
<x3>513</x3>
<y3>143</y3>
<x4>487</x4>
<y4>143</y4>
</bndbox>
</object>
<object>
<name>text</name>
<bndbox>
<x1>513</x1>
<y1>128</y1>
<x2>541</x2>
<y2>126</y2>
<x3>541</x3>
<y3>139</y3>
<x4>513</x4>
<y4>140</y4>
</bndbox>
</object>
<object>
<name>text</name>
<bndbox>
<x1>332</x1>
<y1>416</y1>
<x2>415</x2>
<y2>405</y2>
<x3>415</x3>
<y3>438</y3>
<x4>332</x4>
<y4>449</y4>
</bndbox>
</object>
<object>
<name>text</name>
<bndbox>
<x1>1032</x1>
<y1>100</y1>
<x2>1072</x2>
<y2>94</y2>
<x3>1072</x3>
<y3>112</y3>
<x4>1032</x4>
<y4>117</y4>
</bndbox>
</object>
</annotation>