<?xml version="1.0" ?>
<annotation>
<folder>JPEGImages</folder>
<filename>img_311.xml</filename>
<path>xxxx</path>
<source>
<database>Unknown</database>
<annotation>xxx</annotation>
<image>xxx</image>
<flickrid>0</flickrid>
</source>
<size>
<width>1280</width>
<height>720</height>
<depth>3</depth>
</size>
<segmented>0</segmented>
<object>
<name>text</name>
<bndbox>
<x1>166</x1>
<y1>36</y1>
<x2>286</x2>
<y2>48</y2>
<x3>286</x3>
<y3>85</y3>
<x4>165</x4>
<y4>73</y4>
</bndbox>
</object>
<object>
<name>text</name>
<bndbox>
<x1>72</x1>
<y1>240</y1>
<x2>245</x2>
<y2>235</y2>
<x3>246</x3>
<y3>266</y3>
<x4>73</x4>
<y4>271</y4>
</bndbox>
</object>
<object>
<name>text</name>
<bndbox>
<x1>159</x1>
<y1>264</y1>
<x2>330</x2>
<y2>267</y2>
<x3>331</x3>
<y3>305</y3>
<x4>160</x4>
<y4>302</y4>
</bndbox>
</object>
<object>
<name>text</name>
<bndbox>
<x1>685</x1>
<y1>112</y1>
<x2>772</x2>
<y2>119</y2>
<x3>772</x3>
<y3>142</y3>
<x4>684</x4>
<y4>135</y4>
</bndbox>
</object>
<object>
<name>text</name>
<bndbox>
<x1>606</x1>
<y1>232</y1>
<x2>681</x2>
<y2>231</y2>
<x3>682</x3>
<y3>256</y3>
<x4>607</x4>
<y4>258</y4>
</bndbox>
</object>
<object>
<name>text</name>
<bndbox>
<x1>648</x1>
<y1>253</y1>
<x2>717</x2>
<y2>257</y2>
<x3>716</x3>
<y3>280</y3>
<x4>647</x4>
<y4>277</y4>
</bndbox>
</object>
<object>
<name>text</name>
<bndbox>
<x1>643</x1>
<y1>276</y1>
<x2>708</x2>
<y2>275</y2>
<x3>709</x3>
<y3>291</y3>
<x4>644</x4>
<y4>292</y4>
</bndbox>
</object>
</annotation>