<?xml version="1.0" ?>
<annotation>
<folder>JPEGImages</folder>
<filename>img_110.xml</filename>
<path>xxxx</path>
<source>
<database>Unknown</database>
<annotation>xxx</annotation>
<image>xxx</image>
<flickrid>0</flickrid>
</source>
<size>
<width>1280</width>
<height>720</height>
<depth>3</depth>
</size>
<segmented>0</segmented>
<object>
<name>text</name>
<bndbox>
<x1>2</x1>
<y1>555</y1>
<x2>270</x2>
<y2>518</y2>
<x3>274</x3>
<y3>572</y3>
<x4>7</x4>
<y4>610</y4>
</bndbox>
</object>
<object>
<name>text</name>
<bndbox>
<x1>1106</x1>
<y1>406</y1>
<x2>1150</x2>
<y2>388</y2>
<x3>1174</x3>
<y3>463</y3>
<x4>1130</x4>
<y4>481</y4>
</bndbox>
</object>
<object>
<name>text</name>
<bndbox>
<x1>1061</x1>
<y1>387</y1>
<x2>1117</x2>
<y2>365</y2>
<x3>1136</x3>
<y3>385</y3>
<x4>1080</x4>
<y4>407</y4>
</bndbox>
</object>
</annotation>