<?xml version="1.0" ?>
<annotation>
<folder>JPEGImages</folder>
<filename>img_264.xml</filename>
<path>xxxx</path>
<source>
<database>Unknown</database>
<annotation>xxx</annotation>
<image>xxx</image>
<flickrid>0</flickrid>
</source>
<size>
<width>1280</width>
<height>720</height>
<depth>3</depth>
</size>
<segmented>0</segmented>
<object>
<name>text</name>
<bndbox>
<x1>993</x1>
<y1>543</y1>
<x2>1010</x2>
<y2>544</y2>
<x3>1013</x3>
<y3>561</y3>
<x4>996</x4>
<y4>560</y4>
</bndbox>
</object>
<object>
<name>text</name>
<bndbox>
<x1>1014</x1>
<y1>546</y1>
<x2>1067</x2>
<y2>548</y2>
<x3>1065</x3>
<y3>563</y3>
<x4>1012</x4>
<y4>561</y4>
</bndbox>
</object>
<object>
<name>text</name>
<bndbox>
<x1>971</x1>
<y1>317</y1>
<x2>1244</x2>
<y2>276</y2>
<x3>1257</x3>
<y3>337</y3>
<x4>984</x4>
<y4>379</y4>
</bndbox>
</object>
<object>
<name>text</name>
<bndbox>
<x1>886</x1>
<y1>391</y1>
<x2>967</x2>
<y2>381</y2>
<x3>975</x3>
<y3>421</y3>
<x4>895</x4>
<y4>431</y4>
</bndbox>
</object>
<object>
<name>text</name>
<bndbox>
<x1>973</x1>
<y1>379</y1>
<x2>1120</x2>
<y2>360</y2>
<x3>1129</x3>
<y3>404</y3>
<x4>982</x4>
<y4>424</y4>
</bndbox>
</object>
<object>
<name>text</name>
<bndbox>
<x1>942</x1>
<y1>347</y1>
<x2>977</x2>
<y2>343</y2>
<x3>984</x3>
<y3>380</y3>
<x4>949</x4>
<y4>384</y4>
</bndbox>
</object>
<object>
<name>text</name>
<bndbox>
<x1>1122</x1>
<y1>355</y1>
<x2>1266</x2>
<y2>335</y2>
<x3>1277</x3>
<y3>381</y3>
<x4>1133</x4>
<y4>401</y4>
</bndbox>
</object>
<object>
<name>text</name>
<bndbox>
<x1>871</x1>
<y1>345</y1>
<x2>934</x2>
<y2>333</y2>
<x3>941</x3>
<y3>383</y3>
<x4>878</x4>
<y4>394</y4>
</bndbox>
</object>
<object>
<name>text</name>
<bndbox>
<x1>951</x1>
<y1>447</y1>
<x2>996</x2>
<y2>447</y2>
<x3>997</x3>
<y3>462</y3>
<x4>952</x4>
<y4>462</y4>
</bndbox>
</object>
<object>
<name>text</name>
<bndbox>
<x1>996</x1>
<y1>446</y1>
<x2>1012</x2>
<y2>446</y2>
<x3>1011</x3>
<y3>460</y3>
<x4>995</x4>
<y4>460</y4>
</bndbox>
</object>
<object>
<name>text</name>
<bndbox>
<x1>1010</x1>
<y1>444</y1>
<x2>1045</x2>
<y2>444</y2>
<x3>1047</x3>
<y3>461</y3>
<x4>1011</x4>
<y4>461</y4>
</bndbox>
</object>
<object>
<name>text</name>
<bndbox>
<x1>1221</x1>
<y1>477</y1>
<x2>1234</x2>
<y2>476</y2>
<x3>1237</x3>
<y3>496</y3>
<x4>1225</x4>
<y4>497</y4>
</bndbox>
</object>
<object>
<name>text</name>
<bndbox>
<x1>1203</x1>
<y1>401</y1>
<x2>1255</x2>
<y2>397</y2>
<x3>1265</x3>
<y3>439</y3>
<x4>1212</x4>
<y4>443</y4>
</bndbox>
</object>
<object>
<name>text</name>
<bndbox>
<x1>1235</x1>
<y1>479</y1>
<x2>1274</x2>
<y2>474</y2>
<x3>1277</x3>
<y3>509</y3>
<x4>1238</x4>
<y4>513</y4>
</bndbox>
</object>
<object>
<name>text</name>
<bndbox>
<x1>897</x1>
<y1>473</y1>
<x2>917</x2>
<y2>476</y2>
<x3>917</x3>
<y3>492</y3>
<x4>897</x4>
<y4>489</y4>
</bndbox>
</object>
<object>
<name>text</name>
<bndbox>
<x1>918</x1>
<y1>477</y1>
<x2>930</x2>
<y2>477</y2>
<x3>930</x3>
<y3>492</y3>
<x4>918</x4>
<y4>492</y4>
</bndbox>
</object>
<object>
<name>text</name>
<bndbox>
<x1>928</x1>
<y1>474</y1>
<x2>967</x2>
<y2>475</y2>
<x3>969</x3>
<y3>494</y3>
<x4>930</x4>
<y4>493</y4>
</bndbox>
</object>
<object>
<name>text</name>
<bndbox>
<x1>968</x1>
<y1>475</y1>
<x2>1023</x2>
<y2>475</y2>
<x3>1024</x3>
<y3>494</y3>
<x4>969</x4>
<y4>494</y4>
</bndbox>
</object>
<object>
<name>text</name>
<bndbox>
<x1>1022</x1>
<y1>470</y1>
<x2>1048</x2>
<y2>469</y2>
<x3>1050</x3>
<y3>491</y3>
<x4>1024</x4>
<y4>492</y4>
</bndbox>
</object>
<object>
<name>text</name>
<bndbox>
<x1>1048</x1>
<y1>472</y1>
<x2>1129</x2>
<y2>473</y2>
<x3>1128</x3>
<y3>493</y3>
<x4>1047</x4>
<y4>492</y4>
</bndbox>
</object>
<object>
<name>text</name>
<bndbox>
<x1>903</x1>
<y1>493</y1>
<x2>924</x2>
<y2>497</y2>
<x3>922</x3>
<y3>513</y3>
<x4>902</x4>
<y4>509</y4>
</bndbox>
</object>
<object>
<name>text</name>
<bndbox>
<x1>924</x1>
<y1>499</y1>
<x2>935</x2>
<y2>498</y2>
<x3>935</x3>
<y3>513</y3>
<x4>924</x4>
<y4>513</y4>
</bndbox>
</object>
<object>
<name>text</name>
<bndbox>
<x1>935</x1>
<y1>497</y1>
<x2>957</x2>
<y2>496</y2>
<x3>957</x3>
<y3>511</y3>
<x4>935</x4>
<y4>512</y4>
</bndbox>
</object>
<object>
<name>text</name>
<bndbox>
<x1>954</x1>
<y1>494</y1>
<x2>1061</x2>
<y2>496</y2>
<x3>1062</x3>
<y3>517</y3>
<x4>955</x4>
<y4>515</y4>
</bndbox>
</object>
<object>
<name>text</name>
<bndbox>
<x1>1061</x1>
<y1>496</y1>
<x2>1130</x2>
<y2>496</y2>
<x3>1131</x3>
<y3>519</y3>
<x4>1062</x4>
<y4>519</y4>
</bndbox>
</object>
<object>
<name>text</name>
<bndbox>
<x1>915</x1>
<y1>516</y1>
<x2>964</x2>
<y2>517</y2>
<x3>964</x3>
<y3>537</y3>
<x4>915</x4>
<y4>536</y4>
</bndbox>
</object>
<object>
<name>text</name>
<bndbox>
<x1>964</x1>
<y1>516</y1>
<x2>1002</x2>
<y2>518</y2>
<x3>1002</x3>
<y3>539</y3>
<x4>964</x4>
<y4>537</y4>
</bndbox>
</object>
<object>
<name>text</name>
<bndbox>
<x1>1009</x1>
<y1>517</y1>
<x2>1060</x2>
<y2>520</y2>
<x3>1061</x3>
<y3>541</y3>
<x4>1010</x4>
<y4>538</y4>
</bndbox>
</object>
<object>
<name>text</name>
<bndbox>
<x1>1060</x1>
<y1>522</y1>
<x2>1108</x2>
<y2>521</y2>
<x3>1108</x3>
<y3>540</y3>
<x4>1060</x4>
<y4>541</y4>
</bndbox>
</object>
<object>
<name>text</name>
<bndbox>
<x1>964</x1>
<y1>544</y1>
<x2>996</x2>
<y2>546</y2>
<x3>997</x3>
<y3>558</y3>
<x4>965</x4>
<y4>556</y4>
</bndbox>
</object>
<object>
<name>text</name>
<bndbox>
<x1>927</x1>
<y1>556</y1>
<x2>994</x2>
<y2>560</y2>
<x3>993</x3>
<y3>575</y3>
<x4>927</x4>
<y4>571</y4>
</bndbox>
</object>
<object>
<name>text</name>
<bndbox>
<x1>992</x1>
<y1>560</y1>
<x2>1011</x2>
<y2>561</y2>
<x3>1010</x3>
<y3>577</y3>
<x4>991</x4>
<y4>575</y4>
</bndbox>
</object>
<object>
<name>text</name>
<bndbox>
<x1>1008</x1>
<y1>561</y1>
<x2>1028</x2>
<y2>560</y2>
<x3>1027</x3>
<y3>575</y3>
<x4>1007</x4>
<y4>576</y4>
</bndbox>
</object>
<object>
<name>text</name>
<bndbox>
<x1>1024</x1>
<y1>562</y1>
<x2>1076</x2>
<y2>565</y2>
<x3>1074</x3>
<y3>581</y3>
<x4>1022</x4>
<y4>578</y4>
</bndbox>
</object>
<object>
<name>text</name>
<bndbox>
<x1>1073</x1>
<y1>562</y1>
<x2>1110</x2>
<y2>565</y2>
<x3>1110</x3>
<y3>582</y3>
<x4>1072</x4>
<y4>580</y4>
</bndbox>
</object>
<object>
<name>text</name>
<bndbox>
<x1>902</x1>
<y1>583</y1>
<x2>926</x2>
<y2>585</y2>
<x3>926</x3>
<y3>600</y3>
<x4>902</x4>
<y4>598</y4>
</bndbox>
</object>
<object>
<name>text</name>
<bndbox>
<x1>926</x1>
<y1>586</y1>
<x2>941</x2>
<y2>588</y2>
<x3>941</x3>
<y3>600</y3>
<x4>926</x4>
<y4>598</y4>
</bndbox>
</object>
<object>
<name>text</name>
<bndbox>
<x1>940</x1>
<y1>586</y1>
<x2>969</x2>
<y2>587</y2>
<x3>969</x3>
<y3>602</y3>
<x4>940</x4>
<y4>601</y4>
</bndbox>
</object>
<object>
<name>text</name>
<bndbox>
<x1>993</x1>
<y1>606</y1>
<x2>1062</x2>
<y2>614</y2>
<x3>1063</x3>
<y3>629</y3>
<x4>994</x4>
<y4>622</y4>
</bndbox>
</object>
<object>
<name>text</name>
<bndbox>
<x1>1061</x1>
<y1>616</y1>
<x2>1092</x2>
<y2>618</y2>
<x3>1091</x3>
<y3>631</y3>
<x4>1060</x4>
<y4>630</y4>
</bndbox>
</object>
<object>
<name>text</name>
<bndbox>
<x1>1092</x1>
<y1>613</y1>
<x2>1190</x2>
<y2>622</y2>
<x3>1190</x3>
<y3>642</y3>
<x4>1093</x4>
<y4>633</y4>
</bndbox>
</object>
<object>
<name>text</name>
<bndbox>
<x1>1190</x1>
<y1>622</y1>
<x2>1238</x2>
<y2>627</y2>
<x3>1236</x3>
<y3>646</y3>
<x4>1189</x4>
<y4>642</y4>
</bndbox>
</object>
<object>
<name>text</name>
<bndbox>
<x1>912</x1>
<y1>676</y1>
<x2>949</x2>
<y2>680</y2>
<x3>948</x3>
<y3>695</y3>
<x4>911</x4>
<y4>690</y4>
</bndbox>
</object>
<object>
<name>text</name>
<bndbox>
<x1>948</x1>
<y1>682</y1>
<x2>975</x2>
<y2>688</y2>
<x3>972</x3>
<y3>701</y3>
<x4>945</x4>
<y4>695</y4>
</bndbox>
</object>
<object>
<name>text</name>
<bndbox>
<x1>973</x1>
<y1>684</y1>
<x2>1030</x2>
<y2>692</y2>
<x3>1029</x3>
<y3>708</y3>
<x4>973</x4>
<y4>700</y4>
</bndbox>
</object>
<object>
<name>text</name>
<bndbox>
<x1>1222</x1>
<y1>660</y1>
<x2>1247</x2>
<y2>664</y2>
<x3>1246</x3>
<y3>681</y3>
<x4>1222</x4>
<y4>678</y4>
</bndbox>
</object>
<object>
<name>text</name>
<bndbox>
<x1>1247</x1>
<y1>665</y1>
<x2>1279</x2>
<y2>669</y2>
<x3>1277</x3>
<y3>685</y3>
<x4>1245</x4>
<y4>681</y4>
</bndbox>
</object>
<object>
<name>text</name>
<bndbox>
<x1>978</x1>
<y1>635</y1>
<x2>996</x2>
<y2>637</y2>
<x3>996</x3>
<y3>650</y3>
<x4>978</x4>
<y4>648</y4>
</bndbox>
</object>
<object>
<name>text</name>
<bndbox>
<x1>994</x1>
<y1>639</y1>
<x2>1016</x2>
<y2>639</y2>
<x3>1015</x3>
<y3>652</y3>
<x4>994</x4>
<y4>652</y4>
</bndbox>
</object>
<object>
<name>text</name>
<bndbox>
<x1>1013</x1>
<y1>639</y1>
<x2>1032</x2>
<y2>641</y2>
<x3>1032</x3>
<y3>654</y3>
<x4>1013</x4>
<y4>652</y4>
</bndbox>
</object>
<object>
<name>text</name>
<bndbox>
<x1>1031</x1>
<y1>640</y1>
<x2>1047</x2>
<y2>642</y2>
<x3>1046</x3>
<y3>656</y3>
<x4>1029</x4>
<y4>655</y4>
</bndbox>
</object>
<object>
<name>text</name>
<bndbox>
<x1>1048</x1>
<y1>642</y1>
<x2>1066</x2>
<y2>644</y2>
<x3>1066</x3>
<y3>657</y3>
<x4>1048</x4>
<y4>655</y4>
</bndbox>
</object>
<object>
<name>text</name>
<bndbox>
<x1>979</x1>
<y1>649</y1>
<x2>991</x2>
<y2>651</y2>
<x3>989</x3>
<y3>664</y3>
<x4>978</x4>
<y4>662</y4>
</bndbox>
</object>
<object>
<name>text</name>
<bndbox>
<x1>991</x1>
<y1>652</y1>
<x2>1016</x2>
<y2>655</y2>
<x3>1015</x3>
<y3>668</y3>
<x4>990</x4>
<y4>664</y4>
</bndbox>
</object>
<object>
<name>text</name>
<bndbox>
<x1>1016</x1>
<y1>653</y1>
<x2>1032</x2>
<y2>655</y2>
<x3>1032</x3>
<y3>671</y3>
<x4>1015</x4>
<y4>669</y4>
</bndbox>
</object>
<object>
<name>text</name>
<bndbox>
<x1>1030</x1>
<y1>655</y1>
<x2>1060</x2>
<y2>659</y2>
<x3>1058</x3>
<y3>674</y3>
<x4>1028</x4>
<y4>670</y4>
</bndbox>
</object>
<object>
<name>text</name>
<bndbox>
<x1>1216</x1>
<y1>458</y1>
<x2>1275</x2>
<y2>454</y2>
<x3>1278</x3>
<y3>466</y3>
<x4>1218</x4>
<y4>470</y4>
</bndbox>
</object>
<object>
<name>text</name>
<bndbox>
<x1>1224</x1>
<y1>678</y1>
<x2>1277</x2>
<y2>688</y2>
<x3>1278</x3>
<y3>705</y3>
<x4>1225</x4>
<y4>695</y4>
</bndbox>
</object>
<object>
<name>text</name>
<bndbox>
<x1>1215</x1>
<y1>441</y1>
<x2>1265</x2>
<y2>441</y2>
<x3>1265</x3>
<y3>448</y3>
<x4>1216</x4>
<y4>449</y4>
</bndbox>
</object>
</annotation>