<?xml version="1.0" ?>
<annotation>
<folder>JPEGImages</folder>
<filename>img_11.xml</filename>
<path>xxxx</path>
<source>
<database>Unknown</database>
<annotation>xxx</annotation>
<image>xxx</image>
<flickrid>0</flickrid>
</source>
<size>
<width>1280</width>
<height>720</height>
<depth>3</depth>
</size>
<segmented>0</segmented>
<object>
<name>text</name>
<bndbox>
<x1>367</x1>
<y1>87</y1>
<x2>426</x2>
<y2>86</y2>
<x3>433</x3>
<y3>140</y3>
<x4>375</x4>
<y4>141</y4>
</bndbox>
</object>
<object>
<name>text</name>
<bndbox>
<x1>381</x1>
<y1>212</y1>
<x2>431</x2>
<y2>217</y2>
<x3>434</x3>
<y3>240</y3>
<x4>384</x4>
<y4>236</y4>
</bndbox>
</object>
<object>
<name>text</name>
<bndbox>
<x1>386</x1>
<y1>261</y1>
<x2>447</x2>
<y2>265</y2>
<x3>450</x3>
<y3>287</y3>
<x4>389</x4>
<y4>283</y4>
</bndbox>
</object>
<object>
<name>text</name>
<bndbox>
<x1>393</x1>
<y1>286</y1>
<x2>446</x2>
<y2>291</y2>
<x3>447</x3>
<y3>311</y3>
<x4>393</x4>
<y4>306</y4>
</bndbox>
</object>
<object>
<name>text</name>
<bndbox>
<x1>446</x1>
<y1>328</y1>
<x2>490</x2>
<y2>334</y2>
<x3>491</x3>
<y3>360</y3>
<x4>447</x4>
<y4>355</y4>
</bndbox>
</object>
<object>
<name>text</name>
<bndbox>
<x1>398</x1>
<y1>368</y1>
<x2>457</x2>
<y2>375</y2>
<x3>458</x3>
<y3>398</y3>
<x4>399</x4>
<y4>391</y4>
</bndbox>
</object>
<object>
<name>text</name>
<bndbox>
<x1>459</x1>
<y1>375</y1>
<x2>502</x2>
<y2>380</y2>
<x3>502</x3>
<y3>398</y3>
<x4>459</x4>
<y4>394</y4>
</bndbox>
</object>
<object>
<name>text</name>
<bndbox>
<x1>394</x1>
<y1>325</y1>
<x2>445</x2>
<y2>328</y2>
<x3>445</x3>
<y3>357</y3>
<x4>399</x4>
<y4>353</y4>
</bndbox>
</object>
</annotation>