<?xml version="1.0" ?>
<annotation>
<folder>JPEGImages</folder>
<filename>img_509.xml</filename>
<path>xxxx</path>
<source>
<database>Unknown</database>
<annotation>xxx</annotation>
<image>xxx</image>
<flickrid>0</flickrid>
</source>
<size>
<width>1280</width>
<height>720</height>
<depth>3</depth>
</size>
<segmented>0</segmented>
<object>
<name>text</name>
<bndbox>
<x1>231</x1>
<y1>385</y1>
<x2>270</x2>
<y2>394</y2>
<x3>268</x3>
<y3>456</y3>
<x4>230</x4>
<y4>448</y4>
</bndbox>
</object>
<object>
<name>text</name>
<bndbox>
<x1>273</x1>
<y1>186</y1>
<x2>321</x2>
<y2>179</y2>
<x3>322</x3>
<y3>208</y3>
<x4>275</x4>
<y4>215</y4>
</bndbox>
</object>
<object>
<name>text</name>
<bndbox>
<x1>757</x1>
<y1>458</y1>
<x2>830</x2>
<y2>445</y2>
<x3>831</x3>
<y3>475</y3>
<x4>758</x4>
<y4>488</y4>
</bndbox>
</object>
<object>
<name>text</name>
<bndbox>
<x1>841</x1>
<y1>241</y1>
<x2>922</x2>
<y2>238</y2>
<x3>922</x3>
<y3>255</y3>
<x4>841</x4>
<y4>259</y4>
</bndbox>
</object>
<object>
<name>text</name>
<bndbox>
<x1>203</x1>
<y1>376</y1>
<x2>230</x2>
<y2>386</y2>
<x3>221</x3>
<y3>485</y3>
<x4>195</x4>
<y4>475</y4>
</bndbox>
</object>
<object>
<name>text</name>
<bndbox>
<x1>667</x1>
<y1>203</y1>
<x2>776</x2>
<y2>214</y2>
<x3>773</x3>
<y3>239</y3>
<x4>665</x4>
<y4>228</y4>
</bndbox>
</object>
<object>
<name>text</name>
<bndbox>
<x1>452</x1>
<y1>435</y1>
<x2>572</x2>
<y2>418</y2>
<x3>576</x3>
<y3>444</y3>
<x4>456</x4>
<y4>461</y4>
</bndbox>
</object>
<object>
<name>text</name>
<bndbox>
<x1>66</x1>
<y1>225</y1>
<x2>128</x2>
<y2>226</y2>
<x3>130</x3>
<y3>244</y3>
<x4>67</x4>
<y4>243</y4>
</bndbox>
</object>
<object>
<name>text</name>
<bndbox>
<x1>592</x1>
<y1>235</y1>
<x2>621</x2>
<y2>238</y2>
<x3>621</x3>
<y3>254</y3>
<x4>592</x4>
<y4>251</y4>
</bndbox>
</object>
<object>
<name>text</name>
<bndbox>
<x1>593</x1>
<y1>246</y1>
<x2>622</x2>
<y2>249</y2>
<x3>622</x3>
<y3>264</y3>
<x4>593</x4>
<y4>261</y4>
</bndbox>
</object>
<object>
<name>text</name>
<bndbox>
<x1>1156</x1>
<y1>483</y1>
<x2>1193</x2>
<y2>489</y2>
<x3>1187</x3>
<y3>511</y3>
<x4>1150</x4>
<y4>505</y4>
</bndbox>
</object>
<object>
<name>text</name>
<bndbox>
<x1>680</x1>
<y1>306</y1>
<x2>725</x2>
<y2>306</y2>
<x3>725</x3>
<y3>338</y3>
<x4>680</x4>
<y4>338</y4>
</bndbox>
</object>
<object>
<name>text</name>
<bndbox>
<x1>1167</x1>
<y1>414</y1>
<x2>1194</x2>
<y2>417</y2>
<x3>1193</x3>
<y3>428</y3>
<x4>1167</x4>
<y4>426</y4>
</bndbox>
</object>
<object>
<name>text</name>
<bndbox>
<x1>681</x1>
<y1>1</y1>
<x2>908</x2>
<y2>1</y2>
<x3>909</x3>
<y3>68</y3>
<x4>682</x4>
<y4>112</y4>
</bndbox>
</object>
<object>
<name>text</name>
<bndbox>
<x1>461</x1>
<y1>506</y1>
<x2>557</x2>
<y2>492</y2>
<x3>563</x3>
<y3>517</y3>
<x4>460</x4>
<y4>531</y4>
</bndbox>
</object>
</annotation>