<?xml version="1.0" ?>
<annotation>
<folder>JPEGImages</folder>
<filename>img_140.xml</filename>
<path>xxxx</path>
<source>
<database>Unknown</database>
<annotation>xxx</annotation>
<image>xxx</image>
<flickrid>0</flickrid>
</source>
<size>
<width>1280</width>
<height>720</height>
<depth>3</depth>
</size>
<segmented>0</segmented>
<object>
<name>text</name>
<bndbox>
<x1>72</x1>
<y1>291</y1>
<x2>105</x2>
<y2>284</y2>
<x3>113</x3>
<y3>318</y3>
<x4>80</x4>
<y4>324</y4>
</bndbox>
</object>
<object>
<name>text</name>
<bndbox>
<x1>89</x1>
<y1>348</y1>
<x2>114</x2>
<y2>341</y2>
<x3>121</x3>
<y3>373</y3>
<x4>96</x4>
<y4>380</y4>
</bndbox>
</object>
<object>
<name>text</name>
<bndbox>
<x1>126</x1>
<y1>282</y1>
<x2>135</x2>
<y2>279</y2>
<x3>138</x3>
<y3>294</y3>
<x4>129</x4>
<y4>296</y4>
</bndbox>
</object>
<object>
<name>text</name>
<bndbox>
<x1>141</x1>
<y1>277</y1>
<x2>156</x2>
<y2>274</y2>
<x3>160</x3>
<y3>287</y3>
<x4>145</x4>
<y4>291</y4>
</bndbox>
</object>
<object>
<name>text</name>
<bndbox>
<x1>159</x1>
<y1>274</y1>
<x2>209</x2>
<y2>263</y2>
<x3>213</x3>
<y3>274</y3>
<x4>163</x4>
<y4>285</y4>
</bndbox>
</object>
<object>
<name>text</name>
<bndbox>
<x1>212</x1>
<y1>261</y1>
<x2>253</x2>
<y2>253</y2>
<x3>256</x3>
<y3>265</y3>
<x4>215</x4>
<y4>273</y4>
</bndbox>
</object>
<object>
<name>text</name>
<bndbox>
<x1>258</x1>
<y1>253</y1>
<x2>285</x2>
<y2>249</y2>
<x3>287</x3>
<y3>257</y3>
<x4>258</x4>
<y4>264</y4>
</bndbox>
</object>
<object>
<name>text</name>
<bndbox>
<x1>194</x1>
<y1>300</y1>
<x2>260</x2>
<y2>285</y2>
<x3>264</x3>
<y3>295</y3>
<x4>198</x4>
<y4>310</y4>
</bndbox>
</object>
<object>
<name>text</name>
<bndbox>
<x1>180</x1>
<y1>253</y1>
<x2>258</x2>
<y2>238</y2>
<x3>261</x3>
<y3>248</y3>
<x4>183</x4>
<y4>262</y4>
</bndbox>
</object>
<object>
<name>text</name>
<bndbox>
<x1>135</x1>
<y1>332</y1>
<x2>146</x2>
<y2>329</y2>
<x3>149</x3>
<y3>343</y3>
<x4>139</x4>
<y4>346</y4>
</bndbox>
</object>
<object>
<name>text</name>
<bndbox>
<x1>138</x1>
<y1>353</y1>
<x2>149</x2>
<y2>348</y2>
<x3>154</x3>
<y3>363</y3>
<x4>143</x4>
<y4>368</y4>
</bndbox>
</object>
<object>
<name>text</name>
<bndbox>
<x1>151</x1>
<y1>327</y1>
<x2>166</x2>
<y2>324</y2>
<x3>170</x3>
<y3>337</y3>
<x4>156</x4>
<y4>340</y4>
</bndbox>
</object>
<object>
<name>text</name>
<bndbox>
<x1>156</x1>
<y1>347</y1>
<x2>171</x2>
<y2>344</y2>
<x3>174</x3>
<y3>357</y3>
<x4>159</x4>
<y4>360</y4>
</bndbox>
</object>
<object>
<name>text</name>
<bndbox>
<x1>170</x1>
<y1>322</y1>
<x2>205</x2>
<y2>313</y2>
<x3>209</x3>
<y3>327</y3>
<x4>174</x4>
<y4>336</y4>
</bndbox>
</object>
<object>
<name>text</name>
<bndbox>
<x1>209</x1>
<y1>314</y1>
<x2>233</x2>
<y2>308</y2>
<x3>236</x3>
<y3>322</y3>
<x4>212</x4>
<y4>327</y4>
</bndbox>
</object>
<object>
<name>text</name>
<bndbox>
<x1>173</x1>
<y1>342</y1>
<x2>224</x2>
<y2>330</y2>
<x3>229</x3>
<y3>344</y3>
<x4>178</x4>
<y4>357</y4>
</bndbox>
</object>
<object>
<name>text</name>
<bndbox>
<x1>228</x1>
<y1>329</y1>
<x2>280</x2>
<y2>318</y2>
<x3>281</x3>
<y3>333</y3>
<x4>229</x4>
<y4>344</y4>
</bndbox>
</object>
<object>
<name>text</name>
<bndbox>
<x1>293</x1>
<y1>308</y1>
<x2>322</x2>
<y2>302</y2>
<x3>322</x3>
<y3>308</y3>
<x4>294</x4>
<y4>314</y4>
</bndbox>
</object>
<object>
<name>text</name>
<bndbox>
<x1>302</x1>
<y1>313</y1>
<x2>317</x2>
<y2>310</y2>
<x3>318</x3>
<y3>315</y3>
<x4>303</x4>
<y4>319</y4>
</bndbox>
</object>
<object>
<name>text</name>
<bndbox>
<x1>317</x1>
<y1>309</y1>
<x2>334</x2>
<y2>305</y2>
<x3>336</x3>
<y3>310</y3>
<x4>319</x4>
<y4>314</y4>
</bndbox>
</object>
<object>
<name>text</name>
<bndbox>
<x1>303</x1>
<y1>319</y1>
<x2>332</x2>
<y2>311</y2>
<x3>333</x3>
<y3>317</y3>
<x4>304</x4>
<y4>324</y4>
</bndbox>
</object>
<object>
<name>text</name>
<bndbox>
<x1>141</x1>
<y1>370</y1>
<x2>157</x2>
<y2>365</y2>
<x3>158</x3>
<y3>371</y3>
<x4>142</x4>
<y4>375</y4>
</bndbox>
</object>
<object>
<name>text</name>
<bndbox>
<x1>162</x1>
<y1>365</y1>
<x2>175</x2>
<y2>361</y2>
<x3>177</x3>
<y3>366</y3>
<x4>164</x4>
<y4>370</y4>
</bndbox>
</object>
<object>
<name>text</name>
<bndbox>
<x1>182</x1>
<y1>360</y1>
<x2>199</x2>
<y2>355</y2>
<x3>199</x3>
<y3>361</y3>
<x4>183</x4>
<y4>365</y4>
</bndbox>
</object>
<object>
<name>text</name>
<bndbox>
<x1>199</x1>
<y1>354</y1>
<x2>205</x2>
<y2>352</y2>
<x3>205</x3>
<y3>359</y3>
<x4>199</x4>
<y4>361</y4>
</bndbox>
</object>
<object>
<name>text</name>
<bndbox>
<x1>207</x1>
<y1>352</y1>
<x2>222</x2>
<y2>349</y2>
<x3>222</x3>
<y3>355</y3>
<x4>208</x4>
<y4>359</y4>
</bndbox>
</object>
<object>
<name>text</name>
<bndbox>
<x1>225</x1>
<y1>348</y1>
<x2>240</x2>
<y2>344</y2>
<x3>241</x3>
<y3>350</y3>
<x4>226</x4>
<y4>354</y4>
</bndbox>
</object>
<object>
<name>text</name>
<bndbox>
<x1>242</x1>
<y1>344</y1>
<x2>260</x2>
<y2>340</y2>
<x3>260</x3>
<y3>346</y3>
<x4>243</x4>
<y4>349</y4>
</bndbox>
</object>
<object>
<name>text</name>
<bndbox>
<x1>263</x1>
<y1>339</y1>
<x2>272</x2>
<y2>337</y2>
<x3>272</x3>
<y3>341</y3>
<x4>263</x4>
<y4>344</y4>
</bndbox>
</object>
<object>
<name>text</name>
<bndbox>
<x1>273</x1>
<y1>335</y1>
<x2>292</x2>
<y2>331</y2>
<x3>291</x3>
<y3>337</y3>
<x4>272</x4>
<y4>342</y4>
</bndbox>
</object>
<object>
<name>text</name>
<bndbox>
<x1>294</x1>
<y1>330</y1>
<x2>312</x2>
<y2>326</y2>
<x3>311</x3>
<y3>333</y3>
<x4>293</x4>
<y4>337</y4>
</bndbox>
</object>
<object>
<name>text</name>
<bndbox>
<x1>313</x1>
<y1>325</y1>
<x2>340</x2>
<y2>318</y2>
<x3>341</x3>
<y3>324</y3>
<x4>314</x4>
<y4>331</y4>
</bndbox>
</object>
</annotation>