<?xml version="1.0" ?>
<annotation>
<folder>JPEGImages</folder>
<filename>img_418.xml</filename>
<path>xxxx</path>
<source>
<database>Unknown</database>
<annotation>xxx</annotation>
<image>xxx</image>
<flickrid>0</flickrid>
</source>
<size>
<width>1280</width>
<height>720</height>
<depth>3</depth>
</size>
<segmented>0</segmented>
<object>
<name>text</name>
<bndbox>
<x1>642</x1>
<y1>92</y1>
<x2>653</x2>
<y2>91</y2>
<x3>653</x3>
<y3>105</y3>
<x4>642</x4>
<y4>106</y4>
</bndbox>
</object>
<object>
<name>text</name>
<bndbox>
<x1>622</x1>
<y1>109</y1>
<x2>647</x2>
<y2>109</y2>
<x3>647</x3>
<y3>122</y3>
<x4>622</x4>
<y4>122</y4>
</bndbox>
</object>
<object>
<name>text</name>
<bndbox>
<x1>916</x1>
<y1>135</y1>
<x2>970</x2>
<y2>139</y2>
<x3>967</x3>
<y3>177</y3>
<x4>912</x4>
<y4>173</y4>
</bndbox>
</object>
<object>
<name>text</name>
<bndbox>
<x1>1050</x1>
<y1>139</y1>
<x2>1093</x2>
<y2>138</y2>
<x3>1093</x3>
<y3>160</y3>
<x4>1050</x4>
<y4>161</y4>
</bndbox>
</object>
<object>
<name>text</name>
<bndbox>
<x1>1093</x1>
<y1>137</y1>
<x2>1131</x2>
<y2>137</y2>
<x3>1131</x3>
<y3>160</y3>
<x4>1093</x4>
<y4>160</y4>
</bndbox>
</object>
<object>
<name>text</name>
<bndbox>
<x1>844</x1>
<y1>141</y1>
<x2>917</x2>
<y2>141</y2>
<x3>914</x3>
<y3>175</y3>
<x4>841</x4>
<y4>175</y4>
</bndbox>
</object>
<object>
<name>text</name>
<bndbox>
<x1>522</x1>
<y1>101</y1>
<x2>551</x2>
<y2>101</y2>
<x3>551</x3>
<y3>115</y3>
<x4>522</x4>
<y4>115</y4>
</bndbox>
</object>
<object>
<name>text</name>
<bndbox>
<x1>552</x1>
<y1>100</y1>
<x2>563</x2>
<y2>100</y2>
<x3>563</x3>
<y3>114</y3>
<x4>552</x4>
<y4>114</y4>
</bndbox>
</object>
<object>
<name>text</name>
<bndbox>
<x1>564</x1>
<y1>101</y1>
<x2>591</x2>
<y2>101</y2>
<x3>591</x3>
<y3>114</y3>
<x4>564</x4>
<y4>113</y4>
</bndbox>
</object>
<object>
<name>text</name>
<bndbox>
<x1>949</x1>
<y1>46</y1>
<x2>1087</x2>
<y2>44</y2>
<x3>1084</x3>
<y3>78</y3>
<x4>946</x4>
<y4>80</y4>
</bndbox>
</object>
<object>
<name>text</name>
<bndbox>
<x1>615</x1>
<y1>92</y1>
<x2>641</x2>
<y2>92</y2>
<x3>642</x3>
<y3>106</y3>
<x4>615</x4>
<y4>106</y4>
</bndbox>
</object>
<object>
<name>text</name>
<bndbox>
<x1>678</x1>
<y1>99</y1>
<x2>707</x2>
<y2>99</y2>
<x3>707</x3>
<y3>113</y3>
<x4>678</x4>
<y4>113</y4>
</bndbox>
</object>
<object>
<name>text</name>
<bndbox>
<x1>706</x1>
<y1>99</y1>
<x2>716</x2>
<y2>99</y2>
<x3>716</x3>
<y3>112</y3>
<x4>706</x4>
<y4>112</y4>
</bndbox>
</object>
<object>
<name>text</name>
<bndbox>
<x1>715</x1>
<y1>99</y1>
<x2>742</x2>
<y2>98</y2>
<x3>742</x3>
<y3>112</y3>
<x4>715</x4>
<y4>112</y4>
</bndbox>
</object>
<object>
<name>text</name>
<bndbox>
<x1>775</x1>
<y1>98</y1>
<x2>802</x2>
<y2>98</y2>
<x3>802</x3>
<y3>112</y3>
<x4>775</x4>
<y4>112</y4>
</bndbox>
</object>
<object>
<name>text</name>
<bndbox>
<x1>801</x1>
<y1>97</y1>
<x2>812</x2>
<y2>97</y2>
<x3>812</x3>
<y3>112</y3>
<x4>801</x4>
<y4>111</y4>
</bndbox>
</object>
<object>
<name>text</name>
<bndbox>
<x1>812</x1>
<y1>96</y1>
<x2>838</x2>
<y2>95</y2>
<x3>838</x3>
<y3>111</y3>
<x4>812</x4>
<y4>112</y4>
</bndbox>
</object>
<object>
<name>text</name>
<bndbox>
<x1>370</x1>
<y1>69</y1>
<x2>397</x2>
<y2>69</y2>
<x3>397</x3>
<y3>87</y3>
<x4>371</x4>
<y4>87</y4>
</bndbox>
</object>
<object>
<name>text</name>
<bndbox>
<x1>699</x1>
<y1>153</y1>
<x2>724</x2>
<y2>153</y2>
<x3>723</x3>
<y3>171</y3>
<x4>698</x4>
<y4>172</y4>
</bndbox>
</object>
<object>
<name>text</name>
<bndbox>
<x1>725</x1>
<y1>152</y1>
<x2>742</x2>
<y2>151</y2>
<x3>740</x3>
<y3>172</y3>
<x4>723</x4>
<y4>173</y4>
</bndbox>
</object>
<object>
<name>text</name>
<bndbox>
<x1>51</x1>
<y1>495</y1>
<x2>134</x2>
<y2>464</y2>
<x3>136</x3>
<y3>495</y3>
<x4>53</x4>
<y4>526</y4>
</bndbox>
</object>
</annotation>