<?xml version="1.0" ?>
<annotation>
<folder>JPEGImages</folder>
<filename>img_296.xml</filename>
<path>xxxx</path>
<source>
<database>Unknown</database>
<annotation>xxx</annotation>
<image>xxx</image>
<flickrid>0</flickrid>
</source>
<size>
<width>1280</width>
<height>720</height>
<depth>3</depth>
</size>
<segmented>0</segmented>
<object>
<name>text</name>
<bndbox>
<x1>1112</x1>
<y1>195</y1>
<x2>1141</x2>
<y2>194</y2>
<x3>1141</x3>
<y3>210</y3>
<x4>1113</x4>
<y4>212</y4>
</bndbox>
</object>
<object>
<name>text</name>
<bndbox>
<x1>1099</x1>
<y1>227</y1>
<x2>1157</x2>
<y2>224</y2>
<x3>1157</x3>
<y3>237</y3>
<x4>1099</x4>
<y4>240</y4>
</bndbox>
</object>
<object>
<name>text</name>
<bndbox>
<x1>474</x1>
<y1>227</y1>
<x2>531</x2>
<y2>221</y2>
<x3>534</x3>
<y3>242</y3>
<x4>477</x4>
<y4>248</y4>
</bndbox>
</object>
<object>
<name>text</name>
<bndbox>
<x1>532</x1>
<y1>222</y1>
<x2>554</x2>
<y2>220</y2>
<x3>554</x3>
<y3>240</y3>
<x4>532</x4>
<y4>241</y4>
</bndbox>
</object>
<object>
<name>text</name>
<bndbox>
<x1>553</x1>
<y1>220</y1>
<x2>609</x2>
<y2>216</y2>
<x3>610</x3>
<y3>237</y3>
<x4>555</x4>
<y4>241</y4>
</bndbox>
</object>
<object>
<name>text</name>
<bndbox>
<x1>353</x1>
<y1>236</y1>
<x2>459</x2>
<y2>226</y2>
<x3>457</x3>
<y3>253</y3>
<x4>351</x4>
<y4>263</y4>
</bndbox>
</object>
<object>
<name>text</name>
<bndbox>
<x1>609</x1>
<y1>151</y1>
<x2>638</x2>
<y2>149</y2>
<x3>639</x3>
<y3>161</y3>
<x4>610</x4>
<y4>163</y4>
</bndbox>
</object>
<object>
<name>text</name>
<bndbox>
<x1>1187</x1>
<y1>168</y1>
<x2>1202</x2>
<y2>169</y2>
<x3>1212</x3>
<y3>354</y3>
<x4>1197</x4>
<y4>353</y4>
</bndbox>
</object>
<object>
<name>text</name>
<bndbox>
<x1>354</x1>
<y1>368</y1>
<x2>531</x2>
<y2>356</y2>
<x3>539</x3>
<y3>419</y3>
<x4>362</x4>
<y4>431</y4>
</bndbox>
</object>
<object>
<name>text</name>
<bndbox>
<x1>613</x1>
<y1>240</y1>
<x2>730</x2>
<y2>236</y2>
<x3>730</x3>
<y3>245</y3>
<x4>613</x4>
<y4>250</y4>
</bndbox>
</object>
<object>
<name>text</name>
<bndbox>
<x1>1110</x1>
<y1>238</y1>
<x2>1147</x2>
<y2>237</y2>
<x3>1147</x3>
<y3>248</y3>
<x4>1111</x4>
<y4>249</y4>
</bndbox>
</object>
<object>
<name>text</name>
<bndbox>
<x1>79</x1>
<y1>114</y1>
<x2>128</x2>
<y2>114</y2>
<x3>130</x3>
<y3>150</y3>
<x4>81</x4>
<y4>149</y4>
</bndbox>
</object>
<object>
<name>text</name>
<bndbox>
<x1>1104</x1>
<y1>17</y1>
<x2>1231</x2>
<y2>1</y2>
<x3>1233</x3>
<y3>24</y3>
<x4>1106</x4>
<y4>41</y4>
</bndbox>
</object>
<object>
<name>text</name>
<bndbox>
<x1>1</x1>
<y1>115</y1>
<x2>81</x2>
<y2>109</y2>
<x3>81</x3>
<y3>144</y3>
<x4>1</x4>
<y4>150</y4>
</bndbox>
</object>
<object>
<name>text</name>
<bndbox>
<x1>1094</x1>
<y1>469</y1>
<x2>1165</x2>
<y2>478</y2>
<x3>1165</x3>
<y3>497</y3>
<x4>1095</x4>
<y4>487</y4>
</bndbox>
</object>
<object>
<name>text</name>
<bndbox>
<x1>1070</x1>
<y1>436</y1>
<x2>1086</x2>
<y2>438</y2>
<x3>1086</x3>
<y3>512</y3>
<x4>1070</x4>
<y4>510</y4>
</bndbox>
</object>
<object>
<name>text</name>
<bndbox>
<x1>612</x1>
<y1>251</y1>
<x2>731</x2>
<y2>244</y2>
<x3>732</x3>
<y3>252</y3>
<x4>613</x4>
<y4>259</y4>
</bndbox>
</object>
<object>
<name>text</name>
<bndbox>
<x1>637</x1>
<y1>260</y1>
<x2>709</x2>
<y2>255</y2>
<x3>713</x3>
<y3>323</y3>
<x4>641</x4>
<y4>327</y4>
</bndbox>
</object>
<object>
<name>text</name>
<bndbox>
<x1>650</x1>
<y1>159</y1>
<x2>664</x2>
<y2>158</y2>
<x3>664</x3>
<y3>165</y3>
<x4>650</x4>
<y4>166</y4>
</bndbox>
</object>
<object>
<name>text</name>
<bndbox>
<x1>622</x1>
<y1>419</y1>
<x2>739</x2>
<y2>424</y2>
<x3>738</x3>
<y3>451</y3>
<x4>620</x4>
<y4>447</y4>
</bndbox>
</object>
</annotation>