<?xml version="1.0" ?>
<annotation>
<folder>JPEGImages</folder>
<filename>img_376.xml</filename>
<path>xxxx</path>
<source>
<database>Unknown</database>
<annotation>xxx</annotation>
<image>xxx</image>
<flickrid>0</flickrid>
</source>
<size>
<width>1280</width>
<height>720</height>
<depth>3</depth>
</size>
<segmented>0</segmented>
<object>
<name>text</name>
<bndbox>
<x1>24</x1>
<y1>436</y1>
<x2>53</x2>
<y2>435</y2>
<x3>54</x3>
<y3>455</y3>
<x4>24</x4>
<y4>456</y4>
</bndbox>
</object>
<object>
<name>text</name>
<bndbox>
<x1>282</x1>
<y1>131</y1>
<x2>416</x2>
<y2>142</y2>
<x3>422</x3>
<y3>187</y3>
<x4>297</x4>
<y4>184</y4>
</bndbox>
</object>
<object>
<name>text</name>
<bndbox>
<x1>432</x1>
<y1>159</y1>
<x2>475</x2>
<y2>161</y2>
<x3>479</x3>
<y3>188</y3>
<x4>433</x4>
<y4>186</y4>
</bndbox>
</object>
<object>
<name>text</name>
<bndbox>
<x1>497</x1>
<y1>191</y1>
<x2>547</x2>
<y2>176</y2>
<x3>550</x3>
<y3>190</y3>
<x4>501</x4>
<y4>205</y4>
</bndbox>
</object>
<object>
<name>text</name>
<bndbox>
<x1>506</x1>
<y1>251</y1>
<x2>607</x2>
<y2>241</y2>
<x3>608</x3>
<y3>263</y3>
<x4>507</x4>
<y4>273</y4>
</bndbox>
</object>
<object>
<name>text</name>
<bndbox>
<x1>818</x1>
<y1>187</y1>
<x2>892</x2>
<y2>170</y2>
<x3>897</x3>
<y3>187</y3>
<x4>824</x4>
<y4>205</y4>
</bndbox>
</object>
<object>
<name>text</name>
<bndbox>
<x1>896</x1>
<y1>168</y1>
<x2>916</x2>
<y2>163</y2>
<x3>925</x3>
<y3>179</y3>
<x4>905</x4>
<y4>184</y4>
</bndbox>
</object>
<object>
<name>text</name>
<bndbox>
<x1>919</x1>
<y1>162</y1>
<x2>1036</x2>
<y2>130</y2>
<x3>1039</x3>
<y3>147</y3>
<x4>923</x4>
<y4>179</y4>
</bndbox>
</object>
<object>
<name>text</name>
<bndbox>
<x1>930</x1>
<y1>99</y1>
<x2>951</x2>
<y2>92</y2>
<x3>961</x3>
<y3>117</y3>
<x4>940</x4>
<y4>124</y4>
</bndbox>
</object>
<object>
<name>text</name>
<bndbox>
<x1>921</x1>
<y1>99</y1>
<x2>934</x2>
<y2>95</y2>
<x3>942</x3>
<y3>112</y3>
<x4>929</x4>
<y4>117</y4>
</bndbox>
</object>
</annotation>