<?xml version="1.0" ?>
<annotation>
<folder>JPEGImages</folder>
<filename>img_320.xml</filename>
<path>xxxx</path>
<source>
<database>Unknown</database>
<annotation>xxx</annotation>
<image>xxx</image>
<flickrid>0</flickrid>
</source>
<size>
<width>1280</width>
<height>720</height>
<depth>3</depth>
</size>
<segmented>0</segmented>
<object>
<name>text</name>
<bndbox>
<x1>503</x1>
<y1>224</y1>
<x2>528</x2>
<y2>223</y2>
<x3>528</x3>
<y3>233</y3>
<x4>503</x4>
<y4>233</y4>
</bndbox>
</object>
<object>
<name>text</name>
<bndbox>
<x1>528</x1>
<y1>288</y1>
<x2>586</x2>
<y2>289</y2>
<x3>585</x3>
<y3>298</y3>
<x4>527</x4>
<y4>297</y4>
</bndbox>
</object>
<object>
<name>text</name>
<bndbox>
<x1>492</x1>
<y1>175</y1>
<x2>601</x2>
<y2>172</y2>
<x3>601</x3>
<y3>205</y3>
<x4>492</x4>
<y4>207</y4>
</bndbox>
</object>
<object>
<name>text</name>
<bndbox>
<x1>632</x1>
<y1>91</y1>
<x2>741</x2>
<y2>90</y2>
<x3>738</x3>
<y3>114</y3>
<x4>629</x4>
<y4>115</y4>
</bndbox>
</object>
<object>
<name>text</name>
<bndbox>
<x1>630</x1>
<y1>114</y1>
<x2>687</x2>
<y2>114</y2>
<x3>684</x3>
<y3>128</y3>
<x4>627</x4>
<y4>129</y4>
</bndbox>
</object>
<object>
<name>text</name>
<bndbox>
<x1>344</x1>
<y1>193</y1>
<x2>377</x2>
<y2>193</y2>
<x3>377</x3>
<y3>232</y3>
<x4>344</x4>
<y4>232</y4>
</bndbox>
</object>
<object>
<name>text</name>
<bndbox>
<x1>685</x1>
<y1>113</y1>
<x2>735</x2>
<y2>112</y2>
<x3>735</x3>
<y3>126</y3>
<x4>685</x4>
<y4>127</y4>
</bndbox>
</object>
<object>
<name>text</name>
<bndbox>
<x1>647</x1>
<y1>246</y1>
<x2>696</x2>
<y2>245</y2>
<x3>697</x3>
<y3>258</y3>
<x4>647</x4>
<y4>258</y4>
</bndbox>
</object>
<object>
<name>text</name>
<bndbox>
<x1>253</x1>
<y1>144</y1>
<x2>280</x2>
<y2>144</y2>
<x3>280</x3>
<y3>155</y3>
<x4>253</x4>
<y4>155</y4>
</bndbox>
</object>
<object>
<name>text</name>
<bndbox>
<x1>645</x1>
<y1>180</y1>
<x2>722</x2>
<y2>181</y2>
<x3>724</x3>
<y3>245</y3>
<x4>647</x4>
<y4>245</y4>
</bndbox>
</object>
<object>
<name>text</name>
<bndbox>
<x1>697</x1>
<y1>243</y1>
<x2>719</x2>
<y2>243</y2>
<x3>720</x3>
<y3>257</y3>
<x4>698</x4>
<y4>257</y4>
</bndbox>
</object>
<object>
<name>text</name>
<bndbox>
<x1>501</x1>
<y1>235</y1>
<x2>556</x2>
<y2>236</y2>
<x3>554</x3>
<y3>289</y3>
<x4>499</x4>
<y4>288</y4>
</bndbox>
</object>
<object>
<name>text</name>
<bndbox>
<x1>558</x1>
<y1>232</y1>
<x2>586</x2>
<y2>232</y2>
<x3>586</x3>
<y3>267</y3>
<x4>557</x4>
<y4>268</y4>
</bndbox>
</object>
<object>
<name>text</name>
<bndbox>
<x1>557</x1>
<y1>271</y1>
<x2>589</x2>
<y2>271</y2>
<x3>586</x3>
<y3>289</y3>
<x4>554</x4>
<y4>289</y4>
</bndbox>
</object>
<object>
<name>text</name>
<bndbox>
<x1>982</x1>
<y1>55</y1>
<x2>1067</x2>
<y2>40</y2>
<x3>1064</x3>
<y3>60</y3>
<x4>979</x4>
<y4>74</y4>
</bndbox>
</object>
<object>
<name>text</name>
<bndbox>
<x1>1175</x1>
<y1>142</y1>
<x2>1217</x2>
<y2>103</y2>
<x3>1219</x3>
<y3>276</y3>
<x4>1169</x4>
<y4>260</y4>
</bndbox>
</object>
<object>
<name>text</name>
<bndbox>
<x1>418</x1>
<y1>380</y1>
<x2>524</x2>
<y2>349</y2>
<x3>536</x3>
<y3>389</y3>
<x4>430</x4>
<y4>420</y4>
</bndbox>
</object>
<object>
<name>text</name>
<bndbox>
<x1>342</x1>
<y1>149</y1>
<x2>381</x2>
<y2>147</y2>
<x3>380</x3>
<y3>159</y3>
<x4>341</x4>
<y4>162</y4>
</bndbox>
</object>
<object>
<name>text</name>
<bndbox>
<x1>491</x1>
<y1>319</y1>
<x2>527</x2>
<y2>320</y2>
<x3>527</x3>
<y3>329</y3>
<x4>490</x4>
<y4>328</y4>
</bndbox>
</object>
<object>
<name>text</name>
<bndbox>
<x1>530</x1>
<y1>322</y1>
<x2>552</x2>
<y2>323</y2>
<x3>552</x3>
<y3>332</y3>
<x4>530</x4>
<y4>331</y4>
</bndbox>
</object>
<object>
<name>text</name>
<bndbox>
<x1>556</x1>
<y1>324</y1>
<x2>598</x2>
<y2>325</y2>
<x3>597</x3>
<y3>336</y3>
<x4>556</x4>
<y4>334</y4>
</bndbox>
</object>
<object>
<name>text</name>
<bndbox>
<x1>518</x1>
<y1>331</y1>
<x2>567</x2>
<y2>334</y2>
<x3>567</x3>
<y3>344</y3>
<x4>518</x4>
<y4>341</y4>
</bndbox>
</object>
<object>
<name>text</name>
<bndbox>
<x1>647</x1>
<y1>308</y1>
<x2>722</x2>
<y2>308</y2>
<x3>722</x3>
<y3>321</y3>
<x4>647</x4>
<y4>320</y4>
</bndbox>
</object>
<object>
<name>text</name>
<bndbox>
<x1>633</x1>
<y1>319</y1>
<x2>733</x2>
<y2>319</y2>
<x3>735</x3>
<y3>332</y3>
<x4>635</x4>
<y4>332</y4>
</bndbox>
</object>
<object>
<name>text</name>
<bndbox>
<x1>630</x1>
<y1>331</y1>
<x2>736</x2>
<y2>332</y2>
<x3>737</x3>
<y3>344</y3>
<x4>631</x4>
<y4>343</y4>
</bndbox>
</object>
<object>
<name>text</name>
<bndbox>
<x1>629</x1>
<y1>343</y1>
<x2>738</x2>
<y2>345</y2>
<x3>740</x3>
<y3>357</y3>
<x4>631</x4>
<y4>356</y4>
</bndbox>
</object>
<object>
<name>text</name>
<bndbox>
<x1>623</x1>
<y1>355</y1>
<x2>746</x2>
<y2>356</y2>
<x3>746</x3>
<y3>369</y3>
<x4>623</x4>
<y4>367</y4>
</bndbox>
</object>
<object>
<name>text</name>
<bndbox>
<x1>633</x1>
<y1>366</y1>
<x2>737</x2>
<y2>367</y2>
<x3>736</x3>
<y3>382</y3>
<x4>635</x4>
<y4>380</y4>
</bndbox>
</object>
<object>
<name>text</name>
<bndbox>
<x1>645</x1>
<y1>379</y1>
<x2>726</x2>
<y2>381</y2>
<x3>727</x3>
<y3>393</y3>
<x4>646</x4>
<y4>391</y4>
</bndbox>
</object>
<object>
<name>text</name>
<bndbox>
<x1>639</x1>
<y1>391</y1>
<x2>733</x2>
<y2>392</y2>
<x3>733</x3>
<y3>405</y3>
<x4>639</x4>
<y4>403</y4>
</bndbox>
</object>
<object>
<name>text</name>
<bndbox>
<x1>634</x1>
<y1>402</y1>
<x2>733</x2>
<y2>404</y2>
<x3>735</x3>
<y3>417</y3>
<x4>636</x4>
<y4>415</y4>
</bndbox>
</object>
<object>
<name>text</name>
<bndbox>
<x1>630</x1>
<y1>413</y1>
<x2>742</x2>
<y2>416</y2>
<x3>742</x3>
<y3>431</y3>
<x4>631</x4>
<y4>427</y4>
</bndbox>
</object>
<object>
<name>text</name>
<bndbox>
<x1>629</x1>
<y1>425</y1>
<x2>735</x2>
<y2>429</y2>
<x3>738</x3>
<y3>442</y3>
<x4>632</x4>
<y4>438</y4>
</bndbox>
</object>
<object>
<name>text</name>
<bndbox>
<x1>647</x1>
<y1>438</y1>
<x2>725</x2>
<y2>440</y2>
<x3>725</x3>
<y3>454</y3>
<x4>648</x4>
<y4>452</y4>
</bndbox>
</object>
<object>
<name>text</name>
<bndbox>
<x1>648</x1>
<y1>450</y1>
<x2>721</x2>
<y2>451</y2>
<x3>721</x3>
<y3>465</y3>
<x4>647</x4>
<y4>463</y4>
</bndbox>
</object>
<object>
<name>text</name>
<bndbox>
<x1>380</x1>
<y1>63</y1>
<x2>409</x2>
<y2>46</y2>
<x3>409</x3>
<y3>83</y3>
<x4>379</x4>
<y4>97</y4>
</bndbox>
</object>
<object>
<name>text</name>
<bndbox>
<x1>342</x1>
<y1>162</y1>
<x2>380</x2>
<y2>161</y2>
<x3>379</x3>
<y3>168</y3>
<x4>342</x4>
<y4>169</y4>
</bndbox>
</object>
<object>
<name>text</name>
<bndbox>
<x1>347</x1>
<y1>232</y1>
<x2>374</x2>
<y2>232</y2>
<x3>374</x3>
<y3>238</y3>
<x4>347</x4>
<y4>239</y4>
</bndbox>
</object>
<object>
<name>text</name>
<bndbox>
<x1>342</x1>
<y1>263</y1>
<x2>379</x2>
<y2>265</y2>
<x3>377</x3>
<y3>298</y3>
<x4>342</x4>
<y4>296</y4>
</bndbox>
</object>
<object>
<name>text</name>
<bndbox>
<x1>159</x1>
<y1>138</y1>
<x2>173</x2>
<y2>138</y2>
<x3>173</x3>
<y3>150</y3>
<x4>159</x4>
<y4>150</y4>
</bndbox>
</object>
<object>
<name>text</name>
<bndbox>
<x1>543</x1>
<y1>509</y1>
<x2>593</x2>
<y2>521</y2>
<x3>593</x3>
<y3>530</y3>
<x4>542</x4>
<y4>519</y4>
</bndbox>
</object>
<object>
<name>text</name>
<bndbox>
<x1>1067</x1>
<y1>292</y1>
<x2>1122</x2>
<y2>295</y2>
<x3>1121</x3>
<y3>305</y3>
<x4>1067</x4>
<y4>305</y4>
</bndbox>
</object>
<object>
<name>text</name>
<bndbox>
<x1>962</x1>
<y1>284</y1>
<x2>1008</x2>
<y2>289</y2>
<x3>1009</x3>
<y3>304</y3>
<x4>962</x4>
<y4>300</y4>
</bndbox>
</object>
<object>
<name>text</name>
<bndbox>
<x1>882</x1>
<y1>292</y1>
<x2>920</x2>
<y2>296</y2>
<x3>918</x3>
<y3>307</y3>
<x4>882</x4>
<y4>305</y4>
</bndbox>
</object>
<object>
<name>text</name>
<bndbox>
<x1>1011</x1>
<y1>292</y1>
<x2>1061</x2>
<y2>297</y2>
<x3>1057</x3>
<y3>314</y3>
<x4>1009</x4>
<y4>309</y4>
</bndbox>
</object>
<object>
<name>text</name>
<bndbox>
<x1>982</x1>
<y1>72</y1>
<x2>1060</x2>
<y2>61</y2>
<x3>1060</x3>
<y3>72</y3>
<x4>979</x4>
<y4>85</y4>
</bndbox>
</object>
</annotation>