<?xml version="1.0" ?>
<annotation>
<folder>JPEGImages</folder>
<filename>img_492.xml</filename>
<path>xxxx</path>
<source>
<database>Unknown</database>
<annotation>xxx</annotation>
<image>xxx</image>
<flickrid>0</flickrid>
</source>
<size>
<width>1280</width>
<height>720</height>
<depth>3</depth>
</size>
<segmented>0</segmented>
<object>
<name>text</name>
<bndbox>
<x1>718</x1>
<y1>143</y1>
<x2>803</x2>
<y2>134</y2>
<x3>805</x3>
<y3>149</y3>
<x4>718</x4>
<y4>158</y4>
</bndbox>
</object>
<object>
<name>text</name>
<bndbox>
<x1>715</x1>
<y1>156</y1>
<x2>806</x2>
<y2>148</y2>
<x3>808</x3>
<y3>163</y3>
<x4>717</x4>
<y4>171</y4>
</bndbox>
</object>
<object>
<name>text</name>
<bndbox>
<x1>217</x1>
<y1>178</y1>
<x2>331</x2>
<y2>168</y2>
<x3>335</x3>
<y3>183</y3>
<x4>221</x4>
<y4>193</y4>
</bndbox>
</object>
<object>
<name>text</name>
<bndbox>
<x1>802</x1>
<y1>134</y1>
<x2>839</x2>
<y2>129</y2>
<x3>840</x3>
<y3>145</y3>
<x4>806</x4>
<y4>149</y4>
</bndbox>
</object>
</annotation>