<?xml version="1.0" ?>
<annotation>
<folder>JPEGImages</folder>
<filename>img_378.xml</filename>
<path>xxxx</path>
<source>
<database>Unknown</database>
<annotation>xxx</annotation>
<image>xxx</image>
<flickrid>0</flickrid>
</source>
<size>
<width>1280</width>
<height>720</height>
<depth>3</depth>
</size>
<segmented>0</segmented>
<object>
<name>text</name>
<bndbox>
<x1>120</x1>
<y1>416</y1>
<x2>140</x2>
<y2>418</y2>
<x3>139</x3>
<y3>435</y3>
<x4>119</x4>
<y4>432</y4>
</bndbox>
</object>
<object>
<name>text</name>
<bndbox>
<x1>637</x1>
<y1>214</y1>
<x2>697</x2>
<y2>163</y2>
<x3>700</x3>
<y3>257</y3>
<x4>640</x4>
<y4>295</y4>
</bndbox>
</object>
<object>
<name>text</name>
<bndbox>
<x1>355</x1>
<y1>524</y1>
<x2>401</x2>
<y2>524</y2>
<x3>401</x3>
<y3>541</y3>
<x4>355</x4>
<y4>541</y4>
</bndbox>
</object>
<object>
<name>text</name>
<bndbox>
<x1>409</x1>
<y1>523</y1>
<x2>446</x2>
<y2>523</y2>
<x3>445</x3>
<y3>540</y3>
<x4>407</x4>
<y4>540</y4>
</bndbox>
</object>
<object>
<name>text</name>
<bndbox>
<x1>450</x1>
<y1>523</y1>
<x2>482</x2>
<y2>522</y2>
<x3>483</x3>
<y3>540</y3>
<x4>451</x4>
<y4>541</y4>
</bndbox>
</object>
<object>
<name>text</name>
<bndbox>
<x1>701</x1>
<y1>151</y1>
<x2>754</x2>
<y2>106</y2>
<x3>759</x3>
<y3>216</y3>
<x4>708</x4>
<y4>248</y4>
</bndbox>
</object>
<object>
<name>text</name>
<bndbox>
<x1>360</x1>
<y1>544</y1>
<x2>457</x2>
<y2>542</y2>
<x3>456</x3>
<y3>561</y3>
<x4>360</x4>
<y4>563</y4>
</bndbox>
</object>
<object>
<name>text</name>
<bndbox>
<x1>108</x1>
<y1>342</y1>
<x2>139</x2>
<y2>340</y2>
<x3>138</x3>
<y3>366</y3>
<x4>107</x4>
<y4>368</y4>
</bndbox>
</object>
<object>
<name>text</name>
<bndbox>
<x1>165</x1>
<y1>343</y1>
<x2>531</x2>
<y2>339</y2>
<x3>525</x3>
<y3>498</y3>
<x4>159</x4>
<y4>502</y4>
</bndbox>
</object>
<object>
<name>text</name>
<bndbox>
<x1>1107</x1>
<y1>300</y1>
<x2>1194</x2>
<y2>301</y2>
<x3>1194</x3>
<y3>340</y3>
<x4>1107</x4>
<y4>338</y4>
</bndbox>
</object>
<object>
<name>text</name>
<bndbox>
<x1>3</x1>
<y1>246</y1>
<x2>36</x2>
<y2>245</y2>
<x3>33</x3>
<y3>295</y3>
<x4>0</x4>
<y4>296</y4>
</bndbox>
</object>
<object>
<name>text</name>
<bndbox>
<x1>320</x1>
<y1>522</y1>
<x2>350</x2>
<y2>524</y2>
<x3>350</x3>
<y3>542</y3>
<x4>320</x4>
<y4>540</y4>
</bndbox>
</object>
<object>
<name>text</name>
<bndbox>
<x1>341</x1>
<y1>544</y1>
<x2>356</x2>
<y2>544</y2>
<x3>355</x3>
<y3>560</y3>
<x4>340</x4>
<y4>560</y4>
</bndbox>
</object>
<object>
<name>text</name>
<bndbox>
<x1>464</x1>
<y1>541</y1>
<x2>487</x2>
<y2>540</y2>
<x3>490</x3>
<y3>556</y3>
<x4>466</x4>
<y4>557</y4>
</bndbox>
</object>
</annotation>