<?xml version="1.0" ?>
<annotation>
<folder>JPEGImages</folder>
<filename>img_383.xml</filename>
<path>xxxx</path>
<source>
<database>Unknown</database>
<annotation>xxx</annotation>
<image>xxx</image>
<flickrid>0</flickrid>
</source>
<size>
<width>1280</width>
<height>720</height>
<depth>3</depth>
</size>
<segmented>0</segmented>
<object>
<name>text</name>
<bndbox>
<x1>748</x1>
<y1>194</y1>
<x2>845</x2>
<y2>192</y2>
<x3>848</x3>
<y3>232</y3>
<x4>752</x4>
<y4>233</y4>
</bndbox>
</object>
<object>
<name>text</name>
<bndbox>
<x1>765</x1>
<y1>172</y1>
<x2>790</x2>
<y2>169</y2>
<x3>790</x3>
<y3>190</y3>
<x4>765</x4>
<y4>193</y4>
</bndbox>
</object>
<object>
<name>text</name>
<bndbox>
<x1>791</x1>
<y1>169</y1>
<x2>813</x2>
<y2>169</y2>
<x3>815</x3>
<y3>188</y3>
<x4>794</x4>
<y4>189</y4>
</bndbox>
</object>
<object>
<name>text</name>
<bndbox>
<x1>813</x1>
<y1>168</y1>
<x2>858</x2>
<y2>165</y2>
<x3>862</x3>
<y3>185</y3>
<x4>816</x4>
<y4>188</y4>
</bndbox>
</object>
<object>
<name>text</name>
<bndbox>
<x1>865</x1>
<y1>161</y1>
<x2>907</x2>
<y2>157</y2>
<x3>908</x3>
<y3>181</y3>
<x4>866</x4>
<y4>184</y4>
</bndbox>
</object>
<object>
<name>text</name>
<bndbox>
<x1>1152</x1>
<y1>174</y1>
<x2>1201</x2>
<y2>173</y2>
<x3>1205</x3>
<y3>224</y3>
<x4>1156</x4>
<y4>225</y4>
</bndbox>
</object>
<object>
<name>text</name>
<bndbox>
<x1>846</x1>
<y1>190</y1>
<x2>902</x2>
<y2>191</y2>
<x3>905</x3>
<y3>228</y3>
<x4>850</x4>
<y4>227</y4>
</bndbox>
</object>
</annotation>