<?xml version="1.0" ?>
<annotation>
<folder>JPEGImages</folder>
<filename>img_441.xml</filename>
<path>xxxx</path>
<source>
<database>Unknown</database>
<annotation>xxx</annotation>
<image>xxx</image>
<flickrid>0</flickrid>
</source>
<size>
<width>1280</width>
<height>720</height>
<depth>3</depth>
</size>
<segmented>0</segmented>
<object>
<name>text</name>
<bndbox>
<x1>410</x1>
<y1>138</y1>
<x2>493</x2>
<y2>132</y2>
<x3>493</x3>
<y3>166</y3>
<x4>410</x4>
<y4>173</y4>
</bndbox>
</object>
<object>
<name>text</name>
<bndbox>
<x1>75</x1>
<y1>177</y1>
<x2>128</x2>
<y2>171</y2>
<x3>128</x3>
<y3>196</y3>
<x4>75</x4>
<y4>202</y4>
</bndbox>
</object>
<object>
<name>text</name>
<bndbox>
<x1>732</x1>
<y1>357</y1>
<x2>745</x2>
<y2>358</y2>
<x3>746</x3>
<y3>387</y3>
<x4>732</x4>
<y4>385</y4>
</bndbox>
</object>
<object>
<name>text</name>
<bndbox>
<x1>1060</x1>
<y1>370</y1>
<x2>1121</x2>
<y2>353</y2>
<x3>1127</x3>
<y3>378</y3>
<x4>1066</x4>
<y4>396</y4>
</bndbox>
</object>
</annotation>