<?xml version="1.0" ?>
<annotation>
<folder>JPEGImages</folder>
<filename>img_212.xml</filename>
<path>xxxx</path>
<source>
<database>Unknown</database>
<annotation>xxx</annotation>
<image>xxx</image>
<flickrid>0</flickrid>
</source>
<size>
<width>1280</width>
<height>720</height>
<depth>3</depth>
</size>
<segmented>0</segmented>
<object>
<name>text</name>
<bndbox>
<x1>172</x1>
<y1>116</y1>
<x2>254</x2>
<y2>132</y2>
<x3>245</x3>
<y3>164</y3>
<x4>164</x4>
<y4>148</y4>
</bndbox>
</object>
<object>
<name>text</name>
<bndbox>
<x1>256</x1>
<y1>131</y1>
<x2>344</x2>
<y2>146</y2>
<x3>337</x3>
<y3>183</y3>
<x4>249</x4>
<y4>168</y4>
</bndbox>
</object>
<object>
<name>text</name>
<bndbox>
<x1>345</x1>
<y1>149</y1>
<x2>417</x2>
<y2>164</y2>
<x3>412</x3>
<y3>197</y3>
<x4>341</x4>
<y4>182</y4>
</bndbox>
</object>
<object>
<name>text</name>
<bndbox>
<x1>861</x1>
<y1>18</y1>
<x2>1153</x2>
<y2>67</y2>
<x3>1150</x3>
<y3>108</y3>
<x4>858</x4>
<y4>60</y4>
</bndbox>
</object>
<object>
<name>text</name>
<bndbox>
<x1>1051</x1>
<y1>16</y1>
<x2>1136</x2>
<y2>32</y2>
<x3>1133</x3>
<y3>62</y3>
<x4>1047</x4>
<y4>47</y4>
</bndbox>
</object>
<object>
<name>text</name>
<bndbox>
<x1>629</x1>
<y1>0</y1>
<x2>701</x2>
<y2>0</y2>
<x3>701</x3>
<y3>27</y3>
<x4>628</x4>
<y4>13</y4>
</bndbox>
</object>
<object>
<name>text</name>
<bndbox>
<x1>703</x1>
<y1>0</y1>
<x2>740</x2>
<y2>1</y2>
<x3>741</x3>
<y3>31</y3>
<x4>703</x4>
<y4>26</y4>
</bndbox>
</object>
<object>
<name>text</name>
<bndbox>
<x1>743</x1>
<y1>0</y1>
<x2>861</x2>
<y2>19</y2>
<x3>866</x3>
<y3>60</y3>
<x4>743</x4>
<y4>38</y4>
</bndbox>
</object>
<object>
<name>text</name>
<bndbox>
<x1>856</x1>
<y1>0</y1>
<x2>983</x2>
<y2>0</y2>
<x3>982</x3>
<y3>31</y3>
<x4>852</x4>
<y4>8</y4>
</bndbox>
</object>
<object>
<name>text</name>
<bndbox>
<x1>211</x1>
<y1>324</y1>
<x2>275</x2>
<y2>328</y2>
<x3>277</x3>
<y3>362</y3>
<x4>208</x4>
<y4>357</y4>
</bndbox>
</object>
</annotation>