<?xml version="1.0" ?>
<annotation>
<folder>JPEGImages</folder>
<filename>img_377.xml</filename>
<path>xxxx</path>
<source>
<database>Unknown</database>
<annotation>xxx</annotation>
<image>xxx</image>
<flickrid>0</flickrid>
</source>
<size>
<width>1280</width>
<height>720</height>
<depth>3</depth>
</size>
<segmented>0</segmented>
<object>
<name>text</name>
<bndbox>
<x1>554</x1>
<y1>98</y1>
<x2>596</x2>
<y2>95</y2>
<x3>599</x3>
<y3>125</y3>
<x4>557</x4>
<y4>128</y4>
</bndbox>
</object>
<object>
<name>text</name>
<bndbox>
<x1>560</x1>
<y1>141</y1>
<x2>600</x2>
<y2>134</y2>
<x3>604</x3>
<y3>160</y3>
<x4>564</x4>
<y4>166</y4>
</bndbox>
</object>
<object>
<name>text</name>
<bndbox>
<x1>547</x1>
<y1>54</y1>
<x2>634</x2>
<y2>50</y2>
<x3>636</x3>
<y3>75</y3>
<x4>550</x4>
<y4>79</y4>
</bndbox>
</object>
<object>
<name>text</name>
<bndbox>
<x1>31</x1>
<y1>51</y1>
<x2>255</x2>
<y2>40</y2>
<x3>260</x3>
<y3>85</y3>
<x4>36</x4>
<y4>96</y4>
</bndbox>
</object>
</annotation>