<?xml version="1.0" ?>
<annotation>
<folder>JPEGImages</folder>
<filename>img_126.xml</filename>
<path>xxxx</path>
<source>
<database>Unknown</database>
<annotation>xxx</annotation>
<image>xxx</image>
<flickrid>0</flickrid>
</source>
<size>
<width>1280</width>
<height>720</height>
<depth>3</depth>
</size>
<segmented>0</segmented>
<object>
<name>text</name>
<bndbox>
<x1>1161</x1>
<y1>388</y1>
<x2>1277</x2>
<y2>395</y2>
<x3>1271</x3>
<y3>450</y3>
<x4>1155</x4>
<y4>442</y4>
</bndbox>
</object>
<object>
<name>text</name>
<bndbox>
<x1>1168</x1>
<y1>210</y1>
<x2>1279</x2>
<y2>210</y2>
<x3>1278</x3>
<y3>292</y3>
<x4>1167</x4>
<y4>292</y4>
</bndbox>
</object>
<object>
<name>text</name>
<bndbox>
<x1>1156</x1>
<y1>449</y1>
<x2>1207</x2>
<y2>453</y2>
<x3>1204</x3>
<y3>476</y3>
<x4>1154</x4>
<y4>471</y4>
</bndbox>
</object>
<object>
<name>text</name>
<bndbox>
<x1>1211</x1>
<y1>453</y1>
<x2>1275</x2>
<y2>459</y2>
<x3>1272</x3>
<y3>483</y3>
<x4>1208</x4>
<y4>477</y4>
</bndbox>
</object>
<object>
<name>text</name>
<bndbox>
<x1>1151</x1>
<y1>480</y1>
<x2>1221</x2>
<y2>485</y2>
<x3>1218</x3>
<y3>511</y3>
<x4>1148</x4>
<y4>506</y4>
</bndbox>
</object>
<object>
<name>text</name>
<bndbox>
<x1>1120</x1>
<y1>383</y1>
<x2>1151</x2>
<y2>387</y2>
<x3>1146</x3>
<y3>437</y3>
<x4>1114</x4>
<y4>433</y4>
</bndbox>
</object>
<object>
<name>text</name>
<bndbox>
<x1>1144</x1>
<y1>536</y1>
<x2>1276</x2>
<y2>551</y2>
<x3>1272</x3>
<y3>577</y3>
<x4>1141</x4>
<y4>562</y4>
</bndbox>
</object>
<object>
<name>text</name>
<bndbox>
<x1>1147</x1>
<y1>507</y1>
<x2>1212</x2>
<y2>515</y2>
<x3>1209</x3>
<y3>537</y3>
<x4>1144</x4>
<y4>529</y4>
</bndbox>
</object>
<object>
<name>text</name>
<bndbox>
<x1>1117</x1>
<y1>325</y1>
<x2>1165</x2>
<y2>329</y2>
<x3>1158</x3>
<y3>388</y3>
<x4>1110</x4>
<y4>383</y4>
</bndbox>
</object>
<object>
<name>text</name>
<bndbox>
<x1>1172</x1>
<y1>159</y1>
<x2>1243</x2>
<y2>163</y2>
<x3>1239</x3>
<y3>215</y3>
<x4>1167</x4>
<y4>211</y4>
</bndbox>
</object>
<object>
<name>text</name>
<bndbox>
<x1>163</x1>
<y1>377</y1>
<x2>216</x2>
<y2>362</y2>
<x3>221</x3>
<y3>394</y3>
<x4>168</x4>
<y4>409</y4>
</bndbox>
</object>
<object>
<name>text</name>
<bndbox>
<x1>1177</x1>
<y1>97</y1>
<x2>1277</x2>
<y2>104</y2>
<x3>1273</x3>
<y3>155</y3>
<x4>1170</x4>
<y4>150</y4>
</bndbox>
</object>
<object>
<name>text</name>
<bndbox>
<x1>1165</x1>
<y1>331</y1>
<x2>1278</x2>
<y2>327</y2>
<x3>1279</x3>
<y3>392</y3>
<x4>1160</x4>
<y4>392</y4>
</bndbox>
</object>
<object>
<name>text</name>
<bndbox>
<x1>900</x1>
<y1>459</y1>
<x2>938</x2>
<y2>461</y2>
<x3>940</x3>
<y3>523</y3>
<x4>902</x4>
<y4>521</y4>
</bndbox>
</object>
<object>
<name>text</name>
<bndbox>
<x1>1226</x1>
<y1>484</y1>
<x2>1278</x2>
<y2>488</y2>
<x3>1278</x3>
<y3>512</y3>
<x4>1222</x4>
<y4>507</y4>
</bndbox>
</object>
<object>
<name>text</name>
<bndbox>
<x1>1219</x1>
<y1>511</y1>
<x2>1279</x2>
<y2>517</y2>
<x3>1279</x3>
<y3>544</y3>
<x4>1214</x4>
<y4>537</y4>
</bndbox>
</object>
<object>
<name>text</name>
<bndbox>
<x1>1246</x1>
<y1>156</y1>
<x2>1279</x2>
<y2>156</y2>
<x3>1276</x3>
<y3>211</y3>
<x4>1241</x4>
<y4>211</y4>
</bndbox>
</object>
<object>
<name>text</name>
<bndbox>
<x1>856</x1>
<y1>20</y1>
<x2>874</x2>
<y2>20</y2>
<x3>874</x3>
<y3>33</y3>
<x4>856</x4>
<y4>33</y4>
</bndbox>
</object>
<object>
<name>text</name>
<bndbox>
<x1>878</x1>
<y1>20</y1>
<x2>904</x2>
<y2>20</y2>
<x3>903</x3>
<y3>32</y3>
<x4>877</x4>
<y4>31</y4>
</bndbox>
</object>
<object>
<name>text</name>
<bndbox>
<x1>908</x1>
<y1>20</y1>
<x2>925</x2>
<y2>20</y2>
<x3>922</x3>
<y3>31</y3>
<x4>905</x4>
<y4>31</y4>
</bndbox>
</object>
<object>
<name>text</name>
<bndbox>
<x1>889</x1>
<y1>38</y1>
<x2>914</x2>
<y2>38</y2>
<x3>912</x3>
<y3>51</y3>
<x4>887</x4>
<y4>51</y4>
</bndbox>
</object>
<object>
<name>text</name>
<bndbox>
<x1>917</x1>
<y1>39</y1>
<x2>928</x2>
<y2>39</y2>
<x3>928</x3>
<y3>52</y3>
<x4>917</x4>
<y4>51</y4>
</bndbox>
</object>
<object>
<name>text</name>
<bndbox>
<x1>848</x1>
<y1>57</y1>
<x2>912</x2>
<y2>57</y2>
<x3>910</x3>
<y3>71</y3>
<x4>847</x4>
<y4>70</y4>
</bndbox>
</object>
<object>
<name>text</name>
<bndbox>
<x1>847</x1>
<y1>71</y1>
<x2>879</x2>
<y2>72</y2>
<x3>879</x3>
<y3>83</y3>
<x4>847</x4>
<y4>82</y4>
</bndbox>
</object>
<object>
<name>text</name>
<bndbox>
<x1>881</x1>
<y1>71</y1>
<x2>893</x2>
<y2>72</y2>
<x3>894</x3>
<y3>83</y3>
<x4>880</x4>
<y4>83</y4>
</bndbox>
</object>
<object>
<name>text</name>
<bndbox>
<x1>915</x1>
<y1>59</y1>
<x2>932</x2>
<y2>59</y2>
<x3>929</x3>
<y3>71</y3>
<x4>912</x4>
<y4>71</y4>
</bndbox>
</object>
</annotation>