<?xml version="1.0" ?>
<annotation>
<folder>JPEGImages</folder>
<filename>img_462.xml</filename>
<path>xxxx</path>
<source>
<database>Unknown</database>
<annotation>xxx</annotation>
<image>xxx</image>
<flickrid>0</flickrid>
</source>
<size>
<width>1280</width>
<height>720</height>
<depth>3</depth>
</size>
<segmented>0</segmented>
<object>
<name>text</name>
<bndbox>
<x1>746</x1>
<y1>171</y1>
<x2>782</x2>
<y2>160</y2>
<x3>782</x3>
<y3>174</y3>
<x4>746</x4>
<y4>185</y4>
</bndbox>
</object>
<object>
<name>text</name>
<bndbox>
<x1>629</x1>
<y1>184</y1>
<x2>664</x2>
<y2>182</y2>
<x3>667</x3>
<y3>195</y3>
<x4>631</x4>
<y4>197</y4>
</bndbox>
</object>
<object>
<name>text</name>
<bndbox>
<x1>610</x1>
<y1>292</y1>
<x2>673</x2>
<y2>286</y2>
<x3>673</x3>
<y3>299</y3>
<x4>610</x4>
<y4>305</y4>
</bndbox>
</object>
<object>
<name>text</name>
<bndbox>
<x1>407</x1>
<y1>304</y1>
<x2>496</x2>
<y2>295</y2>
<x3>496</x3>
<y3>305</y3>
<x4>407</x4>
<y4>315</y4>
</bndbox>
</object>
<object>
<name>text</name>
<bndbox>
<x1>837</x1>
<y1>258</y1>
<x2>882</x2>
<y2>253</y2>
<x3>886</x3>
<y3>268</y3>
<x4>841</x4>
<y4>273</y4>
</bndbox>
</object>
<object>
<name>text</name>
<bndbox>
<x1>545</x1>
<y1>293</y1>
<x2>598</x2>
<y2>288</y2>
<x3>598</x3>
<y3>308</y3>
<x4>545</x4>
<y4>314</y4>
</bndbox>
</object>
<object>
<name>text</name>
<bndbox>
<x1>879</x1>
<y1>253</y1>
<x2>910</x2>
<y2>251</y2>
<x3>914</x3>
<y3>267</y3>
<x4>883</x4>
<y4>270</y4>
</bndbox>
</object>
<object>
<name>text</name>
<bndbox>
<x1>893</x1>
<y1>105</y1>
<x2>948</x2>
<y2>96</y2>
<x3>948</x3>
<y3>122</y3>
<x4>893</x4>
<y4>132</y4>
</bndbox>
</object>
<object>
<name>text</name>
<bndbox>
<x1>594</x1>
<y1>292</y1>
<x2>610</x2>
<y2>290</y2>
<x3>612</x3>
<y3>305</y3>
<x4>597</x4>
<y4>308</y4>
</bndbox>
</object>
<object>
<name>text</name>
<bndbox>
<x1>548</x1>
<y1>189</y1>
<x2>591</x2>
<y2>186</y2>
<x3>591</x3>
<y3>199</y3>
<x4>548</x4>
<y4>202</y4>
</bndbox>
</object>
<object>
<name>text</name>
<bndbox>
<x1>586</x1>
<y1>185</y1>
<x2>619</x2>
<y2>185</y2>
<x3>620</x3>
<y3>199</y3>
<x4>587</x4>
<y4>199</y4>
</bndbox>
</object>
<object>
<name>text</name>
<bndbox>
<x1>618</x1>
<y1>182</y1>
<x2>631</x2>
<y2>182</y2>
<x3>632</x3>
<y3>198</y3>
<x4>619</x4>
<y4>198</y4>
</bndbox>
</object>
<object>
<name>text</name>
<bndbox>
<x1>441</x1>
<y1>188</y1>
<x2>510</x2>
<y2>185</y2>
<x3>512</x3>
<y3>207</y3>
<x4>443</x4>
<y4>209</y4>
</bndbox>
</object>
<object>
<name>text</name>
<bndbox>
<x1>287</x1>
<y1>195</y1>
<x2>355</x2>
<y2>191</y2>
<x3>356</x3>
<y3>213</y3>
<x4>288</x4>
<y4>216</y4>
</bndbox>
</object>
<object>
<name>text</name>
<bndbox>
<x1>707</x1>
<y1>591</y1>
<x2>753</x2>
<y2>581</y2>
<x3>756</x3>
<y3>598</y3>
<x4>711</x4>
<y4>608</y4>
</bndbox>
</object>
<object>
<name>text</name>
<bndbox>
<x1>841</x1>
<y1>140</y1>
<x2>886</x2>
<y2>130</y2>
<x3>885</x3>
<y3>146</y3>
<x4>840</x4>
<y4>156</y4>
</bndbox>
</object>
<object>
<name>text</name>
<bndbox>
<x1>491</x1>
<y1>36</y1>
<x2>554</x2>
<y2>35</y2>
<x3>552</x3>
<y3>55</y3>
<x4>488</x4>
<y4>56</y4>
</bndbox>
</object>
<object>
<name>text</name>
<bndbox>
<x1>504</x1>
<y1>75</y1>
<x2>568</x2>
<y2>75</y2>
<x3>571</x3>
<y3>97</y3>
<x4>506</x4>
<y4>97</y4>
</bndbox>
</object>
<object>
<name>text</name>
<bndbox>
<x1>289</x1>
<y1>73</y1>
<x2>356</x2>
<y2>74</y2>
<x3>355</x3>
<y3>95</y3>
<x4>288</x4>
<y4>94</y4>
</bndbox>
</object>
<object>
<name>text</name>
<bndbox>
<x1>229</x1>
<y1>41</y1>
<x2>279</x2>
<y2>42</y2>
<x3>284</x3>
<y3>57</y3>
<x4>234</x4>
<y4>56</y4>
</bndbox>
</object>
<object>
<name>text</name>
<bndbox>
<x1>304</x1>
<y1>10</y1>
<x2>351</x2>
<y2>10</y2>
<x3>353</x3>
<y3>27</y3>
<x4>306</x4>
<y4>27</y4>
</bndbox>
</object>
<object>
<name>text</name>
<bndbox>
<x1>490</x1>
<y1>2</y1>
<x2>564</x2>
<y2>6</y2>
<x3>566</x3>
<y3>16</y3>
<x4>492</x4>
<y4>12</y4>
</bndbox>
</object>
<object>
<name>text</name>
<bndbox>
<x1>504</x1>
<y1>24</y1>
<x2>588</x2>
<y2>27</y2>
<x3>588</x3>
<y3>36</y3>
<x4>503</x4>
<y4>33</y4>
</bndbox>
</object>
<object>
<name>text</name>
<bndbox>
<x1>530</x1>
<y1>60</y1>
<x2>584</x2>
<y2>60</y2>
<x3>584</x3>
<y3>73</y3>
<x4>530</x4>
<y4>73</y4>
</bndbox>
</object>
<object>
<name>text</name>
<bndbox>
<x1>375</x1>
<y1>351</y1>
<x2>424</x2>
<y2>343</y2>
<x3>428</x3>
<y3>359</y3>
<x4>379</x4>
<y4>367</y4>
</bndbox>
</object>
<object>
<name>text</name>
<bndbox>
<x1>712</x1>
<y1>611</y1>
<x2>761</x2>
<y2>599</y2>
<x3>762</x3>
<y3>608</y3>
<x4>713</x4>
<y4>620</y4>
</bndbox>
</object>
<object>
<name>text</name>
<bndbox>
<x1>105</x1>
<y1>185</y1>
<x2>172</x2>
<y2>195</y2>
<x3>176</x3>
<y3>215</y3>
<x4>109</x4>
<y4>205</y4>
</bndbox>
</object>
<object>
<name>text</name>
<bndbox>
<x1>19</x1>
<y1>141</y1>
<x2>59</x2>
<y2>178</y2>
<x3>61</x3>
<y3>200</y3>
<x4>21</x4>
<y4>163</y4>
</bndbox>
</object>
</annotation>