<?xml version="1.0" ?>
<annotation>
<folder>JPEGImages</folder>
<filename>img_324.xml</filename>
<path>xxxx</path>
<source>
<database>Unknown</database>
<annotation>xxx</annotation>
<image>xxx</image>
<flickrid>0</flickrid>
</source>
<size>
<width>1280</width>
<height>720</height>
<depth>3</depth>
</size>
<segmented>0</segmented>
<object>
<name>text</name>
<bndbox>
<x1>719</x1>
<y1>176</y1>
<x2>767</x2>
<y2>176</y2>
<x3>766</x3>
<y3>195</y3>
<x4>718</x4>
<y4>194</y4>
</bndbox>
</object>
<object>
<name>text</name>
<bndbox>
<x1>768</x1>
<y1>175</y1>
<x2>805</x2>
<y2>174</y2>
<x3>804</x3>
<y3>193</y3>
<x4>767</x4>
<y4>194</y4>
</bndbox>
</object>
<object>
<name>text</name>
<bndbox>
<x1>768</x1>
<y1>196</y1>
<x2>826</x2>
<y2>195</y2>
<x3>826</x3>
<y3>214</y3>
<x4>767</x4>
<y4>214</y4>
</bndbox>
</object>
<object>
<name>text</name>
<bndbox>
<x1>827</x1>
<y1>195</y1>
<x2>869</x2>
<y2>196</y2>
<x3>869</x3>
<y3>214</y3>
<x4>826</x4>
<y4>213</y4>
</bndbox>
</object>
<object>
<name>text</name>
<bndbox>
<x1>1002</x1>
<y1>200</y1>
<x2>1029</x2>
<y2>205</y2>
<x3>1029</x3>
<y3>222</y3>
<x4>1001</x4>
<y4>217</y4>
</bndbox>
</object>
<object>
<name>text</name>
<bndbox>
<x1>1027</x1>
<y1>206</y1>
<x2>1042</x2>
<y2>209</y2>
<x3>1042</x3>
<y3>225</y3>
<x4>1027</x4>
<y4>222</y4>
</bndbox>
</object>
<object>
<name>text</name>
<bndbox>
<x1>910</x1>
<y1>200</y1>
<x2>948</x2>
<y2>200</y2>
<x3>948</x3>
<y3>214</y3>
<x4>910</x4>
<y4>215</y4>
</bndbox>
</object>
<object>
<name>text</name>
<bndbox>
<x1>668</x1>
<y1>439</y1>
<x2>779</x2>
<y2>468</y2>
<x3>776</x3>
<y3>488</y3>
<x4>665</x4>
<y4>460</y4>
</bndbox>
</object>
<object>
<name>text</name>
<bndbox>
<x1>576</x1>
<y1>52</y1>
<x2>592</x2>
<y2>51</y2>
<x3>590</x3>
<y3>73</y3>
<x4>574</x4>
<y4>74</y4>
</bndbox>
</object>
<object>
<name>text</name>
<bndbox>
<x1>569</x1>
<y1>214</y1>
<x2>585</x2>
<y2>214</y2>
<x3>584</x3>
<y3>238</y3>
<x4>568</x4>
<y4>238</y4>
</bndbox>
</object>
</annotation>