<?xml version="1.0" ?>
<annotation>
<folder>JPEGImages</folder>
<filename>img_166.xml</filename>
<path>xxxx</path>
<source>
<database>Unknown</database>
<annotation>xxx</annotation>
<image>xxx</image>
<flickrid>0</flickrid>
</source>
<size>
<width>1280</width>
<height>720</height>
<depth>3</depth>
</size>
<segmented>0</segmented>
<object>
<name>text</name>
<bndbox>
<x1>693</x1>
<y1>46</y1>
<x2>747</x2>
<y2>42</y2>
<x3>747</x3>
<y3>70</y3>
<x4>693</x4>
<y4>74</y4>
</bndbox>
</object>
<object>
<name>text</name>
<bndbox>
<x1>944</x1>
<y1>238</y1>
<x2>1042</x2>
<y2>238</y2>
<x3>1047</x3>
<y3>298</y3>
<x4>950</x4>
<y4>298</y4>
</bndbox>
</object>
<object>
<name>text</name>
<bndbox>
<x1>965</x1>
<y1>311</y1>
<x2>1036</x2>
<y2>313</y2>
<x3>1035</x3>
<y3>330</y3>
<x4>964</x4>
<y4>327</y4>
</bndbox>
</object>
<object>
<name>text</name>
<bndbox>
<x1>986</x1>
<y1>330</y1>
<x2>1018</x2>
<y2>332</y2>
<x3>1017</x3>
<y3>347</y3>
<x4>985</x4>
<y4>345</y4>
</bndbox>
</object>
<object>
<name>text</name>
<bndbox>
<x1>963</x1>
<y1>350</y1>
<x2>1044</x2>
<y2>350</y2>
<x3>1043</x3>
<y3>365</y3>
<x4>962</x4>
<y4>365</y4>
</bndbox>
</object>
<object>
<name>text</name>
<bndbox>
<x1>968</x1>
<y1>368</y1>
<x2>1013</x2>
<y2>369</y2>
<x3>1012</x3>
<y3>383</y3>
<x4>966</x4>
<y4>382</y4>
</bndbox>
</object>
</annotation>