<?xml version="1.0" ?>
<annotation>
<folder>JPEGImages</folder>
<filename>img_109.xml</filename>
<path>xxxx</path>
<source>
<database>Unknown</database>
<annotation>xxx</annotation>
<image>xxx</image>
<flickrid>0</flickrid>
</source>
<size>
<width>1280</width>
<height>720</height>
<depth>3</depth>
</size>
<segmented>0</segmented>
<object>
<name>text</name>
<bndbox>
<x1>491</x1>
<y1>518</y1>
<x2>520</x2>
<y2>525</y2>
<x3>521</x3>
<y3>548</y3>
<x4>493</x4>
<y4>541</y4>
</bndbox>
</object>
<object>
<name>text</name>
<bndbox>
<x1>526</x1>
<y1>526</y1>
<x2>582</x2>
<y2>537</y2>
<x3>583</x3>
<y3>565</y3>
<x4>526</x4>
<y4>554</y4>
</bndbox>
</object>
<object>
<name>text</name>
<bndbox>
<x1>499</x1>
<y1>550</y1>
<x2>578</x2>
<y2>571</y2>
<x3>578</x3>
<y3>611</y3>
<x4>499</x4>
<y4>590</y4>
</bndbox>
</object>
<object>
<name>text</name>
<bndbox>
<x1>761</x1>
<y1>411</y1>
<x2>867</x2>
<y2>420</y2>
<x3>868</x3>
<y3>439</y3>
<x4>763</x4>
<y4>430</y4>
</bndbox>
</object>
<object>
<name>text</name>
<bndbox>
<x1>733</x1>
<y1>291</y1>
<x2>888</x2>
<y2>291</y2>
<x3>892</x3>
<y3>394</y3>
<x4>738</x4>
<y4>394</y4>
</bndbox>
</object>
<object>
<name>text</name>
<bndbox>
<x1>791</x1>
<y1>389</y1>
<x2>889</x2>
<y2>389</y2>
<x3>894</x3>
<y3>418</y3>
<x4>796</x4>
<y4>418</y4>
</bndbox>
</object>
<object>
<name>text</name>
<bndbox>
<x1>749</x1>
<y1>434</y1>
<x2>809</x2>
<y2>439</y2>
<x3>809</x3>
<y3>453</y3>
<x4>750</x4>
<y4>448</y4>
</bndbox>
</object>
<object>
<name>text</name>
<bndbox>
<x1>810</x1>
<y1>439</y1>
<x2>888</x2>
<y2>446</y2>
<x3>889</x3>
<y3>458</y3>
<x4>810</x4>
<y4>453</y4>
</bndbox>
</object>
<object>
<name>text</name>
<bndbox>
<x1>144</x1>
<y1>44</y1>
<x2>210</x2>
<y2>36</y2>
<x3>220</x3>
<y3>99</y3>
<x4>143</x4>
<y4>123</y4>
</bndbox>
</object>
<object>
<name>text</name>
<bndbox>
<x1>147</x1>
<y1>108</y1>
<x2>219</x2>
<y2>94</y2>
<x3>220</x3>
<y3>142</y3>
<x4>148</x4>
<y4>157</y4>
</bndbox>
</object>
</annotation>